date,store_name,product_name,size,sku,price,units_sold,units_restocked,estimated_revenue,stock_remaining_today,product_url
2026-09-25,Cava Athleisure,Maroon Everywear Leisure Tee,M,MTS1422RDM,799.0,1,0,799.0,133,https://cavaathleisure.com/products/maroon-everywear-leisure-tee
2026-09-25,Cava Athleisure,"Blue 5"" Pacer Shorts",32,MSH4217BL32,1596.0,1,0,1596.0,82,https://cavaathleisure.com/products/blue-5-pacer-shorts
2026-09-25,Cava Athleisure,Butter Yellow ADPT™ Wrap Top,XS,WTP10245YLXS,1299.0,8,0,10392.0,36,https://cavaathleisure.com/products/butter-yellow-adpt-wrap-top
2026-09-25,Cava Athleisure,Butter Yellow ADPT™ Wrap Top,S,WTP10245YLS,1299.0,7,0,9093.0,127,https://cavaathleisure.com/products/butter-yellow-adpt-wrap-top
2026-09-25,Cava Athleisure,Butter Yellow ADPT™ Wrap Top,M,WTP10245YLM,1299.0,6,0,7794.0,134,https://cavaathleisure.com/products/butter-yellow-adpt-wrap-top
2026-09-25,Cava Athleisure,Butter Yellow ADPT™ Wrap Top,L,WTP10245YLL,1299.0,12,0,15588.0,54,https://cavaathleisure.com/products/butter-yellow-adpt-wrap-top
2026-09-25,Cava Athleisure,Butter Yellow ADPT™ Wrap Top,XL,WTP10245YLXL,1299.0,5,0,6495.0,43,https://cavaathleisure.com/products/butter-yellow-adpt-wrap-top
2026-09-25,Cava Athleisure,Butter Yellow ADPT™ Wrap Top,XXL,WTP10245YLXXL,1299.0,4,0,5196.0,43,https://cavaathleisure.com/products/butter-yellow-adpt-wrap-top
2026-09-25,Cava Athleisure,Cherry ADPT™ Wrap Top,XS,WTP10245CRDXS,1299.0,6,0,7794.0,31,https://cavaathleisure.com/products/cherry-adpt-wrap-top
2026-09-25,Cava Athleisure,Cherry ADPT™ Wrap Top,S,WTP10245CRDS,1299.0,8,0,10392.0,123,https://cavaathleisure.com/products/cherry-adpt-wrap-top
2026-09-25,Cava Athleisure,Cherry ADPT™ Wrap Top,M,WTP10245CRDM,1299.0,11,0,14289.0,100,https://cavaathleisure.com/products/cherry-adpt-wrap-top
2026-09-25,Cava Athleisure,Cherry ADPT™ Wrap Top,L,WTP10245CRDL,1299.0,6,0,7794.0,83,https://cavaathleisure.com/products/cherry-adpt-wrap-top
2026-09-25,Cava Athleisure,Cherry ADPT™ Wrap Top,XL,WTP10245CRDXL,1299.0,6,0,7794.0,17,https://cavaathleisure.com/products/cherry-adpt-wrap-top
2026-09-25,Cava Athleisure,Cherry ADPT™ Wrap Top,XXL,WTP10245CRDXXL,1299.0,4,0,5196.0,16,https://cavaathleisure.com/products/cherry-adpt-wrap-top
2026-09-25,Cava Athleisure,Ivory Cotton Leisure Shorts,M,MSH1622WHM,899.0,1,0,899.0,159,https://cavaathleisure.com/products/ivory-cotton-leisure-shorts
2026-09-25,Cava Athleisure,"Olive 5"" Pacer Shorts",30,MSH4217OGR30,1596.0,1,0,1596.0,49,https://cavaathleisure.com/products/olive-5-pacer-shorts
2026-09-25,Cava Athleisure,"Olive 5"" Pacer Shorts",32,MSH4217OGR32,1596.0,2,0,3192.0,91,https://cavaathleisure.com/products/olive-5-pacer-shorts
2026-09-25,Cava Athleisure,"Olive 5"" Pacer Shorts",34,MSH4217OGR34,1596.0,2,0,3192.0,59,https://cavaathleisure.com/products/olive-5-pacer-shorts
2026-09-25,Cava Athleisure,Ivory Everywear Leisure Tee,S,MTS1422WHS,799.0,1,0,799.0,92,https://cavaathleisure.com/products/ivory-everywear-leisure-tee
2026-09-25,Cava Athleisure,Ivory Everywear Leisure Tee,M,MTS1422WHM,799.0,1,0,799.0,136,https://cavaathleisure.com/products/ivory-everywear-leisure-tee
2026-09-25,Cava Athleisure,Ivory Everywear Leisure Tee,L,MTS1422WHL,799.0,1,0,799.0,101,https://cavaathleisure.com/products/ivory-everywear-leisure-tee
2026-09-25,Cava Athleisure,Plum Cotton Flared Leggings,XS,WFP6221PUXS,1599.0,4,0,6396.0,32,https://cavaathleisure.com/products/plum-cotton-flared-leggings
2026-09-25,Cava Athleisure,Plum Cotton Flared Leggings,S,WFP6221PUS,1599.0,8,0,12792.0,64,https://cavaathleisure.com/products/plum-cotton-flared-leggings
2026-09-25,Cava Athleisure,Plum Cotton Flared Leggings,M,WFP6221PUM,1599.0,6,0,9594.0,59,https://cavaathleisure.com/products/plum-cotton-flared-leggings
2026-09-25,Cava Athleisure,Plum Cotton Flared Leggings,L,WFP6221PUL,1599.0,7,0,11193.0,72,https://cavaathleisure.com/products/plum-cotton-flared-leggings
2026-09-25,Cava Athleisure,Plum Cotton Flared Leggings,XL,WFP6221PUXL,1599.0,5,0,7995.0,42,https://cavaathleisure.com/products/plum-cotton-flared-leggings
2026-09-25,Cava Athleisure,Plum Cotton Flared Leggings,XXL,WFP6221PUXXL,1599.0,4,0,6396.0,20,https://cavaathleisure.com/products/plum-cotton-flared-leggings
2026-09-25,Cava Athleisure,Navy Cotton Flared Leggings,XS,WFP6221NYXS,1599.0,5,0,7995.0,29,https://cavaathleisure.com/products/navy-cotton-flared-leggings
2026-09-25,Cava Athleisure,Navy Cotton Flared Leggings,S,WFP6221NYS,1599.0,8,0,12792.0,82,https://cavaathleisure.com/products/navy-cotton-flared-leggings
2026-09-25,Cava Athleisure,Navy Cotton Flared Leggings,M,WFP6221NYM,1599.0,6,0,9594.0,107,https://cavaathleisure.com/products/navy-cotton-flared-leggings
2026-09-25,Cava Athleisure,Navy Cotton Flared Leggings,L,WFP6221NYL,1599.0,8,0,12792.0,85,https://cavaathleisure.com/products/navy-cotton-flared-leggings
2026-09-25,Cava Athleisure,Navy Cotton Flared Leggings,XL,WFP6221NYXL,1599.0,4,0,6396.0,46,https://cavaathleisure.com/products/navy-cotton-flared-leggings
2026-09-25,Cava Athleisure,Navy Cotton Flared Leggings,XXL,WFP6221NYXXL,1599.0,5,0,7995.0,18,https://cavaathleisure.com/products/navy-cotton-flared-leggings
2026-09-25,Cava Athleisure,Teal Contour Flared Leggings,XS,WFP3720GRXS,1399.0,2,0,2798.0,46,https://cavaathleisure.com/products/teal-contour-flared-leggings
2026-09-25,Cava Athleisure,Teal Contour Flared Leggings,S,WFP3720GRS,1399.0,5,0,6995.0,75,https://cavaathleisure.com/products/teal-contour-flared-leggings
2026-09-25,Cava Athleisure,Teal Contour Flared Leggings,M,WFP3720GRM,1399.0,8,0,11192.0,123,https://cavaathleisure.com/products/teal-contour-flared-leggings
2026-09-25,Cava Athleisure,Teal Contour Flared Leggings,L,WFP3720GRL,1399.0,1,0,1399.0,94,https://cavaathleisure.com/products/teal-contour-flared-leggings
2026-09-25,Cava Athleisure,Teal Contour Flared Leggings,XL,WFP3720GRXL,1399.0,1,0,1399.0,39,https://cavaathleisure.com/products/teal-contour-flared-leggings
2026-09-25,Cava Athleisure,Teal Contour Flared Leggings,XXL,WFP3720GRXXL,1399.0,3,0,4197.0,25,https://cavaathleisure.com/products/teal-contour-flared-leggings
2026-09-25,Cava Athleisure,Pink Studio Gym Bag,One size,WAC10923PNFREE,1699.0,1,0,1699.0,432,https://cavaathleisure.com/products/pink-studio-gym-bag
2026-09-25,Cava Athleisure,Ivory Studio Gym Bag,One size,WAC10923WHFREE,1699.0,1,0,1699.0,381,https://cavaathleisure.com/products/ivory-studio-gym-bag
2026-09-25,Cava Athleisure,Purple Contour Flared Leggings,XS,WFP3720PUXS,1399.0,1,0,1399.0,56,https://cavaathleisure.com/products/purple-contour-flared-leggings
2026-09-25,Cava Athleisure,Purple Contour Flared Leggings,S,WFP3720PUS,1399.0,2,0,2798.0,66,https://cavaathleisure.com/products/purple-contour-flared-leggings
2026-09-25,Cava Athleisure,Purple Contour Flared Leggings,M,WFP3720PUM,1399.0,1,0,1399.0,136,https://cavaathleisure.com/products/purple-contour-flared-leggings
2026-09-25,Cava Athleisure,Purple Contour Flared Leggings,L,WFP3720PUL,1399.0,3,0,4197.0,99,https://cavaathleisure.com/products/purple-contour-flared-leggings
2026-09-25,Cava Athleisure,Purple Contour Flared Leggings,XL,WFP3720PUXL,1399.0,1,0,1399.0,37,https://cavaathleisure.com/products/purple-contour-flared-leggings
2026-09-25,Cava Athleisure,Purple Contour Flared Leggings,XXL,WFP3720PUXXL,1399.0,1,0,1399.0,30,https://cavaathleisure.com/products/purple-contour-flared-leggings
2026-09-25,Cava Athleisure,Black Studio Gym Bag,One size,WAC10923BKFREE,1699.0,2,0,3398.0,429,https://cavaathleisure.com/products/black-studio-gym-bag
2026-09-25,Cava Athleisure,Blue Studio Gym Bag,One size,WAC10923BLFREE,1699.0,3,0,5097.0,438,https://cavaathleisure.com/products/blue-studio-gym-bag
2026-09-25,Cava Athleisure,Black Polka Ruched Capri,XS,WLG13417BKXS,1899.0,2,0,3798.0,32,https://cavaathleisure.com/products/black-polka-ruched-capri
2026-09-25,Cava Athleisure,Black Polka Ruched Capri,S,WLG13417BKS,1899.0,2,0,3798.0,104,https://cavaathleisure.com/products/black-polka-ruched-capri
2026-09-25,Cava Athleisure,Black Polka Ruched Capri,M,WLG13417BKM,1899.0,3,0,5697.0,89,https://cavaathleisure.com/products/black-polka-ruched-capri
2026-09-25,Cava Athleisure,Black Polka Ruched Capri,L,WLG13417BKL,1899.0,1,0,1899.0,45,https://cavaathleisure.com/products/black-polka-ruched-capri
2026-09-25,Cava Athleisure,Berry Ruched Capri,XS,WLG13417RDXS,1899.0,1,0,1899.0,22,https://cavaathleisure.com/products/berry-ruched-capri
2026-09-25,Cava Athleisure,Berry Ruched Capri,M,WLG13417RDM,1899.0,3,0,5697.0,79,https://cavaathleisure.com/products/berry-ruched-capri
2026-09-25,Cava Athleisure,Ivory Lace Off-Shoulder Top,XS,WTP16517WHXS,1799.0,2,0,3598.0,0,https://cavaathleisure.com/products/ivory-lace-off-shoulder-top
2026-09-25,Cava Athleisure,Ivory Lace Off-Shoulder Top,S,WTP16517WHS,1799.0,0,1,0.0,1,https://cavaathleisure.com/products/ivory-lace-off-shoulder-top
2026-09-25,Cava Athleisure,Ivory Lace Off-Shoulder Top,M,WTP16517WHM,1799.0,0,2,0.0,2,https://cavaathleisure.com/products/ivory-lace-off-shoulder-top
2026-09-25,Cava Athleisure,Ivory Lace Off-Shoulder Top,XL,WTP16517WHXL,1799.0,0,1,0.0,4,https://cavaathleisure.com/products/ivory-lace-off-shoulder-top
2026-09-25,Cava Athleisure,Blush Lace Off-Shoulder Top,M,WTP16517PNM,1799.0,4,0,7196.0,7,https://cavaathleisure.com/products/blush-lace-off-shoulder-top
2026-09-25,Cava Athleisure,Blush Lace Off-Shoulder Top,XL,WTP16517PNXL,1799.0,0,1,0.0,7,https://cavaathleisure.com/products/blush-lace-off-shoulder-top
2026-09-25,Cava Athleisure,Berry Lace Off-Shoulder Top,L,WTP16517RDL,1799.0,2,0,3598.0,12,https://cavaathleisure.com/products/berry-lace-off-shoulder-top
2026-09-25,Cava Athleisure,Berry Lace Off-Shoulder Top,XXL,WTP16517RDXXL,1799.0,1,0,1799.0,11,https://cavaathleisure.com/products/berry-lace-off-shoulder-top
2026-09-25,Cava Athleisure,Blue  Lace Off-Shoulder Top,S,WTP16517BLS,1799.0,1,0,1799.0,1,https://cavaathleisure.com/products/blue-lace-off-shoulder-top
2026-09-25,Cava Athleisure,Black Polka Lace Off-Shoulder Top,L,WTP16517BKL,1899.0,1,0,1899.0,0,https://cavaathleisure.com/products/black-polka-lace-off-shoulder-top
2026-09-25,Cava Athleisure,Black Polka Lace Off-Shoulder Top,XXL,WTP16517BKXXL,1899.0,0,1,0.0,2,https://cavaathleisure.com/products/black-polka-lace-off-shoulder-top
2026-09-25,Cava Athleisure,Blush Ruched Snug Leggings,S,WLG9917PNS,1999.0,1,0,1999.0,173,https://cavaathleisure.com/products/blush-ruched-snug-leggings
2026-09-25,Cava Athleisure,Blush Ruched Snug Leggings,M,WLG9917PNM,1999.0,1,0,1999.0,225,https://cavaathleisure.com/products/blush-ruched-snug-leggings
2026-09-25,Cava Athleisure,Blush Ruched Snug Leggings,L,WLG9917PNL,1999.0,1,0,1999.0,146,https://cavaathleisure.com/products/blush-ruched-snug-leggings
2026-09-25,Cava Athleisure,Berry Ruched Snug Leggings,S,WLG9917RDS,1999.0,0,2,0.0,92,https://cavaathleisure.com/products/berry-ruched-snug-leggings
2026-09-25,Cava Athleisure,Berry Ruched Snug Leggings,L,WLG9917RDL,1999.0,0,1,0.0,151,https://cavaathleisure.com/products/berry-ruched-snug-leggings
2026-09-25,Cava Athleisure,Berry Ruched Snug Leggings,XL,WLG9917RDXL,1999.0,2,0,3998.0,68,https://cavaathleisure.com/products/berry-ruched-snug-leggings
2026-09-25,Cava Athleisure,Berry Ruched Snug Leggings,XXL,WLG9917RDXXL,1999.0,0,1,0.0,30,https://cavaathleisure.com/products/berry-ruched-snug-leggings
2026-09-25,Cava Athleisure,Blush Ruched Flared Leggings,XS,WFP98P17PNXS,2299.0,1,0,2299.0,66,https://cavaathleisure.com/products/blush-ruched-flared-leggings
2026-09-25,Cava Athleisure,Blush Ruched Flared Leggings,XS,WFP98T17PNXS,2299.0,1,0,2299.0,52,https://cavaathleisure.com/products/blush-ruched-flared-leggings
2026-09-25,Cava Athleisure,Blush Ruched Flared Leggings,S,WFP98P17PNS,2299.0,1,0,2299.0,153,https://cavaathleisure.com/products/blush-ruched-flared-leggings
2026-09-25,Cava Athleisure,Blush Ruched Flared Leggings,M,WFP98P17PNM,2299.0,2,0,4598.0,159,https://cavaathleisure.com/products/blush-ruched-flared-leggings
2026-09-25,Cava Athleisure,Black Polka Ruched Snug Leggings,M,WLG9917PBKM,2099.0,0,2,0.0,3,https://cavaathleisure.com/products/black-polka-ruched-snug-leggings
2026-09-25,Cava Athleisure,Black Polka Ruched Snug Leggings,XL,WLG9917PBKXL,2099.0,2,0,4198.0,28,https://cavaathleisure.com/products/black-polka-ruched-snug-leggings
2026-09-25,Cava Athleisure,Berry Ruched Flared Leggings,XS,WFP98P17RDXS,2299.0,0,1,0.0,77,https://cavaathleisure.com/products/berry-ruched-flared-leggings
2026-09-25,Cava Athleisure,Berry Ruched Flared Leggings,XS,WFP98T17RDXS,2299.0,0,1,0.0,62,https://cavaathleisure.com/products/berry-ruched-flared-leggings
2026-09-25,Cava Athleisure,Berry Ruched Flared Leggings,S,WFP98T17RDS,2299.0,0,1,0.0,258,https://cavaathleisure.com/products/berry-ruched-flared-leggings
2026-09-25,Cava Athleisure,Berry Ruched Flared Leggings,M,WFP98P17RDM,2299.0,2,0,4598.0,251,https://cavaathleisure.com/products/berry-ruched-flared-leggings
2026-09-25,Cava Athleisure,Berry Ruched Flared Leggings,M,WFP98EXT17RDM,2299.0,0,1,0.0,203,https://cavaathleisure.com/products/berry-ruched-flared-leggings
2026-09-25,Cava Athleisure,Berry Ruched Flared Leggings,L,WFP98P17RDL,2299.0,0,1,0.0,165,https://cavaathleisure.com/products/berry-ruched-flared-leggings
2026-09-25,Cava Athleisure,Berry Ruched Flared Leggings,L,WFP98T17RDL,2299.0,2,0,4598.0,228,https://cavaathleisure.com/products/berry-ruched-flared-leggings
2026-09-25,Cava Athleisure,Berry Ruched Flared Leggings,XL,WFP98T17RDXL,2299.0,1,0,2299.0,100,https://cavaathleisure.com/products/berry-ruched-flared-leggings
2026-09-25,Cava Athleisure,Blue Ruched Flared Leggings,XS,WFP98T17BLXS,2299.0,1,0,2299.0,52,https://cavaathleisure.com/products/blue-ruched-flared-leggings
2026-09-25,Cava Athleisure,Blue Ruched Flared Leggings,S,WFP98P17BLS,2299.0,1,0,2299.0,184,https://cavaathleisure.com/products/blue-ruched-flared-leggings
2026-09-25,Cava Athleisure,Blue Ruched Flared Leggings,S,WFP98T17BLS,2299.0,0,1,0.0,124,https://cavaathleisure.com/products/blue-ruched-flared-leggings
2026-09-25,Cava Athleisure,Blue Ruched Flared Leggings,M,WFP98P17BLM,2299.0,1,0,2299.0,163,https://cavaathleisure.com/products/blue-ruched-flared-leggings
2026-09-25,Cava Athleisure,Blue Ruched Flared Leggings,L,WFP98T17BLL,2299.0,1,0,2299.0,209,https://cavaathleisure.com/products/blue-ruched-flared-leggings
2026-09-25,Cava Athleisure,Blue Ruched Flared Leggings,L,WFP98EXT17BLL,2299.0,1,0,2299.0,119,https://cavaathleisure.com/products/blue-ruched-flared-leggings
2026-09-25,Cava Athleisure,Blue Ruched Flared Leggings,XXL,WFP98T17BLXXL,2299.0,1,0,2299.0,37,https://cavaathleisure.com/products/blue-ruched-flared-leggings
2026-09-25,Cava Athleisure,Blush Lace Scoop Neck Top,XS,WTP9517PNXS,1699.0,1,0,1699.0,18,https://cavaathleisure.com/products/blush-lace-scoop-neck-top
2026-09-25,Cava Athleisure,Blush Lace Scoop Neck Top,M,WTP9517PNM,1699.0,2,0,3398.0,144,https://cavaathleisure.com/products/blush-lace-scoop-neck-top
2026-09-25,Cava Athleisure,Blush Lace Scoop Neck Top,L,WTP9517PNL,1699.0,1,0,1699.0,65,https://cavaathleisure.com/products/blush-lace-scoop-neck-top
2026-09-25,Cava Athleisure,Ivory Lace Scoop Neck Top,M,WTP9517WHM,1699.0,0,2,0.0,2,https://cavaathleisure.com/products/ivory-lace-scoop-neck-top
2026-09-25,Cava Athleisure,Berry Lace Scoop Neck Top,S,WTP9517RDS,1699.0,0,1,0.0,107,https://cavaathleisure.com/products/berry-lace-scoop-neck-top
2026-09-25,Cava Athleisure,Berry Lace Scoop Neck Top,M,WTP9517RDM,1699.0,2,0,3398.0,105,https://cavaathleisure.com/products/berry-lace-scoop-neck-top
2026-09-25,Cava Athleisure,Berry Lace Scoop Neck Top,L,WTP9517RDL,1699.0,1,0,1699.0,69,https://cavaathleisure.com/products/berry-lace-scoop-neck-top
2026-09-25,Cava Athleisure,Berry Lace Scoop Neck Top,XXL,WTP9517RDXXL,1699.0,1,0,1699.0,42,https://cavaathleisure.com/products/berry-lace-scoop-neck-top
2026-09-25,Cava Athleisure,Black Polka Ruched Flared Leggings,XS,WFP98P17PBKXS,2399.0,2,0,4798.0,104,https://cavaathleisure.com/products/black-polka-ruched-flared-leggings
2026-09-25,Cava Athleisure,Black Polka Ruched Flared Leggings,S,WFP98P17PBKS,2399.0,5,0,11995.0,212,https://cavaathleisure.com/products/black-polka-ruched-flared-leggings
2026-09-25,Cava Athleisure,Black Polka Ruched Flared Leggings,S,WFP98T17PBKS,2399.0,1,0,2399.0,238,https://cavaathleisure.com/products/black-polka-ruched-flared-leggings
2026-09-25,Cava Athleisure,Black Polka Ruched Flared Leggings,M,WFP98P17PBKM,2399.0,5,0,11995.0,182,https://cavaathleisure.com/products/black-polka-ruched-flared-leggings
2026-09-25,Cava Athleisure,Black Polka Ruched Flared Leggings,M,WFP98T17PBKM,2399.0,3,0,7197.0,309,https://cavaathleisure.com/products/black-polka-ruched-flared-leggings
2026-09-25,Cava Athleisure,Black Polka Ruched Flared Leggings,L,WFP98P17PBKL,2399.0,2,0,4798.0,183,https://cavaathleisure.com/products/black-polka-ruched-flared-leggings
2026-09-25,Cava Athleisure,Black Polka Ruched Flared Leggings,L,WFP98T17PBKL,2399.0,1,0,2399.0,200,https://cavaathleisure.com/products/black-polka-ruched-flared-leggings
2026-09-25,Cava Athleisure,Black Polka Ruched Flared Leggings,XL,WFP98P17PBKXL,2399.0,1,0,2399.0,108,https://cavaathleisure.com/products/black-polka-ruched-flared-leggings
2026-09-25,Cava Athleisure,Blue Lace Scoop Neck Top,S,WTP9517BLS,1699.0,2,0,3398.0,55,https://cavaathleisure.com/products/blue-lace-scoop-neck-top
2026-09-25,Cava Athleisure,Blue Lace Scoop Neck Top,M,WTP9517BLM,1699.0,1,0,1699.0,121,https://cavaathleisure.com/products/blue-lace-scoop-neck-top
2026-09-25,Cava Athleisure,Blue Lace Scoop Neck Top,XXL,WTP9517BLXXL,1699.0,1,0,1699.0,4,https://cavaathleisure.com/products/blue-lace-scoop-neck-top
2026-09-25,Cava Athleisure,Black Polka Lace Scoop Neck Top,S,WTP9517PBKS,1799.0,3,0,5397.0,30,https://cavaathleisure.com/products/black-polka-lace-scoop-neck-top
2026-09-25,Cava Athleisure,Black Polka Lace Scoop Neck Top,M,WTP9517PBKM,1799.0,5,0,8995.0,31,https://cavaathleisure.com/products/black-polka-lace-scoop-neck-top
2026-09-25,Cava Athleisure,Black Polka Lace Scoop Neck Top,L,WTP9517PBKL,1799.0,3,0,5397.0,59,https://cavaathleisure.com/products/black-polka-lace-scoop-neck-top
2026-09-25,Cava Athleisure,Black Polka Lace Scoop Neck Top,XXL,WTP9517PBKXXL,1799.0,3,0,5397.0,32,https://cavaathleisure.com/products/black-polka-lace-scoop-neck-top
2026-09-25,Cava Athleisure,Blush Soft Knot Skorts,XS,WSK9617PNXS,2199.0,1,0,2199.0,57,https://cavaathleisure.com/products/blush-soft-knot-skorts
2026-09-25,Cava Athleisure,Blush Soft Knot Skorts,M,WSK9617PNM,2199.0,2,0,4398.0,57,https://cavaathleisure.com/products/blush-soft-knot-skorts
2026-09-25,Cava Athleisure,Blush Soft Knot Skorts,L,WSK9617PNL,2199.0,2,0,4398.0,32,https://cavaathleisure.com/products/blush-soft-knot-skorts
2026-09-25,Cava Athleisure,Berry Polka Soft Knot Skorts,XS,WSK9617PRDXS,2299.0,1,0,2299.0,57,https://cavaathleisure.com/products/berry-polka-soft-knot-skorts
2026-09-25,Cava Athleisure,Berry Polka Soft Knot Skorts,M,WSK9617PRDM,2299.0,1,0,2299.0,123,https://cavaathleisure.com/products/berry-polka-soft-knot-skorts
2026-09-25,Cava Athleisure,Berry Polka Soft Knot Skorts,XL,WSK9617PRDXL,2299.0,0,1,0.0,48,https://cavaathleisure.com/products/berry-polka-soft-knot-skorts
2026-09-25,Cava Athleisure,Blue Soft Knot Skorts,S,WSK9617BLS,2199.0,1,0,2199.0,42,https://cavaathleisure.com/products/blue-soft-knot-skorts
2026-09-25,Cava Athleisure,Blue Soft Knot Skorts,M,WSK9617BLM,2199.0,2,0,4398.0,13,https://cavaathleisure.com/products/blue-soft-knot-skorts
2026-09-25,Cava Athleisure,Blue Soft Knot Skorts,XL,WSK9617BLXL,2199.0,0,1,0.0,36,https://cavaathleisure.com/products/blue-soft-knot-skorts
2026-09-25,Cava Athleisure,Blue Soft Knot Skorts,XXL,WSK9617BLXXL,2199.0,1,0,2199.0,16,https://cavaathleisure.com/products/blue-soft-knot-skorts
2026-09-25,Cava Athleisure,Berry Polka Lace Trim Halter Tank,XS,WTN9717RDXS,1799.0,2,0,3598.0,0,https://cavaathleisure.com/products/berry-polka-lace-trim-halter
2026-09-25,Cava Athleisure,Berry Polka Lace Trim Halter Tank,L,WTN9717RDL,1799.0,5,0,8995.0,50,https://cavaathleisure.com/products/berry-polka-lace-trim-halter
2026-09-25,Cava Athleisure,Berry Polka Lace Trim Halter Tank,XL,WTN9717RDXL,1799.0,0,2,0.0,91,https://cavaathleisure.com/products/berry-polka-lace-trim-halter
2026-09-25,Cava Athleisure,Berry Polka Lace Trim Halter Tank,XXXL,WTN9717RDXXXL,1799.0,1,0,1799.0,8,https://cavaathleisure.com/products/berry-polka-lace-trim-halter
2026-09-25,Cava Athleisure,Mint Lace Trim Halter Tank,M,WTN9717GRM,1699.0,3,0,5097.0,67,https://cavaathleisure.com/products/mint-lace-trim-halter
2026-09-25,Cava Athleisure,Mint Lace Trim Halter Tank,XL,WTN9717GRXL,1699.0,1,0,1699.0,93,https://cavaathleisure.com/products/mint-lace-trim-halter
2026-09-25,Cava Athleisure,Blush Lace Trim Halter Tank,XS,WTN9717PNXS,1699.0,0,3,0.0,3,https://cavaathleisure.com/products/blush-lace-trim-halter
2026-09-25,Cava Athleisure,Blush Lace Trim Halter Tank,M,WTN9717PNM,1699.0,8,0,13592.0,45,https://cavaathleisure.com/products/blush-lace-trim-halter
2026-09-25,Cava Athleisure,Blush Lace Trim Halter Tank,L,WTN9717PNL,1699.0,1,0,1699.0,184,https://cavaathleisure.com/products/blush-lace-trim-halter
2026-09-25,Cava Athleisure,Blush Lace Trim Halter Tank,XL,WTN9717PNXL,1699.0,2,0,3398.0,80,https://cavaathleisure.com/products/blush-lace-trim-halter
2026-09-25,Cava Athleisure,Blush Bow Halter Top,L,WTN10017PNL,1599.0,1,0,1599.0,71,https://cavaathleisure.com/products/blush-bow-halter-top
2026-09-25,Cava Athleisure,Berry Bow Halter Top,XS,WTN10017RDXS,1599.0,0,1,0.0,3,https://cavaathleisure.com/products/berry-bow-halter-top
2026-09-25,Cava Athleisure,Berry Bow Halter Top,M,WTN10017RDM,1599.0,0,2,0.0,2,https://cavaathleisure.com/products/berry-bow-halter-top
2026-09-25,Cava Athleisure,Berry Bow Halter Top,L,WTN10017RDL,1599.0,3,0,4797.0,160,https://cavaathleisure.com/products/berry-bow-halter-top
2026-09-25,Cava Athleisure,Berry Bow Halter Top,XL,WTN10017RDXL,1599.0,1,0,1599.0,82,https://cavaathleisure.com/products/berry-bow-halter-top
2026-09-25,Cava Athleisure,Blue Lace Trim Halter Tank,S,WTN9717BLS,1699.0,1,0,1699.0,0,https://cavaathleisure.com/products/blue-lace-trim-halter
2026-09-25,Cava Athleisure,Blue Lace Trim Halter Tank,M,WTN9717BLM,1699.0,9,0,15291.0,6,https://cavaathleisure.com/products/blue-lace-trim-halter
2026-09-25,Cava Athleisure,Blue Lace Trim Halter Tank,L,WTN9717BLL,1699.0,5,0,8495.0,137,https://cavaathleisure.com/products/blue-lace-trim-halter
2026-09-25,Cava Athleisure,Blue Lace Trim Halter Tank,XL,WTN9717BLXL,1699.0,0,1,0.0,65,https://cavaathleisure.com/products/blue-lace-trim-halter
2026-09-25,Cava Athleisure,Blue Lace Trim Halter Tank,XXL,WTN9717BLXXL,1699.0,1,0,1699.0,12,https://cavaathleisure.com/products/blue-lace-trim-halter
2026-09-25,Cava Athleisure,Blue Bow Halter Top,M,WTN10017BLM,1599.0,0,1,0.0,3,https://cavaathleisure.com/products/blue-bow-halter-top
2026-09-25,Cava Athleisure,Blue Bow Halter Top,L,WTN10017BLL,1599.0,4,0,6396.0,96,https://cavaathleisure.com/products/blue-bow-halter-top
2026-09-25,Cava Athleisure,Blue Bow Halter Top,XL,WTN10017BLXL,1599.0,1,0,1599.0,62,https://cavaathleisure.com/products/blue-bow-halter-top
2026-09-25,Cava Athleisure,Free Gift Charm,Pink Pup Bag Charm,Cava-SoftServe-Charm-1,0.0,70,0,0.0,947,https://cavaathleisure.com/products/free-gift-charm
2026-09-25,Cava Athleisure,Free Gift Charm,Polka Bow Bag Charm,Cava-SoftServe-Charm-2,0.0,25,0,0.0,1656,https://cavaathleisure.com/products/free-gift-charm
2026-09-25,Cava Athleisure,Free Gift Charm,Labrador Bag Charm,Cava-SoftServe-Charm-3,0.0,9,0,0.0,2562,https://cavaathleisure.com/products/free-gift-charm
2026-09-25,Cava Athleisure,Free Gift Charm,Tennis Ball Bag Charm,Cava-SoftServe-Charm-4,0.0,6,0,0.0,2579,https://cavaathleisure.com/products/free-gift-charm
2026-09-25,Cava Athleisure,Brown Hourglass Booty Shorts,S,WSH0845BNS,879.0,6,0,5274.0,31,https://cavaathleisure.com/products/brown-hourglass-booty-shorts
2026-09-25,Cava Athleisure,Brown Hourglass Booty Shorts,M,WSH0845BNM,879.0,0,1,0.0,1,https://cavaathleisure.com/products/brown-hourglass-booty-shorts
2026-09-25,Cava Athleisure,Black Polka Bow Halter Top,S,WTN10017PBKS,1699.0,3,0,5097.0,0,https://cavaathleisure.com/products/black-polka-bow-halter-top
2026-09-25,Cava Athleisure,Black Polka Bow Halter Top,L,WTN10017PBKL,1699.0,4,0,6796.0,108,https://cavaathleisure.com/products/black-polka-bow-halter-top
2026-09-25,Cava Athleisure,Cherry Heartline Sports Bra,XS,WSB3918RDXS,1099.0,0,1,0.0,1,https://cavaathleisure.com/products/cherry-heartline-sports-bra
2026-09-25,Cava Athleisure,Light Grey Trailscape Tracks,34,MJR5410GYL,1429.0,2,0,2858.0,24,https://cavaathleisure.com/products/light-grey-trailscape-tracks
2026-09-25,Cava Athleisure,Brown Trailscape Tracks,32,MJR5410BNM,1429.0,0,1,0.0,1,https://cavaathleisure.com/products/brown-trailscape-tracks
2026-09-25,Cava Athleisure,Brown Trailscape Tracks,34,MJR5410BNL,1429.0,1,0,1429.0,13,https://cavaathleisure.com/products/brown-trailscape-tracks
2026-09-25,Cava Athleisure,Brown Trailscape Tracks,36,MJR5410BNXL,1429.0,0,1,0.0,49,https://cavaathleisure.com/products/brown-trailscape-tracks
2026-09-25,Cava Athleisure,Brown Trailscape Tracks,38,MJR5410BNXXL,1429.0,1,0,1429.0,33,https://cavaathleisure.com/products/brown-trailscape-tracks
2026-09-25,Cava Athleisure,Navy Trailscape Tracks,30,MJR5410NYS,1429.0,0,1,0.0,1,https://cavaathleisure.com/products/navy-trailscape-tracks
2026-09-25,Cava Athleisure,Navy Trailscape Tracks,32,MJR5410NYM,1429.0,0,1,0.0,1,https://cavaathleisure.com/products/navy-trailscape-tracks
2026-09-25,Cava Athleisure,Navy Trailscape Tracks,36,MJR5410NYXL,1429.0,0,1,0.0,52,https://cavaathleisure.com/products/navy-trailscape-tracks
2026-09-25,Cava Athleisure,Black Trailscape Tracks,36,MJR5410BKXL,1429.0,2,0,2858.0,3,https://cavaathleisure.com/products/black-trailscape-tracks
2026-09-25,Cava Athleisure,Black Trailscape Tracks,38,MJR5410BKXXL,1429.0,1,0,1429.0,25,https://cavaathleisure.com/products/black-trailscape-tracks
2026-09-25,Cava Athleisure,Coral Sculpt Crew Top,S,WTP0218ORS,899.0,1,0,899.0,122,https://cavaathleisure.com/products/coral-sculpt-crew-top
2026-09-25,Cava Athleisure,Coral Sculpt Crew Top,M,WTP0218ORM,899.0,2,0,1798.0,121,https://cavaathleisure.com/products/coral-sculpt-crew-top
2026-09-25,Cava Athleisure,Coral Sculpt Crew Top,L,WTP0218ORL,899.0,1,0,899.0,27,https://cavaathleisure.com/products/coral-sculpt-crew-top
2026-09-25,Cava Athleisure,Coral Sculpt Crew Top,XL,WTP0218ORXL,899.0,1,0,899.0,13,https://cavaathleisure.com/products/coral-sculpt-crew-top
2026-09-25,Cava Athleisure,Coral Sculpt Crew Top,XXL,WTP0218ORXXL,899.0,1,0,899.0,4,https://cavaathleisure.com/products/coral-sculpt-crew-top
2026-09-25,Cava Athleisure,Mint Sculpt Crew Top,XS,WTP0218GRXS,899.0,2,0,1798.0,20,https://cavaathleisure.com/products/mint-sculpt-crew-top
2026-09-25,Cava Athleisure,Mint Sculpt Crew Top,S,WTP0218GRS,899.0,2,0,1798.0,77,https://cavaathleisure.com/products/mint-sculpt-crew-top
2026-09-25,Cava Athleisure,Mint Sculpt Crew Top,M,WTP0218GRM,899.0,5,0,4495.0,21,https://cavaathleisure.com/products/mint-sculpt-crew-top
2026-09-25,Cava Athleisure,Coral Sculpt Core Top,XS,WTP0118ORXS,799.0,0,1,0.0,63,https://cavaathleisure.com/products/coral-sculpt-core-top
2026-09-25,Cava Athleisure,Coral Sculpt Core Top,S,WTP0118ORS,799.0,6,0,4794.0,0,https://cavaathleisure.com/products/coral-sculpt-core-top
2026-09-25,Cava Athleisure,Coral Sculpt Core Top,M,WTP0118ORM,799.0,0,3,0.0,3,https://cavaathleisure.com/products/coral-sculpt-core-top
2026-09-25,Cava Athleisure,Mint Sculpt Core Top,XS,WTP0118GRXS,799.0,0,2,0.0,2,https://cavaathleisure.com/products/mint-sculpt-core-top
2026-09-25,Cava Athleisure,Mint Sculpt Core Top,S,WTP0118GRS,799.0,0,3,0.0,3,https://cavaathleisure.com/products/mint-sculpt-core-top
2026-09-25,Cava Athleisure,Mint Sculpt Core Top,XXL,WTP0118GRXXL,799.0,0,1,0.0,1,https://cavaathleisure.com/products/mint-sculpt-core-top
2026-09-25,Cava Athleisure,Mint Sculpt Booty Shorts,S,WSH0418GRS,999.0,2,0,1998.0,186,https://cavaathleisure.com/products/mint-sculpt-booty-shorts
2026-09-25,Cava Athleisure,Mint Sculpt Booty Shorts,M,WSH0418GRM,999.0,2,0,1998.0,183,https://cavaathleisure.com/products/mint-sculpt-booty-shorts
2026-09-25,Cava Athleisure,Mint Sculpt Booty Shorts,L,WSH0418GRL,999.0,0,3,0.0,66,https://cavaathleisure.com/products/mint-sculpt-booty-shorts
2026-09-25,Cava Athleisure,Mint Sculpt Booty Shorts,XL,WSH0418GRXL,999.0,1,0,999.0,30,https://cavaathleisure.com/products/mint-sculpt-booty-shorts
2026-09-25,Cava Athleisure,Mint Sculpt Bootcut Leggings,S,WFP01T18GRS,1299.0,2,0,2598.0,116,https://cavaathleisure.com/products/mint-sculpt-bootcut-leggings
2026-09-25,Cava Athleisure,Mint Sculpt Bootcut Leggings,M,WFP0118GRM,1299.0,1,0,1299.0,109,https://cavaathleisure.com/products/mint-sculpt-bootcut-leggings
2026-09-25,Cava Athleisure,Mint Sculpt Bootcut Leggings,L,WFP0118GRL,1299.0,1,0,1299.0,74,https://cavaathleisure.com/products/mint-sculpt-bootcut-leggings
2026-09-25,Cava Athleisure,Mint Sculpt Bootcut Leggings,XL,WFP0118GRXL,1299.0,0,1,0.0,43,https://cavaathleisure.com/products/mint-sculpt-bootcut-leggings
2026-09-25,Cava Athleisure,Pink Sculpt Crew Top,M,WTP0218PNM,899.0,0,1,0.0,1,https://cavaathleisure.com/products/pink-sculpt-crew-top
2026-09-25,Cava Athleisure,Pink Sculpt Core Top,XS,WTP0118PNXS,799.0,0,1,0.0,1,https://cavaathleisure.com/products/pink-sculpt-core-top
2026-09-25,Cava Athleisure,Pink Sculpt Booty Shorts,S,WSH0418PNS,999.0,2,0,1998.0,148,https://cavaathleisure.com/products/pink-sculpt-booty-shorts
2026-09-25,Cava Athleisure,Pink Sculpt Booty Shorts,M,WSH0418PNM,999.0,3,0,2997.0,157,https://cavaathleisure.com/products/pink-sculpt-booty-shorts
2026-09-25,Cava Athleisure,Pink Sculpt Booty Shorts,L,WSH0418PNL,999.0,0,1,0.0,47,https://cavaathleisure.com/products/pink-sculpt-booty-shorts
2026-09-25,Cava Athleisure,Pink Sculpt Bootcut Leggings,M,WFP0118PNM,1299.0,0,1,0.0,1,https://cavaathleisure.com/products/pink-sculpt-bootcut-leggings
2026-09-25,Cava Athleisure,Pink Sculpt Bootcut Leggings,M,WFP01T18PNM,1299.0,2,0,2598.0,0,https://cavaathleisure.com/products/pink-sculpt-bootcut-leggings
2026-09-25,Cava Athleisure,Pink Sculpt Bootcut Leggings,L,WFP0118PNL,1299.0,2,0,2598.0,28,https://cavaathleisure.com/products/pink-sculpt-bootcut-leggings
2026-09-25,Cava Athleisure,Pink Sculpt Bootcut Leggings,L,WFP01T18PNL,1299.0,4,0,5196.0,25,https://cavaathleisure.com/products/pink-sculpt-bootcut-leggings
2026-09-25,Cava Athleisure,Pink Sculpt Bootcut Leggings,XXL,WFP01T18PNXXL,1299.0,0,1,0.0,11,https://cavaathleisure.com/products/pink-sculpt-bootcut-leggings
2026-09-25,Cava Athleisure,Wine Hyper Mesh Sports Bra,XS,WSB102RDXS,1154.0,1,0,1154.0,77,https://cavaathleisure.com/products/wine-hyper-mesh-sports-bra
2026-09-25,Cava Athleisure,Wine Hyper Mesh Sports Bra,S,WSB102RDS,1154.0,11,0,12694.0,239,https://cavaathleisure.com/products/wine-hyper-mesh-sports-bra
2026-09-25,Cava Athleisure,Wine Hyper Mesh Sports Bra,M,WSB102RDM,1154.0,24,0,27696.0,147,https://cavaathleisure.com/products/wine-hyper-mesh-sports-bra
2026-09-25,Cava Athleisure,Wine Hyper Mesh Sports Bra,L,WSB102RDL,1154.0,8,0,9232.0,94,https://cavaathleisure.com/products/wine-hyper-mesh-sports-bra
2026-09-25,Cava Athleisure,Wine Hyper Mesh Sports Bra,XL,WSB102RDXL,1154.0,3,0,3462.0,72,https://cavaathleisure.com/products/wine-hyper-mesh-sports-bra
2026-09-25,Cava Athleisure,Wine Hyper Mesh Sports Bra,XXL,WSB102RDXXL,1154.0,3,0,3462.0,23,https://cavaathleisure.com/products/wine-hyper-mesh-sports-bra
2026-09-25,Cava Athleisure,Pink Sculpt Core Leggings,XS,WLG0218PNXS,1199.0,1,0,1199.0,20,https://cavaathleisure.com/products/pink-sculpt-core-leggings
2026-09-25,Cava Athleisure,Pink Sculpt Core Leggings,S,WLG0218PNS,1199.0,5,0,5995.0,89,https://cavaathleisure.com/products/pink-sculpt-core-leggings
2026-09-25,Cava Athleisure,Cava Next Gen Card,Default Title,Cava-Next-Gen-Card,0.0,296,0,0.0,9519,https://cavaathleisure.com/products/cava-next-gen-card
2026-09-25,Cava Athleisure,Cherry Next Gen Swirl Skorts,10-11Y,GSK11145RD10-11Y,1299.0,0,38,0.0,228,https://cavaathleisure.com/products/cherry-next-gen-swirl-skorts
2026-09-25,Cava Athleisure,Cherry Next Gen Swirl Skorts,12-13Y,GSK11145RD12-13Y,1299.0,0,1,0.0,121,https://cavaathleisure.com/products/cherry-next-gen-swirl-skorts
2026-09-25,Cava Athleisure,Cherry Next Gen Swirl Skorts,14+Y,GSK11145RD14-Y,1299.0,0,2,0.0,110,https://cavaathleisure.com/products/cherry-next-gen-swirl-skorts
2026-09-25,Cava Athleisure,Pink Next Gen Swirl Skorts,10-11Y,GSK11145PN10-11Y,1299.0,1,0,1299.0,181,https://cavaathleisure.com/products/pink-next-gen-swirl-skorts
2026-09-25,Cava Athleisure,Ivory Next Gen Swirl Skorts,12-13Y,GSK11145WH12-13Y,1299.0,1,0,1299.0,15,https://cavaathleisure.com/products/ivory-next-gen-swirl-skorts
2026-09-25,Cava Athleisure,Ivory Next Gen Active Jacket,12-13Y,GJK11245WH12-13Y,1599.0,1,0,1599.0,27,https://cavaathleisure.com/products/ivory-next-gen-sculptor-jacket
2026-09-25,Cava Athleisure,Cherry Pleated Mini Dress,S,WDR4918RDS,1429.0,0,2,0.0,76,https://cavaathleisure.com/products/cherry-pleated-mini-dress
2026-09-25,Cava Athleisure,Cherry Pleated Mini Dress,M,WDR4918RDM,1429.0,3,0,4287.0,23,https://cavaathleisure.com/products/cherry-pleated-mini-dress
2026-09-25,Cava Athleisure,Cherry Pleated Mini Dress,L,WDR4918RDL,1429.0,2,0,2858.0,3,https://cavaathleisure.com/products/cherry-pleated-mini-dress
2026-09-25,Cava Athleisure,Green Pleated Mini Dress,S,WDR4918GRS,1429.0,1,0,1429.0,95,https://cavaathleisure.com/products/green-pleated-mini-dress
2026-09-25,Cava Athleisure,Green Pleated Mini Dress,XL,WDR4918GRXL,1429.0,3,0,4287.0,13,https://cavaathleisure.com/products/green-pleated-mini-dress
2026-09-25,Cava Athleisure,Black Pleated Mini Dress,S,WDR4918BKS,1429.0,1,0,1429.0,64,https://cavaathleisure.com/products/black-pleated-mini-dress
2026-09-25,Cava Athleisure,Black Pleated Mini Dress,M,WDR4918BKM,1429.0,2,0,2858.0,48,https://cavaathleisure.com/products/black-pleated-mini-dress
2026-09-25,Cava Athleisure,Black Pleated Mini Dress,L,WDR4918BKL,1429.0,2,0,2858.0,8,https://cavaathleisure.com/products/black-pleated-mini-dress
2026-09-25,Cava Athleisure,Black Pleated Mini Dress,XL,WDR4918BKXL,1429.0,1,0,1429.0,0,https://cavaathleisure.com/products/black-pleated-mini-dress
2026-09-25,Cava Athleisure,Black Next Gen Active Jacket,12-13Y,GJK11245BK12-13Y,1599.0,1,0,1599.0,2,https://cavaathleisure.com/products/black-next-gen-sculptor-jacket
2026-09-25,Cava Athleisure,Black Next Gen Active Jacket,14+Y,GJK11245BK14-Y,1599.0,2,0,3198.0,22,https://cavaathleisure.com/products/black-next-gen-sculptor-jacket
2026-09-25,Cava Athleisure,Cherry Pintuck Flared Pants,M,WFP5218RDM,1044.0,3,0,3132.0,49,https://cavaathleisure.com/products/cherry-pintuck-flared-pants
2026-09-25,Cava Athleisure,Green Pintuck Flared Pants,M,WFP5218GRM,1044.0,1,0,1044.0,58,https://cavaathleisure.com/products/green-pintuck-flared-pants
2026-09-25,Cava Athleisure,Green Pintuck Flared Pants,L,WFP5218GRL,1044.0,2,0,2088.0,26,https://cavaathleisure.com/products/green-pintuck-flared-pants
2026-09-25,Cava Athleisure,Green Pintuck Flared Pants,XL,WFP5218GRXL,1044.0,2,0,2088.0,5,https://cavaathleisure.com/products/green-pintuck-flared-pants
2026-09-25,Cava Athleisure,Cherry Club Corset Top,M,WTP4818RDM,879.0,1,0,879.0,0,https://cavaathleisure.com/products/cherry-club-corset-top
2026-09-25,Cava Athleisure,Green Club Corset Top,S,WTP4818GRS,879.0,1,0,879.0,67,https://cavaathleisure.com/products/green-club-corset-top
2026-09-25,Cava Athleisure,Green Club Corset Top,M,WTP4818GRM,879.0,1,0,879.0,49,https://cavaathleisure.com/products/green-club-corset-top
2026-09-25,Cava Athleisure,Green Club Corset Top,L,WTP4818GRL,879.0,2,0,1758.0,26,https://cavaathleisure.com/products/green-club-corset-top
2026-09-25,Cava Athleisure,Black Club Corset Top,S,WTP4818BKS,879.0,1,0,879.0,41,https://cavaathleisure.com/products/black-club-corset-top
2026-09-25,Cava Athleisure,Black Club Corset Top,M,WTP4818BKM,879.0,2,0,1758.0,27,https://cavaathleisure.com/products/black-club-corset-top
2026-09-25,Cava Athleisure,Cherry Hourglass Snug Leggings,S,WLG1018RDS,934.0,9,0,8406.0,47,https://cavaathleisure.com/products/cherry-hourglass-snug-leggings
2026-09-25,Cava Athleisure,Cherry Hourglass Snug Leggings,M,WLG1018RDM,934.0,13,0,12142.0,37,https://cavaathleisure.com/products/cherry-hourglass-snug-leggings
2026-09-25,Cava Athleisure,Cherry Hourglass Snug Leggings,L,WLG1018RDL,934.0,12,0,11208.0,48,https://cavaathleisure.com/products/cherry-hourglass-snug-leggings
2026-09-25,Cava Athleisure,Lilac Hourglass Booty Shorts,S,WSH0845PUS,1099.0,3,0,3297.0,0,https://cavaathleisure.com/products/lilac-hourglass-booty-shorts
2026-09-25,Cava Athleisure,Lilac Hourglass Booty Shorts,XXL,WSH0845PUXXL,1099.0,1,0,1099.0,0,https://cavaathleisure.com/products/lilac-hourglass-booty-shorts
2026-09-25,Cava Athleisure,Toasted ADPT™ Wrap Top,XS,WTP10245BNXS,824.0,7,0,5768.0,3,https://cavaathleisure.com/products/toasted-adpt-wrap-top
2026-09-25,Cava Athleisure,Toasted ADPT™ Wrap Top,S,WTP10245BNS,824.0,10,0,8240.0,48,https://cavaathleisure.com/products/toasted-adpt-wrap-top
2026-09-25,Cava Athleisure,Toasted ADPT™ Wrap Top,M,WTP10245BNM,824.0,14,0,11536.0,72,https://cavaathleisure.com/products/toasted-adpt-wrap-top
2026-09-25,Cava Athleisure,Toasted ADPT™ Wrap Top,L,WTP10245BNL,824.0,8,0,6592.0,24,https://cavaathleisure.com/products/toasted-adpt-wrap-top
2026-09-25,Cava Athleisure,Toasted ADPT™ Wrap Top,XL,WTP10245BNXL,824.0,2,0,1648.0,29,https://cavaathleisure.com/products/toasted-adpt-wrap-top
2026-09-25,Cava Athleisure,Cherry Hourglass Flared Leggings,XS,WFPACU0218RDXS,1209.0,2,0,2418.0,0,https://cavaathleisure.com/products/cherry-hourglass-flared-leggings
2026-09-25,Cava Athleisure,Cherry Hourglass Flared Leggings,XS,WFPACU0418RDXS,1209.0,1,0,1209.0,48,https://cavaathleisure.com/products/cherry-hourglass-flared-leggings
2026-09-25,Cava Athleisure,Cherry Hourglass Flared Leggings,S,WFPACU0118RDS,1209.0,0,1,0.0,1,https://cavaathleisure.com/products/cherry-hourglass-flared-leggings
2026-09-25,Cava Athleisure,Cherry Hourglass Flared Leggings,S,WFPACU0418RDS,1209.0,12,0,14508.0,22,https://cavaathleisure.com/products/cherry-hourglass-flared-leggings
2026-09-25,Cava Athleisure,Cherry Hourglass Flared Leggings,M,WFPACU0118RDM,1209.0,0,2,0.0,2,https://cavaathleisure.com/products/cherry-hourglass-flared-leggings
2026-09-25,Cava Athleisure,Cherry Hourglass Flared Leggings,M,WFPACU0218RDM,1209.0,0,2,0.0,2,https://cavaathleisure.com/products/cherry-hourglass-flared-leggings
2026-09-25,Cava Athleisure,Cherry Hourglass Flared Leggings,L,WFPACU0218RDL,1209.0,0,1,0.0,1,https://cavaathleisure.com/products/cherry-hourglass-flared-leggings
2026-09-25,Cava Athleisure,Cherry Hourglass Flared Leggings,XL,WFPACU0218RDXL,1209.0,13,0,15717.0,6,https://cavaathleisure.com/products/cherry-hourglass-flared-leggings
2026-09-25,Cava Athleisure,Cherry Hourglass Flared Leggings,XL,WFPACU0418RDXL,1209.0,1,0,1209.0,0,https://cavaathleisure.com/products/cherry-hourglass-flared-leggings
2026-09-25,Cava Athleisure,Cherry Hourglass Flared Leggings,XXL,WFPACU0118RDXXL,1209.0,3,0,3627.0,0,https://cavaathleisure.com/products/cherry-hourglass-flared-leggings
2026-09-25,Cava Athleisure,Cherry Hourglass Flared Leggings,XXL,WFPACU0418RDXXL,1209.0,0,1,0.0,4,https://cavaathleisure.com/products/cherry-hourglass-flared-leggings
2026-09-25,Cava Athleisure,Ruby Hourglass Booty Shorts,XS,WSH0845RDXS,1099.0,1,0,1099.0,5,https://cavaathleisure.com/products/ruby-hourglass-booty-shorts
2026-09-25,Cava Athleisure,Lilac ADPT™ Wrap Top,XS,WTP10245PUXS,824.0,6,0,4944.0,43,https://cavaathleisure.com/products/lilac-adpt™-wrap-top
2026-09-25,Cava Athleisure,Lilac ADPT™ Wrap Top,S,WTP10245PUS,824.0,5,0,4120.0,129,https://cavaathleisure.com/products/lilac-adpt™-wrap-top
2026-09-25,Cava Athleisure,Lilac ADPT™ Wrap Top,M,WTP10245PUM,824.0,7,0,5768.0,81,https://cavaathleisure.com/products/lilac-adpt™-wrap-top
2026-09-25,Cava Athleisure,Lilac ADPT™ Wrap Top,L,WTP10245PUL,824.0,1,0,824.0,2,https://cavaathleisure.com/products/lilac-adpt™-wrap-top
2026-09-25,Cava Athleisure,Lilac ADPT™ Wrap Top,XL,WTP10245PUXL,824.0,3,0,2472.0,9,https://cavaathleisure.com/products/lilac-adpt™-wrap-top
2026-09-25,Cava Athleisure,Blush ADPT™ Wrap Top,S,WTP10245PNS,824.0,14,0,11536.0,74,https://cavaathleisure.com/products/blush-adpt-wrap-top
2026-09-25,Cava Athleisure,Blush ADPT™ Wrap Top,M,WTP10245PNM,824.0,7,0,5768.0,5,https://cavaathleisure.com/products/blush-adpt-wrap-top
2026-09-25,Cava Athleisure,Ivory ADPT™ Wrap Top,S,WTP10245WHS,824.0,10,0,8240.0,33,https://cavaathleisure.com/products/ivory-adpt-wrap-top
2026-09-25,Cava Athleisure,Ivory ADPT™ Wrap Top,XL,WTP10245WHXL,824.0,1,0,824.0,3,https://cavaathleisure.com/products/ivory-adpt-wrap-top
2026-09-25,Cava Athleisure,Ivory ADPT™ Wrap Top,XXL,WTP10245WHXXL,824.0,1,0,824.0,5,https://cavaathleisure.com/products/ivory-adpt-wrap-top
2026-09-25,Cava Athleisure,Navy Athletic Quarter-Zip,XL,MTS5710NYXL,1099.0,1,0,1099.0,3,https://cavaathleisure.com/products/navy-athletic-quarter-zip
2026-09-25,Cava Athleisure,Navy Athletic Quarter-Zip,XXL,MTS5710NYXXL,1099.0,1,0,1099.0,16,https://cavaathleisure.com/products/navy-athletic-quarter-zip
2026-09-25,Cava Athleisure,Lilac Refine Crop Tank,XS,WTN10145PUXS,714.0,3,0,2142.0,13,https://cavaathleisure.com/products/lilac-refine-crop-tank
2026-09-25,Cava Athleisure,Lilac Refine Crop Tank,S,WTN10145PUS,714.0,4,0,2856.0,51,https://cavaathleisure.com/products/lilac-refine-crop-tank
2026-09-25,Cava Athleisure,Lilac Refine Crop Tank,M,WTN10145PUM,714.0,1,0,714.0,84,https://cavaathleisure.com/products/lilac-refine-crop-tank
2026-09-25,Cava Athleisure,Steel Blue Refine Crop Tank,S,WTN10145BLS,714.0,1,0,714.0,25,https://cavaathleisure.com/products/steel-blue-refine-crop-tank
2026-09-25,Cava Athleisure,Steel Blue Refine Crop Tank,M,WTN10145BLM,714.0,2,0,1428.0,36,https://cavaathleisure.com/products/steel-blue-refine-crop-tank
2026-09-25,Cava Athleisure,Ruby Refine Crop Tank,S,WTN10145RDS,714.0,0,1,0.0,2,https://cavaathleisure.com/products/ruby-refine-crop-tank
2026-09-25,Cava Athleisure,Ruby Refine Crop Tank,M,WTN10145RDM,714.0,3,0,2142.0,9,https://cavaathleisure.com/products/ruby-refine-crop-tank
2026-09-25,Cava Athleisure,Ruby Refine Crop Tank,L,WTN10145RDL,714.0,1,0,714.0,16,https://cavaathleisure.com/products/ruby-refine-crop-tank
2026-09-25,Cava Athleisure,Ruby Refine Crop Tank,XL,WTN10145RDXL,714.0,0,1,0.0,15,https://cavaathleisure.com/products/ruby-refine-crop-tank
2026-09-25,Cava Athleisure,Navy Contrast Techpique Sleeveless Polo,XS,WTPCS0410NYXS,1359.0,2,0,2718.0,5,https://cavaathleisure.com/products/navy-contrast-techpique-sleeveless-polo
2026-09-25,Cava Athleisure,Navy Contrast Techpique Sleeveless Polo,XL,WTPCS0410NYXL,1359.0,0,1,0.0,17,https://cavaathleisure.com/products/navy-contrast-techpique-sleeveless-polo
2026-09-25,Cava Athleisure,Navy Contrast Techpique Sleeveless Polo,XXL,WTPCS0410NYXXL,1359.0,1,0,1359.0,9,https://cavaathleisure.com/products/navy-contrast-techpique-sleeveless-polo
2026-09-25,Cava Athleisure,Ivory Contrast Techpique Sleeveless Polo,S,WTPCS0410WHS,1359.0,1,0,1359.0,89,https://cavaathleisure.com/products/ivory-contrast-techpique-sleeveless-polo
2026-09-25,Cava Athleisure,Green Contour Jacket,S,WJK4718GRS,1319.0,3,0,3957.0,86,https://cavaathleisure.com/products/green-contour-jacket
2026-09-25,Cava Athleisure,Green Contour Jacket,L,WJK4718GRL,1319.0,1,0,1319.0,48,https://cavaathleisure.com/products/green-contour-jacket
2026-09-25,Cava Athleisure,Ivory Refine Crop Tank,S,WTN10145WHS,714.0,3,0,2142.0,28,https://cavaathleisure.com/products/ivory-refine-crop-tank
2026-09-25,Cava Athleisure,Ivory Refine Crop Tank,M,WTN10145WHM,714.0,3,0,2142.0,41,https://cavaathleisure.com/products/ivory-refine-crop-tank
2026-09-25,Cava Athleisure,Ivory Refine Crop Tank,XL,WTN10145WHXL,714.0,2,0,1428.0,19,https://cavaathleisure.com/products/ivory-refine-crop-tank
2026-09-25,Cava Athleisure,Brown Refine Crop Tank,S,WTN10145BNS,714.0,0,1,0.0,1,https://cavaathleisure.com/products/brown-refine-crop-tank
2026-09-25,Cava Athleisure,Brown Refine Crop Tank,M,WTN10145BNM,714.0,1,0,714.0,1,https://cavaathleisure.com/products/brown-refine-crop-tank
2026-09-25,Cava Athleisure,Ice Blue Contour Jacket,S,WJK4718BLS,1319.0,1,0,1319.0,47,https://cavaathleisure.com/products/ice-blue-contour-jacket
2026-09-25,Cava Athleisure,Ice Blue Contour Jacket,M,WJK4718BLM,1319.0,2,0,2638.0,15,https://cavaathleisure.com/products/ice-blue-contour-jacket
2026-09-25,Cava Athleisure,Brown Trailscape Jacket,L,MJK5610BNL,1979.0,1,0,1979.0,59,https://cavaathleisure.com/products/brown-trailscape-jacket
2026-09-25,Cava Athleisure,Navy Trailscape Jacket,M,MJK5610NYM,1979.0,1,0,1979.0,54,https://cavaathleisure.com/products/navy-trailscape-jacket
2026-09-25,Cava Athleisure,Navy Trailscape Jacket,L,MJK5610NYL,1979.0,2,0,3958.0,61,https://cavaathleisure.com/products/navy-trailscape-jacket
2026-09-25,Cava Athleisure,Navy Trailscape Jacket,XL,MJK5610NYXL,1979.0,0,1,0.0,67,https://cavaathleisure.com/products/navy-trailscape-jacket
2026-09-25,Cava Athleisure,Navy Trailscape Jacket,XXL,MJK5610NYXXL,1979.0,0,1,0.0,49,https://cavaathleisure.com/products/navy-trailscape-jacket
2026-09-25,Cava Athleisure,Light Grey Athletic Quarter-Zip,XL,MTS5710GYXL,1099.0,2,0,2198.0,2,https://cavaathleisure.com/products/light-grey-athletic-quarter-zip
2026-09-25,Cava Athleisure,Light Grey Athletic Quarter-Zip,XXL,MTS5710GYXXL,1099.0,1,0,1099.0,38,https://cavaathleisure.com/products/light-grey-athletic-quarter-zip
2026-09-25,Cava Athleisure,White Velocity Training Tee,XXL,MTS5518WHXXL,879.0,2,0,1758.0,9,https://cavaathleisure.com/products/white-velocity-training-tee
2026-09-25,Cava Athleisure,Teal Velocity Training Tee,XXL,MTS5518GRXXL,879.0,1,0,879.0,16,https://cavaathleisure.com/products/teal-velocity-training-tee
2026-09-25,Cava Athleisure,Black Trailscape Jacket,M,MJK5610BKM,1979.0,1,0,1979.0,53,https://cavaathleisure.com/products/trailscape-jacketblack-trailscape-jacket
2026-09-25,Cava Athleisure,Black Trailscape Jacket,XXL,MJK5610BKXXL,1979.0,1,0,1979.0,48,https://cavaathleisure.com/products/trailscape-jacketblack-trailscape-jacket
2026-09-25,Cava Athleisure,Lilac Hyper Mesh Sports Bra,S,WSB021PUS,1154.0,3,0,3462.0,69,https://cavaathleisure.com/products/lilac-hyper-mesh-sports-bra
2026-09-25,Cava Athleisure,Lilac Hyper Mesh Sports Bra,L,WSB021PUL,1154.0,1,0,1154.0,0,https://cavaathleisure.com/products/lilac-hyper-mesh-sports-bra
2026-09-25,Cava Athleisure,Plum Cotton Recovery Jacket,M,WJK3616PUM,1264.0,3,0,3792.0,0,https://cavaathleisure.com/products/plum-cotton-recovery-jacket
2026-09-25,Cava Athleisure,Red Pulse Seamless Tee,M,MTSCS12117RDM,824.0,0,1,0.0,1,https://cavaathleisure.com/products/red-pulse-seamless-tee
2026-09-25,Cava Athleisure,Red Pulse Seamless Tee,XL,MTSCS12117RDXL,824.0,0,1,0.0,62,https://cavaathleisure.com/products/red-pulse-seamless-tee
2026-09-25,Cava Athleisure,Cherry Ripple Swim Skorts,XS,WSWSK3414RDXS,1484.0,9,0,13356.0,87,https://cavaathleisure.com/products/cherry-ripple-swim-skorts
2026-09-25,Cava Athleisure,Cherry Ripple Swim Skorts,S,WSWSK3414RDS,1484.0,13,0,19292.0,164,https://cavaathleisure.com/products/cherry-ripple-swim-skorts
2026-09-25,Cava Athleisure,Cherry Ripple Swim Skorts,M,WSWSK3414RDM,1484.0,10,0,14840.0,201,https://cavaathleisure.com/products/cherry-ripple-swim-skorts
2026-09-25,Cava Athleisure,Cherry Ripple Swim Skorts,L,WSWSK3414RDL,1484.0,11,0,16324.0,147,https://cavaathleisure.com/products/cherry-ripple-swim-skorts
2026-09-25,Cava Athleisure,Cherry Ripple Swim Skorts,XL,WSWSK3414RDXL,1484.0,11,0,16324.0,28,https://cavaathleisure.com/products/cherry-ripple-swim-skorts
2026-09-25,Cava Athleisure,Cherry Ripple Swim Skorts,XXL,WSWSK3414RDXXL,1484.0,7,0,10388.0,27,https://cavaathleisure.com/products/cherry-ripple-swim-skorts
2026-09-25,Cava Athleisure,Black Ripple Swim Skorts,XS,WSWSK3414BKXS,1484.0,6,0,8904.0,79,https://cavaathleisure.com/products/black-ripple-swim-skorts
2026-09-25,Cava Athleisure,Black Ripple Swim Skorts,S,WSWSK3414BKS,1484.0,9,0,13356.0,103,https://cavaathleisure.com/products/black-ripple-swim-skorts
2026-09-25,Cava Athleisure,Black Ripple Swim Skorts,M,WSWSK3414BKM,1484.0,9,0,13356.0,187,https://cavaathleisure.com/products/black-ripple-swim-skorts
2026-09-25,Cava Athleisure,Black Ripple Swim Skorts,L,WSWSK3414BKL,1484.0,6,0,8904.0,204,https://cavaathleisure.com/products/black-ripple-swim-skorts
2026-09-25,Cava Athleisure,Black Ripple Swim Skorts,XL,WSWSK3414BKXL,1484.0,7,0,10388.0,77,https://cavaathleisure.com/products/black-ripple-swim-skorts
2026-09-25,Cava Athleisure,Black Ripple Swim Skorts,XXL,WSWSK3414BKXXL,1484.0,7,0,10388.0,16,https://cavaathleisure.com/products/black-ripple-swim-skorts
2026-09-25,Cava Athleisure,Cherry Tieback Swim Top,XS,WSWTP3314RDXS,1484.0,10,0,14840.0,21,https://cavaathleisure.com/products/cherry-tieback-swim-top
2026-09-25,Cava Athleisure,Cherry Tieback Swim Top,S,WSWTP3314RDS,1484.0,14,0,20776.0,145,https://cavaathleisure.com/products/cherry-tieback-swim-top
2026-09-25,Cava Athleisure,Cherry Tieback Swim Top,M,WSWTP3314RDM,1484.0,18,0,26712.0,164,https://cavaathleisure.com/products/cherry-tieback-swim-top
2026-09-25,Cava Athleisure,Cherry Tieback Swim Top,L,WSWTP3314RDL,1484.0,15,0,22260.0,98,https://cavaathleisure.com/products/cherry-tieback-swim-top
2026-09-25,Cava Athleisure,Cherry Tieback Swim Top,XL,WSWTP3314RDXL,1484.0,8,0,11872.0,35,https://cavaathleisure.com/products/cherry-tieback-swim-top
2026-09-25,Cava Athleisure,Cherry Tieback Swim Top,XXL,WSWTP3314RDXXL,1484.0,5,0,7420.0,29,https://cavaathleisure.com/products/cherry-tieback-swim-top
2026-09-25,Cava Athleisure,Black Tieback Swim Top,XS,WSWTP3314BKXS,1484.0,7,0,10388.0,100,https://cavaathleisure.com/products/black-tieback-swim-top
2026-09-25,Cava Athleisure,Black Tieback Swim Top,S,WSWTP3314BKS,1484.0,9,0,13356.0,136,https://cavaathleisure.com/products/black-tieback-swim-top
2026-09-25,Cava Athleisure,Black Tieback Swim Top,M,WSWTP3314BKM,1484.0,8,0,11872.0,172,https://cavaathleisure.com/products/black-tieback-swim-top
2026-09-25,Cava Athleisure,Black Tieback Swim Top,L,WSWTP3314BKL,1484.0,7,0,10388.0,127,https://cavaathleisure.com/products/black-tieback-swim-top
2026-09-25,Cava Athleisure,Black Tieback Swim Top,XL,WSWTP3314BKXL,1484.0,4,0,5936.0,61,https://cavaathleisure.com/products/black-tieback-swim-top
2026-09-25,Cava Athleisure,Black Tieback Swim Top,XXL,WSWTP3314BKXXL,1484.0,5,0,7420.0,35,https://cavaathleisure.com/products/black-tieback-swim-top
2026-09-25,Cava Athleisure,Black Cava Essential Tote,Free Size,WAC6014BK,1699.0,1,0,1699.0,50,https://cavaathleisure.com/products/black-cava-essential-tote
2026-09-25,Cava Athleisure,Sage Green Cava Essential Tote,Free Size,WAC5814GR,1717.0,1,0,1717.0,0,https://cavaathleisure.com/products/sage-green-cava-essential-tote
2026-09-25,Cava Athleisure,Ivory Cava Essential Tote,Free Size,WAC5914WH,1699.0,1,0,1699.0,79,https://cavaathleisure.com/products/ivory-cava-essential-tote
2026-09-25,Cava Athleisure,Steel Blue Hourglass Flared Leggings,XS,WFPACU0145BLXS,1209.0,6,0,7254.0,72,https://cavaathleisure.com/products/steel-blue-hourglass-flared-leggings
2026-09-25,Cava Athleisure,Steel Blue Hourglass Flared Leggings,XS,WFPACU0245BLXS,1209.0,1,0,1209.0,0,https://cavaathleisure.com/products/steel-blue-hourglass-flared-leggings
2026-09-25,Cava Athleisure,Steel Blue Hourglass Flared Leggings,XS,WFPACU0445BLXS,1209.0,1,0,1209.0,30,https://cavaathleisure.com/products/steel-blue-hourglass-flared-leggings
2026-09-25,Cava Athleisure,Steel Blue Hourglass Flared Leggings,S,WFPACU0145BLS,1209.0,15,0,18135.0,131,https://cavaathleisure.com/products/steel-blue-hourglass-flared-leggings
2026-09-25,Cava Athleisure,Steel Blue Hourglass Flared Leggings,M,WFPACU0145BLM,1209.0,21,0,25389.0,83,https://cavaathleisure.com/products/steel-blue-hourglass-flared-leggings
2026-09-25,Cava Athleisure,Steel Blue Hourglass Flared Leggings,M,WFPACU0245BLM,1209.0,0,1,0.0,1,https://cavaathleisure.com/products/steel-blue-hourglass-flared-leggings
2026-09-25,Cava Athleisure,Steel Blue Hourglass Flared Leggings,M,WFPACU0445BLM,1209.0,7,0,8463.0,27,https://cavaathleisure.com/products/steel-blue-hourglass-flared-leggings
2026-09-25,Cava Athleisure,Steel Blue Hourglass Flared Leggings,L,WFPACU0145BLL,1209.0,14,0,16926.0,217,https://cavaathleisure.com/products/steel-blue-hourglass-flared-leggings
2026-09-25,Cava Athleisure,Steel Blue Hourglass Flared Leggings,L,WFPACU0245BLL,1209.0,0,1,0.0,1,https://cavaathleisure.com/products/steel-blue-hourglass-flared-leggings
2026-09-25,Cava Athleisure,Steel Blue Hourglass Flared Leggings,L,WFPACU0445BLL,1209.0,4,0,4836.0,5,https://cavaathleisure.com/products/steel-blue-hourglass-flared-leggings
2026-09-25,Cava Athleisure,Steel Blue Hourglass Flared Leggings,XL,WFPACU0145BLXL,1209.0,8,0,9672.0,89,https://cavaathleisure.com/products/steel-blue-hourglass-flared-leggings
2026-09-25,Cava Athleisure,Steel Blue Hourglass Flared Leggings,XL,WFPACU0445BLXL,1209.0,4,0,4836.0,36,https://cavaathleisure.com/products/steel-blue-hourglass-flared-leggings
2026-09-25,Cava Athleisure,Cherry Plie Pleated Skort,XS,WSKCS0610RDXS,1209.0,2,0,2418.0,243,https://cavaathleisure.com/products/cherry-plie-pleated-skort
2026-09-25,Cava Athleisure,Wine Hourglass Booty Shorts,XS,WSH0845WRDXS,879.0,2,0,1758.0,70,https://cavaathleisure.com/products/wine-hourglass-booty-shorts
2026-09-25,Cava Athleisure,Wine Hourglass Booty Shorts,S,WSH0845WRDS,879.0,4,0,3516.0,374,https://cavaathleisure.com/products/wine-hourglass-booty-shorts
2026-09-25,Cava Athleisure,Wine Hourglass Booty Shorts,M,WSH0845WRDM,879.0,11,0,9669.0,111,https://cavaathleisure.com/products/wine-hourglass-booty-shorts
2026-09-25,Cava Athleisure,Wine Hourglass Booty Shorts,L,WSH0845WRDL,879.0,8,0,7032.0,28,https://cavaathleisure.com/products/wine-hourglass-booty-shorts
2026-09-25,Cava Athleisure,Steel Blue Hourglass Booty Shorts,S,WSH0845BLS,879.0,4,0,3516.0,134,https://cavaathleisure.com/products/steel-blue-hourglass-booty-shorts
2026-09-25,Cava Athleisure,Steel Blue Hourglass Booty Shorts,M,WSH0845BLM,879.0,3,0,2637.0,111,https://cavaathleisure.com/products/steel-blue-hourglass-booty-shorts
2026-09-25,Cava Athleisure,Steel Blue Hourglass Booty Shorts,L,WSH0845BLL,879.0,7,0,6153.0,78,https://cavaathleisure.com/products/steel-blue-hourglass-booty-shorts
2026-09-25,Cava Athleisure,Steel Blue Hourglass Booty Shorts,XL,WSH0845BLXL,879.0,2,0,1758.0,41,https://cavaathleisure.com/products/steel-blue-hourglass-booty-shorts
2026-09-25,Cava Athleisure,Steel Blue Hourglass Booty Shorts,XXL,WSH0845BLXXL,879.0,2,0,1758.0,4,https://cavaathleisure.com/products/steel-blue-hourglass-booty-shorts
2026-09-25,Cava Athleisure,"Black 5"" Pacer Shorts",32,MSH4217BK32,1044.0,10,0,10440.0,1,https://cavaathleisure.com/products/black-5-pacer-shorts
2026-09-25,Cava Athleisure,"Black 5"" Pacer Shorts",38,MSH4217BK38,1044.0,3,0,3132.0,1,https://cavaathleisure.com/products/black-5-pacer-shorts
2026-09-25,Cava Athleisure,"Teal 5"" Pacer Shorts",32,MSH4217GR32,1044.0,4,0,4176.0,83,https://cavaathleisure.com/products/teal-5-pacer-shorts
2026-09-25,Cava Athleisure,"Teal 5"" Pacer Shorts",34,MSH4217GR34,1044.0,2,0,2088.0,27,https://cavaathleisure.com/products/teal-5-pacer-shorts
2026-09-25,Cava Athleisure,"Teal 5"" Pacer Shorts",36,MSH4217GR36,1044.0,2,0,2088.0,3,https://cavaathleisure.com/products/teal-5-pacer-shorts
2026-09-25,Cava Athleisure,"Teal 5"" Pacer Shorts",38,MSH4217GR38,1044.0,1,0,1044.0,11,https://cavaathleisure.com/products/teal-5-pacer-shorts
2026-09-25,Cava Athleisure,Blush Overlap Tank,XS,WTN041PNXS,879.0,1,0,879.0,0,https://cavaathleisure.com/products/blush-pink-overlap-tank
2026-09-25,Cava Athleisure,Pink Strap Back Sports Bra,XS,WSB1917PNXS,824.0,15,0,12360.0,74,https://cavaathleisure.com/products/pink-strap-back-sports-bra
2026-09-25,Cava Athleisure,Pink Strap Back Sports Bra,L,WSB1917PNL,824.0,11,0,9064.0,91,https://cavaathleisure.com/products/pink-strap-back-sports-bra
2026-09-25,Cava Athleisure,Pink Strap Back Sports Bra,XL,WSB1917PNXL,824.0,3,0,2472.0,133,https://cavaathleisure.com/products/pink-strap-back-sports-bra
2026-09-25,Cava Athleisure,Slate Contour Flared Leggings,XS,WFP3714GYXS,1044.0,1,0,1044.0,23,https://cavaathleisure.com/products/slate-contour-flared-leggings
2026-09-25,Cava Athleisure,Slate Contour Flared Leggings,M,WFP3714GYM,1044.0,3,0,3132.0,1,https://cavaathleisure.com/products/slate-contour-flared-leggings
2026-09-25,Cava Athleisure,Slate Contour Flared Leggings,L,WFP3714GYL,1044.0,6,0,6264.0,8,https://cavaathleisure.com/products/slate-contour-flared-leggings
2026-09-25,Cava Athleisure,Slate Contour Flared Leggings,XL,WFP3714GYXL,1044.0,2,0,2088.0,0,https://cavaathleisure.com/products/slate-contour-flared-leggings
2026-09-25,Cava Athleisure,Slate Contour Flared Leggings,XXL,WFP3714GYXXL,1044.0,0,2,0.0,3,https://cavaathleisure.com/products/slate-contour-flared-leggings
2026-09-25,Cava Athleisure,Black Contour Flared Leggings,S,WFP3714BKS,1044.0,0,3,0.0,3,https://cavaathleisure.com/products/black-contour-flared-leggings
2026-09-25,Cava Athleisure,Black Contour Flared Leggings,M,WFP3714BKM,1044.0,1,0,1044.0,0,https://cavaathleisure.com/products/black-contour-flared-leggings
2026-09-25,Cava Athleisure,Black Contour Flared Leggings,L,WFP3714BKL,1044.0,0,2,0.0,4,https://cavaathleisure.com/products/black-contour-flared-leggings
2026-09-25,Cava Athleisure,Black Contour Flared Leggings,XL,WFP3714BKXL,1044.0,0,3,0.0,4,https://cavaathleisure.com/products/black-contour-flared-leggings
2026-09-25,Cava Athleisure,Black Contour Flared Leggings,XXL,WFP3714BKXXL,1044.0,0,1,0.0,2,https://cavaathleisure.com/products/black-contour-flared-leggings
2026-09-25,Cava Athleisure,Cherry Contour Flared Leggings,S,WFP3714RDS,1044.0,0,2,0.0,2,https://cavaathleisure.com/products/cherry-contour-flared-leggings
2026-09-25,Cava Athleisure,Cherry Contour Flared Leggings,M,WFP3714RDM,1044.0,0,4,0.0,4,https://cavaathleisure.com/products/cherry-contour-flared-leggings
2026-09-25,Cava Athleisure,Cherry Contour Flared Leggings,L,WFP3714RDL,1044.0,0,3,0.0,3,https://cavaathleisure.com/products/cherry-contour-flared-leggings
2026-09-25,Cava Athleisure,Cherry Contour Flared Leggings,XL,WFP3714RDXL,1044.0,0,2,0.0,2,https://cavaathleisure.com/products/cherry-contour-flared-leggings
2026-09-25,Cava Athleisure,Cherry Studio Compression Leggings,S,WLG3714RDS,1429.0,1,0,1429.0,0,https://cavaathleisure.com/products/cherry-studio-compression-leggings
2026-09-25,Cava Athleisure,Slate Studio Compression Leggings,S,WLG3714GYS,1429.0,1,0,1429.0,1,https://cavaathleisure.com/products/slate-studio-compression-leggings
2026-09-25,Cava Athleisure,Blush Hourglass Swirl Skorts,XS,WSK4114PNXS,1209.0,3,0,3627.0,74,https://cavaathleisure.com/products/blush-hourglass-swirl-skorts
2026-09-25,Cava Athleisure,Blush Hourglass Swirl Skorts,M,WSK4114PNM,1209.0,4,0,4836.0,72,https://cavaathleisure.com/products/blush-hourglass-swirl-skorts
2026-09-25,Cava Athleisure,Blush Hourglass Swirl Skorts,L,WSK4114PNL,1209.0,2,0,2418.0,76,https://cavaathleisure.com/products/blush-hourglass-swirl-skorts
2026-09-25,Cava Athleisure,Wine Hourglass Swirl Skorts,S,WSK4114WRDS,1209.0,1,0,1209.0,145,https://cavaathleisure.com/products/wine-hourglass-swirl-skorts
2026-09-25,Cava Athleisure,Wine Hourglass Swirl Skorts,M,WSK4114WRDM,1209.0,4,0,4836.0,23,https://cavaathleisure.com/products/wine-hourglass-swirl-skorts
2026-09-25,Cava Athleisure,Wine Hourglass Swirl Skorts,L,WSK4114WRDL,1209.0,6,0,7254.0,16,https://cavaathleisure.com/products/wine-hourglass-swirl-skorts
2026-09-25,Cava Athleisure,Wine Hourglass Swirl Skorts,XXL,WSK4114WRDXXL,1209.0,2,0,2418.0,13,https://cavaathleisure.com/products/wine-hourglass-swirl-skorts
2026-09-25,Cava Athleisure,Pink Heartline Sports Bra,XS,WSB3914MPNXS,1099.0,2,0,2198.0,36,https://cavaathleisure.com/products/pink-heartline-sports-bra
2026-09-25,Cava Athleisure,Black Hourglass Swirl Skorts,S,WSK4114BKS,1209.0,6,0,7254.0,11,https://cavaathleisure.com/products/black-hourglass-swirl-skorts
2026-09-25,Cava Athleisure,Black Hourglass Swirl Skorts,M,WSK4114BKM,1209.0,11,0,13299.0,49,https://cavaathleisure.com/products/black-hourglass-swirl-skorts
2026-09-25,Cava Athleisure,Black Hourglass Swirl Skorts,L,WSK4114BKL,1209.0,6,0,7254.0,70,https://cavaathleisure.com/products/black-hourglass-swirl-skorts
2026-09-25,Cava Athleisure,Black Hourglass Swirl Skorts,XL,WSK4114BKXL,1209.0,7,0,8463.0,3,https://cavaathleisure.com/products/black-hourglass-swirl-skorts
2026-09-25,Cava Athleisure,Black Hourglass Swirl Skorts,XXL,WSK4114BKXXL,1209.0,4,0,4836.0,31,https://cavaathleisure.com/products/black-hourglass-swirl-skorts
2026-09-25,Cava Athleisure,Blush Heartline Sports Bra,XS,WSB3914PNXS,1099.0,2,0,2198.0,25,https://cavaathleisure.com/products/blush-heartline-sports-bra
2026-09-25,Cava Athleisure,Blush Heartline Sports Bra,S,WSB3914PNS,1099.0,8,0,8792.0,3,https://cavaathleisure.com/products/blush-heartline-sports-bra
2026-09-25,Cava Athleisure,Blush Heartline Sports Bra,XXL,WSB3914PNXXL,1099.0,1,0,1099.0,1,https://cavaathleisure.com/products/blush-heartline-sports-bra
2026-09-25,Cava Athleisure,Black Heartline Sports Bra,XXL,WSB3914BKXXL,1099.0,1,0,1099.0,0,https://cavaathleisure.com/products/black-heartline-sports-bra
2026-09-25,Cava Athleisure,Ivory Hourglass Flared Leggings,XS,WFPACU0145WHXS,1209.0,1,0,1209.0,5,https://cavaathleisure.com/products/ivory-hourglass-flared-leggings
2026-09-25,Cava Athleisure,Ivory Hourglass Flared Leggings,XS,WFPACU0245WHXS,1209.0,1,0,1209.0,0,https://cavaathleisure.com/products/ivory-hourglass-flared-leggings
2026-09-25,Cava Athleisure,Ivory Hourglass Flared Leggings,S,WFPACU0245WHS,1209.0,1,0,1209.0,5,https://cavaathleisure.com/products/ivory-hourglass-flared-leggings
2026-09-25,Cava Athleisure,Ivory Hourglass Flared Leggings,M,WFPACU0145WHM,1209.0,6,0,7254.0,53,https://cavaathleisure.com/products/ivory-hourglass-flared-leggings
2026-09-25,Cava Athleisure,Ivory Hourglass Flared Leggings,M,WFPACU0245WHM,1209.0,3,0,3627.0,44,https://cavaathleisure.com/products/ivory-hourglass-flared-leggings
2026-09-25,Cava Athleisure,Ivory Hourglass Flared Leggings,M,WFPACU0445WHM,1209.0,3,0,3627.0,72,https://cavaathleisure.com/products/ivory-hourglass-flared-leggings
2026-09-25,Cava Athleisure,Ivory Hourglass Flared Leggings,L,WFPACU0145WHL,1209.0,4,0,4836.0,64,https://cavaathleisure.com/products/ivory-hourglass-flared-leggings
2026-09-25,Cava Athleisure,Ivory Hourglass Flared Leggings,L,WFPACU0245WHL,1209.0,1,0,1209.0,114,https://cavaathleisure.com/products/ivory-hourglass-flared-leggings
2026-09-25,Cava Athleisure,Ivory Hourglass Flared Leggings,L,WFPACU0445WHL,1209.0,1,0,1209.0,3,https://cavaathleisure.com/products/ivory-hourglass-flared-leggings
2026-09-25,Cava Athleisure,Ivory Hourglass Flared Leggings,XL,WFPACU0145WHXL,1209.0,0,1,0.0,1,https://cavaathleisure.com/products/ivory-hourglass-flared-leggings
2026-09-25,Cava Athleisure,Ivory Hourglass Flared Leggings,XL,WFPACU0445WHXL,1209.0,0,1,0.0,55,https://cavaathleisure.com/products/ivory-hourglass-flared-leggings
2026-09-25,Cava Athleisure,Ivory Hourglass Flared Leggings,XXL,WFPACU0245WHXXL,1209.0,1,0,1209.0,82,https://cavaathleisure.com/products/ivory-hourglass-flared-leggings
2026-09-25,Cava Athleisure,Ivory Hourglass Flared Leggings,XXL,WFPACU0445WHXXL,1209.0,0,2,0.0,46,https://cavaathleisure.com/products/ivory-hourglass-flared-leggings
2026-09-25,Cava Athleisure,Teal Fluid Racerback Tank,XS,WTNSET510PGRXS,1099.0,1,0,1099.0,41,https://cavaathleisure.com/products/teal-fluid-racerback-tank
2026-09-25,Cava Athleisure,Teal Fluid Racerback Tank,S,WTNSET510PGRS,1099.0,3,0,3297.0,38,https://cavaathleisure.com/products/teal-fluid-racerback-tank
2026-09-25,Cava Athleisure,Teal Fluid Racerback Tank,M,WTNSET510PGRM,1099.0,10,0,10990.0,38,https://cavaathleisure.com/products/teal-fluid-racerback-tank
2026-09-25,Cava Athleisure,Teal Fluid Racerback Tank,L,WTNSET510PGRL,1099.0,2,0,2198.0,35,https://cavaathleisure.com/products/teal-fluid-racerback-tank
2026-09-25,Cava Athleisure,Slate Ozone Sleeveless Tank,XXL,MTN4314GYXXL,934.0,1,0,934.0,11,https://cavaathleisure.com/products/slate-ozone-sleeveless-tank
2026-09-25,Cava Athleisure,Black Ozone Sleeveless Tank,XXL,MTN4314BKXXL,934.0,1,0,934.0,0,https://cavaathleisure.com/products/black-ozone-sleeveless-tank
2026-09-25,Cava Athleisure,Pink Hourglass Booty Shorts,XS,WSH0814PNXS,879.0,2,0,1758.0,79,https://cavaathleisure.com/products/pink-hourglass-booty-shorts
2026-09-25,Cava Athleisure,Pink Hourglass Booty Shorts,S,WSH0814PNS,879.0,5,0,4395.0,94,https://cavaathleisure.com/products/pink-hourglass-booty-shorts
2026-09-25,Cava Athleisure,Pink Hourglass Booty Shorts,M,WSH0814PNM,879.0,7,0,6153.0,80,https://cavaathleisure.com/products/pink-hourglass-booty-shorts
2026-09-25,Cava Athleisure,Pink Hourglass Booty Shorts,L,WSH0814PNL,879.0,1,0,879.0,79,https://cavaathleisure.com/products/pink-hourglass-booty-shorts
2026-09-25,Cava Athleisure,Pink Hourglass Booty Shorts,XL,WSH0814PNXL,879.0,1,0,879.0,65,https://cavaathleisure.com/products/pink-hourglass-booty-shorts
2026-09-25,Cava Athleisure,Pink Hourglass Booty Shorts,XXL,WSH0814PNXXL,879.0,1,0,879.0,27,https://cavaathleisure.com/products/pink-hourglass-booty-shorts
2026-09-25,Cava Athleisure,Plum Seamless Cinched Leggings,S,WLGUD17PUS,934.0,3,0,2802.0,0,https://cavaathleisure.com/products/plum-seamless-cinched-leggings
2026-09-25,Cava Athleisure,Navy Seamless Cinched Leggings,XS,WLGUD17NYXS,934.0,2,0,1868.0,31,https://cavaathleisure.com/products/navy-seamless-cinched-leggings
2026-09-25,Cava Athleisure,Cherry Hourglass Swirl Skorts,XS,WSK4114RDXS,1209.0,3,0,3627.0,152,https://cavaathleisure.com/products/cherry-hourglass-swirl-skorts
2026-09-25,Cava Athleisure,Cherry Hourglass Swirl Skorts,S,WSK4114RDS,1209.0,8,0,9672.0,177,https://cavaathleisure.com/products/cherry-hourglass-swirl-skorts
2026-09-25,Cava Athleisure,Cherry Hourglass Swirl Skorts,M,WSK4114RDM,1209.0,17,0,20553.0,135,https://cavaathleisure.com/products/cherry-hourglass-swirl-skorts
2026-09-25,Cava Athleisure,Cherry Hourglass Swirl Skorts,L,WSK4114RDL,1209.0,6,0,7254.0,23,https://cavaathleisure.com/products/cherry-hourglass-swirl-skorts
2026-09-25,Cava Athleisure,Steel Blue Hourglass Snug Leggings,XS,WLG1045BLXS,934.0,1,0,934.0,1,https://cavaathleisure.com/products/steel-blue-hourglass-snug-leggings
2026-09-25,Cava Athleisure,Steel Blue Hourglass Snug Leggings,S,WLG1045BLS,934.0,7,0,6538.0,28,https://cavaathleisure.com/products/steel-blue-hourglass-snug-leggings
2026-09-25,Cava Athleisure,Steel Blue Hourglass Snug Leggings,M,WLG1045BLM,934.0,15,0,14010.0,14,https://cavaathleisure.com/products/steel-blue-hourglass-snug-leggings
2026-09-25,Cava Athleisure,Steel Blue Hourglass Snug Leggings,L,WLG1045BLL,934.0,6,0,5604.0,37,https://cavaathleisure.com/products/steel-blue-hourglass-snug-leggings
2026-09-25,Cava Athleisure,Steel Blue Hourglass Snug Leggings,XL,WLG1045BLXL,934.0,2,0,1868.0,43,https://cavaathleisure.com/products/steel-blue-hourglass-snug-leggings
2026-09-25,Cava Athleisure,Steel Blue Hourglass Snug Leggings,XXL,WLG1045BLXXL,934.0,1,0,934.0,20,https://cavaathleisure.com/products/steel-blue-hourglass-snug-leggings
2026-09-25,Cava Athleisure,Toasted Swirl Tennis Skorts,XS,WSKSET445BNXS,1099.0,4,0,4396.0,80,https://cavaathleisure.com/products/toasted-swirl-tennis-skorts
2026-09-25,Cava Athleisure,Toasted Swirl Tennis Skorts,S,WSKSET445BNS,1099.0,3,0,3297.0,48,https://cavaathleisure.com/products/toasted-swirl-tennis-skorts
2026-09-25,Cava Athleisure,Toasted Swirl Tennis Skorts,M,WSKSET445BNM,1099.0,10,0,10990.0,32,https://cavaathleisure.com/products/toasted-swirl-tennis-skorts
2026-09-25,Cava Athleisure,Toasted Swirl Tennis Skorts,L,WSKSET445BNL,1099.0,6,0,6594.0,25,https://cavaathleisure.com/products/toasted-swirl-tennis-skorts
2026-09-25,Cava Athleisure,Toasted Swirl Tennis Skorts,XL,WSKSET445BNXL,1099.0,1,0,1099.0,13,https://cavaathleisure.com/products/toasted-swirl-tennis-skorts
2026-09-25,Cava Athleisure,Toasted Swirl Tennis Skorts,XXL,WSKSET445BNXXL,1099.0,1,0,1099.0,29,https://cavaathleisure.com/products/toasted-swirl-tennis-skorts
2026-09-25,Cava Athleisure,Wine Hourglass Snug Leggings,XS,WLG1045WRDXS,934.0,1,0,934.0,41,https://cavaathleisure.com/products/wine-hourglass-snug-leggings
2026-09-25,Cava Athleisure,Wine Hourglass Snug Leggings,S,WLG1045WRDS,934.0,8,0,7472.0,107,https://cavaathleisure.com/products/wine-hourglass-snug-leggings
2026-09-25,Cava Athleisure,Wine Hourglass Snug Leggings,M,WLG1045WRDM,934.0,15,0,14010.0,63,https://cavaathleisure.com/products/wine-hourglass-snug-leggings
2026-09-25,Cava Athleisure,Wine Hourglass Snug Leggings,L,WLG1045WRDL,934.0,13,0,12142.0,59,https://cavaathleisure.com/products/wine-hourglass-snug-leggings
2026-09-25,Cava Athleisure,Wine Hourglass Snug Leggings,XL,WLG1045WRDXL,934.0,7,0,6538.0,25,https://cavaathleisure.com/products/wine-hourglass-snug-leggings
2026-09-25,Cava Athleisure,Wine Hourglass Snug Leggings,XXL,WLG1045WRDXXL,934.0,1,0,934.0,43,https://cavaathleisure.com/products/wine-hourglass-snug-leggings
2026-09-25,Cava Athleisure,Cherry Sculptor Jacket,XS,WJKSET510RDXS,1264.0,11,0,13904.0,32,https://cavaathleisure.com/products/cherry-sculptor-jacket
2026-09-25,Cava Athleisure,Cherry Sculptor Jacket,S,WJKSET510RDS,1264.0,39,0,49296.0,112,https://cavaathleisure.com/products/cherry-sculptor-jacket
2026-09-25,Cava Athleisure,Cherry Sculptor Jacket,M,WJKSET510RDM,1264.0,43,0,54352.0,199,https://cavaathleisure.com/products/cherry-sculptor-jacket
2026-09-25,Cava Athleisure,Cherry Sculptor Jacket,L,WJKSET510RDL,1264.0,31,0,39184.0,231,https://cavaathleisure.com/products/cherry-sculptor-jacket
2026-09-25,Cava Athleisure,Cherry Sculptor Jacket,XL,WJKSET510RDXL,1264.0,15,0,18960.0,59,https://cavaathleisure.com/products/cherry-sculptor-jacket
2026-09-25,Cava Athleisure,Cherry Sculptor Jacket,XXL,WJKSET510RDXXL,1264.0,4,0,5056.0,100,https://cavaathleisure.com/products/cherry-sculptor-jacket
2026-09-25,Cava Athleisure,Ivory Ultra Support Sports Bra,XS,WSB0114WHXS,1044.0,5,0,5220.0,141,https://cavaathleisure.com/products/ivory-ultra-support-sports-bra
2026-09-25,Cava Athleisure,Ivory Ultra Support Sports Bra,S,WSB0114WHS,1044.0,17,0,17748.0,200,https://cavaathleisure.com/products/ivory-ultra-support-sports-bra
2026-09-25,Cava Athleisure,Ivory Ultra Support Sports Bra,M,WSB0114WHM,1044.0,18,0,18792.0,157,https://cavaathleisure.com/products/ivory-ultra-support-sports-bra
2026-09-25,Cava Athleisure,Ivory Ultra Support Sports Bra,L,WSB0114WHL,1044.0,6,0,6264.0,103,https://cavaathleisure.com/products/ivory-ultra-support-sports-bra
2026-09-25,Cava Athleisure,Ivory Ultra Support Sports Bra,XL,WSB0114WHXL,1044.0,1,0,1044.0,0,https://cavaathleisure.com/products/ivory-ultra-support-sports-bra
2026-09-25,Cava Athleisure,Ivory Ultra Support Sports Bra,XXL,WSB0114WHXXL,1044.0,2,0,2088.0,6,https://cavaathleisure.com/products/ivory-ultra-support-sports-bra
2026-09-25,Cava Athleisure,Petrol Blue Adaptive Quarter Zip,M,WHD4445NYM,1429.0,1,0,1429.0,0,https://cavaathleisure.com/products/petrol-blue-adaptive-quarter-zip
2026-09-25,Cava Athleisure,Shadow Cotton Leisure Shorts,S,MSH1616BKS,899.0,0,1,0.0,45,https://cavaathleisure.com/products/shadow-cotton-leisure-shorts
2026-09-25,Cava Athleisure,Shadow Cotton Leisure Shorts,XXL,MSH1616BKXXL,899.0,1,0,899.0,7,https://cavaathleisure.com/products/shadow-cotton-leisure-shorts
2026-09-25,Cava Athleisure,Shadow Everywear Leisure Tee,S,MTS1614BKS,799.0,1,0,799.0,15,https://cavaathleisure.com/products/shadow-everywear-leisure-tee
2026-09-25,Cava Athleisure,Shadow Everywear Leisure Tee,M,MTS1614BKM,799.0,3,0,2397.0,32,https://cavaathleisure.com/products/shadow-everywear-leisure-tee
2026-09-25,Cava Athleisure,Shadow Everywear Leisure Tee,L,MTS1614BKL,799.0,2,0,1598.0,84,https://cavaathleisure.com/products/shadow-everywear-leisure-tee
2026-09-25,Cava Athleisure,Shadow Everywear Leisure Tee,XL,MTS1614BKXL,799.0,1,0,799.0,7,https://cavaathleisure.com/products/shadow-everywear-leisure-tee
2026-09-25,Cava Athleisure,Blue Everywear Leisure Tee,L,MTS1614NYL,799.0,1,0,799.0,17,https://cavaathleisure.com/products/blue-everywear-leisure-tee
2026-09-25,Cava Athleisure,Blue Everywear Leisure Tee,XL,MTS1614NYXL,799.0,1,0,799.0,12,https://cavaathleisure.com/products/blue-everywear-leisure-tee
2026-09-25,Cava Athleisure,Brown Everywear Leisure Tee,S,MTS1614BNS,799.0,0,1,0.0,71,https://cavaathleisure.com/products/brown-everywear-leisure-tee
2026-09-25,Cava Athleisure,Brown Everywear Leisure Tee,M,MTS1614BNM,799.0,1,0,799.0,126,https://cavaathleisure.com/products/brown-everywear-leisure-tee
2026-09-25,Cava Athleisure,Brown Everywear Leisure Tee,XXL,MTS1614BNXXL,799.0,1,0,799.0,24,https://cavaathleisure.com/products/brown-everywear-leisure-tee
2026-09-25,Cava Athleisure,Dusty Pink Everywear Leisure Tee,S,MTS1614BGS,799.0,1,0,799.0,18,https://cavaathleisure.com/products/dusty-pink-everywear-leisure-tee
2026-09-25,Cava Athleisure,Dusty Pink Everywear Leisure Tee,M,MTS1614BGM,799.0,3,0,2397.0,50,https://cavaathleisure.com/products/dusty-pink-everywear-leisure-tee
2026-09-25,Cava Athleisure,Dusty Pink Everywear Leisure Tee,L,MTS1614BGL,799.0,1,0,799.0,52,https://cavaathleisure.com/products/dusty-pink-everywear-leisure-tee
2026-09-25,Cava Athleisure,Dusty Pink Everywear Leisure Tee,XL,MTS1614BGXL,799.0,1,0,799.0,25,https://cavaathleisure.com/products/dusty-pink-everywear-leisure-tee
2026-09-25,Cava Athleisure,Blue Everywear Sweatshirt,XL,MHD1615NYXL,1099.0,2,0,2198.0,11,https://cavaathleisure.com/products/blue-everywear-sweatshirt
2026-09-25,Cava Athleisure,Brown Everywear Sweatshirt,XL,MHD1615BNXL,1099.0,1,0,1099.0,8,https://cavaathleisure.com/products/brown-everywear-sweatshirt
2026-09-25,Cava Athleisure,Dusty Pink Everywear Sweatshirt,S,MHD1615BGS,1099.0,3,0,3297.0,89,https://cavaathleisure.com/products/dusty-pink-everywear-sweatshirt
2026-09-25,Cava Athleisure,Dusty Pink Everywear Sweatshirt,M,MHD1615BGM,1099.0,1,0,1099.0,57,https://cavaathleisure.com/products/dusty-pink-everywear-sweatshirt
2026-09-25,Cava Athleisure,Dusty Pink Everywear Sweatshirt,XL,MHD1615BGXL,1099.0,1,0,1099.0,45,https://cavaathleisure.com/products/dusty-pink-everywear-sweatshirt
2026-09-25,Cava Athleisure,Blue Wide Leg Joggers,L,MJR1617NYL,1399.0,3,0,4197.0,10,https://cavaathleisure.com/products/blue-wide-leg-joggers
2026-09-25,Cava Athleisure,Blue Cotton Leisure Shorts,L,MSH1616NYL,899.0,1,0,899.0,68,https://cavaathleisure.com/products/blue-cotton-leisure-shorts
2026-09-25,Cava Athleisure,Blue Cotton Leisure Shorts,XXL,MSH1616NYXXL,899.0,2,0,1798.0,11,https://cavaathleisure.com/products/blue-cotton-leisure-shorts
2026-09-25,Cava Athleisure,Dusty Pink Cotton Leisure Shorts,XL,MSH1616BGXL,899.0,1,0,899.0,24,https://cavaathleisure.com/products/dusty-pink-cotton-leisure-shorts
2026-09-25,Cava Athleisure,Pine Rib-knit Trousers,XL,WJR3714GRXL,1429.0,1,0,1429.0,6,https://cavaathleisure.com/products/pine-rib-knit-trousers
2026-09-25,Cava Athleisure,Yellow Rib-knit Trousers,M,WJR3714YLM,1429.0,1,0,1429.0,5,https://cavaathleisure.com/products/yellow-rib-knit-trousers
2026-09-25,Cava Athleisure,Yellow Club Cardigan,M,WJK3614YLM,1374.0,1,0,1374.0,37,https://cavaathleisure.com/products/yellow-club-cardigan
2026-09-25,Cava Athleisure,Butter Yellow Ultra Support Sports Bra,XS,WSB14CS01YLXS,1044.0,2,0,2088.0,29,https://cavaathleisure.com/products/butter-yellow-ultra-support-sports-bra
2026-09-25,Cava Athleisure,Butter Yellow Ultra Support Sports Bra,S,WSB14CS01YLS,1044.0,6,0,6264.0,0,https://cavaathleisure.com/products/butter-yellow-ultra-support-sports-bra
2026-09-25,Cava Athleisure,Butter Yellow Ultra Support Sports Bra,M,WSB14CS01YLM,1044.0,41,0,42804.0,30,https://cavaathleisure.com/products/butter-yellow-ultra-support-sports-bra
2026-09-25,Cava Athleisure,Butter Yellow Ultra Support Sports Bra,L,WSB14CS01YLL,1044.0,13,0,13572.0,177,https://cavaathleisure.com/products/butter-yellow-ultra-support-sports-bra
2026-09-25,Cava Athleisure,Butter Yellow Ultra Support Sports Bra,XL,WSB14CS01YLXL,1044.0,7,0,7308.0,63,https://cavaathleisure.com/products/butter-yellow-ultra-support-sports-bra
2026-09-25,Cava Athleisure,Yellow Cotton Baby Tee,XL,WTS1631YLXL,714.0,0,1,0.0,1,https://cavaathleisure.com/products/yellow-cotton-baby-tee
2026-09-25,Cava Athleisure,Electric Overlap Tees - Pack of 2,XS,WTP1SET2NYGRXS,2199.0,0,38,0.0,38,https://cavaathleisure.com/products/electric-overlap-tees-pack-of-2
2026-09-25,Cava Athleisure,Electric Overlap Tees - Pack of 2,S,WTP1SET2NYGRS,2199.0,0,10,0.0,10,https://cavaathleisure.com/products/electric-overlap-tees-pack-of-2
2026-09-25,Cava Athleisure,Burgundy Sculpt Core Top,XS,WTP901RDXS,799.0,0,141,0.0,141,https://cavaathleisure.com/products/burgundy-sculpt-core-top
2026-09-25,Cava Athleisure,Burgundy Sculpt Core Top,S,WTP901RDS,799.0,0,268,0.0,268,https://cavaathleisure.com/products/burgundy-sculpt-core-top
2026-09-25,Cava Athleisure,Burgundy Sculpt Core Top,M,WTP901RDM,799.0,0,24,0.0,24,https://cavaathleisure.com/products/burgundy-sculpt-core-top
2026-09-25,Cava Athleisure,Burgundy Sculpt Core Top,L,WTP901RDL,799.0,0,99,0.0,99,https://cavaathleisure.com/products/burgundy-sculpt-core-top
2026-09-25,Cava Athleisure,Burgundy Sculpt Core Top,XL,WTP901RDXL,799.0,0,118,0.0,118,https://cavaathleisure.com/products/burgundy-sculpt-core-top
2026-09-25,Cava Athleisure,Ice Blue Sculpt Core Top,XS,WTP901BLXS,799.0,0,97,0.0,97,https://cavaathleisure.com/products/ice-blue-sculpt-core-top
2026-09-25,Cava Athleisure,Ice Blue Sculpt Core Top,S,WTP901BLS,799.0,0,229,0.0,229,https://cavaathleisure.com/products/ice-blue-sculpt-core-top
2026-09-25,Cava Athleisure,Ice Blue Sculpt Core Top,M,WTP901BLM,799.0,0,111,0.0,111,https://cavaathleisure.com/products/ice-blue-sculpt-core-top
2026-09-25,Cava Athleisure,Ice Blue Sculpt Core Top,L,WTP901BLL,799.0,0,157,0.0,157,https://cavaathleisure.com/products/ice-blue-sculpt-core-top
2026-09-25,Cava Athleisure,Ice Blue Sculpt Core Top,XL,WTP901BLXL,799.0,0,54,0.0,54,https://cavaathleisure.com/products/ice-blue-sculpt-core-top
2026-09-25,Cava Athleisure,Ice Blue Sculpt Core Top,XXL,WTP901BLXXL,799.0,0,33,0.0,33,https://cavaathleisure.com/products/ice-blue-sculpt-core-top
2026-09-25,Cava Athleisure,White Sculpt Core Top,XS,WTP901WHXS,799.0,3,0,2397.0,8,https://cavaathleisure.com/products/white-sculpt-core-top
2026-09-25,Cava Athleisure,White Sculpt Core Top,S,WTP901WHS,799.0,8,0,6392.0,105,https://cavaathleisure.com/products/white-sculpt-core-top
2026-09-25,Cava Athleisure,White Sculpt Core Top,M,WTP901WHM,799.0,15,0,11985.0,102,https://cavaathleisure.com/products/white-sculpt-core-top
2026-09-25,Cava Athleisure,Black Sculpt Crew Top,XS,WTP902BKXS,899.0,1,0,899.0,1,https://cavaathleisure.com/products/black-sculpt-crew-top
2026-09-25,Cava Athleisure,Black Sculpt Crew Top,M,WTP902BKM,899.0,4,0,3596.0,76,https://cavaathleisure.com/products/black-sculpt-crew-top
2026-09-25,Cava Athleisure,Black Sculpt Crew Top,L,WTP902BKL,899.0,0,1,0.0,1,https://cavaathleisure.com/products/black-sculpt-crew-top
2026-09-25,Cava Athleisure,Brown Sculpt V-Neck Top,S,WTP904BNS,879.0,0,29,0.0,30,https://cavaathleisure.com/products/brown-sculpt-v-neck-top
2026-09-25,Cava Athleisure,Brown Sculpt V-Neck Top,M,WTP904BNM,879.0,5,0,4395.0,80,https://cavaathleisure.com/products/brown-sculpt-v-neck-top
2026-09-25,Cava Athleisure,Brown Sculpt V-Neck Top,L,WTP904BNL,879.0,0,78,0.0,79,https://cavaathleisure.com/products/brown-sculpt-v-neck-top
2026-09-25,Cava Athleisure,Burgundy Sculpt Crew Top,XS,WTP902RDXS,899.0,0,70,0.0,70,https://cavaathleisure.com/products/burgundy-sculpt-crew-top
2026-09-25,Cava Athleisure,Burgundy Sculpt Crew Top,S,WTP902RDS,899.0,0,208,0.0,297,https://cavaathleisure.com/products/burgundy-sculpt-crew-top
2026-09-25,Cava Athleisure,Burgundy Sculpt Crew Top,M,WTP902RDM,899.0,0,19,0.0,104,https://cavaathleisure.com/products/burgundy-sculpt-crew-top
2026-09-25,Cava Athleisure,Burgundy Sculpt Crew Top,L,WTP902RDL,899.0,0,29,0.0,30,https://cavaathleisure.com/products/burgundy-sculpt-crew-top
2026-09-25,Cava Athleisure,Burgundy Sculpt Crew Top,XL,WTP902RDXL,899.0,0,117,0.0,117,https://cavaathleisure.com/products/burgundy-sculpt-crew-top
2026-09-25,Cava Athleisure,Burgundy Sculpt Crew Top,XXL,WTP902RDXXL,899.0,1,0,899.0,1,https://cavaathleisure.com/products/burgundy-sculpt-crew-top
2026-09-25,Cava Athleisure,Ice Blue Sculpt Crew Top,S,WTP902BLS,899.0,5,0,4495.0,80,https://cavaathleisure.com/products/ice-blue-sculpt-crew-top
2026-09-25,Cava Athleisure,Ice Blue Sculpt Crew Top,M,WTP902BLM,899.0,0,78,0.0,155,https://cavaathleisure.com/products/ice-blue-sculpt-crew-top
2026-09-25,Cava Athleisure,White Sculpt Crew Top,XS,WTP902WHXS,899.0,3,0,2697.0,30,https://cavaathleisure.com/products/white-sculpt-crew-top
2026-09-25,Cava Athleisure,White Sculpt Crew Top,S,WTP902WHS,899.0,2,0,1798.0,117,https://cavaathleisure.com/products/white-sculpt-crew-top
2026-09-25,Cava Athleisure,White Sculpt Crew Top,M,WTP902WHM,899.0,2,0,1798.0,0,https://cavaathleisure.com/products/white-sculpt-crew-top
2026-09-25,Cava Athleisure,White Sculpt Crew Top,L,WTP902WHL,899.0,0,1,0.0,1,https://cavaathleisure.com/products/white-sculpt-crew-top
2026-09-25,Cava Athleisure,White Sculpt Crew Top,XL,WTP902WHXL,899.0,1,0,899.0,28,https://cavaathleisure.com/products/white-sculpt-crew-top
2026-09-25,Cava Athleisure,Hot Pink Sculpt Crew Top,XS,WTP902PNXS,899.0,2,0,1798.0,2,https://cavaathleisure.com/products/hot-pink-sculpt-crew-top
2026-09-25,Cava Athleisure,Hot Pink Sculpt Crew Top,S,WTP902PNS,899.0,0,2,0.0,68,https://cavaathleisure.com/products/hot-pink-sculpt-crew-top
2026-09-25,Cava Athleisure,Hot Pink Sculpt Crew Top,M,WTP902PNM,899.0,2,0,1798.0,11,https://cavaathleisure.com/products/hot-pink-sculpt-crew-top
2026-09-25,Cava Athleisure,Hot Pink Sculpt Crew Top,XL,WTP902PNXL,899.0,4,0,3596.0,0,https://cavaathleisure.com/products/hot-pink-sculpt-crew-top
2026-09-25,Cava Athleisure,Black Sculpt Scoop Top,S,WTP903BKS,899.0,2,0,1798.0,26,https://cavaathleisure.com/products/black-sculpt-scoop-top
2026-09-25,Cava Athleisure,Black Sculpt Core Leggings,XS,WLG902BKXS,1199.0,0,1,0.0,172,https://cavaathleisure.com/products/black-sculpt-core-leggings
2026-09-25,Cava Athleisure,Black Sculpt Core Leggings,S,WLG902BKS,1199.0,2,0,2398.0,313,https://cavaathleisure.com/products/black-sculpt-core-leggings
2026-09-25,Cava Athleisure,Black Sculpt Core Leggings,M,WLG902BKM,1199.0,9,0,10791.0,183,https://cavaathleisure.com/products/black-sculpt-core-leggings
2026-09-25,Cava Athleisure,Black Sculpt Core Leggings,L,WLG902BKL,1199.0,12,0,14388.0,152,https://cavaathleisure.com/products/black-sculpt-core-leggings
2026-09-25,Cava Athleisure,Black Sculpt Core Leggings,XL,WLG902BKXL,1199.0,5,0,5995.0,280,https://cavaathleisure.com/products/black-sculpt-core-leggings
2026-09-25,Cava Athleisure,Black Sculpt Core Leggings,XXL,WLG902BKXXL,1199.0,0,1,0.0,79,https://cavaathleisure.com/products/black-sculpt-core-leggings
2026-09-25,Cava Athleisure,Brown Sculpt Core Leggings,M,WLG902BNM,1199.0,4,0,4796.0,134,https://cavaathleisure.com/products/brown-sculpt-core-leggings
2026-09-25,Cava Athleisure,Brown Sculpt Core Leggings,L,WLG902BNL,1199.0,3,0,3597.0,51,https://cavaathleisure.com/products/brown-sculpt-core-leggings
2026-09-25,Cava Athleisure,Ice Blue Sculpt Core Leggings,XS,WLG902BLXS,1199.0,1,0,1199.0,2,https://cavaathleisure.com/products/ice-blue-sculpt-core-leggings
2026-09-25,Cava Athleisure,Ice Blue Sculpt Core Leggings,S,WLG902BLS,1199.0,2,0,2398.0,137,https://cavaathleisure.com/products/ice-blue-sculpt-core-leggings
2026-09-25,Cava Athleisure,Ice Blue Sculpt Core Leggings,L,WLG902BLL,1199.0,1,0,1199.0,35,https://cavaathleisure.com/products/ice-blue-sculpt-core-leggings
2026-09-25,Cava Athleisure,Burgundy Sculpt Core Leggings,XS,WLG902RDXS,1199.0,1,0,1199.0,32,https://cavaathleisure.com/products/burgundy-sculpt-core-leggings
2026-09-25,Cava Athleisure,Burgundy Sculpt Core Leggings,L,WLG902RDL,1199.0,1,0,1199.0,33,https://cavaathleisure.com/products/burgundy-sculpt-core-leggings
2026-09-25,Cava Athleisure,Burgundy Sculpt Core Leggings,XL,WLG902RDXL,1199.0,0,1,0.0,18,https://cavaathleisure.com/products/burgundy-sculpt-core-leggings
2026-09-25,Cava Athleisure,Hot Pink Sculpt Core Leggings,M,WLG902PNM,1199.0,0,1,0.0,86,https://cavaathleisure.com/products/hot-pink-sculpt-core-leggings
2026-09-25,Cava Athleisure,Hot Pink Sculpt Core Leggings,L,WLG902PNL,1199.0,2,0,2398.0,59,https://cavaathleisure.com/products/hot-pink-sculpt-core-leggings
2026-09-25,Cava Athleisure,Hot Pink Sculpt Core Leggings,XXL,WLG902PNXXL,1199.0,1,0,1199.0,33,https://cavaathleisure.com/products/hot-pink-sculpt-core-leggings
2026-09-25,Cava Athleisure,Storm Blue Sculpt Core Leggings,M,WLG902SBLM,1199.0,0,1,0.0,38,https://cavaathleisure.com/products/storm-blue-sculpt-core-leggings
2026-09-25,Cava Athleisure,Storm Blue Sculpt Core Leggings,XXL,WLG902SBLXXL,1199.0,3,0,3597.0,11,https://cavaathleisure.com/products/storm-blue-sculpt-core-leggings
2026-09-25,Cava Athleisure,Black Sculpt Bootcut Leggings,XS,WFP901BKXS,1299.0,0,1,0.0,5,https://cavaathleisure.com/products/black-sculpt-bootcut-leggings
2026-09-25,Cava Athleisure,Black Sculpt Bootcut Leggings,S,WFP901BKS,1299.0,0,67,0.0,308,https://cavaathleisure.com/products/black-sculpt-bootcut-leggings
2026-09-25,Cava Athleisure,Black Sculpt Bootcut Leggings,S,WFP01T9BKS,1299.0,2,0,2598.0,256,https://cavaathleisure.com/products/black-sculpt-bootcut-leggings
2026-09-25,Cava Athleisure,Black Sculpt Bootcut Leggings,M,WFP901BKM,1299.0,5,0,6495.0,166,https://cavaathleisure.com/products/black-sculpt-bootcut-leggings
2026-09-25,Cava Athleisure,Black Sculpt Bootcut Leggings,M,WFP01T9BKM,1299.0,1,0,1299.0,98,https://cavaathleisure.com/products/black-sculpt-bootcut-leggings
2026-09-25,Cava Athleisure,Black Sculpt Bootcut Leggings,L,WFP901BKL,1299.0,3,0,3897.0,103,https://cavaathleisure.com/products/black-sculpt-bootcut-leggings
2026-09-25,Cava Athleisure,Black Sculpt Bootcut Leggings,L,WFP01T9BKL,1299.0,4,0,5196.0,310,https://cavaathleisure.com/products/black-sculpt-bootcut-leggings
2026-09-25,Cava Athleisure,Black Sculpt Bootcut Leggings,XL,WFP01T9BKXL,1299.0,2,0,2598.0,332,https://cavaathleisure.com/products/black-sculpt-bootcut-leggings
2026-09-25,Cava Athleisure,Black Sculpt Bootcut Leggings,XXL,WFP01T9BKXXL,1299.0,1,0,1299.0,4,https://cavaathleisure.com/products/black-sculpt-bootcut-leggings
2026-09-25,Cava Athleisure,Brown Sculpt Bootcut Leggings,XS,WFP901BNXS,1299.0,0,57,0.0,59,https://cavaathleisure.com/products/brown-sculpt-bootcut-leggings
2026-09-25,Cava Athleisure,Brown Sculpt Bootcut Leggings,XS,WFP01T9BNXS,1299.0,2,0,2598.0,60,https://cavaathleisure.com/products/brown-sculpt-bootcut-leggings
2026-09-25,Cava Athleisure,Brown Sculpt Bootcut Leggings,S,WFP901BNS,1299.0,4,0,5196.0,0,https://cavaathleisure.com/products/brown-sculpt-bootcut-leggings
2026-09-25,Cava Athleisure,Brown Sculpt Bootcut Leggings,S,WFP01T9BNS,1299.0,3,0,3897.0,71,https://cavaathleisure.com/products/brown-sculpt-bootcut-leggings
2026-09-25,Cava Athleisure,Brown Sculpt Bootcut Leggings,M,WFP901BNM,1299.0,0,120,0.0,120,https://cavaathleisure.com/products/brown-sculpt-bootcut-leggings
2026-09-25,Cava Athleisure,Brown Sculpt Bootcut Leggings,M,WFP01T9BNM,1299.0,0,2,0.0,2,https://cavaathleisure.com/products/brown-sculpt-bootcut-leggings
2026-09-25,Cava Athleisure,Brown Sculpt Bootcut Leggings,L,WFP901BNL,1299.0,0,50,0.0,50,https://cavaathleisure.com/products/brown-sculpt-bootcut-leggings
2026-09-25,Cava Athleisure,Brown Sculpt Bootcut Leggings,L,WFP01T9BNL,1299.0,1,0,1299.0,24,https://cavaathleisure.com/products/brown-sculpt-bootcut-leggings
2026-09-25,Cava Athleisure,Brown Sculpt Bootcut Leggings,XL,WFP901BNXL,1299.0,0,55,0.0,55,https://cavaathleisure.com/products/brown-sculpt-bootcut-leggings
2026-09-25,Cava Athleisure,Brown Sculpt Bootcut Leggings,XL,WFP01T9BNXL,1299.0,1,0,1299.0,52,https://cavaathleisure.com/products/brown-sculpt-bootcut-leggings
2026-09-25,Cava Athleisure,Brown Sculpt Bootcut Leggings,XXL,WFP01T9BNXXL,1299.0,0,1,0.0,47,https://cavaathleisure.com/products/brown-sculpt-bootcut-leggings
2026-09-25,Cava Athleisure,Ice Blue Petite Sculpt Bootcut Leggings,S,WFP901BLS,1299.0,1,0,1299.0,56,https://cavaathleisure.com/products/ice-blue-sculpt-bootcut-leggings
2026-09-25,Cava Athleisure,Ice Blue Petite Sculpt Bootcut Leggings,M,WFP901BLM,1299.0,2,0,2598.0,47,https://cavaathleisure.com/products/ice-blue-sculpt-bootcut-leggings
2026-09-25,Cava Athleisure,Hot Pink Sculpt Bootcut Leggings,S,WFP901PNS,1299.0,1,0,1299.0,196,https://cavaathleisure.com/products/hot-pink-sculpt-bootcut-leggings
2026-09-25,Cava Athleisure,Hot Pink Sculpt Bootcut Leggings,M,WFP901PNM,1299.0,1,0,1299.0,152,https://cavaathleisure.com/products/hot-pink-sculpt-bootcut-leggings
2026-09-25,Cava Athleisure,Hot Pink Sculpt Bootcut Leggings,M,WFP01T9PNM,1299.0,0,1,0.0,228,https://cavaathleisure.com/products/hot-pink-sculpt-bootcut-leggings
2026-09-25,Cava Athleisure,Hot Pink Sculpt Bootcut Leggings,L,WFP01T9PNL,1299.0,4,0,5196.0,136,https://cavaathleisure.com/products/hot-pink-sculpt-bootcut-leggings
2026-09-25,Cava Athleisure,Hot Pink Sculpt Bootcut Leggings,XXL,WFP901PNXXL,1299.0,0,1,0.0,16,https://cavaathleisure.com/products/hot-pink-sculpt-bootcut-leggings
2026-09-25,Cava Athleisure,Hot Pink Sculpt Bootcut Leggings,XXL,WFP01T9PNXXL,1299.0,1,0,1299.0,36,https://cavaathleisure.com/products/hot-pink-sculpt-bootcut-leggings
2026-09-25,Cava Athleisure,Burgundy Petite Sculpt Bootcut Leggings,XS,WFP901RDXS,1299.0,2,0,2598.0,6,https://cavaathleisure.com/products/burgundy-sculpt-bootcut-leggings
2026-09-25,Cava Athleisure,Burgundy Petite Sculpt Bootcut Leggings,S,WFP901RDS,1299.0,1,0,1299.0,52,https://cavaathleisure.com/products/burgundy-sculpt-bootcut-leggings
2026-09-25,Cava Athleisure,Burgundy Petite Sculpt Bootcut Leggings,M,WFP901RDM,1299.0,2,0,2598.0,114,https://cavaathleisure.com/products/burgundy-sculpt-bootcut-leggings
2026-09-25,Cava Athleisure,Burgundy Petite Sculpt Bootcut Leggings,L,WFP901RDL,1299.0,1,0,1299.0,71,https://cavaathleisure.com/products/burgundy-sculpt-bootcut-leggings
2026-09-25,Cava Athleisure,Storm Blue Sculpt Bootcut Leggings,S,WFP901SBLS,1299.0,1,0,1299.0,1,https://cavaathleisure.com/products/storm-blue-sculpt-bootcut-leggings
2026-09-25,Cava Athleisure,Storm Blue Sculpt Bootcut Leggings,S,WFP01T9SBLS,1299.0,1,0,1299.0,183,https://cavaathleisure.com/products/storm-blue-sculpt-bootcut-leggings
2026-09-25,Cava Athleisure,Storm Blue Sculpt Bootcut Leggings,M,WFP01T9SBLM,1299.0,3,0,3897.0,6,https://cavaathleisure.com/products/storm-blue-sculpt-bootcut-leggings
2026-09-25,Cava Athleisure,Storm Blue Sculpt Bootcut Leggings,XL,WFP01T9SBLXL,1299.0,1,0,1299.0,8,https://cavaathleisure.com/products/storm-blue-sculpt-bootcut-leggings
2026-09-25,Cava Athleisure,Black Sculpt V-Neck Top,XS,WTP904BKXS,899.0,4,0,3596.0,6,https://cavaathleisure.com/products/black-sculpt-v-neck-top
2026-09-25,Cava Athleisure,Black Sculpt V-Neck Top,M,WTP904BKM,899.0,4,0,3596.0,75,https://cavaathleisure.com/products/black-sculpt-v-neck-top
2026-09-25,Cava Athleisure,White Sculpt V-Neck Top,S,WTP904WHS,899.0,1,0,899.0,0,https://cavaathleisure.com/products/white-sculpt-v-neck-top
2026-09-25,Cava Athleisure,White Sculpt V-Neck Top,M,WTP904WHM,899.0,0,2,0.0,25,https://cavaathleisure.com/products/white-sculpt-v-neck-top
2026-09-25,Cava Athleisure,White Sculpt V-Neck Top,L,WTP904WHL,899.0,0,3,0.0,3,https://cavaathleisure.com/products/white-sculpt-v-neck-top
2026-09-25,Cava Athleisure,Burgundy Sculpt V-Neck Top,S,WTP904RDS,899.0,0,1,0.0,1,https://cavaathleisure.com/products/burgundy-sculpt-v-neck-top
2026-09-25,Cava Athleisure,Burgundy Sculpt V-Neck Top,M,WTP904RDM,899.0,1,0,899.0,3,https://cavaathleisure.com/products/burgundy-sculpt-v-neck-top
2026-09-25,Cava Athleisure,Burgundy Sculpt V-Neck Top,XL,WTP904RDXL,899.0,0,1,0.0,1,https://cavaathleisure.com/products/burgundy-sculpt-v-neck-top
2026-09-25,Cava Athleisure,Burgundy Sculpt V-Neck Top,XXL,WTP904RDXXL,899.0,4,0,3596.0,3,https://cavaathleisure.com/products/burgundy-sculpt-v-neck-top
2026-09-25,Cava Athleisure,White Sculpt Scoop Top,S,WTP903WHS,899.0,2,0,1798.0,18,https://cavaathleisure.com/products/white-sculpt-scoop-top
2026-09-25,Cava Athleisure,Ice Blue Sculpt Booty Shorts,S,WSH904BLS,999.0,3,0,2997.0,72,https://cavaathleisure.com/products/ice-blue-sculpt-booty-shorts
2026-09-25,Cava Athleisure,Ice Blue Sculpt Booty Shorts,M,WSH904BLM,999.0,1,0,999.0,20,https://cavaathleisure.com/products/ice-blue-sculpt-booty-shorts
2026-09-25,Cava Athleisure,Ice Blue Sculpt Booty Shorts,XL,WSH904BLXL,999.0,1,0,999.0,0,https://cavaathleisure.com/products/ice-blue-sculpt-booty-shorts
2026-09-25,Cava Athleisure,Black Sculpt Capri,S,WLG903BKS,999.0,2,0,1998.0,4,https://cavaathleisure.com/products/black-sculpt-capri
2026-09-25,Cava Athleisure,Hot Pink Sculpt Booty Shorts,XS,WSH904PNXS,999.0,2,0,1998.0,36,https://cavaathleisure.com/products/hot-pink-sculpt-booty-shorts
2026-09-25,Cava Athleisure,Hot Pink Sculpt Booty Shorts,S,WSH904PNS,999.0,0,1,0.0,52,https://cavaathleisure.com/products/hot-pink-sculpt-booty-shorts
2026-09-25,Cava Athleisure,Hot Pink Sculpt Booty Shorts,M,WSH904PNM,999.0,2,0,1998.0,27,https://cavaathleisure.com/products/hot-pink-sculpt-booty-shorts
2026-09-25,Cava Athleisure,Hot Pink Sculpt Booty Shorts,L,WSH904PNL,999.0,0,1,0.0,2,https://cavaathleisure.com/products/hot-pink-sculpt-booty-shorts
2026-09-25,Cava Athleisure,Burgundy Sculpt Capri,XS,WLG903RDXS,999.0,0,1,0.0,9,https://cavaathleisure.com/products/burgundy-sculpt-capri
2026-09-25,Cava Athleisure,Burgundy Sculpt Capri,S,WLG903RDS,999.0,1,0,999.0,38,https://cavaathleisure.com/products/burgundy-sculpt-capri
2026-09-25,Cava Athleisure,Black Sculpt Booty Shorts,XS,WSH904BKXS,999.0,1,0,999.0,0,https://cavaathleisure.com/products/black-sculpt-booty-shorts
2026-09-25,Cava Athleisure,Black Sculpt Booty Shorts,S,WSH904BKS,999.0,4,0,3996.0,101,https://cavaathleisure.com/products/black-sculpt-booty-shorts
2026-09-25,Cava Athleisure,Black Sculpt Booty Shorts,M,WSH904BKM,999.0,0,102,0.0,102,https://cavaathleisure.com/products/black-sculpt-booty-shorts
2026-09-25,Cava Athleisure,Modern Supima Crew Neck T-shirt - Pack of 2,XXL,MTS16CS101GRPUXXL,1799.0,2,0,3598.0,0,https://cavaathleisure.com/products/modern-supima-crew-neck-t-shirt-pack-of-2
2026-09-25,Cava Athleisure,Basic Sculpt Scoop Tops - Pack of 2,S,WTP903WHBKS,1799.0,2,0,3598.0,15,https://cavaathleisure.com/products/basic-sculpt-scoop-tops-pack-of-2
2026-09-25,Cava Athleisure,Basic Sculpt V-Neck Tops - Pack of 2,XS,WTP904WHBKXS,1699.0,4,0,6796.0,3,https://cavaathleisure.com/products/basic-sculpt-v-neck-tops-pack-of-2
2026-09-25,Cava Athleisure,Essential Sculpt V-Neck Tops - Pack of 3,XS,WTP904WHBKBNXS,2399.0,4,0,9596.0,3,https://cavaathleisure.com/products/essential-sculpt-v-neck-tops-pack-of-3
2026-09-25,Cava Athleisure,Essential Sculpt Capris - Pack of 3,S,WLG903RDNYBKS,3599.0,2,0,7198.0,1,https://cavaathleisure.com/products/essential-sculpt-capris-pack-of-3
2026-09-25,Cava Athleisure,Basic Sculpt Capris - Pack of 2,S,WLG903NYBKS,2599.0,2,0,5198.0,1,https://cavaathleisure.com/products/basic-sculpt-capris-pack-of-2
2026-09-25,Cava Athleisure,Core Sculpt Capris - Pack of 2,S,WLG903BKRDS,2599.0,2,0,5198.0,1,https://cavaathleisure.com/products/core-sculpt-capris-pack-of-2
2026-09-25,Cava Athleisure,Modern Supima V Neck - Pack of 2,S,MTS102PUGRS,1949.0,1,0,1949.0,17,https://cavaathleisure.com/products/modern-supima-v-neck-pack-of-2
2026-09-25,Cava Athleisure,Navy Cotton Wrap Top,S,WTP1624NYS,714.0,1,0,714.0,0,https://cavaathleisure.com/products/navy-cotton-wrap-top
2026-09-25,Cava Athleisure,Yellow Cotton Scoop Tank,XL,WTN1622YLXL,879.0,1,0,879.0,0,https://cavaathleisure.com/products/yellow-cotton-scoop-tank
2026-09-25,Cava Athleisure,Grey Cotton Twirl Skorts,XS,WSK1635GMLXS,879.0,1,0,879.0,63,https://cavaathleisure.com/products/grey-cotton-twirl-skort
2026-09-25,Cava Athleisure,Grey Cotton Twirl Skorts,S,WSK1635GMLS,879.0,3,0,2637.0,91,https://cavaathleisure.com/products/grey-cotton-twirl-skort
2026-09-25,Cava Athleisure,Grey Cotton Twirl Skorts,M,WSK1635GMLM,879.0,2,0,1758.0,26,https://cavaathleisure.com/products/grey-cotton-twirl-skort
2026-09-25,Cava Athleisure,Pink Cotton Twirl Skorts,M,WSK1635PNM,879.0,0,2,0.0,2,https://cavaathleisure.com/products/pink-cotton-twirl-skort
2026-09-25,Cava Athleisure,Pink Aerial Leggings,M,WLG8SET12PNM,1374.0,2,0,2748.0,26,https://cavaathleisure.com/products/pink-aerial-leggings
2026-09-25,Cava Athleisure,Toasted Sculptor Jacket,XS,WJK14SET5BNXS,1264.0,7,0,8848.0,1,https://cavaathleisure.com/products/toasted-brown-sculptor-jacket
2026-09-25,Cava Athleisure,Toasted Sculptor Jacket,L,WJK14SET5BNL,1264.0,0,1,0.0,1,https://cavaathleisure.com/products/toasted-brown-sculptor-jacket
2026-09-25,Cava Athleisure,Toasted Sculptor Jacket,XXL,WJK14SET5BNXXL,1264.0,0,1,0.0,1,https://cavaathleisure.com/products/toasted-brown-sculptor-jacket
2026-09-25,Cava Athleisure,Butter Yellow Sculptor Jacket,XS,WJK14SET5YLXS,1264.0,5,0,6320.0,37,https://cavaathleisure.com/products/butter-yellow-sculptor-jacket
2026-09-25,Cava Athleisure,Butter Yellow Sculptor Jacket,S,WJK14SET5YLS,1264.0,15,0,18960.0,140,https://cavaathleisure.com/products/butter-yellow-sculptor-jacket
2026-09-25,Cava Athleisure,Butter Yellow Sculptor Jacket,M,WJK14SET5YLM,1264.0,21,0,26544.0,263,https://cavaathleisure.com/products/butter-yellow-sculptor-jacket
2026-09-25,Cava Athleisure,Butter Yellow Sculptor Jacket,L,WJK14SET5YLL,1264.0,14,0,17696.0,185,https://cavaathleisure.com/products/butter-yellow-sculptor-jacket
2026-09-25,Cava Athleisure,Butter Yellow Sculptor Jacket,XL,WJK14SET5YLXL,1264.0,3,0,3792.0,162,https://cavaathleisure.com/products/butter-yellow-sculptor-jacket
2026-09-25,Cava Athleisure,Butter Yellow Sculptor Jacket,XXL,WJK14SET5YLXXL,1264.0,3,0,3792.0,35,https://cavaathleisure.com/products/butter-yellow-sculptor-jacket
2026-09-25,Cava Athleisure,Mint Cava Essential Sweatshirt,XS,WHD16536BLXS,989.0,1,0,989.0,45,https://cavaathleisure.com/products/mint-cava-essential-sweatshirt
2026-09-25,Cava Athleisure,Butter Yellow Plie Pleated Skort,XS,WSK14CS06YLXS,1209.0,0,1,0.0,1,https://cavaathleisure.com/products/butter-yellow-pleated-skort
2026-09-25,Cava Athleisure,Butter Yellow Plie Pleated Skort,S,WSK14CS06YLS,1209.0,2,0,2418.0,0,https://cavaathleisure.com/products/butter-yellow-pleated-skort
2026-09-25,Cava Athleisure,Wine High Impact Sports Bra,M,WSB1CS02WRDM,1299.0,0,1,0.0,1,https://cavaathleisure.com/products/wine-high-impact-sports-bra
2026-09-25,Cava Athleisure,Wine High Impact Sports Bra,L,WSB1CS02WRDL,1299.0,0,2,0.0,3,https://cavaathleisure.com/products/wine-high-impact-sports-bra
2026-09-25,Cava Athleisure,Wine High Impact Sports Bra,XL,WSB1CS02WRDXL,1299.0,10,0,12990.0,3,https://cavaathleisure.com/products/wine-high-impact-sports-bra
2026-09-25,Cava Athleisure,Pink Bow Sculpt Core Leggings,M,WLG1402BPNM,1209.0,1,0,1209.0,0,https://cavaathleisure.com/products/pink-bow-sculpt-core-leggings
2026-09-25,Cava Athleisure,Pink Ultra Support Sports Bra,XS,WSB1CS01PNXS,1044.0,4,0,4176.0,30,https://cavaathleisure.com/products/pink-ultra-support-sports-bra
2026-09-25,Cava Athleisure,Pink Ultra Support Sports Bra,S,WSB1CS01PNS,1044.0,17,0,17748.0,71,https://cavaathleisure.com/products/pink-ultra-support-sports-bra
2026-09-25,Cava Athleisure,Pink Ultra Support Sports Bra,M,WSB1CS01PNM,1044.0,11,0,11484.0,196,https://cavaathleisure.com/products/pink-ultra-support-sports-bra
2026-09-25,Cava Athleisure,Pink Ultra Support Sports Bra,L,WSB1CS01PNL,1044.0,7,0,7308.0,194,https://cavaathleisure.com/products/pink-ultra-support-sports-bra
2026-09-25,Cava Athleisure,Pink Ultra Support Sports Bra,XL,WSB1CS01PNXL,1044.0,5,0,5220.0,105,https://cavaathleisure.com/products/pink-ultra-support-sports-bra
2026-09-25,Cava Athleisure,Pink Ultra Support Sports Bra,XXL,WSB1CS01PNXXL,1044.0,1,0,1044.0,1,https://cavaathleisure.com/products/pink-ultra-support-sports-bra
2026-09-25,Cava Athleisure,Mint Gingham Sculpt Core Leggings,M,WLG1402GGRM,1209.0,1,0,1209.0,0,https://cavaathleisure.com/products/mint-gingham-sculpt-core-leggings
2026-09-25,Cava Athleisure,Mint Gingham Sculpt Core Leggings,XXL,WLG1402GGRXXL,1209.0,1,0,1209.0,0,https://cavaathleisure.com/products/mint-gingham-sculpt-core-leggings
2026-09-25,Cava Athleisure,Pink Gingham Sculpt Core Leggings,XS,WLG1402GPNXS,1209.0,3,0,3627.0,15,https://cavaathleisure.com/products/pink-gingham-sculpt-core-leggings
2026-09-25,Cava Athleisure,Butter Yellow Gingham Sculpt Core Leggings,L,WLG1402GYLL,1209.0,0,1,0.0,1,https://cavaathleisure.com/products/butter-yellow-gingham-sculpt-core-leggings
2026-09-25,Cava Athleisure,Midnight Gradient Cross Back Sports Bra,L,WSB14SET1GMBLL,1099.0,0,1,0.0,1,https://cavaathleisure.com/products/midnight-gradient-cross-back-sports-bra
2026-09-25,Cava Athleisure,Mint Gingham Cross Back Sports Bra,L,WSB14SET1GGRL,1099.0,1,0,1099.0,0,https://cavaathleisure.com/products/mint-gingham-cross-back-sports-bra
2026-09-25,Cava Athleisure,Blush Swirl Tennis Skorts,XS,WSK14SET4PNXS,1099.0,1,0,1099.0,129,https://cavaathleisure.com/products/blush-pink-swirl-tennis-skorts
2026-09-25,Cava Athleisure,Blush Swirl Tennis Skorts,S,WSK14SET4PNS,1099.0,3,0,3297.0,99,https://cavaathleisure.com/products/blush-pink-swirl-tennis-skorts
2026-09-25,Cava Athleisure,Blush Swirl Tennis Skorts,M,WSK14SET4PNM,1099.0,19,0,20881.0,15,https://cavaathleisure.com/products/blush-pink-swirl-tennis-skorts
2026-09-25,Cava Athleisure,Blush Swirl Tennis Skorts,L,WSK14SET4PNL,1099.0,5,0,5495.0,27,https://cavaathleisure.com/products/blush-pink-swirl-tennis-skorts
2026-09-25,Cava Athleisure,Blush Swirl Tennis Skorts,XL,WSK14SET4PNXL,1099.0,2,0,2198.0,13,https://cavaathleisure.com/products/blush-pink-swirl-tennis-skorts
2026-09-25,Cava Athleisure,Blush Swirl Tennis Skorts,XXL,WSK14SET4PNXXL,1099.0,1,0,1099.0,18,https://cavaathleisure.com/products/blush-pink-swirl-tennis-skorts
2026-09-25,Cava Athleisure,Hot Pink Swirl Tennis Skorts,XS,WSK14SET4BPNXS,1099.0,0,1,0.0,1,https://cavaathleisure.com/products/hot-pink-swirl-tennis-skorts
2026-09-25,Cava Athleisure,Black Courtside Oversized Printed Tee - Women,S,WTS1618BKSYCS,714.0,2,0,1428.0,0,https://cavaathleisure.com/products/black-courtside-oversized-printed-tee-women
2026-09-25,Cava Athleisure,Cobalt Hourglass Flared Leggings,XS,WFP1ACU02NYXS,1264.0,1,0,1264.0,4,https://cavaathleisure.com/products/cobalt-hourglass-flared-leggings
2026-09-25,Cava Athleisure,Cobalt Hourglass Flared Leggings,S,WFB1ACU04NYS,1264.0,1,0,1264.0,0,https://cavaathleisure.com/products/cobalt-hourglass-flared-leggings
2026-09-25,Cava Athleisure,Pebble Hourglass Flared Leggings,XS,WFP1ACU02BLXS,1264.0,1,0,1264.0,0,https://cavaathleisure.com/products/pebble-hourglass-flared-leggings
2026-09-25,Cava Athleisure,Wine Hourglass Flared Leggings,XS,WFP1ACU01RDXS,1264.0,5,0,6320.0,81,https://cavaathleisure.com/products/wine-hourglass-flared-leggings
2026-09-25,Cava Athleisure,Wine Hourglass Flared Leggings,XS,WFP1ACU02RDXS,1264.0,2,0,2528.0,86,https://cavaathleisure.com/products/wine-hourglass-flared-leggings
2026-09-25,Cava Athleisure,Wine Hourglass Flared Leggings,XS,WFB1ACU04RDXS,1264.0,1,0,1264.0,37,https://cavaathleisure.com/products/wine-hourglass-flared-leggings
2026-09-25,Cava Athleisure,Wine Hourglass Flared Leggings,S,WFP1ACU01RDS,1264.0,8,0,10112.0,163,https://cavaathleisure.com/products/wine-hourglass-flared-leggings
2026-09-25,Cava Athleisure,Wine Hourglass Flared Leggings,S,WFP1ACU02RDS,1264.0,16,0,20224.0,220,https://cavaathleisure.com/products/wine-hourglass-flared-leggings
2026-09-25,Cava Athleisure,Wine Hourglass Flared Leggings,S,WFB1ACU04RDS,1264.0,4,0,5056.0,54,https://cavaathleisure.com/products/wine-hourglass-flared-leggings
2026-09-25,Cava Athleisure,Wine Hourglass Flared Leggings,M,WFP1ACU01RDM,1264.0,27,0,34128.0,170,https://cavaathleisure.com/products/wine-hourglass-flared-leggings
2026-09-25,Cava Athleisure,Wine Hourglass Flared Leggings,M,WFP1ACU02RDM,1264.0,16,0,20224.0,324,https://cavaathleisure.com/products/wine-hourglass-flared-leggings
2026-09-25,Cava Athleisure,Wine Hourglass Flared Leggings,M,WFB1ACU04RDM,1264.0,17,0,21488.0,171,https://cavaathleisure.com/products/wine-hourglass-flared-leggings
2026-09-25,Cava Athleisure,Wine Hourglass Flared Leggings,L,WFP1ACU01RDL,1264.0,20,0,25280.0,79,https://cavaathleisure.com/products/wine-hourglass-flared-leggings
2026-09-25,Cava Athleisure,Wine Hourglass Flared Leggings,L,WFP1ACU02RDL,1264.0,11,0,13904.0,319,https://cavaathleisure.com/products/wine-hourglass-flared-leggings
2026-09-25,Cava Athleisure,Wine Hourglass Flared Leggings,L,WFB1ACU04RDL,1264.0,10,0,12640.0,81,https://cavaathleisure.com/products/wine-hourglass-flared-leggings
2026-09-25,Cava Athleisure,Wine Hourglass Flared Leggings,XL,WFP1ACU01RDXL,1264.0,5,0,6320.0,33,https://cavaathleisure.com/products/wine-hourglass-flared-leggings
2026-09-25,Cava Athleisure,Wine Hourglass Flared Leggings,XL,WFP1ACU02RDXL,1264.0,9,0,11376.0,106,https://cavaathleisure.com/products/wine-hourglass-flared-leggings
2026-09-25,Cava Athleisure,Wine Hourglass Flared Leggings,XL,WFB1ACU04RDXL,1264.0,10,0,12640.0,21,https://cavaathleisure.com/products/wine-hourglass-flared-leggings
2026-09-25,Cava Athleisure,Wine Hourglass Flared Leggings,XXL,WFP1ACU01RDXXL,1264.0,3,0,3792.0,15,https://cavaathleisure.com/products/wine-hourglass-flared-leggings
2026-09-25,Cava Athleisure,Wine Hourglass Flared Leggings,XXL,WFP1ACU02RDXXL,1264.0,6,0,7584.0,104,https://cavaathleisure.com/products/wine-hourglass-flared-leggings
2026-09-25,Cava Athleisure,Wine Hourglass Flared Leggings,XXL,WFB1ACU04RDXXL,1264.0,0,2,0.0,2,https://cavaathleisure.com/products/wine-hourglass-flared-leggings
2026-09-25,Cava Athleisure,Brown Hourglass Flared Leggings,XS,BTM-CAVA-ACU01-Brown-XS,1209.0,6,0,7254.0,84,https://cavaathleisure.com/products/brown-hourglass-flared-leggings
2026-09-25,Cava Athleisure,Brown Hourglass Flared Leggings,XS,BTM-CAVA-ACU04-Brown-XS,1209.0,2,0,2418.0,14,https://cavaathleisure.com/products/brown-hourglass-flared-leggings
2026-09-25,Cava Athleisure,Brown Hourglass Flared Leggings,S,BTM-CAVA-ACU01-Brown-S,1209.0,16,0,19344.0,371,https://cavaathleisure.com/products/brown-hourglass-flared-leggings
2026-09-25,Cava Athleisure,Brown Hourglass Flared Leggings,S,BTM-CAVA-ACU02-Brown-S,1209.0,18,0,21762.0,210,https://cavaathleisure.com/products/brown-hourglass-flared-leggings
2026-09-25,Cava Athleisure,Brown Hourglass Flared Leggings,M,BTM-CAVA-ACU01-Brown-M,1209.0,21,0,25389.0,826,https://cavaathleisure.com/products/brown-hourglass-flared-leggings
2026-09-25,Cava Athleisure,Brown Hourglass Flared Leggings,M,BTM-CAVA-ACU02-Brown-M,1209.0,26,0,31434.0,87,https://cavaathleisure.com/products/brown-hourglass-flared-leggings
2026-09-25,Cava Athleisure,Brown Hourglass Flared Leggings,M,BTM-CAVA-ACU04-Brown-M,1209.0,2,0,2418.0,0,https://cavaathleisure.com/products/brown-hourglass-flared-leggings
2026-09-25,Cava Athleisure,Brown Hourglass Flared Leggings,L,BTM-CAVA-ACU01-Brown-L,1209.0,20,0,24180.0,336,https://cavaathleisure.com/products/brown-hourglass-flared-leggings
2026-09-25,Cava Athleisure,Brown Hourglass Flared Leggings,L,BTM-CAVA-ACU02-Brown-L,1209.0,11,0,13299.0,197,https://cavaathleisure.com/products/brown-hourglass-flared-leggings
2026-09-25,Cava Athleisure,Brown Hourglass Flared Leggings,XL,BTM-CAVA-ACU01-Brown-XL,1209.0,15,0,18135.0,158,https://cavaathleisure.com/products/brown-hourglass-flared-leggings
2026-09-25,Cava Athleisure,Brown Hourglass Flared Leggings,XL,BTM-CAVA-ACU02-Brown-XL,1209.0,7,0,8463.0,115,https://cavaathleisure.com/products/brown-hourglass-flared-leggings
2026-09-25,Cava Athleisure,Brown Hourglass Flared Leggings,XXL,BTM-CAVA-ACU01-Brown-XXL,1209.0,6,0,7254.0,108,https://cavaathleisure.com/products/brown-hourglass-flared-leggings
2026-09-25,Cava Athleisure,Brown Hourglass Flared Leggings,XXL,BTM-CAVA-ACU02-Brown-XXL,1209.0,0,1,0.0,1,https://cavaathleisure.com/products/brown-hourglass-flared-leggings
2026-09-25,Cava Athleisure,Brown Hourglass Flared Leggings,XXL,BTM-CAVA-ACU04-Brown-XXL,1209.0,0,1,0.0,1,https://cavaathleisure.com/products/brown-hourglass-flared-leggings
2026-09-25,Cava Athleisure,Obsidian Black Hourglass Flared Leggings,XS,BTM-CAVA-ACU01-Black-XS,1209.0,0,189,0.0,475,https://cavaathleisure.com/products/obsidian-black-hourglass-flared-leggings
2026-09-25,Cava Athleisure,Obsidian Black Hourglass Flared Leggings,XS,BTM-CAVA-ACU02-Black-XS,1209.0,56,0,67704.0,137,https://cavaathleisure.com/products/obsidian-black-hourglass-flared-leggings
2026-09-25,Cava Athleisure,Obsidian Black Hourglass Flared Leggings,XS,BTM-CAVA-ACU04-Black-XS,1209.0,0,153,0.0,232,https://cavaathleisure.com/products/obsidian-black-hourglass-flared-leggings
2026-09-25,Cava Athleisure,Obsidian Black Hourglass Flared Leggings,S,BTM-CAVA-ACU01-Black-S,1209.0,0,439,0.0,850,https://cavaathleisure.com/products/obsidian-black-hourglass-flared-leggings
2026-09-25,Cava Athleisure,Obsidian Black Hourglass Flared Leggings,S,BTM-CAVA-ACU02-Black-S,1209.0,122,0,147498.0,869,https://cavaathleisure.com/products/obsidian-black-hourglass-flared-leggings
2026-09-25,Cava Athleisure,Obsidian Black Hourglass Flared Leggings,S,BTM-CAVA-ACU04-Black-S,1209.0,0,310,0.0,453,https://cavaathleisure.com/products/obsidian-black-hourglass-flared-leggings
2026-09-25,Cava Athleisure,Obsidian Black Hourglass Flared Leggings,M,BTM-CAVA-ACU01-Black-M,1209.0,0,507,0.0,953,https://cavaathleisure.com/products/obsidian-black-hourglass-flared-leggings
2026-09-25,Cava Athleisure,Obsidian Black Hourglass Flared Leggings,M,BTM-CAVA-ACU02-Black-M,1209.0,91,0,110019.0,724,https://cavaathleisure.com/products/obsidian-black-hourglass-flared-leggings
2026-09-25,Cava Athleisure,Obsidian Black Hourglass Flared Leggings,M,BTM-CAVA-ACU04-Black-M,1209.0,0,483,0.0,485,https://cavaathleisure.com/products/obsidian-black-hourglass-flared-leggings
2026-09-25,Cava Athleisure,Obsidian Black Hourglass Flared Leggings,L,BTM-CAVA-ACU01-Black-L,1209.0,0,322,0.0,786,https://cavaathleisure.com/products/obsidian-black-hourglass-flared-leggings
2026-09-25,Cava Athleisure,Obsidian Black Hourglass Flared Leggings,L,BTM-CAVA-ACU02-Black-L,1209.0,75,0,90675.0,685,https://cavaathleisure.com/products/obsidian-black-hourglass-flared-leggings
2026-09-25,Cava Athleisure,Obsidian Black Hourglass Flared Leggings,L,BTM-CAVA-ACU04-Black-L,1209.0,0,453,0.0,455,https://cavaathleisure.com/products/obsidian-black-hourglass-flared-leggings
2026-09-25,Cava Athleisure,Obsidian Black Hourglass Flared Leggings,XL,BTM-CAVA-ACU01-Black-XL,1209.0,0,195,0.0,415,https://cavaathleisure.com/products/obsidian-black-hourglass-flared-leggings
2026-09-25,Cava Athleisure,Obsidian Black Hourglass Flared Leggings,XL,BTM-CAVA-ACU02-Black-XL,1209.0,45,0,54405.0,232,https://cavaathleisure.com/products/obsidian-black-hourglass-flared-leggings
2026-09-25,Cava Athleisure,Obsidian Black Hourglass Flared Leggings,XL,BTM-CAVA-ACU04-Black-XL,1209.0,0,316,0.0,317,https://cavaathleisure.com/products/obsidian-black-hourglass-flared-leggings
2026-09-25,Cava Athleisure,Obsidian Black Hourglass Flared Leggings,XXL,BTM-CAVA-ACU01-Black-XXL,1209.0,0,94,0.0,199,https://cavaathleisure.com/products/obsidian-black-hourglass-flared-leggings
2026-09-25,Cava Athleisure,Obsidian Black Hourglass Flared Leggings,XXL,BTM-CAVA-ACU02-Black-XXL,1209.0,31,0,37479.0,130,https://cavaathleisure.com/products/obsidian-black-hourglass-flared-leggings
2026-09-25,Cava Athleisure,Obsidian Black Hourglass Flared Leggings,XXL,BTM-CAVA-ACU04-Black-XXL,1209.0,0,159,0.0,159,https://cavaathleisure.com/products/obsidian-black-hourglass-flared-leggings
2026-09-25,Cava Athleisure,Blue Supima Polo T-Shirt - Regular Fit,S,MTS16CS103BLS,934.0,0,2,0.0,8,https://cavaathleisure.com/products/blue-supima-polo-t-shirt-regular-fit
2026-09-25,Cava Athleisure,Black Aerial Contrast Crop Tank,S,WTN1003BKS,1099.0,3,0,3297.0,0,https://cavaathleisure.com/products/black-aerial-contrast-crop-tank
2026-09-25,Cava Athleisure,Wine Swirl Tennis Skorts,XXS,WSKSET445WRDXXS,1099.0,0,1,0.0,18,https://cavaathleisure.com/products/wine-swirl-tennis-skorts
2026-09-25,Cava Athleisure,Wine Swirl Tennis Skorts,XS,WSKSET4L45WRDXS,1099.0,1,0,1099.0,7,https://cavaathleisure.com/products/wine-swirl-tennis-skorts
2026-09-25,Cava Athleisure,Wine Swirl Tennis Skorts,S,WSK9SET4WRDS,1099.0,3,0,3297.0,94,https://cavaathleisure.com/products/wine-swirl-tennis-skorts
2026-09-25,Cava Athleisure,Wine Swirl Tennis Skorts,M,WSK9SET4WRDM,1099.0,5,0,5495.0,41,https://cavaathleisure.com/products/wine-swirl-tennis-skorts
2026-09-25,Cava Athleisure,Wine Swirl Tennis Skorts,L,WSK9SET4WRDL,1099.0,7,0,7693.0,29,https://cavaathleisure.com/products/wine-swirl-tennis-skorts
2026-09-25,Cava Athleisure,Wine Swirl Tennis Skorts,XXL,WSK9SET4WRDXXL,1099.0,1,0,1099.0,27,https://cavaathleisure.com/products/wine-swirl-tennis-skorts
2026-09-25,Cava Athleisure,Wine Swirl Tennis Skorts,XXL,WSKSET4L45WRDXXL,1099.0,1,0,1099.0,0,https://cavaathleisure.com/products/wine-swirl-tennis-skorts
2026-09-25,Cava Athleisure,Wine Swirl Tennis Skorts,XXXL,WSKSET4L45WRDXXXL,1099.0,2,0,2198.0,4,https://cavaathleisure.com/products/wine-swirl-tennis-skorts
2026-09-25,Cava Athleisure,Black Strap Back Sports Bra,XL,WSB819BKXL,824.0,5,0,4120.0,48,https://cavaathleisure.com/products/black-strap-back-sports-bra
2026-09-25,Cava Athleisure,Wine Sculptor Jacket,S,WJK9SET5WRDS,1264.0,9,0,11376.0,0,https://cavaathleisure.com/products/wine-sculptor-jacket
2026-09-25,Cava Athleisure,Wine Sculptor Jacket,XXL,WJK9SET5WRDXXL,1264.0,3,0,3792.0,21,https://cavaathleisure.com/products/wine-sculptor-jacket
2026-09-25,Cava Athleisure,Classic Supima V Neck - Pack of 2,M,MTS102NYBGM,1949.0,2,0,3898.0,18,https://cavaathleisure.com/products/classic-supima-v-neck-pack-of-2
2026-09-25,Cava Athleisure,White Trackline Oversized Printed Tee - Men,XXL,MTS1613WHBCXXL,714.0,1,0,714.0,1,https://cavaathleisure.com/products/white-trackline-oversized-printed-tee-men
2026-09-25,Cava Athleisure,White Certified Hoopers Oversized Printed Tee - Men,XL,MTS1613WHHCXL,714.0,0,1,0.0,7,https://cavaathleisure.com/products/white-certified-hoopers-oversized-printed-tee-men
2026-09-25,Cava Athleisure,Grey Cava Buckle-up Bag,Free size,UNAC1416GY,1599.0,2,0,3198.0,78,https://cavaathleisure.com/products/grey-cava-buckle-up-bag
2026-09-25,Cava Athleisure,Dusky Purple Supima V Neck T-shirt - Regular Fit,S,MTS16CS102PUS,824.0,1,0,824.0,26,https://cavaathleisure.com/products/dusky-purple-supima-v-neck-t-shirt-regular-fit
2026-09-25,Cava Athleisure,Dusky Purple Supima V Neck T-shirt - Regular Fit,M,MTS16CS102PUM,824.0,0,1,0.0,13,https://cavaathleisure.com/products/dusky-purple-supima-v-neck-t-shirt-regular-fit
2026-09-25,Cava Athleisure,Dusky Purple Supima V Neck T-shirt - Regular Fit,XL,MTS16CS102PUXL,824.0,1,0,824.0,3,https://cavaathleisure.com/products/dusky-purple-supima-v-neck-t-shirt-regular-fit
2026-09-25,Cava Athleisure,Pine Supima V Neck T-Shirt - Regular Fit,XL,MTS16CS102GRXL,824.0,1,0,824.0,9,https://cavaathleisure.com/products/pine-supima-v-neck-t-shirt
2026-09-25,Cava Athleisure,Pine Supima Polo T-Shirt - Regular Fit,S,MTS16CS103GRS,934.0,0,1,0.0,1,https://cavaathleisure.com/products/pine-supima-polo-t-shirt
2026-09-25,Cava Athleisure,Ash Supima Polo T-Shirt - Regular Fit,L,MTS16CS103NYL,934.0,1,0,934.0,2,https://cavaathleisure.com/products/ash-supima-polo-t-shirt
2026-09-25,Cava Athleisure,Ash Supima Polo T-Shirt - Regular Fit,XL,MTS16CS103NYXL,934.0,1,0,934.0,1,https://cavaathleisure.com/products/ash-supima-polo-t-shirt
2026-09-25,Cava Athleisure,Sand Supima Polo T-Shirt - Regular Fit,S,MTS16CS103BGS,934.0,2,0,1868.0,1,https://cavaathleisure.com/products/sand-supima-polo-t-shirt
2026-09-25,Cava Athleisure,Pine Cava Essential Sweatshirt,XS,WTS11536GRXS,989.0,1,0,989.0,0,https://cavaathleisure.com/products/pine-cava-essential-sweatshirt
2026-09-25,Cava Athleisure,Pine Cava Essential Sweatshirt,S,WTS11536GRS,989.0,1,0,989.0,7,https://cavaathleisure.com/products/pine-cava-essential-sweatshirt
2026-09-25,Cava Athleisure,Blue Sky-Rise Leggings,S,WLG9SET3BLS,1099.0,1,0,1099.0,0,https://cavaathleisure.com/products/blue-sky-rise-leggings
2026-09-25,Cava Athleisure,Blue Super Stretch Brami,S,WSB9SET3BLS,934.0,6,0,5604.0,84,https://cavaathleisure.com/products/blue-super-stretch-brami
2026-09-25,Cava Athleisure,Blue Super Stretch Brami,XL,WSB9SET3BLXL,934.0,1,0,934.0,22,https://cavaathleisure.com/products/blue-super-stretch-brami
2026-09-25,Cava Athleisure,Black Workleisure Pants,38,MTR1010BK38,1429.0,1,0,1429.0,0,https://cavaathleisure.com/products/black-workleisure-pants
2026-09-25,Cava Athleisure,Wine Racerback Tank,XS,WTN1SET5RDXS,934.0,3,0,2802.0,18,https://cavaathleisure.com/products/wine-racerback-tank
2026-09-25,Cava Athleisure,Wine Racerback Tank,S,WTN1SET5RDS,934.0,13,0,12142.0,36,https://cavaathleisure.com/products/wine-racerback-tank
2026-09-25,Cava Athleisure,Wine Racerback Tank,L,WTN1SET5RDL,934.0,6,0,5604.0,36,https://cavaathleisure.com/products/wine-racerback-tank
2026-09-25,Cava Athleisure,Cobalt Overlap Tee,XS,WTP1SET2NY2XS,934.0,1,0,934.0,41,https://cavaathleisure.com/products/cobalt-overlap-tee
2026-09-25,Cava Athleisure,Cobalt Overlap Tee,S,WTP1SET2NY2S,934.0,3,0,2802.0,13,https://cavaathleisure.com/products/cobalt-overlap-tee
2026-09-25,Cava Athleisure,Cobalt Overlap Tee,L,WTP1SET2NY2L,934.0,1,0,934.0,0,https://cavaathleisure.com/products/cobalt-overlap-tee
2026-09-25,Cava Athleisure,Lime Overlap Tee,XS,WTP1SET2GRXS,934.0,0,127,0.0,127,https://cavaathleisure.com/products/lime-overlap-tee
2026-09-25,Cava Athleisure,Lime Overlap Tee,S,WTP1SET2GRS,934.0,0,276,0.0,276,https://cavaathleisure.com/products/lime-overlap-tee
2026-09-25,Cava Athleisure,Lime Overlap Tee,M,WTP1SET2GRM,934.0,0,371,0.0,371,https://cavaathleisure.com/products/lime-overlap-tee
2026-09-25,Cava Athleisure,Lime Overlap Tee,L,WTP1SET2GRL,934.0,0,235,0.0,235,https://cavaathleisure.com/products/lime-overlap-tee
2026-09-25,Cava Athleisure,Lime Overlap Tee,XL,WTP1SET2GRXL,934.0,0,61,0.0,61,https://cavaathleisure.com/products/lime-overlap-tee
2026-09-25,Cava Athleisure,Lime Overlap Tee,XXL,WTP1SET2GRXXL,934.0,0,10,0.0,10,https://cavaathleisure.com/products/lime-overlap-tee
2026-09-25,Cava Athleisure,Cream Cava Essential Sweatshirt,XS,WTS11536WHXS,989.0,0,1,0.0,8,https://cavaathleisure.com/products/cream-cava-essential-sweatshirt
2026-09-25,Cava Athleisure,Cream Cava Essential Sweatshirt,XXL,WTS11536WHXXL,989.0,0,1,0.0,16,https://cavaathleisure.com/products/cream-cava-essential-sweatshirt
2026-09-25,Cava Athleisure,Ash Pulse Seamless Tee,S,MTS1CS121NYS,824.0,1,0,824.0,48,https://cavaathleisure.com/products/ash-pulse-seamless-tee
2026-09-25,Cava Athleisure,Ash Pulse Seamless Tee,L,MTS1CS121NYL,824.0,2,0,1648.0,46,https://cavaathleisure.com/products/ash-pulse-seamless-tee
2026-09-25,Cava Athleisure,Ash Pulse Seamless Tee,XXL,MTS1CS121NYXXL,824.0,1,0,824.0,27,https://cavaathleisure.com/products/ash-pulse-seamless-tee
2026-09-25,Cava Athleisure,Cobalt Silhouette Zip Top,S,WTP14ACU03BLS,934.0,2,0,1868.0,237,https://cavaathleisure.com/products/cobalt-silhouette-zip-top
2026-09-25,Cava Athleisure,Brown Silhouette Zip Top,S,WTP14ACU03BNS,934.0,6,0,5604.0,49,https://cavaathleisure.com/products/brown-silhouette-zip-top
2026-09-25,Cava Athleisure,Burgundy Contrast Trim Top,M,WSB1401RDM,989.0,1,0,989.0,14,https://cavaathleisure.com/products/burgundy-contrast-trim-top
2026-09-25,Cava Athleisure,Burgundy Contrast Trim Top,L,WSB1401RDL,989.0,1,0,989.0,2,https://cavaathleisure.com/products/burgundy-contrast-trim-top
2026-09-25,Cava Athleisure,Lime Overlap Tank,XS,WTN104GRXS,879.0,0,65,0.0,65,https://cavaathleisure.com/products/lime-overlap-tank
2026-09-25,Cava Athleisure,Lime Overlap Tank,S,WTN104GRS,879.0,0,219,0.0,219,https://cavaathleisure.com/products/lime-overlap-tank
2026-09-25,Cava Athleisure,Lime Overlap Tank,M,WTN104GRM,879.0,0,346,0.0,346,https://cavaathleisure.com/products/lime-overlap-tank
2026-09-25,Cava Athleisure,Lime Overlap Tank,L,WTN104GRL,879.0,0,227,0.0,227,https://cavaathleisure.com/products/lime-overlap-tank
2026-09-25,Cava Athleisure,Lime Overlap Tank,XL,WTN104GRXL,879.0,0,57,0.0,57,https://cavaathleisure.com/products/lime-overlap-tank
2026-09-25,Cava Athleisure,Lime Overlap Tank,XXL,WTN104GRXXL,879.0,0,14,0.0,14,https://cavaathleisure.com/products/lime-overlap-tank
2026-09-25,Cava Athleisure,Black Overlap Tank,XXL,WTN104BKXXL,879.0,0,1,0.0,3,https://cavaathleisure.com/products/black-overlap-tank
2026-09-25,Cava Athleisure,Charcoal Stride Golf Shorts,32,MSH112BL32,1264.0,1,0,1264.0,21,https://cavaathleisure.com/products/charcoal-stride-golf-shorts
2026-09-25,Cava Athleisure,Black Stride Golf Shorts,32,MSH112BK32,1264.0,1,0,1264.0,15,https://cavaathleisure.com/products/black-stride-golf-shorts
2026-09-25,Cava Athleisure,Black Stride Golf Shorts,36,MSH112BK36,1264.0,1,0,1264.0,0,https://cavaathleisure.com/products/black-stride-golf-shorts
2026-09-25,Cava Athleisure,Cement Contrast Bonded Polo,XL,MTS1405GYXL,1099.0,1,0,1099.0,2,https://cavaathleisure.com/products/cement-contrast-bonded-polo
2026-09-25,Cava Athleisure,Jade Contrast Bonded Polo,L,MTS1405GRL,1099.0,0,2,0.0,2,https://cavaathleisure.com/products/jade-contrast-bonded-polo
2026-09-25,Cava Athleisure,Jade Contrast Bonded Polo,XL,MTS1405GRXL,1099.0,0,2,0.0,4,https://cavaathleisure.com/products/jade-contrast-bonded-polo
2026-09-25,Cava Athleisure,Brown Hourglass Snug Leggings,M,WLG1010BNM,934.0,6,0,5604.0,41,https://cavaathleisure.com/products/brown-hourglass-snug-leggings
2026-09-25,Cava Athleisure,Black Hourglass Snug Leggings,XS,WLG1010BKXS,934.0,10,0,9340.0,117,https://cavaathleisure.com/products/black-hourglass-snug-leggings
2026-09-25,Cava Athleisure,Black Hourglass Snug Leggings,S,WLG1010BKS,934.0,30,0,28020.0,295,https://cavaathleisure.com/products/black-hourglass-snug-leggings
2026-09-25,Cava Athleisure,Black Hourglass Snug Leggings,M,WLG1010BKM,934.0,37,0,34558.0,111,https://cavaathleisure.com/products/black-hourglass-snug-leggings
2026-09-25,Cava Athleisure,Black Hourglass Snug Leggings,L,WLG1010BKL,934.0,37,0,34558.0,113,https://cavaathleisure.com/products/black-hourglass-snug-leggings
2026-09-25,Cava Athleisure,Black Hourglass Snug Leggings,XL,WLG1010BKXL,934.0,21,0,19614.0,79,https://cavaathleisure.com/products/black-hourglass-snug-leggings
2026-09-25,Cava Athleisure,Black Hourglass Snug Leggings,XXL,WLG1010BKXXL,934.0,11,0,10274.0,88,https://cavaathleisure.com/products/black-hourglass-snug-leggings
2026-09-25,Cava Athleisure,Black Hourglass Booty Shorts,XS,WSH1008BKXS,879.0,22,0,19338.0,183,https://cavaathleisure.com/products/black-hourglass-booty-shorts
2026-09-25,Cava Athleisure,Black Hourglass Booty Shorts,S,WSH1008BKS,879.0,21,0,18459.0,778,https://cavaathleisure.com/products/black-hourglass-booty-shorts
2026-09-25,Cava Athleisure,Black Hourglass Booty Shorts,M,WSH1008BKM,879.0,40,0,35160.0,279,https://cavaathleisure.com/products/black-hourglass-booty-shorts
2026-09-25,Cava Athleisure,Black Hourglass Booty Shorts,L,WSH1008BKL,879.0,9,0,7911.0,66,https://cavaathleisure.com/products/black-hourglass-booty-shorts
2026-09-25,Cava Athleisure,Black Hourglass Booty Shorts,XL,WSH1008BKXL,879.0,6,0,5274.0,42,https://cavaathleisure.com/products/black-hourglass-booty-shorts
2026-09-25,Cava Athleisure,Black Hourglass Booty Shorts,XXL,WSH1008BKXXL,879.0,8,0,7032.0,6,https://cavaathleisure.com/products/black-hourglass-booty-shorts
2026-09-25,Cava Athleisure,Brown Overlap Tank,XS,WTN104BNXS,879.0,0,48,0.0,48,https://cavaathleisure.com/products/brown-overlap-tank
2026-09-25,Cava Athleisure,Brown Overlap Tank,S,WTN104BNS,879.0,0,149,0.0,149,https://cavaathleisure.com/products/brown-overlap-tank
2026-09-25,Cava Athleisure,Brown Overlap Tank,M,WTN104BNM,879.0,0,214,0.0,214,https://cavaathleisure.com/products/brown-overlap-tank
2026-09-25,Cava Athleisure,Brown Overlap Tank,L,WTN104BNL,879.0,0,166,0.0,166,https://cavaathleisure.com/products/brown-overlap-tank
2026-09-25,Cava Athleisure,Brown Overlap Tank,XL,WTN104BNXL,879.0,0,37,0.0,37,https://cavaathleisure.com/products/brown-overlap-tank
2026-09-25,Cava Athleisure,Brown Overlap Tank,XXL,WTN104BNXXL,879.0,0,23,0.0,23,https://cavaathleisure.com/products/brown-overlap-tank
2026-09-25,Cava Athleisure,Black Hyper Mesh Sports Bra,S,WSB102BKS,1154.0,5,0,5770.0,106,https://cavaathleisure.com/products/black-hyper-mesh-sports-bra
2026-09-25,Cava Athleisure,Black Hyper Mesh Sports Bra,M,WSB102BKM,1154.0,9,0,10386.0,154,https://cavaathleisure.com/products/black-hyper-mesh-sports-bra
2026-09-25,Cava Athleisure,Black Hyper Mesh Sports Bra,L,WSB102BKL,1154.0,10,0,11540.0,45,https://cavaathleisure.com/products/black-hyper-mesh-sports-bra
2026-09-25,Cava Athleisure,Black Hyper Mesh Sports Bra,XL,WSB102BKXL,1154.0,5,0,5770.0,64,https://cavaathleisure.com/products/black-hyper-mesh-sports-bra
2026-09-25,Cava Athleisure,Beige Wide Cargo Joggers,M,WJR5BEL532BGM,1264.0,0,1,0.0,110,https://cavaathleisure.com/products/beige-wide-cargo-joggers
2026-09-25,Cava Athleisure,Toasted Cross Back Sports Bra,S,WSB14SET1BNS,934.0,20,0,18680.0,73,https://cavaathleisure.com/products/toasted-cross-back-sports-bra
2026-09-25,Cava Athleisure,Toasted Cross Back Sports Bra,M,WSB14SET1BNM,934.0,38,0,35492.0,52,https://cavaathleisure.com/products/toasted-cross-back-sports-bra
2026-09-25,Cava Athleisure,Toasted Cross Back Sports Bra,L,WSB14SET1BNL,934.0,1,0,934.0,0,https://cavaathleisure.com/products/toasted-cross-back-sports-bra
2026-09-25,Cava Athleisure,Toasted Cross Back Sports Bra,XL,WSB14SET1BNXL,934.0,4,0,3736.0,84,https://cavaathleisure.com/products/toasted-cross-back-sports-bra
2026-09-25,Cava Athleisure,Toasted Cross Back Sports Bra,XXL,WSB14SET1BNXXL,934.0,0,1,0.0,1,https://cavaathleisure.com/products/toasted-cross-back-sports-bra
2026-09-25,Cava Athleisure,Ruby Aerial Leggings,S,WLG10Set12RDS,1374.0,1,0,1374.0,106,https://cavaathleisure.com/products/ruby-aerial-leggings
2026-09-25,Cava Athleisure,Ruby Aerial Leggings,M,WLG10Set12RDM,1374.0,3,0,4122.0,111,https://cavaathleisure.com/products/ruby-aerial-leggings
2026-09-25,Cava Athleisure,Ruby Aerial Leggings,L,WLG10Set12RDL,1374.0,0,2,0.0,2,https://cavaathleisure.com/products/ruby-aerial-leggings
2026-09-25,Cava Athleisure,Ruby Aerial Leggings,XL,WLG10Set12RDXL,1374.0,3,0,4122.0,23,https://cavaathleisure.com/products/ruby-aerial-leggings
2026-09-25,Cava Athleisure,Moscow Blue Wide Cargo Joggers,L,WJR5BEL532BLL,1264.0,1,0,1264.0,0,https://cavaathleisure.com/products/moscow-blue-wide-cargo-joggers
2026-09-25,Cava Athleisure,Navy Overlap Tee,S,WTP1SET2NYS,934.0,1,0,934.0,0,https://cavaathleisure.com/products/navy-overlap-tee
2026-09-25,Cava Athleisure,Navy Overlap Tee,M,WTP1SET2NYM,934.0,2,0,1868.0,0,https://cavaathleisure.com/products/navy-overlap-tee
2026-09-25,Cava Athleisure,Beige Baseline Polo,M,MTS5CS108BGM,934.0,0,1,0.0,1,https://cavaathleisure.com/products/beige-baseline-polo
2026-09-25,Cava Athleisure,Beige Baseline Polo,L,MTS5CS108BGL,934.0,1,0,934.0,0,https://cavaathleisure.com/products/beige-baseline-polo
2026-09-25,Cava Athleisure,Grey Baseline Polo,L,MTS5CS108GYL,934.0,0,2,0.0,3,https://cavaathleisure.com/products/grey-baseline-polo
2026-09-25,Cava Athleisure,Navy Airy Resort Shirt,M,MTP1CS116BLM,1154.0,1,0,1154.0,25,https://cavaathleisure.com/products/navy-airy-resort-shirt
2026-09-25,Cava Athleisure,Green Airy Resort Shirt,XL,MTP1CS116GRXL,1154.0,1,0,1154.0,20,https://cavaathleisure.com/products/green-airy-resort-shirt
2026-09-25,Cava Athleisure,"Black 5"" Train-In Shorts",32,MSH1CS119BK32,1044.0,0,1,0.0,1,https://cavaathleisure.com/products/black-5-train-in-shorts
2026-09-25,Cava Athleisure,"Black 5"" Train-In Shorts",36,MSH1CS119BK36,1044.0,3,0,3132.0,28,https://cavaathleisure.com/products/black-5-train-in-shorts
2026-09-25,Cava Athleisure,"Navy 5"" Train-In Shorts",32,MSH1CS119NY32,1044.0,3,0,3132.0,49,https://cavaathleisure.com/products/navy-train-in-shorts
2026-09-25,Cava Athleisure,White Ace Bond Polo,L,MTS1CS122WHL,934.0,1,0,934.0,0,https://cavaathleisure.com/products/white-ace-bond-polo
2026-09-25,Cava Athleisure,Moscow Blue Cross Back Sports Bra,XS,WSB14SET1BLXS,934.0,22,0,20548.0,249,https://cavaathleisure.com/products/moscow-blue-cross-back-sports-bra
2026-09-25,Cava Athleisure,Moscow Blue Cross Back Sports Bra,S,WSB14SET1BLS,934.0,26,0,24284.0,67,https://cavaathleisure.com/products/moscow-blue-cross-back-sports-bra
2026-09-25,Cava Athleisure,Moscow Blue Cross Back Sports Bra,M,WSB14SET1BLM,934.0,27,0,25218.0,159,https://cavaathleisure.com/products/moscow-blue-cross-back-sports-bra
2026-09-25,Cava Athleisure,Moscow Blue Cross Back Sports Bra,L,WSB14SET1BLL,934.0,19,0,17746.0,255,https://cavaathleisure.com/products/moscow-blue-cross-back-sports-bra
2026-09-25,Cava Athleisure,Moscow Blue Cross Back Sports Bra,XL,WSB14SET1BLXL,934.0,16,0,14944.0,53,https://cavaathleisure.com/products/moscow-blue-cross-back-sports-bra
2026-09-25,Cava Athleisure,Moscow Blue Cross Back Sports Bra,XXL,WSB14SET1BLXXL,934.0,10,0,9340.0,51,https://cavaathleisure.com/products/moscow-blue-cross-back-sports-bra
2026-09-25,Cava Athleisure,Pink Cross Back Sports Bra,XS,WSB14SET1PUXS,934.0,17,0,15878.0,54,https://cavaathleisure.com/products/pink-cross-back-sports-bra
2026-09-25,Cava Athleisure,Pink Cross Back Sports Bra,L,WSB14SET1PUL,934.0,2,0,1868.0,0,https://cavaathleisure.com/products/pink-cross-back-sports-bra
2026-09-25,Cava Athleisure,Pink Cross Back Sports Bra,XL,WSB14SET1PUXL,934.0,4,0,3736.0,0,https://cavaathleisure.com/products/pink-cross-back-sports-bra
2026-09-25,Cava Athleisure,Black Techpique Sleeveless Polo,XS,WTP10CS04BKXS,879.0,1,0,879.0,14,https://cavaathleisure.com/products/black-techpique-sleeveless-polo
2026-09-25,Cava Athleisure,Black Techpique Sleeveless Polo,S,WTP10CS04BKS,879.0,2,0,1758.0,40,https://cavaathleisure.com/products/black-techpique-sleeveless-polo
2026-09-25,Cava Athleisure,Black Techpique Sleeveless Polo,XL,WTP10CS04BKXL,879.0,1,0,879.0,7,https://cavaathleisure.com/products/black-techpique-sleeveless-polo
2026-09-25,Cava Athleisure,Pink Techpique Sleeveless Polo,S,WTP10CS04PNS,879.0,4,0,3516.0,16,https://cavaathleisure.com/products/pink-techpique-sleeveless-polo
2026-09-25,Cava Athleisure,Black High Impact Sports Bra,XS,WSB1CS02BKXS,1299.0,1,0,1299.0,65,https://cavaathleisure.com/products/black-impact-sport-bra
2026-09-25,Cava Athleisure,Black High Impact Sports Bra,L,WSB1CS02BKL,1299.0,0,2,0.0,2,https://cavaathleisure.com/products/black-impact-sport-bra
2026-09-25,Cava Athleisure,Black High Impact Sports Bra,XXL,WSB1CS02BKXXL,1299.0,2,0,2598.0,0,https://cavaathleisure.com/products/black-impact-sport-bra
2026-09-25,Cava Athleisure,Ruby High Impact Sports Bra,S,WSB1CS02RDS,1299.0,3,0,3897.0,0,https://cavaathleisure.com/products/ruby-impact-sport-bra
2026-09-25,Cava Athleisure,Ruby High Impact Sports Bra,L,WSB1CS02RDL,1299.0,0,1,0.0,1,https://cavaathleisure.com/products/ruby-impact-sport-bra
2026-09-25,Cava Athleisure,Ruby High Impact Sports Bra,XXL,WSB1CS02RDXXL,1299.0,0,1,0.0,4,https://cavaathleisure.com/products/ruby-impact-sport-bra
2026-09-25,Cava Athleisure,Black Ultra Support Sports Bra,XS,WSB1CS01BKXS,1044.0,3,0,3132.0,81,https://cavaathleisure.com/products/black-all-square-sports-bra
2026-09-25,Cava Athleisure,Black Ultra Support Sports Bra,S,WSB1CS01BKS,1044.0,23,0,24012.0,82,https://cavaathleisure.com/products/black-all-square-sports-bra
2026-09-25,Cava Athleisure,Black Ultra Support Sports Bra,M,WSB1CS01BKM,1044.0,9,0,9396.0,0,https://cavaathleisure.com/products/black-all-square-sports-bra
2026-09-25,Cava Athleisure,Black Ultra Support Sports Bra,L,WSB1CS01BKL,1044.0,6,0,6264.0,0,https://cavaathleisure.com/products/black-all-square-sports-bra
2026-09-25,Cava Athleisure,Black Ultra Support Sports Bra,XL,WSB1CS01BKXL,1044.0,1,0,1044.0,0,https://cavaathleisure.com/products/black-all-square-sports-bra
2026-09-25,Cava Athleisure,Ruby Ultra Support Sports Bra,XS,WSB1CS01RDXS,1044.0,3,0,3132.0,185,https://cavaathleisure.com/products/ruby-all-square-sports-bra
2026-09-25,Cava Athleisure,Ruby Ultra Support Sports Bra,S,WSB1CS01RDS,1044.0,7,0,7308.0,455,https://cavaathleisure.com/products/ruby-all-square-sports-bra
2026-09-25,Cava Athleisure,Ruby Ultra Support Sports Bra,M,WSB1CS01RDM,1044.0,17,0,17748.0,744,https://cavaathleisure.com/products/ruby-all-square-sports-bra
2026-09-25,Cava Athleisure,Ruby Ultra Support Sports Bra,L,WSB1CS01RDL,1044.0,6,0,6264.0,571,https://cavaathleisure.com/products/ruby-all-square-sports-bra
2026-09-25,Cava Athleisure,Ruby Ultra Support Sports Bra,XL,WSB1CS01RDXL,1044.0,4,0,4176.0,382,https://cavaathleisure.com/products/ruby-all-square-sports-bra
2026-09-25,Cava Athleisure,Ruby Ultra Support Sports Bra,XXL,WSB1CS01RDXXL,1044.0,3,0,3132.0,118,https://cavaathleisure.com/products/ruby-all-square-sports-bra
2026-09-25,Cava Athleisure,Lilac Ultra Support Sports Bra,S,WSB1CS01PUS,1044.0,9,0,9396.0,92,https://cavaathleisure.com/products/lilac-all-square-sports-bra
2026-09-25,Cava Athleisure,Lilac Ultra Support Sports Bra,M,WSB1CS01PUM,1044.0,6,0,6264.0,75,https://cavaathleisure.com/products/lilac-all-square-sports-bra
2026-09-25,Cava Athleisure,Lilac Ultra Support Sports Bra,L,WSB1CS01PUL,1044.0,4,0,4176.0,92,https://cavaathleisure.com/products/lilac-all-square-sports-bra
2026-09-25,Cava Athleisure,Lilac Ultra Support Sports Bra,XL,WSB1CS01PUXL,1044.0,4,0,4176.0,29,https://cavaathleisure.com/products/lilac-all-square-sports-bra
2026-09-25,Cava Athleisure,Pink Plie Pleated Skort,XS,WSK10CS06PNXS,1209.0,4,0,4836.0,164,https://cavaathleisure.com/products/pink-pliee-pleated-skort
2026-09-25,Cava Athleisure,Pink Plie Pleated Skort,S,WSK10CS06PNS,1209.0,0,1,0.0,1,https://cavaathleisure.com/products/pink-pliee-pleated-skort
2026-09-25,Cava Athleisure,Pink Plie Pleated Skort,M,WSK10CS06PNM,1209.0,0,1,0.0,1,https://cavaathleisure.com/products/pink-pliee-pleated-skort
2026-09-25,Cava Athleisure,Pink Plie Pleated Skort,XXL,WSK10CS06PNXXL,1209.0,2,0,2418.0,42,https://cavaathleisure.com/products/pink-pliee-pleated-skort
2026-09-25,Cava Athleisure,Black Plie Pleated Skort,S,WSK10CS06BKS,1209.0,1,0,1209.0,247,https://cavaathleisure.com/products/black-pliee-pleated-skort
2026-09-25,Cava Athleisure,Black Plie Pleated Skort,M,WSK10CS06BKM,1209.0,7,0,8463.0,21,https://cavaathleisure.com/products/black-pliee-pleated-skort
2026-09-25,Cava Athleisure,Black Plie Pleated Skort,L,WSK10CS06BKL,1209.0,0,2,0.0,2,https://cavaathleisure.com/products/black-pliee-pleated-skort
2026-09-25,Cava Athleisure,Navy Plie Pleated Skort,XS,WSK10CS06NYXS,1209.0,1,0,1209.0,195,https://cavaathleisure.com/products/navy-pliee-pleated-skort
2026-09-25,Cava Athleisure,Navy Plie Pleated Skort,S,WSK10CS06NYS,1209.0,2,0,2418.0,227,https://cavaathleisure.com/products/navy-pliee-pleated-skort
2026-09-25,Cava Athleisure,Navy Plie Pleated Skort,XL,WSK10CS06NYXL,1209.0,1,0,1209.0,13,https://cavaathleisure.com/products/navy-pliee-pleated-skort
2026-09-25,Cava Athleisure,Ivory Plie Pleated Skort,XS,WSK10CS06WHXS,1209.0,3,0,3627.0,175,https://cavaathleisure.com/products/ivory-pliee-pleated-skort
2026-09-25,Cava Athleisure,Ivory Plie Pleated Skort,S,WSK10CS06WHS,1209.0,5,0,6045.0,52,https://cavaathleisure.com/products/ivory-pliee-pleated-skort
2026-09-25,Cava Athleisure,Ivory Plie Pleated Skort,M,WSK10CS06WHM,1209.0,3,0,3627.0,22,https://cavaathleisure.com/products/ivory-pliee-pleated-skort
2026-09-25,Cava Athleisure,Ivory Plie Pleated Skort,L,WSK10CS06WHL,1209.0,4,0,4836.0,25,https://cavaathleisure.com/products/ivory-pliee-pleated-skort
2026-09-25,Cava Athleisure,Ivory Plie Pleated Skort,XL,WSK10CS06WHXL,1209.0,3,0,3627.0,65,https://cavaathleisure.com/products/ivory-pliee-pleated-skort
2026-09-25,Cava Athleisure,Blush High Impact Sports Bra,XS,WSB1CS02PNXS,1299.0,0,1,0.0,1,https://cavaathleisure.com/products/pastel-pink-impact-sport-bra
2026-09-25,Cava Athleisure,Ivory Courtside Dress,XL,WDR1CS07WHXL,1649.0,1,0,1649.0,1,https://cavaathleisure.com/products/ivory-courtside-dress
2026-09-25,Cava Athleisure,Green Aerial Leggings,S,WLG10SET12GRS,1374.0,1,0,1374.0,26,https://cavaathleisure.com/products/green-aerial-leggings
2026-09-25,Cava Athleisure,Pink Sculptor Jacket,S,WJK10Set5PNS,1264.0,33,0,41712.0,15,https://cavaathleisure.com/products/pink-sculptor-jacket
2026-09-25,Cava Athleisure,Pink Sculptor Jacket,M,WJK10Set5PNM,1264.0,41,0,51824.0,24,https://cavaathleisure.com/products/pink-sculptor-jacket
2026-09-25,Cava Athleisure,Pink Sculptor Jacket,L,WJK10Set5PNL,1264.0,22,0,27808.0,60,https://cavaathleisure.com/products/pink-sculptor-jacket
2026-09-25,Cava Athleisure,Pink Sculptor Jacket,XL,WJK10Set5PNXL,1264.0,7,0,8848.0,37,https://cavaathleisure.com/products/pink-sculptor-jacket
2026-09-25,Cava Athleisure,Pink Sculptor Jacket,XXL,WJK10Set5PNXXL,1264.0,0,1,0.0,23,https://cavaathleisure.com/products/pink-sculptor-jacket
2026-09-25,Cava Athleisure,Steel Blue Sculptor Jacket,XS,WJK10Set5NYXS,1264.0,3,0,3792.0,89,https://cavaathleisure.com/products/steel-blue-sculptor-jacket
2026-09-25,Cava Athleisure,Steel Blue Sculptor Jacket,S,WJK10Set5NYS,1264.0,14,0,17696.0,206,https://cavaathleisure.com/products/steel-blue-sculptor-jacket
2026-09-25,Cava Athleisure,Steel Blue Sculptor Jacket,M,WJK10Set5NYM,1264.0,16,0,20224.0,473,https://cavaathleisure.com/products/steel-blue-sculptor-jacket
2026-09-25,Cava Athleisure,Steel Blue Sculptor Jacket,L,WJK10Set5NYL,1264.0,14,0,17696.0,249,https://cavaathleisure.com/products/steel-blue-sculptor-jacket
2026-09-25,Cava Athleisure,Steel Blue Sculptor Jacket,XL,WJK10Set5NYXL,1264.0,1,0,1264.0,1,https://cavaathleisure.com/products/steel-blue-sculptor-jacket
2026-09-25,Cava Athleisure,Steel Blue Sculptor Jacket,XXL,WJK10Set5NYXXL,1264.0,1,0,1264.0,39,https://cavaathleisure.com/products/steel-blue-sculptor-jacket
2026-09-25,Cava Athleisure,Teal Urban Zipper Polo,L,MTS11CS120GRL,934.0,1,0,934.0,10,https://cavaathleisure.com/products/green-urban-zipper-polo
2026-09-25,Cava Athleisure,Navy Everywear Joggers,M,MTR5CS111NYM,1099.0,1,0,1099.0,10,https://cavaathleisure.com/products/navy-everywear-pants
2026-09-25,Cava Athleisure,Navy Everywear Joggers,L,MTR5CS111NYL,1099.0,3,0,3297.0,36,https://cavaathleisure.com/products/navy-everywear-pants
2026-09-25,Cava Athleisure,Light Beige Everywear Joggers,M,MTR5CS111BGM,1099.0,1,0,1099.0,29,https://cavaathleisure.com/products/light-beige-everywear-pants
2026-09-25,Cava Athleisure,Light Beige Everywear Joggers,L,MTR5CS111BGL,1099.0,2,0,2198.0,38,https://cavaathleisure.com/products/light-beige-everywear-pants
2026-09-25,Cava Athleisure,Black Supima Polo T-shirt - Regular Fit,S,MTS5CS103BKS,934.0,2,0,1868.0,21,https://cavaathleisure.com/products/black-supima-polo-t-shirt
2026-09-25,Cava Athleisure,Black Supima V Neck T-shirt - Regular Fit,L,MTS5CS102BKL,824.0,1,0,824.0,32,https://cavaathleisure.com/products/black-supima-v-neck-t-shirt
2026-09-25,Cava Athleisure,Black Supima V Neck T-shirt - Regular Fit,XL,MTS5CS102BKXL,824.0,2,0,1648.0,16,https://cavaathleisure.com/products/black-supima-v-neck-t-shirt
2026-09-25,Cava Athleisure,Black Supima Crew Neck T-shirt - Relaxed Fit,XL,MTS5CS101BKXL,824.0,1,0,824.0,12,https://cavaathleisure.com/products/black-supima-essentials-crew-neck
2026-09-25,Cava Athleisure,Black Supima Crew Neck T-shirt - Relaxed Fit,XXL,MTS5CS101BKXXL,824.0,1,0,824.0,29,https://cavaathleisure.com/products/black-supima-essentials-crew-neck
2026-09-25,Cava Athleisure,Pink Pulse Biker Shorts,XL,WSH9SET1PUXL,934.0,1,0,934.0,33,https://cavaathleisure.com/products/pink-pulse-biker-shorts
2026-09-25,Cava Athleisure,Pink Sky-Rise Leggings,S,WLG9SET3PUS,1099.0,0,1,0.0,1,https://cavaathleisure.com/products/pink-sky-rise-leggings
2026-09-25,Cava Athleisure,Pink Super Stretch Brami,S,WSB9SET3PUS,934.0,2,0,1868.0,0,https://cavaathleisure.com/products/pink-super-stretch-brami
2026-09-25,Cava Athleisure,Pink Super Stretch Brami,L,WSB9SET3PUL,934.0,4,0,3736.0,5,https://cavaathleisure.com/products/pink-super-stretch-brami
2026-09-25,Cava Athleisure,Ruby Tank Us Later Top,XS,TP-GEO-set3-008-YSH-Burgundy-XS,989.0,3,0,2967.0,32,https://cavaathleisure.com/products/ruby-tank-us-later-top
2026-09-25,Cava Athleisure,Ruby Tank Us Later Top,S,TP-GEO-set3-008-YSH-Burgundy-S,989.0,9,0,8901.0,89,https://cavaathleisure.com/products/ruby-tank-us-later-top
2026-09-25,Cava Athleisure,Ruby Tank Us Later Top,M,TP-GEO-set3-008-YSH-Burgundy-M,989.0,13,0,12857.0,110,https://cavaathleisure.com/products/ruby-tank-us-later-top
2026-09-25,Cava Athleisure,Ruby Tank Us Later Top,L,TP-GEO-set3-008-YSH-Burgundy-L,989.0,4,0,3956.0,121,https://cavaathleisure.com/products/ruby-tank-us-later-top
2026-09-25,Cava Athleisure,Ruby Tank Us Later Top,XL,TP-GEO-set3-008-YSH-Burgundy-XL,989.0,5,0,4945.0,17,https://cavaathleisure.com/products/ruby-tank-us-later-top
2026-09-25,Cava Athleisure,Steel Blue Swirl Tennis Skorts,XXS,WSKSET445BLXXS,1099.0,0,1,0.0,15,https://cavaathleisure.com/products/steel-blue-swirl-tennis-skorts
2026-09-25,Cava Athleisure,Steel Blue Swirl Tennis Skorts,XS,BTM-ying-set4-skort-blue-XS,1099.0,4,0,4396.0,22,https://cavaathleisure.com/products/steel-blue-swirl-tennis-skorts
2026-09-25,Cava Athleisure,Steel Blue Swirl Tennis Skorts,S,BTM-ying-set4-skort-blue-S,1099.0,7,0,7693.0,75,https://cavaathleisure.com/products/steel-blue-swirl-tennis-skorts
2026-09-25,Cava Athleisure,Steel Blue Swirl Tennis Skorts,M,BTM-ying-set4-skort-blue-M,1099.0,8,0,8792.0,104,https://cavaathleisure.com/products/steel-blue-swirl-tennis-skorts
2026-09-25,Cava Athleisure,Steel Blue Swirl Tennis Skorts,L,BTM-ying-set4-skort-blue-L,1099.0,1,0,1099.0,29,https://cavaathleisure.com/products/steel-blue-swirl-tennis-skorts
2026-09-25,Cava Athleisure,Steel Blue Swirl Tennis Skorts,XL,BTM-ying-set4-skort-blue-XL,1099.0,1,0,1099.0,3,https://cavaathleisure.com/products/steel-blue-swirl-tennis-skorts
2026-09-25,Cava Athleisure,Steel Blue Swirl Tennis Skorts,XXL,BTM-ying-set4-skort-blue-XXL,1099.0,2,0,2198.0,16,https://cavaathleisure.com/products/steel-blue-swirl-tennis-skorts
2026-09-25,Cava Athleisure,Steel Blue Swirl Tennis Skorts,XXL,WSKSET4L45BLXXL,1099.0,0,1,0.0,10,https://cavaathleisure.com/products/steel-blue-swirl-tennis-skorts
2026-09-25,Cava Athleisure,Steel Blue Swirl Tennis Skorts,XXXL,WSKSET4L45BLXXXL,1099.0,1,0,1099.0,12,https://cavaathleisure.com/products/steel-blue-swirl-tennis-skorts
2026-09-25,Cava Athleisure,Ivory Tank Us Later Top,XS,TP-GEO-set3-008-YSH-Ivory-XS,989.0,5,0,4945.0,113,https://cavaathleisure.com/products/ivory-tank-us-later-top
2026-09-25,Cava Athleisure,Ivory Tank Us Later Top,S,TP-GEO-set3-008-YSH-Ivory-S,989.0,9,0,8901.0,167,https://cavaathleisure.com/products/ivory-tank-us-later-top
2026-09-25,Cava Athleisure,Ivory Tank Us Later Top,M,TP-GEO-set3-008-YSH-Ivory-M,989.0,16,0,15824.0,177,https://cavaathleisure.com/products/ivory-tank-us-later-top
2026-09-25,Cava Athleisure,Ivory Tank Us Later Top,L,TP-GEO-set3-008-YSH-Ivory-L,989.0,1,0,989.0,93,https://cavaathleisure.com/products/ivory-tank-us-later-top
2026-09-25,Cava Athleisure,Ivory Tank Us Later Top,XL,TP-GEO-set3-008-YSH-Ivory-XL,989.0,0,1,0.0,32,https://cavaathleisure.com/products/ivory-tank-us-later-top
2026-09-25,Cava Athleisure,Sky Blue Sculpt Leggings,M,BEL511-Vamos-104-Lightblue-M,1099.0,3,0,3297.0,58,https://cavaathleisure.com/products/sky-blue-sculpt-leggings
2026-09-25,Cava Athleisure,Lilac Swirl Tennis Skorts,XXS,BTM-ying-set4-skort-purple-XXS,1099.0,1,0,1099.0,13,https://cavaathleisure.com/products/lilac-swirl-tennis-skort
2026-09-25,Cava Athleisure,Lilac Swirl Tennis Skorts,XS,BTM-ying-set4-skort-purple-XS,1099.0,1,0,1099.0,6,https://cavaathleisure.com/products/lilac-swirl-tennis-skort
2026-09-25,Cava Athleisure,Lilac Swirl Tennis Skorts,S,BTM-ying-set4-skort-purple-S,1099.0,3,0,3297.0,0,https://cavaathleisure.com/products/lilac-swirl-tennis-skort
2026-09-25,Cava Athleisure,Lilac Swirl Tennis Skorts,XXL,BTM-ying-set4-skort-purple-XXL,1099.0,3,0,3297.0,48,https://cavaathleisure.com/products/lilac-swirl-tennis-skort
2026-09-25,Cava Athleisure,Cappucino Cava Essential Sweatshirt,XS,TP536-VAMOS-98-CAPPUCCINO-XS,989.0,8,0,7912.0,52,https://cavaathleisure.com/products/cappucino-cava-essential-sweatshirt
2026-09-25,Cava Athleisure,Cappucino Cava Essential Sweatshirt,S,TP536-VAMOS-98-CAPPUCCINO-S,989.0,27,0,26703.0,108,https://cavaathleisure.com/products/cappucino-cava-essential-sweatshirt
2026-09-25,Cava Athleisure,Cappucino Cava Essential Sweatshirt,M,TP536-VAMOS-98-CAPPUCCINO-M,989.0,46,0,45494.0,211,https://cavaathleisure.com/products/cappucino-cava-essential-sweatshirt
2026-09-25,Cava Athleisure,Cappucino Cava Essential Sweatshirt,L,TP536-VAMOS-98-CAPPUCCINO-L,989.0,21,0,20769.0,177,https://cavaathleisure.com/products/cappucino-cava-essential-sweatshirt
2026-09-25,Cava Athleisure,Cappucino Cava Essential Sweatshirt,XL,TP536-VAMOS-98-CAPPUCCINO-XL,989.0,13,0,12857.0,122,https://cavaathleisure.com/products/cappucino-cava-essential-sweatshirt
2026-09-25,Cava Athleisure,Cappucino Cava Essential Sweatshirt,XXL,TP536-VAMOS-98-CAPPUCCINO-XXL,989.0,8,0,7912.0,69,https://cavaathleisure.com/products/cappucino-cava-essential-sweatshirt
2026-09-25,Cava Athleisure,Charcoal Zip-It-Up Top,XS,TP-RON-set13-1574-Light-black-XS,1264.0,1,0,1264.0,37,https://cavaathleisure.com/products/charcoal-zip-it-up-top
2026-09-25,Cava Athleisure,Mint Move Easy Leggings,XL,BTM-RON-set9-44849R-Lichen-XL,1374.0,1,0,1374.0,9,https://cavaathleisure.com/products/mint-move-easy-leggings
2026-09-25,Cava Athleisure,Mint Seamless Sculpt Tee,XL,TP-RON-set9-20230824-1-Lichen-XL,1099.0,1,0,1099.0,5,https://cavaathleisure.com/products/mint-seamless-sculpt-tee
2026-09-25,Cava Athleisure,Black Ease Wrap Top,S,TP-para-AWLC09-Jet-black-S,1209.0,3,0,3627.0,5,https://cavaathleisure.com/products/black-ease-wrap-top
2026-09-25,Cava Athleisure,Sand Ease Flare Pants,XXL,BTM-para-AWLC05-Irish-cream-XXL,1374.0,1,0,1374.0,0,https://cavaathleisure.com/products/taupe-ease-flare-pants
2026-09-25,Cava Athleisure,Blue Boxy Weekend Set,S,TP/BTM-shiv-AWLC21/22-Poseidon-S/L,2309.0,1,0,2309.0,0,https://cavaathleisure.com/products/blue-boxy-weekend-set
2026-09-25,Cava Athleisure,Blue Boxy Weekend Set,L,TP/BTM-shiv-AWLC21/22-Poseidon-L/L,2309.0,1,0,2309.0,0,https://cavaathleisure.com/products/blue-boxy-weekend-set
2026-09-25,Cava Athleisure,Blue Boxy Weekend Set,XL,TP/BTM-shiv-AWLC21/22-Poseidon-XL/L,2309.0,1,0,2309.0,0,https://cavaathleisure.com/products/blue-boxy-weekend-set
2026-09-25,Cava Athleisure,Brown Overlap Tee,XS,TP-RON-set2-007-RON-Hot-fudge-XS,934.0,0,75,0.0,75,https://cavaathleisure.com/products/brown-overlap-tee
2026-09-25,Cava Athleisure,Brown Overlap Tee,S,TP-RON-set2-007-RON-Hot-fudge-S,934.0,0,247,0.0,247,https://cavaathleisure.com/products/brown-overlap-tee
2026-09-25,Cava Athleisure,Brown Overlap Tee,M,TP-RON-set2-007-RON-Hot-fudge-M,934.0,0,183,0.0,183,https://cavaathleisure.com/products/brown-overlap-tee
2026-09-25,Cava Athleisure,Brown Overlap Tee,L,TP-RON-set2-007-RON-Hot-fudge-L,934.0,0,99,0.0,99,https://cavaathleisure.com/products/brown-overlap-tee
2026-09-25,Cava Athleisure,Brown Overlap Tee,XL,TP-RON-set2-007-RON-Hot-fudge-XL,934.0,0,77,0.0,77,https://cavaathleisure.com/products/brown-overlap-tee
2026-09-25,Cava Athleisure,Brown Overlap Tee,XXL,TP-RON-set2-007-RON-Hot-fudge-XXL,934.0,0,74,0.0,74,https://cavaathleisure.com/products/brown-overlap-tee
2026-09-25,Cava Athleisure,Black Overlap Tee,L,TP-RON-set2-007-RON-Jet-Black-L,934.0,0,1,0.0,1,https://cavaathleisure.com/products/black-overlap-tee
2026-09-25,Cava Athleisure,Blush Overlap Tee,XS,TP-RON-set2-007-RON-Sepia-Rose-XS,934.0,2,0,1868.0,33,https://cavaathleisure.com/products/blush-overlap-tee
2026-09-25,Cava Athleisure,Blush Overlap Tee,S,TP-RON-set2-007-RON-Sepia-Rose-S,934.0,0,1,0.0,1,https://cavaathleisure.com/products/blush-overlap-tee
2026-09-25,Cava Athleisure,Olive Sway Pants,XS/S,BTM-RON-set7-021-GEO-Forest-XS/S,1649.0,0,1,0.0,12,https://cavaathleisure.com/products/olive-sway-pants
2026-09-25,Cava Athleisure,White Cross Back Sports Bra,S,TP-RON-set1-019-MNO-Coconut-Milk-S,934.0,40,0,37360.0,0,https://cavaathleisure.com/products/white-cross-back-sports-bra
2026-09-25,Cava Athleisure,White Cross Back Sports Bra,M,TP-RON-set1-019-MNO-Coconut-Milk-M,934.0,24,0,22416.0,54,https://cavaathleisure.com/products/white-cross-back-sports-bra
2026-09-25,Cava Athleisure,White Cross Back Sports Bra,L,TP-RON-set1-019-MNO-Coconut-Milk-L,934.0,17,0,15878.0,83,https://cavaathleisure.com/products/white-cross-back-sports-bra
2026-09-25,Cava Athleisure,White Cross Back Sports Bra,XL,TP-RON-set1-019-MNO-Coconut-Milk-XL,934.0,12,0,11208.0,47,https://cavaathleisure.com/products/white-cross-back-sports-bra
2026-09-25,Cava Athleisure,White Cross Back Sports Bra,XXL,TP-RON-set1-019-MNO-Coconut-Milk-XXL,934.0,1,0,934.0,80,https://cavaathleisure.com/products/white-cross-back-sports-bra
2026-09-25,Cava Athleisure,Black Aerial Leggings,S,BTM-RON-set12-CK1429-Black-S,1374.0,2,0,2748.0,22,https://cavaathleisure.com/products/black-aerial-leggings
2026-09-25,Cava Athleisure,Black Super Stretch Brami,XS,TP-RON-set3-006-RON-Jet-Black-XS,934.0,11,0,10274.0,191,https://cavaathleisure.com/products/black-super-stretch-brami
2026-09-25,Cava Athleisure,Black Super Stretch Brami,S,TP-RON-set3-006-RON-Jet-Black-S,934.0,28,0,26152.0,394,https://cavaathleisure.com/products/black-super-stretch-brami
2026-09-25,Cava Athleisure,Black Super Stretch Brami,M,TP-RON-set3-006-RON-Jet-Black-M,934.0,29,0,27086.0,411,https://cavaathleisure.com/products/black-super-stretch-brami
2026-09-25,Cava Athleisure,Black Super Stretch Brami,L,TP-RON-set3-006-RON-Jet-Black-L,934.0,12,0,11208.0,305,https://cavaathleisure.com/products/black-super-stretch-brami
2026-09-25,Cava Athleisure,Black Super Stretch Brami,XL,TP-RON-set3-006-RON-Jet-Black-XL,934.0,7,0,6538.0,50,https://cavaathleisure.com/products/black-super-stretch-brami
2026-09-25,Cava Athleisure,Black Super Stretch Brami,XXL,TP-RON-set3-006-RON-Jet-Black-XXL,934.0,7,0,6538.0,80,https://cavaathleisure.com/products/black-super-stretch-brami
2026-09-25,Cava Athleisure,Black Cross Back Sports Bra,XS,TP-RON-set1-019-MNO-Jet-Black-XS,934.0,7,0,6538.0,294,https://cavaathleisure.com/products/black-cross-back-sports-bra
2026-09-25,Cava Athleisure,Black Cross Back Sports Bra,S,TP-RON-set1-019-MNO-Jet-Black-S,934.0,47,0,43898.0,1490,https://cavaathleisure.com/products/black-cross-back-sports-bra
2026-09-25,Cava Athleisure,Black Cross Back Sports Bra,M,TP-RON-set1-019-MNO-Jet-Black-M,934.0,67,0,62578.0,1146,https://cavaathleisure.com/products/black-cross-back-sports-bra
2026-09-25,Cava Athleisure,Black Cross Back Sports Bra,L,TP-RON-set1-019-MNO-Jet-Black-L,934.0,27,0,25218.0,874,https://cavaathleisure.com/products/black-cross-back-sports-bra
2026-09-25,Cava Athleisure,Black Cross Back Sports Bra,XL,TP-RON-set1-019-MNO-Jet-Black-XL,934.0,12,0,11208.0,541,https://cavaathleisure.com/products/black-cross-back-sports-bra
2026-09-25,Cava Athleisure,Black Cross Back Sports Bra,XXL,TP-RON-set1-019-MNO-Jet-Black-XXL,934.0,6,0,5604.0,310,https://cavaathleisure.com/products/black-cross-back-sports-bra
2026-09-25,Cava Athleisure,Brunette Super Stretch Brami,S,TP-RON-set3-006-RON-Sorrel-Horse-S,934.0,1,0,934.0,0,https://cavaathleisure.com/products/brunette-super-stretch-brami
2026-09-25,Cava Athleisure,Ruby Super Stretch Brami,XS,TP-RON-set3-006-RON-Anemone-XS,934.0,2,0,1868.0,366,https://cavaathleisure.com/products/ruby-super-stretch-brami
2026-09-25,Cava Athleisure,Ruby Super Stretch Brami,S,TP-RON-set3-006-RON-Anemone-S,934.0,11,0,10274.0,331,https://cavaathleisure.com/products/ruby-super-stretch-brami
2026-09-25,Cava Athleisure,Ruby Super Stretch Brami,M,TP-RON-set3-006-RON-Anemone-M,934.0,15,0,14010.0,341,https://cavaathleisure.com/products/ruby-super-stretch-brami
2026-09-25,Cava Athleisure,Ruby Super Stretch Brami,L,TP-RON-set3-006-RON-Anemone-L,934.0,1,0,934.0,99,https://cavaathleisure.com/products/ruby-super-stretch-brami
2026-09-25,Cava Athleisure,Ruby Super Stretch Brami,XL,TP-RON-set3-006-RON-Anemone-XL,934.0,2,0,1868.0,68,https://cavaathleisure.com/products/ruby-super-stretch-brami
2026-09-25,Cava Athleisure,Ruby Sky-Rise Leggings,XS,BTM-RON-set3-RON-Anemone-XS,1099.0,1,0,1099.0,167,https://cavaathleisure.com/products/ruby-sky-rise-leggings
2026-09-25,Cava Athleisure,Ruby Sky-Rise Leggings,S,BTM-RON-set3-RON-Anemone-S,1099.0,8,0,8792.0,525,https://cavaathleisure.com/products/ruby-sky-rise-leggings
2026-09-25,Cava Athleisure,Ruby Sky-Rise Leggings,M,BTM-RON-set3-RON-Anemone-M,1099.0,13,0,14287.0,528,https://cavaathleisure.com/products/ruby-sky-rise-leggings
2026-09-25,Cava Athleisure,Ruby Sky-Rise Leggings,L,BTM-RON-set3-RON-Anemone-L,1099.0,7,0,7693.0,419,https://cavaathleisure.com/products/ruby-sky-rise-leggings
2026-09-25,Cava Athleisure,Ruby Sky-Rise Leggings,XL,BTM-RON-set3-RON-Anemone-XL,1099.0,4,0,4396.0,112,https://cavaathleisure.com/products/ruby-sky-rise-leggings
2026-09-25,Cava Athleisure,Black Sky-Rise Leggings,XS,BTM-RON-set3-RON-Jet-Black-XS,1099.0,13,0,14287.0,222,https://cavaathleisure.com/products/black-sky-rise-leggings
2026-09-25,Cava Athleisure,Black Sky-Rise Leggings,S,BTM-RON-set3-RON-Jet-Black-S,1099.0,9,0,9891.0,289,https://cavaathleisure.com/products/black-sky-rise-leggings
2026-09-25,Cava Athleisure,Black Sky-Rise Leggings,M,BTM-RON-set3-RON-Jet-Black-M,1099.0,47,0,51653.0,140,https://cavaathleisure.com/products/black-sky-rise-leggings
2026-09-25,Cava Athleisure,Black Sky-Rise Leggings,L,BTM-RON-set3-RON-Jet-Black-L,1099.0,67,0,73633.0,161,https://cavaathleisure.com/products/black-sky-rise-leggings
2026-09-25,Cava Athleisure,Black Sky-Rise Leggings,XL,BTM-RON-set3-RON-Jet-Black-XL,1099.0,21,0,23079.0,45,https://cavaathleisure.com/products/black-sky-rise-leggings
2026-09-25,Cava Athleisure,Black Sky-Rise Leggings,XXL,BTM-RON-set3-RON-Jet-Black-XXL,1099.0,21,0,23079.0,74,https://cavaathleisure.com/products/black-sky-rise-leggings
2026-09-25,Cava Athleisure,Brunette Sky-Rise Leggings,S,BTM-RON-set3-RON-Sorrel-Horse-S,1099.0,0,1,0.0,207,https://cavaathleisure.com/products/brunette-sky-rise-leggings
2026-09-25,Cava Athleisure,Brunette Sky-Rise Leggings,M,BTM-RON-set3-RON-Sorrel-Horse-M,1099.0,8,0,8792.0,245,https://cavaathleisure.com/products/brunette-sky-rise-leggings
2026-09-25,Cava Athleisure,Ruby Racerback Tank,XS,TP-RON-set5-032-YSH-Anemone-XS,934.0,8,0,7472.0,20,https://cavaathleisure.com/products/ruby-racerback-tank
2026-09-25,Cava Athleisure,Ruby Racerback Tank,S,TP-RON-set5-032-YSH-Anemone-S,934.0,7,0,6538.0,55,https://cavaathleisure.com/products/ruby-racerback-tank
2026-09-25,Cava Athleisure,Ruby Racerback Tank,M,TP-RON-set5-032-YSH-Anemone-M,934.0,2,0,1868.0,0,https://cavaathleisure.com/products/ruby-racerback-tank
2026-09-25,Cava Athleisure,Ruby Racerback Tank,L,TP-RON-set5-032-YSH-Anemone-L,934.0,7,0,6538.0,6,https://cavaathleisure.com/products/ruby-racerback-tank
2026-09-25,Cava Athleisure,Ruby Racerback Tank,XXL,TP-RON-set5-032-YSH-Anemone-XXL,934.0,2,0,1868.0,1,https://cavaathleisure.com/products/ruby-racerback-tank
2026-09-25,Cava Athleisure,Blush Airflow Leggings,XS/S,BTM-RON-set5-010-YSH-Sepia-Rose-XS/S,1374.0,1,0,1374.0,5,https://cavaathleisure.com/products/blush-airflow-leggings
2026-09-25,Cava Athleisure,Blush Airflow Leggings,L,BTM-RON-set5-010-YSH-Sepia-Rose-L,1374.0,1,0,1374.0,0,https://cavaathleisure.com/products/blush-airflow-leggings
2026-09-25,Cava Athleisure,Ivory Sculptor Jacket,XS,TP-Reely-set5-jkt-Blanc-de-Blanc-XS,1264.0,11,0,13904.0,23,https://cavaathleisure.com/products/ivory-sculptor-jacket
2026-09-25,Cava Athleisure,Ivory Sculptor Jacket,L,TP-Reely-set5-jkt-Blanc-de-Blanc-L,1264.0,2,0,2528.0,0,https://cavaathleisure.com/products/ivory-sculptor-jacket
2026-09-25,Cava Athleisure,Ivory Sculptor Jacket,XL,TP-Reely-set5-jkt-Blanc-de-Blanc-XL,1264.0,8,0,10112.0,14,https://cavaathleisure.com/products/ivory-sculptor-jacket
2026-09-25,Cava Athleisure,Black Sculptor Jacket,XS,TP-Reely-set5-jkt-Jet-Black-XS,1264.0,13,0,16432.0,65,https://cavaathleisure.com/products/black-sculptor-jacket
2026-09-25,Cava Athleisure,Black Sculptor Jacket,S,TP-Reely-set5-jkt-Jet-Black-S,1264.0,41,0,51824.0,0,https://cavaathleisure.com/products/black-sculptor-jacket
2026-09-25,Cava Athleisure,Black Sculptor Jacket,M,TP-Reely-set5-jkt-Jet-Black-M,1264.0,12,0,15168.0,0,https://cavaathleisure.com/products/black-sculptor-jacket
2026-09-25,Cava Athleisure,Black Sculptor Jacket,L,TP-Reely-set5-jkt-Jet-Black-L,1264.0,49,0,61936.0,88,https://cavaathleisure.com/products/black-sculptor-jacket
2026-09-25,Cava Athleisure,Black Sculptor Jacket,XL,TP-Reely-set5-jkt-Jet-Black-XL,1264.0,15,0,18960.0,97,https://cavaathleisure.com/products/black-sculptor-jacket
2026-09-25,Cava Athleisure,Black Sculptor Jacket,XXL,TP-Reely-set5-jkt-Jet-Black-XXL,1264.0,17,0,21488.0,74,https://cavaathleisure.com/products/black-sculptor-jacket
2026-09-25,Cava Athleisure,Mauve Tank Us Later Top,XS,TP-GEO-set3-008-YSH-Dull-purple-18-XS,989.0,2,0,1978.0,180,https://cavaathleisure.com/products/mauve-tank-us-later-top
2026-09-25,Cava Athleisure,Mauve Tank Us Later Top,S,TP-GEO-set3-008-YSH-Dull-purple-18-S,989.0,6,0,5934.0,184,https://cavaathleisure.com/products/mauve-tank-us-later-top
2026-09-25,Cava Athleisure,Mauve Tank Us Later Top,M,TP-GEO-set3-008-YSH-Dull-purple-18-M,989.0,4,0,3956.0,166,https://cavaathleisure.com/products/mauve-tank-us-later-top
2026-09-25,Cava Athleisure,Mauve Tank Us Later Top,L,TP-GEO-set3-008-YSH-Dull-purple-18-L,989.0,2,0,1978.0,155,https://cavaathleisure.com/products/mauve-tank-us-later-top
2026-09-25,Cava Athleisure,Mauve Tank Us Later Top,XL,TP-GEO-set3-008-YSH-Dull-purple-18-XL,989.0,1,0,989.0,42,https://cavaathleisure.com/products/mauve-tank-us-later-top
2026-09-25,Cava Athleisure,Black Tank Us Later Top,XS,TP-GEO-set3-008-YSH-Black-02-XS,989.0,5,0,4945.0,19,https://cavaathleisure.com/products/black-tank-us-later-top
2026-09-25,Cava Athleisure,Black Tank Us Later Top,L,TP-GEO-set3-008-YSH-Black-02-L,989.0,1,0,989.0,0,https://cavaathleisure.com/products/black-tank-us-later-top
2026-09-25,Cava Athleisure,Black Tank Us Later Top,XL,TP-GEO-set3-008-YSH-Black-02-XL,989.0,4,0,3956.0,74,https://cavaathleisure.com/products/black-tank-us-later-top
2026-09-25,Cava Athleisure,Ivory Swirl Tennis Skorts,XS,BTM-Reely-set4-skirt-Blanc-de-Blanc-XS,1099.0,5,0,5495.0,12,https://cavaathleisure.com/products/ivory-swirl-tennis-skorts
2026-09-25,Cava Athleisure,Ivory Swirl Tennis Skorts,S,BTM-Reely-set4-skirt-Blanc-de-Blanc-S,1099.0,0,2,0.0,2,https://cavaathleisure.com/products/ivory-swirl-tennis-skorts
2026-09-25,Cava Athleisure,Ivory Swirl Tennis Skorts,S,WSKSET4L45WHS,1099.0,7,0,7693.0,76,https://cavaathleisure.com/products/ivory-swirl-tennis-skorts
2026-09-25,Cava Athleisure,Ivory Swirl Tennis Skorts,M,WSKSET4L45WHM,1099.0,12,0,13188.0,109,https://cavaathleisure.com/products/ivory-swirl-tennis-skorts
2026-09-25,Cava Athleisure,Ivory Swirl Tennis Skorts,L,BTM-Reely-set4-skirt-Blanc-de-Blanc-L,1099.0,0,1,0.0,1,https://cavaathleisure.com/products/ivory-swirl-tennis-skorts
2026-09-25,Cava Athleisure,Ivory Swirl Tennis Skorts,XL,BTM-Reely-set4-skirt-Blanc-de-Blanc-XL,1099.0,4,0,4396.0,3,https://cavaathleisure.com/products/ivory-swirl-tennis-skorts
2026-09-25,Cava Athleisure,Ivory Swirl Tennis Skorts,XXL,WSKSET4L45WHXXL,1099.0,2,0,2198.0,11,https://cavaathleisure.com/products/ivory-swirl-tennis-skorts
2026-09-25,Cava Athleisure,Ivory Swirl Tennis Skorts,XXXL,WSKSET4L45WHXXL,1099.0,1,0,1099.0,11,https://cavaathleisure.com/products/ivory-swirl-tennis-skorts
2026-09-25,Cava Athleisure,Black Swirl Tennis Skorts,XS,BTM-Reely-set4-skirt-Jet-Black-XS,1099.0,5,0,5495.0,485,https://cavaathleisure.com/products/black-swirl-tennis-skorts
2026-09-25,Cava Athleisure,Black Swirl Tennis Skorts,XS,WSKSET4L45BKXS,1099.0,1,0,1099.0,273,https://cavaathleisure.com/products/black-swirl-tennis-skorts
2026-09-25,Cava Athleisure,Black Swirl Tennis Skorts,S,BTM-Reely-set4-skirt-Jet-Black-S,1099.0,16,0,17584.0,631,https://cavaathleisure.com/products/black-swirl-tennis-skorts
2026-09-25,Cava Athleisure,Black Swirl Tennis Skorts,S,WSKSET4L45BKS,1099.0,6,0,6594.0,558,https://cavaathleisure.com/products/black-swirl-tennis-skorts
2026-09-25,Cava Athleisure,Black Swirl Tennis Skorts,M,BTM-Reely-set4-skirt-Jet-Black-M,1099.0,16,0,17584.0,743,https://cavaathleisure.com/products/black-swirl-tennis-skorts
2026-09-25,Cava Athleisure,Black Swirl Tennis Skorts,M,WSKSET4L45BKM,1099.0,9,0,9891.0,490,https://cavaathleisure.com/products/black-swirl-tennis-skorts
2026-09-25,Cava Athleisure,Black Swirl Tennis Skorts,L,BTM-Reely-set4-skirt-Jet-Black-L,1099.0,7,0,7693.0,440,https://cavaathleisure.com/products/black-swirl-tennis-skorts
2026-09-25,Cava Athleisure,Black Swirl Tennis Skorts,L,WSKSET4L45BKL,1099.0,15,0,16485.0,251,https://cavaathleisure.com/products/black-swirl-tennis-skorts
2026-09-25,Cava Athleisure,Black Swirl Tennis Skorts,XL,BTM-Reely-set4-skirt-Jet-Black-XL,1099.0,5,0,5495.0,199,https://cavaathleisure.com/products/black-swirl-tennis-skorts
2026-09-25,Cava Athleisure,Black Swirl Tennis Skorts,XL,WSKSET4L45BKXL,1099.0,3,0,3297.0,150,https://cavaathleisure.com/products/black-swirl-tennis-skorts
2026-09-25,Cava Athleisure,Black Swirl Tennis Skorts,XXL,BTM-Reely-set4-skirt-Jet-Black-XXL,1099.0,1,0,1099.0,109,https://cavaathleisure.com/products/black-swirl-tennis-skorts
2026-09-25,Cava Athleisure,Black Swirl Tennis Skorts,XXL,WSKSET4L45BKXXL,1099.0,6,0,6594.0,94,https://cavaathleisure.com/products/black-swirl-tennis-skorts
2026-09-25,Cava Athleisure,Slate Blue Seamless Cinched Activewear Set,S,TP/BTM-UD-Light-blue-S/S,1649.0,1,0,1649.0,186,https://cavaathleisure.com/products/slate-blue-seamless-cinched-activewear-set
2026-09-25,Cava Athleisure,Slate Blue Seamless Cinched Activewear Set,S,TP/BTM-UD-Light-blue-S/M,1649.0,6,0,9894.0,165,https://cavaathleisure.com/products/slate-blue-seamless-cinched-activewear-set
2026-09-25,Cava Athleisure,Slate Blue Seamless Cinched Activewear Set,S,TP/BTM-UD-Light-blue-S/L,1649.0,3,0,4947.0,71,https://cavaathleisure.com/products/slate-blue-seamless-cinched-activewear-set
2026-09-25,Cava Athleisure,Slate Blue Seamless Cinched Activewear Set,M,TP/BTM-UD-Light-blue-M/S,1649.0,6,0,9894.0,204,https://cavaathleisure.com/products/slate-blue-seamless-cinched-activewear-set
2026-09-25,Cava Athleisure,Slate Blue Seamless Cinched Activewear Set,M,TP/BTM-UD-Light-blue-M/M,1649.0,6,0,9894.0,165,https://cavaathleisure.com/products/slate-blue-seamless-cinched-activewear-set
2026-09-25,Cava Athleisure,Slate Blue Seamless Cinched Activewear Set,M,TP/BTM-UD-Light-blue-M/L,1649.0,3,0,4947.0,71,https://cavaathleisure.com/products/slate-blue-seamless-cinched-activewear-set
2026-09-25,Cava Athleisure,Slate Blue Seamless Cinched Activewear Set,L,TP/BTM-UD-Light-blue-L/S,1649.0,3,0,4947.0,155,https://cavaathleisure.com/products/slate-blue-seamless-cinched-activewear-set
2026-09-25,Cava Athleisure,Slate Blue Seamless Cinched Activewear Set,L,TP/BTM-UD-Light-blue-L/M,1649.0,3,0,4947.0,155,https://cavaathleisure.com/products/slate-blue-seamless-cinched-activewear-set
2026-09-25,Cava Athleisure,Slate Blue Seamless Cinched Activewear Set,L,TP/BTM-UD-Light-blue-L/L,1649.0,4,0,6596.0,71,https://cavaathleisure.com/products/slate-blue-seamless-cinched-activewear-set
2026-09-25,Cava Athleisure,Auburn Seamless Cinched Activewear Set,S,TP/BTM-UD-Wine-red-S/S,1649.0,5,0,8245.0,300,https://cavaathleisure.com/products/auburn-seamless-cinched-activewear-set
2026-09-25,Cava Athleisure,Auburn Seamless Cinched Activewear Set,S,TP/BTM-UD-Wine-red-S/M,1649.0,5,0,8245.0,300,https://cavaathleisure.com/products/auburn-seamless-cinched-activewear-set
2026-09-25,Cava Athleisure,Auburn Seamless Cinched Activewear Set,S,TP/BTM-UD-Wine-red-S/L,1649.0,5,0,8245.0,300,https://cavaathleisure.com/products/auburn-seamless-cinched-activewear-set
2026-09-25,Cava Athleisure,Auburn Seamless Cinched Activewear Set,M,TP/BTM-UD-Wine-red-M/S,1649.0,7,0,11543.0,99,https://cavaathleisure.com/products/auburn-seamless-cinched-activewear-set
2026-09-25,Cava Athleisure,Auburn Seamless Cinched Activewear Set,M,TP/BTM-UD-Wine-red-M/M,1649.0,7,0,11543.0,99,https://cavaathleisure.com/products/auburn-seamless-cinched-activewear-set
2026-09-25,Cava Athleisure,Auburn Seamless Cinched Activewear Set,M,TP/BTM-UD-Wine-red-M/L,1649.0,7,0,11543.0,99,https://cavaathleisure.com/products/auburn-seamless-cinched-activewear-set
2026-09-25,Cava Athleisure,Auburn Seamless Cinched Activewear Set,L,TP/BTM-UD-Wine-red-L/S,1649.0,3,0,4947.0,76,https://cavaathleisure.com/products/auburn-seamless-cinched-activewear-set
2026-09-25,Cava Athleisure,Auburn Seamless Cinched Activewear Set,L,TP/BTM-UD-Wine-red-L/M,1649.0,3,0,4947.0,76,https://cavaathleisure.com/products/auburn-seamless-cinched-activewear-set
2026-09-25,Cava Athleisure,Auburn Seamless Cinched Activewear Set,L,TP/BTM-UD-Wine-red-L/L,1649.0,3,0,4947.0,76,https://cavaathleisure.com/products/auburn-seamless-cinched-activewear-set
2026-09-25,Cava Athleisure,Raven Black Seamless Cinched Activewear set,S,TP/BTM-UD-Jet-Black-S/S,1649.0,17,0,28033.0,296,https://cavaathleisure.com/products/raven-black-seamless-cinched-activewear-set
2026-09-25,Cava Athleisure,Raven Black Seamless Cinched Activewear set,S,TP/BTM-UD-Jet-Black-S/M,1649.0,18,0,29682.0,260,https://cavaathleisure.com/products/raven-black-seamless-cinched-activewear-set
2026-09-25,Cava Athleisure,Raven Black Seamless Cinched Activewear set,S,TP/BTM-UD-Jet-Black-S/L,1649.0,17,0,28033.0,337,https://cavaathleisure.com/products/raven-black-seamless-cinched-activewear-set
2026-09-25,Cava Athleisure,Raven Black Seamless Cinched Activewear set,M,TP/BTM-UD-Jet-Black-M/S,1649.0,15,0,24735.0,332,https://cavaathleisure.com/products/raven-black-seamless-cinched-activewear-set
2026-09-25,Cava Athleisure,Raven Black Seamless Cinched Activewear set,M,TP/BTM-UD-Jet-Black-M/M,1649.0,16,0,26384.0,296,https://cavaathleisure.com/products/raven-black-seamless-cinched-activewear-set
2026-09-25,Cava Athleisure,Raven Black Seamless Cinched Activewear set,M,TP/BTM-UD-Jet-Black-M/L,1649.0,15,0,24735.0,373,https://cavaathleisure.com/products/raven-black-seamless-cinched-activewear-set
2026-09-25,Cava Athleisure,Raven Black Seamless Cinched Activewear set,L,TP/BTM-UD-Jet-Black-L/S,1649.0,10,0,16490.0,336,https://cavaathleisure.com/products/raven-black-seamless-cinched-activewear-set
2026-09-25,Cava Athleisure,Raven Black Seamless Cinched Activewear set,L,TP/BTM-UD-Jet-Black-L/M,1649.0,13,0,21437.0,298,https://cavaathleisure.com/products/raven-black-seamless-cinched-activewear-set
2026-09-25,Cava Athleisure,Raven Black Seamless Cinched Activewear set,L,TP/BTM-UD-Jet-Black-L/L,1649.0,10,0,16490.0,377,https://cavaathleisure.com/products/raven-black-seamless-cinched-activewear-set
2026-09-25,Cava Athleisure,Slate Blue Seamless Cinched Leggings,XS,BTM-UD-Light-blue-XS,934.0,3,0,2802.0,72,https://cavaathleisure.com/products/slate-blue-seamless-cinched-leggings
2026-09-25,Cava Athleisure,Slate Blue Seamless Cinched Leggings,S,BTM-UD-Light-blue-S,934.0,1,0,934.0,623,https://cavaathleisure.com/products/slate-blue-seamless-cinched-leggings
2026-09-25,Cava Athleisure,Slate Blue Seamless Cinched Leggings,M,BTM-UD-Light-blue-M,934.0,8,0,7472.0,289,https://cavaathleisure.com/products/slate-blue-seamless-cinched-leggings
2026-09-25,Cava Athleisure,Slate Blue Seamless Cinched Leggings,L,BTM-UD-Light-blue-L,934.0,6,0,5604.0,107,https://cavaathleisure.com/products/slate-blue-seamless-cinched-leggings
2026-09-25,Cava Athleisure,Slate Blue Seamless Cinched Leggings,XL,BTM-UD-Light-Blue-XL,934.0,2,0,1868.0,97,https://cavaathleisure.com/products/slate-blue-seamless-cinched-leggings
2026-09-25,Cava Athleisure,Slate Blue Seamless Cinched Leggings,XXL,BTM-UD-Light-blue-XXL,934.0,1,0,934.0,48,https://cavaathleisure.com/products/slate-blue-seamless-cinched-leggings
2026-09-25,Cava Athleisure,Auburn Contoured Seamless Sports Bra,XS,TP-UD-Wine-red-XS,659.0,1,0,659.0,99,https://cavaathleisure.com/products/auburn-contoured-seamless-sports-bra
2026-09-25,Cava Athleisure,Auburn Contoured Seamless Sports Bra,S,TP-UD-Wine red-S,659.0,5,0,3295.0,303,https://cavaathleisure.com/products/auburn-contoured-seamless-sports-bra
2026-09-25,Cava Athleisure,Auburn Contoured Seamless Sports Bra,M,TP-UD-Wine red-M,659.0,7,0,4613.0,102,https://cavaathleisure.com/products/auburn-contoured-seamless-sports-bra
2026-09-25,Cava Athleisure,Auburn Contoured Seamless Sports Bra,L,TP-UD-Wine red-L,659.0,3,0,1977.0,79,https://cavaathleisure.com/products/auburn-contoured-seamless-sports-bra
2026-09-25,Cava Athleisure,Auburn Contoured Seamless Sports Bra,XL,TP-UD-Wine-red-XL,659.0,0,1,0.0,63,https://cavaathleisure.com/products/auburn-contoured-seamless-sports-bra
2026-09-25,Cava Athleisure,Auburn Seamless Cinched Leggings,XS,BTM-UD-wine-red-XS,934.0,8,0,7472.0,140,https://cavaathleisure.com/products/auburn-seamless-cinched-leggings
2026-09-25,Cava Athleisure,Auburn Seamless Cinched Leggings,S,BTM-UD-Wine red-S,934.0,6,0,5604.0,806,https://cavaathleisure.com/products/auburn-seamless-cinched-leggings
2026-09-25,Cava Athleisure,Auburn Seamless Cinched Leggings,M,BTM-UD-Wine red-M,934.0,7,0,6538.0,599,https://cavaathleisure.com/products/auburn-seamless-cinched-leggings
2026-09-25,Cava Athleisure,Auburn Seamless Cinched Leggings,L,BTM-UD-Wine red-L,934.0,6,0,5604.0,410,https://cavaathleisure.com/products/auburn-seamless-cinched-leggings
2026-09-25,Cava Athleisure,Auburn Seamless Cinched Leggings,XL,BTM-UD-wine-red-XL,934.0,56,0,52304.0,85,https://cavaathleisure.com/products/auburn-seamless-cinched-leggings
2026-09-25,Cava Athleisure,Auburn Seamless Cinched Leggings,XXL,BTM-UD-Wine-red-XXL,934.0,17,0,15878.0,80,https://cavaathleisure.com/products/auburn-seamless-cinched-leggings
2026-09-25,Cava Athleisure,Raven Black Seamless Cinched Leggings,XS,BTM-UD-Jet-Black-XS,934.0,5,0,4670.0,348,https://cavaathleisure.com/products/raven-black-seamless-cinched-leggings
2026-09-25,Cava Athleisure,Raven Black Seamless Cinched Leggings,S,BTM-UD-Jet-Black-S,934.0,16,0,14944.0,657,https://cavaathleisure.com/products/raven-black-seamless-cinched-leggings
2026-09-25,Cava Athleisure,Raven Black Seamless Cinched Leggings,M,BTM-UD-Jet-Black-M,934.0,10,0,9340.0,477,https://cavaathleisure.com/products/raven-black-seamless-cinched-leggings
2026-09-25,Cava Athleisure,Raven Black Seamless Cinched Leggings,L,BTM-UD-Jet-Black-L,934.0,17,0,15878.0,598,https://cavaathleisure.com/products/raven-black-seamless-cinched-leggings
2026-09-25,Cava Athleisure,Raven Black Seamless Cinched Leggings,XL,BTM-UD-Jet-Black-XL,934.0,9,0,8406.0,486,https://cavaathleisure.com/products/raven-black-seamless-cinched-leggings
2026-09-25,Cava Athleisure,Raven Black Seamless Cinched Leggings,XXL,BTM-UD-Jet-Black-XXL,934.0,2,0,1868.0,354,https://cavaathleisure.com/products/raven-black-seamless-cinched-leggings
2026-09-25,Cava Athleisure,Slate Blue Contoured Seamless Sports Bra,XS,TP-UD-Light-blue-XS,659.0,1,0,659.0,63,https://cavaathleisure.com/products/slate-blue-contoured-seamless-sports-bra
2026-09-25,Cava Athleisure,Slate Blue Contoured Seamless Sports Bra,S,TP-UD-Light blue-S,659.0,1,0,659.0,189,https://cavaathleisure.com/products/slate-blue-contoured-seamless-sports-bra
2026-09-25,Cava Athleisure,Slate Blue Contoured Seamless Sports Bra,M,TP-UD-Light blue-M,659.0,7,0,4613.0,205,https://cavaathleisure.com/products/slate-blue-contoured-seamless-sports-bra
2026-09-25,Cava Athleisure,Slate Blue Contoured Seamless Sports Bra,L,TP-UD-Light blue-L,659.0,3,0,1977.0,158,https://cavaathleisure.com/products/slate-blue-contoured-seamless-sports-bra
2026-09-25,Cava Athleisure,Slate Blue Contoured Seamless Sports Bra,XL,TP-UD-Light-blue-XL,659.0,1,0,659.0,47,https://cavaathleisure.com/products/slate-blue-contoured-seamless-sports-bra
2026-09-25,Cava Athleisure,Raven Black Contoured Seamless Sports Bra,XS,TP-UD-Jet-Black-XS,659.0,41,0,27019.0,116,https://cavaathleisure.com/products/raven-black-contoured-seamless-sports-bra
2026-09-25,Cava Athleisure,Raven Black Contoured Seamless Sports Bra,S,TP-UD-Jet Black-S,659.0,18,0,11862.0,613,https://cavaathleisure.com/products/raven-black-contoured-seamless-sports-bra
2026-09-25,Cava Athleisure,Raven Black Contoured Seamless Sports Bra,M,TP-UD-Jet Black-M,659.0,24,0,15816.0,389,https://cavaathleisure.com/products/raven-black-contoured-seamless-sports-bra
2026-09-25,Cava Athleisure,Raven Black Contoured Seamless Sports Bra,L,TP-UD-Jet Black-L,659.0,33,0,21747.0,382,https://cavaathleisure.com/products/raven-black-contoured-seamless-sports-bra
2026-09-25,Cava Athleisure,Raven Black Contoured Seamless Sports Bra,XL,TP-UD-Jet-Black-XL,659.0,16,0,10544.0,183,https://cavaathleisure.com/products/raven-black-contoured-seamless-sports-bra
2026-09-25,Cava Athleisure,Raven Black Contoured Seamless Sports Bra,XXL,TP-UD-Jet-Black-XXL,659.0,4,0,2636.0,117,https://cavaathleisure.com/products/raven-black-contoured-seamless-sports-bra
2026-09-25,Cava Athleisure,Moscow Blue Cava Essential Sweatshirt,XS,TP536-Vamos-87-MoscowBlue-XS,989.0,7,0,6923.0,270,https://cavaathleisure.com/products/moscow-blue-cava-essential-sweatshirt
2026-09-25,Cava Athleisure,Moscow Blue Cava Essential Sweatshirt,S,TP536-Vamos-87-MoscowBlue-S,989.0,29,0,28681.0,436,https://cavaathleisure.com/products/moscow-blue-cava-essential-sweatshirt
2026-09-25,Cava Athleisure,Moscow Blue Cava Essential Sweatshirt,M,TP536-Vamos-87-MoscowBlue-M,989.0,46,0,45494.0,500,https://cavaathleisure.com/products/moscow-blue-cava-essential-sweatshirt
2026-09-25,Cava Athleisure,Moscow Blue Cava Essential Sweatshirt,L,TP536-Vamos-87-MoscowBlue-L,989.0,25,0,24725.0,419,https://cavaathleisure.com/products/moscow-blue-cava-essential-sweatshirt
2026-09-25,Cava Athleisure,Moscow Blue Cava Essential Sweatshirt,XL,TP536-Vamos-87-MoscowBlue-XL,989.0,14,0,13846.0,220,https://cavaathleisure.com/products/moscow-blue-cava-essential-sweatshirt
2026-09-25,Cava Athleisure,Arctic White Straight Leg Slit Joggers,M,JR534-Vamos-75-ArticWhite-M,1264.0,2,0,2528.0,22,https://cavaathleisure.com/products/arctic-white-straight-leg-slit-joggers-1
2026-09-25,Cava Athleisure,Boston Black Cava Essential Sweatshirt,XS,TP536-Vamos-88-BostonBlack-XS,989.0,3,0,2967.0,64,https://cavaathleisure.com/products/boston-black-cava-essential-sweatshirt-1
2026-09-25,Cava Athleisure,Boston Black Cava Essential Sweatshirt,S,TP536-Vamos-88-BostonBlack-S,989.0,13,0,12857.0,149,https://cavaathleisure.com/products/boston-black-cava-essential-sweatshirt-1
2026-09-25,Cava Athleisure,Boston Black Cava Essential Sweatshirt,M,TP536-Vamos-88-BostonBlack-M,989.0,0,1,0.0,43,https://cavaathleisure.com/products/boston-black-cava-essential-sweatshirt-1
2026-09-25,Cava Athleisure,Boston Black Cava Essential Sweatshirt,XL,TP536-Vamos-88-BostonBlack-XL,989.0,3,0,2967.0,10,https://cavaathleisure.com/products/boston-black-cava-essential-sweatshirt-1
2026-09-25,Cava Athleisure,Navy Ribbed Round Neck Tee,L,Tee-sol2.0-64-navy-L,824.0,0,1,0.0,32,https://cavaathleisure.com/products/navy-ribbed-round-neck-tee
2026-09-25,Cava Athleisure,Black Slim Fit Jogger,XL,jgr-sol-20-BLK-XL,1099.0,1,0,1099.0,8,https://cavaathleisure.com/products/black-slim-fit-jogger
2026-09-25,Cava Athleisure,Black Pinstripe Hoodie,M,HD-sol-17-BLK-M,1374.0,1,0,1374.0,46,https://cavaathleisure.com/products/black-pinstripe-hoodie
2026-09-25,Musclemind,Womens Seamless Leggings + Womens Seamless Slim fit T-shirt (Teal),XS,,2599.0,1,0,2599.0,28,https://musclemind.com/products/womens-seamless-leggings-womens-seamless-slim-fit-t-shirt-teal
2026-09-25,Musclemind,Womens Seamless Leggings + Womens Seamless Slim fit T-shirt (Teal),XS,,2599.0,1,0,2599.0,28,https://musclemind.com/products/womens-seamless-leggings-womens-seamless-slim-fit-t-shirt-teal
2026-09-25,Musclemind,Womens Seamless Leggings + Womens Seamless Slim fit T-shirt (Teal),XS,,2599.0,1,0,2599.0,28,https://musclemind.com/products/womens-seamless-leggings-womens-seamless-slim-fit-t-shirt-teal
2026-09-25,Musclemind,Womens Seamless Leggings + Womens Seamless Slim fit T-shirt (Teal),XS,,2599.0,1,0,2599.0,28,https://musclemind.com/products/womens-seamless-leggings-womens-seamless-slim-fit-t-shirt-teal
2026-09-25,Musclemind,Womens Seamless Leggings + Womens Seamless Slim fit T-shirt (Teal),S,,2599.0,2,0,5198.0,29,https://musclemind.com/products/womens-seamless-leggings-womens-seamless-slim-fit-t-shirt-teal
2026-09-25,Musclemind,Womens Seamless Leggings + Womens Seamless Slim fit T-shirt (Teal),S,,2599.0,2,0,5198.0,96,https://musclemind.com/products/womens-seamless-leggings-womens-seamless-slim-fit-t-shirt-teal
2026-09-25,Musclemind,Womens Seamless Leggings + Womens Seamless Slim fit T-shirt (Teal),S,,2599.0,2,0,5198.0,82,https://musclemind.com/products/womens-seamless-leggings-womens-seamless-slim-fit-t-shirt-teal
2026-09-25,Musclemind,Womens Seamless Leggings + Womens Seamless Slim fit T-shirt (Teal),M,,2599.0,2,0,5198.0,29,https://musclemind.com/products/womens-seamless-leggings-womens-seamless-slim-fit-t-shirt-teal
2026-09-25,Musclemind,Womens Seamless Leggings + Womens Seamless Slim fit T-shirt (Teal),M,,2599.0,2,0,5198.0,88,https://musclemind.com/products/womens-seamless-leggings-womens-seamless-slim-fit-t-shirt-teal
2026-09-25,Musclemind,Womens Seamless Leggings + Womens Seamless Slim fit T-shirt (Teal),M,,2599.0,2,0,5198.0,82,https://musclemind.com/products/womens-seamless-leggings-womens-seamless-slim-fit-t-shirt-teal
2026-09-25,Musclemind,Womens Seamless Leggings + Womens Seamless Slim fit T-shirt (Teal),L,,2599.0,2,0,5198.0,29,https://musclemind.com/products/womens-seamless-leggings-womens-seamless-slim-fit-t-shirt-teal
2026-09-25,Musclemind,Womens Seamless Leggings + Womens Seamless Slim fit T-shirt (Teal),L,,2599.0,1,0,2599.0,69,https://musclemind.com/products/womens-seamless-leggings-womens-seamless-slim-fit-t-shirt-teal
2026-09-25,Musclemind,Womens Seamless Leggings + Womens Seamless Slim fit T-shirt (Teal),L,,2599.0,1,0,2599.0,69,https://musclemind.com/products/womens-seamless-leggings-womens-seamless-slim-fit-t-shirt-teal
2026-09-25,Musclemind,Womens Seamless Leggings + Womens Seamless Slim fit T-shirt (Teal),L,,2599.0,1,0,2599.0,69,https://musclemind.com/products/womens-seamless-leggings-womens-seamless-slim-fit-t-shirt-teal
2026-09-25,Musclemind,Seamless Compression Half Sleeve T-shirt,S,8906189275968.0,2599.0,7,0,18193.0,53,https://musclemind.com/products/seamless-compression-half-sleeve-t-shirt
2026-09-25,Musclemind,Seamless Compression Half Sleeve T-shirt,M,8906189275975.0,2599.0,3,0,7797.0,91,https://musclemind.com/products/seamless-compression-half-sleeve-t-shirt
2026-09-25,Musclemind,Seamless Compression Half Sleeve T-shirt,L,8906189275982.0,2599.0,2,0,5198.0,92,https://musclemind.com/products/seamless-compression-half-sleeve-t-shirt
2026-09-25,Musclemind,Seamless Compression Half Sleeve T-shirt,XL,8906189275999.0,2599.0,5,0,12995.0,82,https://musclemind.com/products/seamless-compression-half-sleeve-t-shirt
2026-09-25,Musclemind,Womens Seamless Leggings + Womens Seamless Slim fit T-shirt (Purple),S,,2599.0,2,0,5198.0,94,https://musclemind.com/products/womens-seamless-leggings-womens-seamless-slim-fit-t-shirt-purple
2026-09-25,Musclemind,Womens Seamless Leggings + Womens Seamless Slim fit T-shirt (Purple),S,,2599.0,2,0,5198.0,93,https://musclemind.com/products/womens-seamless-leggings-womens-seamless-slim-fit-t-shirt-purple
2026-09-25,Musclemind,Womens Seamless Leggings + Womens Seamless Slim fit T-shirt (Purple),M,,2599.0,2,0,5198.0,93,https://musclemind.com/products/womens-seamless-leggings-womens-seamless-slim-fit-t-shirt-purple
2026-09-25,Musclemind,Womens Seamless Leggings + Womens Seamless Slim fit T-shirt (Purple),M,,2599.0,2,0,5198.0,93,https://musclemind.com/products/womens-seamless-leggings-womens-seamless-slim-fit-t-shirt-purple
2026-09-25,Musclemind,Womens Tank Top + Womens Cycling Shorts (Black),XS,,1999.0,2,0,3998.0,2,https://musclemind.com/products/womens-tank-top-womens-cycling-shorts-black
2026-09-25,Musclemind,Womens Tank Top + Womens Cycling Shorts (Black),XS,,1999.0,2,0,3998.0,2,https://musclemind.com/products/womens-tank-top-womens-cycling-shorts-black
2026-09-25,Musclemind,Womens Tank Top + Womens Cycling Shorts (Black),M,,1999.0,2,0,3998.0,2,https://musclemind.com/products/womens-tank-top-womens-cycling-shorts-black
2026-09-25,Musclemind,Womens Tank Top + Womens Cycling Shorts (Black),M,,1999.0,2,0,3998.0,7,https://musclemind.com/products/womens-tank-top-womens-cycling-shorts-black
2026-09-25,Musclemind,Womens Tank Top + Womens Cycling Shorts (Black),L,,1999.0,2,0,3998.0,2,https://musclemind.com/products/womens-tank-top-womens-cycling-shorts-black
2026-09-25,Musclemind,Womens Seamless Leggings + Womens Seamless Slim fit T-shirt (Black),S,,2599.0,2,0,5198.0,45,https://musclemind.com/products/womens-seamless-leggings-womens-seamless-slim-fit-t-shirt-black
2026-09-25,Musclemind,Womens Seamless Leggings + Womens Seamless Slim fit T-shirt (Black),S,,2599.0,2,0,5198.0,45,https://musclemind.com/products/womens-seamless-leggings-womens-seamless-slim-fit-t-shirt-black
2026-09-25,Musclemind,Womens Seamless Leggings + Womens Seamless Slim fit T-shirt (Black),S,,2599.0,2,0,5198.0,45,https://musclemind.com/products/womens-seamless-leggings-womens-seamless-slim-fit-t-shirt-black
2026-09-25,Musclemind,Womens Seamless Leggings + Womens Seamless Slim fit T-shirt (Black),M,,2599.0,2,0,5198.0,27,https://musclemind.com/products/womens-seamless-leggings-womens-seamless-slim-fit-t-shirt-black
2026-09-25,Musclemind,Womens Seamless Leggings + Womens Seamless Slim fit T-shirt (Black),M,,2599.0,2,0,5198.0,27,https://musclemind.com/products/womens-seamless-leggings-womens-seamless-slim-fit-t-shirt-black
2026-09-25,Musclemind,Womens Seamless Leggings + Womens Seamless Slim fit T-shirt (Black),M,,2599.0,2,0,5198.0,27,https://musclemind.com/products/womens-seamless-leggings-womens-seamless-slim-fit-t-shirt-black
2026-09-25,Musclemind,Womens Tank Top + Womens Cycling Shorts (Teal),S,,1999.0,2,0,3998.0,1,https://musclemind.com/products/womens-tank-top-womens-cycling-shorts-teal
2026-09-25,Musclemind,Womens Tank Top + Womens Cycling Shorts (Teal),S,,1999.0,2,0,3998.0,1,https://musclemind.com/products/womens-tank-top-womens-cycling-shorts-teal
2026-09-25,Musclemind,Womens Tank Top + Womens Cycling Shorts (Teal),S,,1999.0,2,0,3998.0,1,https://musclemind.com/products/womens-tank-top-womens-cycling-shorts-teal
2026-09-25,Musclemind,Womens Tank Top + Womens Cycling Shorts (Teal),S,,1999.0,2,0,3998.0,1,https://musclemind.com/products/womens-tank-top-womens-cycling-shorts-teal
2026-09-25,Musclemind,Womens Tank Top + Womens Cycling Shorts (Teal),M,,1999.0,2,0,3998.0,12,https://musclemind.com/products/womens-tank-top-womens-cycling-shorts-teal
2026-09-25,Musclemind,Womens Tank Top + Womens Cycling Shorts (Teal),M,,1999.0,2,0,3998.0,19,https://musclemind.com/products/womens-tank-top-womens-cycling-shorts-teal
2026-09-25,Musclemind,Womens Tank Top + Womens Cycling Shorts (Teal),L,,1999.0,2,0,3998.0,12,https://musclemind.com/products/womens-tank-top-womens-cycling-shorts-teal
2026-09-25,Musclemind,Womens Tank Top + Womens Cycling Shorts (Pink),M,,1999.0,2,0,3998.0,17,https://musclemind.com/products/womens-tank-top-womens-cycling-shorts-pink
2026-09-25,Musclemind,Womens Tank Top + Womens Cycling Shorts (Pink),M,,1999.0,2,0,3998.0,10,https://musclemind.com/products/womens-tank-top-womens-cycling-shorts-pink
2026-09-25,Musclemind,Womens Tank Top + Womens Cycling Shorts (Pink),L,,1999.0,2,0,3998.0,23,https://musclemind.com/products/womens-tank-top-womens-cycling-shorts-pink
2026-09-25,Musclemind,Womens Tank Top + Womens Cycling Shorts (Pink),L,,1999.0,2,0,3998.0,10,https://musclemind.com/products/womens-tank-top-womens-cycling-shorts-pink
2026-09-25,Musclemind,Womens Tank Top + Womens Biker Shorts (Black),XS,,1999.0,2,0,3998.0,2,https://musclemind.com/products/womens-tank-top-womens-biker-shorts-black
2026-09-25,Musclemind,Womens Tank Top + Womens Biker Shorts (Black),XS,,1999.0,2,0,3998.0,2,https://musclemind.com/products/womens-tank-top-womens-biker-shorts-black
2026-09-25,Musclemind,Womens Tank Top + Womens Biker Shorts (Black),M,,1999.0,2,0,3998.0,5,https://musclemind.com/products/womens-tank-top-womens-biker-shorts-black
2026-09-25,Musclemind,Womens Tank Top + Womens Biker Shorts (Black),M,,1999.0,2,0,3998.0,7,https://musclemind.com/products/womens-tank-top-womens-biker-shorts-black
2026-09-25,Musclemind,Womens Tank Top + Womens Biker Shorts (Black),L,,1999.0,2,0,3998.0,5,https://musclemind.com/products/womens-tank-top-womens-biker-shorts-black
2026-09-25,Musclemind,Womens Tank Top + Womens Biker Shorts (Black),L,,1999.0,2,0,3998.0,15,https://musclemind.com/products/womens-tank-top-womens-biker-shorts-black
2026-09-25,Musclemind,Womens Tank Top + Womens Biker Shorts (Pink),M,,1999.0,2,0,3998.0,10,https://musclemind.com/products/womens-tank-top-womens-biker-shorts-pink
2026-09-25,Musclemind,Womens Tank Top + Womens Biker Shorts (Pink),M,,1999.0,2,0,3998.0,17,https://musclemind.com/products/womens-tank-top-womens-biker-shorts-pink
2026-09-25,Musclemind,Womens Tank Top + Womens Biker Shorts (Pink),L,,1999.0,2,0,3998.0,10,https://musclemind.com/products/womens-tank-top-womens-biker-shorts-pink
2026-09-25,Musclemind,Womens Tank Top + Womens Biker Shorts (Pink),L,,1999.0,2,0,3998.0,19,https://musclemind.com/products/womens-tank-top-womens-biker-shorts-pink
2026-09-25,Musclemind,Womens Tank Top + Womens Biker Shorts (Teal),S,,1999.0,2,0,3998.0,1,https://musclemind.com/products/womens-tank-top-womens-biker-shorts-teal
2026-09-25,Musclemind,Womens Tank Top + Womens Biker Shorts (Teal),S,,1999.0,2,0,3998.0,1,https://musclemind.com/products/womens-tank-top-womens-biker-shorts-teal
2026-09-25,Musclemind,Womens Tank Top + Womens Biker Shorts (Teal),S,,1999.0,2,0,3998.0,1,https://musclemind.com/products/womens-tank-top-womens-biker-shorts-teal
2026-09-25,Musclemind,Womens Tank Top + Womens Biker Shorts (Teal),M,,1999.0,2,0,3998.0,15,https://musclemind.com/products/womens-tank-top-womens-biker-shorts-teal
2026-09-25,Musclemind,Womens Tank Top + Womens Biker Shorts (Teal),M,,1999.0,2,0,3998.0,17,https://musclemind.com/products/womens-tank-top-womens-biker-shorts-teal
2026-09-25,Musclemind,Womens Tank Top + Womens Biker Shorts (Teal),L,,1999.0,2,0,3998.0,15,https://musclemind.com/products/womens-tank-top-womens-biker-shorts-teal
2026-09-25,Musclemind,Womens Tank Top + Womens Biker Shorts (Teal),L,,1999.0,2,0,3998.0,17,https://musclemind.com/products/womens-tank-top-womens-biker-shorts-teal
2026-09-25,Musclemind,Womens Sports Bra + Womens Cycling Shorts (Teal),S,,2699.0,2,0,5398.0,7,https://musclemind.com/products/womens-sports-bra-womens-cycling-shorts-teal
2026-09-25,Musclemind,Womens Sports Bra + Womens Cycling Shorts (Teal),S,,2699.0,2,0,5398.0,7,https://musclemind.com/products/womens-sports-bra-womens-cycling-shorts-teal
2026-09-25,Musclemind,Womens Sports Bra + Womens Cycling Shorts (Teal),S,,2699.0,2,0,5398.0,7,https://musclemind.com/products/womens-sports-bra-womens-cycling-shorts-teal
2026-09-25,Musclemind,Womens Sports Bra + Womens Cycling Shorts (Teal),M,,2699.0,2,0,5398.0,12,https://musclemind.com/products/womens-sports-bra-womens-cycling-shorts-teal
2026-09-25,Musclemind,Womens Sports Bra + Womens Cycling Shorts (Teal),M,,2699.0,2,0,5398.0,41,https://musclemind.com/products/womens-sports-bra-womens-cycling-shorts-teal
2026-09-25,Musclemind,Womens Sports Bra + Womens Cycling Shorts (Teal),L,,2699.0,2,0,5398.0,12,https://musclemind.com/products/womens-sports-bra-womens-cycling-shorts-teal
2026-09-25,Musclemind,Womens Sports Bra + Womens Cycling Shorts (Teal),L,,2699.0,2,0,5398.0,41,https://musclemind.com/products/womens-sports-bra-womens-cycling-shorts-teal
2026-09-25,Musclemind,Womens Sports Bra + Womens Cycling Shorts (Pink),M,,2699.0,2,0,5398.0,43,https://musclemind.com/products/womens-sports-bra-womens-cycling-shorts-pink
2026-09-25,Musclemind,Womens Sports Bra + Womens Cycling Shorts (Pink),M,,2699.0,2,0,5398.0,10,https://musclemind.com/products/womens-sports-bra-womens-cycling-shorts-pink
2026-09-25,Musclemind,Womens Sports Bra + Womens Cycling Shorts (Pink),L,,2699.0,2,0,5398.0,43,https://musclemind.com/products/womens-sports-bra-womens-cycling-shorts-pink
2026-09-25,Musclemind,Womens Sports Bra + Womens Cycling Shorts (Pink),L,,2699.0,2,0,5398.0,10,https://musclemind.com/products/womens-sports-bra-womens-cycling-shorts-pink
2026-09-25,Musclemind,Womens Sports Bra + Womens Biker Shorts (Black),M,,2599.0,2,0,5198.0,5,https://musclemind.com/products/womens-sports-bra-womens-biker-shorts-black
2026-09-25,Musclemind,Womens Sports Bra + Womens Biker Shorts (Black),M,,2599.0,2,0,5198.0,15,https://musclemind.com/products/womens-sports-bra-womens-biker-shorts-black
2026-09-25,Musclemind,Womens Sports Bra + Womens Biker Shorts (Black),L,,2599.0,2,0,5198.0,5,https://musclemind.com/products/womens-sports-bra-womens-biker-shorts-black
2026-09-25,Musclemind,Womens Sports Bra + Womens Biker Shorts (Black),L,,2599.0,2,0,5198.0,15,https://musclemind.com/products/womens-sports-bra-womens-biker-shorts-black
2026-09-25,Musclemind,Womens Sports Bra + Womens Cycling Shorts (Black),M,,2699.0,2,0,5398.0,2,https://musclemind.com/products/womens-sports-bra-womens-cycling-shorts-black
2026-09-25,Musclemind,Womens Sports Bra + Womens Cycling Shorts (Black),M,,2699.0,2,0,5398.0,23,https://musclemind.com/products/womens-sports-bra-womens-cycling-shorts-black
2026-09-25,Musclemind,Womens Sports Bra + Womens Cycling Shorts (Black),L,,2699.0,2,0,5398.0,2,https://musclemind.com/products/womens-sports-bra-womens-cycling-shorts-black
2026-09-25,Musclemind,Womens Sports Bra + Womens Cycling Shorts (Black),L,,2699.0,2,0,5398.0,23,https://musclemind.com/products/womens-sports-bra-womens-cycling-shorts-black
2026-09-25,Musclemind,Womens Sports Bra + Womens Biker Shorts (Pink),M,,2599.0,2,0,5198.0,10,https://musclemind.com/products/womens-sports-bra-womens-biker-shorts-pink
2026-09-25,Musclemind,Womens Sports Bra + Womens Biker Shorts (Pink),M,,2599.0,2,0,5198.0,19,https://musclemind.com/products/womens-sports-bra-womens-biker-shorts-pink
2026-09-25,Musclemind,Womens Sports Bra + Womens Biker Shorts (Pink),L,,2599.0,2,0,5198.0,10,https://musclemind.com/products/womens-sports-bra-womens-biker-shorts-pink
2026-09-25,Musclemind,Womens Sports Bra + Womens Biker Shorts (Pink),L,,2599.0,2,0,5198.0,19,https://musclemind.com/products/womens-sports-bra-womens-biker-shorts-pink
2026-09-25,Musclemind,Womens Sports Bra + Womens Biker Shorts (Teal),S,,2599.0,2,0,5198.0,7,https://musclemind.com/products/womens-sports-bra-womens-biker-shorts-teal
2026-09-25,Musclemind,Womens Sports Bra + Womens Biker Shorts (Teal),S,,2599.0,2,0,5198.0,7,https://musclemind.com/products/womens-sports-bra-womens-biker-shorts-teal
2026-09-25,Musclemind,Womens Sports Bra + Womens Biker Shorts (Teal),M,,2599.0,2,0,5198.0,15,https://musclemind.com/products/womens-sports-bra-womens-biker-shorts-teal
2026-09-25,Musclemind,Womens Sports Bra + Womens Biker Shorts (Teal),M,,2599.0,2,0,5198.0,17,https://musclemind.com/products/womens-sports-bra-womens-biker-shorts-teal
2026-09-25,Musclemind,Womens Sports Bra + Womens Biker Shorts (Teal),L,,2599.0,2,0,5198.0,15,https://musclemind.com/products/womens-sports-bra-womens-biker-shorts-teal
2026-09-25,Musclemind,Womens Sports Bra + Womens Biker Shorts (Teal),L,,2599.0,2,0,5198.0,17,https://musclemind.com/products/womens-sports-bra-womens-biker-shorts-teal
2026-09-25,Musclemind,Mens Cloud Ease Oversized Hoodie + Mens Cloud Ease Cargo Pants (Desert Dune),S,,4999.0,2,0,9998.0,9,https://musclemind.com/products/mens-cloud-ease-oversized-hoodie-mens-cloud-ease-cargo-pants-desert-dune
2026-09-25,Musclemind,Mens Cloud Ease Oversized Hoodie + Mens Cloud Ease Cargo Pants (Desert Dune),S,,4999.0,2,0,9998.0,32,https://musclemind.com/products/mens-cloud-ease-oversized-hoodie-mens-cloud-ease-cargo-pants-desert-dune
2026-09-25,Musclemind,Mens Cloud Ease Oversized Hoodie + Mens Cloud Ease Cargo Pants (Desert Dune),M,,4999.0,2,0,9998.0,9,https://musclemind.com/products/mens-cloud-ease-oversized-hoodie-mens-cloud-ease-cargo-pants-desert-dune
2026-09-25,Musclemind,Mens Cloud Ease Oversized Hoodie + Mens Cloud Ease Cargo Pants (Desert Dune),M,,4999.0,2,0,9998.0,10,https://musclemind.com/products/mens-cloud-ease-oversized-hoodie-mens-cloud-ease-cargo-pants-desert-dune
2026-09-25,Musclemind,Mens Cloud Ease Oversized Hoodie + Mens Cloud Ease Cargo Pants (Desert Dune),M,,4999.0,2,0,9998.0,10,https://musclemind.com/products/mens-cloud-ease-oversized-hoodie-mens-cloud-ease-cargo-pants-desert-dune
2026-09-25,Musclemind,Mens Cloud Ease Oversized Hoodie + Mens Cloud Ease Cargo Pants (Desert Dune),M,,4999.0,2,0,9998.0,10,https://musclemind.com/products/mens-cloud-ease-oversized-hoodie-mens-cloud-ease-cargo-pants-desert-dune
2026-09-25,Musclemind,Mens Cloud Ease Oversized Hoodie + Mens Cloud Ease Cargo Pants (Desert Dune),L,,4999.0,2,0,9998.0,9,https://musclemind.com/products/mens-cloud-ease-oversized-hoodie-mens-cloud-ease-cargo-pants-desert-dune
2026-09-25,Musclemind,Mens Cloud Ease Oversized Hoodie + Mens Cloud Ease Cargo Pants (Desert Dune),L,,4999.0,2,0,9998.0,18,https://musclemind.com/products/mens-cloud-ease-oversized-hoodie-mens-cloud-ease-cargo-pants-desert-dune
2026-09-25,Musclemind,Seamless Sports Bra + Seamless Workout Leggings (Black),XS,,2999.0,2,0,5998.0,8,https://musclemind.com/products/seamless-sports-bra-seamless-workout-leggings-black
2026-09-25,Musclemind,Seamless Sports Bra + Seamless Workout Leggings (Black),S,,2999.0,2,0,5998.0,8,https://musclemind.com/products/seamless-sports-bra-seamless-workout-leggings-black
2026-09-25,Musclemind,Seamless Sports Bra + Seamless Workout Leggings (Black),L,,2999.0,2,0,5998.0,8,https://musclemind.com/products/seamless-sports-bra-seamless-workout-leggings-black
2026-09-25,Musclemind,Seamless Sports Bra + Seamless Workout Leggings (Mauve),S,,2999.0,0,1,0.0,52,https://musclemind.com/products/seamless-sports-bra-seamless-workout-leggings-mauve
2026-09-25,Musclemind,Seamless Sports Bra + Seamless Workout Leggings (Mauve),S,,2999.0,2,0,5998.0,38,https://musclemind.com/products/seamless-sports-bra-seamless-workout-leggings-mauve
2026-09-25,Musclemind,Seamless Sports Bra + Seamless Workout Leggings (Mauve),S,,2999.0,0,1,0.0,52,https://musclemind.com/products/seamless-sports-bra-seamless-workout-leggings-mauve
2026-09-25,Musclemind,Armouron Muscle Enhance Compression T-shirt,S,8906189275920.0,2499.0,2,0,4998.0,43,https://musclemind.com/products/armouron-muscle-enhance-compression-t-shirt-1
2026-09-25,Musclemind,Armouron Muscle Enhance Compression T-shirt,XL,8906189275951.0,2499.0,2,0,4998.0,40,https://musclemind.com/products/armouron-muscle-enhance-compression-t-shirt-1
2026-09-25,Musclemind,Armouron Muscle Enhance Compression T-shirt,M,8906189275852.0,2499.0,1,0,2499.0,0,https://musclemind.com/products/armouron-muscle-enhance-compression-t-shirt
2026-09-25,Musclemind,Armouron Muscle Enhance Compression T-shirt,XL,8906189275876.0,2499.0,1,0,2499.0,0,https://musclemind.com/products/armouron-muscle-enhance-compression-t-shirt
2026-09-25,Musclemind,Armouron Superhero Compression T-shirt,M,8906189275739.0,2499.0,2,0,4998.0,107,https://musclemind.com/products/armouron-superhero-compression-t-shirt-1
2026-09-25,Musclemind,Armouron Superhero Compression T-shirt,L,8906189275746.0,2499.0,2,0,4998.0,113,https://musclemind.com/products/armouron-superhero-compression-t-shirt-1
2026-09-25,Musclemind,Mens Cloud Ease Oversized Hoodie + Urban Carry-On Cargo Pants (Black),S,,4999.0,2,0,9998.0,14,https://musclemind.com/products/mens-cloud-ease-oversized-hoodie-urban-carry-on-cargo-pants-black
2026-09-25,Musclemind,Mens Cloud Ease Oversized Hoodie + Urban Carry-On Cargo Pants (Black),S,,4999.0,2,0,9998.0,18,https://musclemind.com/products/mens-cloud-ease-oversized-hoodie-urban-carry-on-cargo-pants-black
2026-09-25,Musclemind,Mens Cloud Ease Oversized Hoodie + Urban Carry-On Cargo Pants (Black),M,,4999.0,1,0,4999.0,0,https://musclemind.com/products/mens-cloud-ease-oversized-hoodie-urban-carry-on-cargo-pants-black
2026-09-25,Musclemind,Mens Cloud Ease Oversized Hoodie + Urban Carry-On Cargo Pants (Black),M,,4999.0,1,0,4999.0,0,https://musclemind.com/products/mens-cloud-ease-oversized-hoodie-urban-carry-on-cargo-pants-black
2026-09-25,Musclemind,Mens Cloud Ease Oversized Hoodie + Urban Carry-On Cargo Pants (Black),M,,4999.0,1,0,4999.0,0,https://musclemind.com/products/mens-cloud-ease-oversized-hoodie-urban-carry-on-cargo-pants-black
2026-09-25,Musclemind,Mens Cloud Ease Oversized Hoodie + Urban Carry-On Cargo Pants (Black),M,,4999.0,1,0,4999.0,0,https://musclemind.com/products/mens-cloud-ease-oversized-hoodie-urban-carry-on-cargo-pants-black
2026-09-25,Musclemind,Mens Cloud Ease Oversized Hoodie + Urban Carry-On Cargo Pants (Black),M,,4999.0,1,0,4999.0,0,https://musclemind.com/products/mens-cloud-ease-oversized-hoodie-urban-carry-on-cargo-pants-black
2026-09-25,Musclemind,Mens Cloud Ease Oversized Hoodie + Urban Carry-On Cargo Pants (Black),XL,,4999.0,1,0,4999.0,6,https://musclemind.com/products/mens-cloud-ease-oversized-hoodie-urban-carry-on-cargo-pants-black
2026-09-25,Musclemind,Mens Cloud Ease Oversized Hoodie + Urban Carry-On Cargo Pants (Black),XL,,4999.0,2,0,9998.0,6,https://musclemind.com/products/mens-cloud-ease-oversized-hoodie-urban-carry-on-cargo-pants-black
2026-09-25,Musclemind,Mens Cloud Ease Oversized Hoodie + Urban Carry-On Cargo Pants (Black),XL,,4999.0,2,0,9998.0,6,https://musclemind.com/products/mens-cloud-ease-oversized-hoodie-urban-carry-on-cargo-pants-black
2026-09-25,Musclemind,Mens Cloud Ease Oversized Hoodie + Urban Carry-On Cargo Pants (Black),XL,,4999.0,2,0,9998.0,6,https://musclemind.com/products/mens-cloud-ease-oversized-hoodie-urban-carry-on-cargo-pants-black
2026-09-25,Musclemind,Mens Cloud Ease Oversized Hoodie + Urban Carry-On Cargo Pants (Black),XL,,4999.0,2,0,9998.0,6,https://musclemind.com/products/mens-cloud-ease-oversized-hoodie-urban-carry-on-cargo-pants-black
2026-09-25,Musclemind,Armouron Superhero Compression T-shirt,M,8906189275777.0,2499.0,2,0,4998.0,110,https://musclemind.com/products/armouron-superhero-compression-t-shirt
2026-09-25,Musclemind,Armouron Superhero Compression T-shirt,L,8906189275784.0,2499.0,2,0,4998.0,114,https://musclemind.com/products/armouron-superhero-compression-t-shirt
2026-09-25,Musclemind,High Waist Flare Pants,XS,8906189276149.0,1999.0,3,0,5997.0,6,https://musclemind.com/products/high-waist-flare-pants-3
2026-09-25,Musclemind,High Waist Flare Pants,S,8906189276156.0,1999.0,3,0,5997.0,29,https://musclemind.com/products/high-waist-flare-pants-3
2026-09-25,Musclemind,High Waist Flare Pants,M,8906189276163.0,1999.0,3,0,5997.0,40,https://musclemind.com/products/high-waist-flare-pants-3
2026-09-25,Musclemind,High Waist Flare Pants,L,8906189276170.0,1999.0,3,0,5997.0,47,https://musclemind.com/products/high-waist-flare-pants-3
2026-09-25,Musclemind,High Waist Flare Pants,XL,8906189276187.0,1999.0,3,0,5997.0,27,https://musclemind.com/products/high-waist-flare-pants-3
2026-09-25,Musclemind,High Waist Flare Pants,XXL,8906189276194.0,1999.0,3,0,5997.0,6,https://musclemind.com/products/high-waist-flare-pants-3
2026-09-25,Musclemind,Armouron Superhero Compression T-shirt,M,8906189275814.0,2499.0,2,0,4998.0,112,https://musclemind.com/products/superhero-compression-t-shirt
2026-09-25,Musclemind,Armouron Superhero Compression T-shirt,L,8906189275821.0,2499.0,2,0,4998.0,112,https://musclemind.com/products/superhero-compression-t-shirt
2026-09-25,Musclemind,High Waist Flare Pants,XS,8906189276200.0,1999.0,3,0,5997.0,3,https://musclemind.com/products/high-waist-flare-pants-2
2026-09-25,Musclemind,High Waist Flare Pants,S,8906189276217.0,1999.0,3,0,5997.0,14,https://musclemind.com/products/high-waist-flare-pants-2
2026-09-25,Musclemind,High Waist Flare Pants,M,8906189276224.0,1999.0,3,0,5997.0,34,https://musclemind.com/products/high-waist-flare-pants-2
2026-09-25,Musclemind,High Waist Flare Pants,L,8906189276231.0,1999.0,3,0,5997.0,35,https://musclemind.com/products/high-waist-flare-pants-2
2026-09-25,Musclemind,High Waist Flare Pants,XL,8906189276248.0,1999.0,3,0,5997.0,19,https://musclemind.com/products/high-waist-flare-pants-2
2026-09-25,Musclemind,High Waist Flare Pants,XXL,8906189276255.0,1999.0,3,0,5997.0,2,https://musclemind.com/products/high-waist-flare-pants-2
2026-09-25,Musclemind,Armouron Muscle Enhance Compression T-shirt,L,8906189275906.0,2499.0,1,0,2499.0,0,https://musclemind.com/products/armouron-muscle-enhance-compression-t-shirt-2
2026-09-25,Musclemind,Armouron Muscle Enhance Compression T-shirt,XL,8906189275913.0,2499.0,1,0,2499.0,0,https://musclemind.com/products/armouron-muscle-enhance-compression-t-shirt-2
2026-09-25,Musclemind,High Waist Flare Pants,XS,8906189276262.0,1999.0,3,0,5997.0,3,https://musclemind.com/products/high-waist-flare-pants-1
2026-09-25,Musclemind,High Waist Flare Pants,S,8906189276279.0,1999.0,3,0,5997.0,29,https://musclemind.com/products/high-waist-flare-pants-1
2026-09-25,Musclemind,High Waist Flare Pants,M,8906189276286.0,1999.0,3,0,5997.0,40,https://musclemind.com/products/high-waist-flare-pants-1
2026-09-25,Musclemind,High Waist Flare Pants,L,8906189276293.0,1999.0,3,0,5997.0,52,https://musclemind.com/products/high-waist-flare-pants-1
2026-09-25,Musclemind,High Waist Flare Pants,XL,8906189276309.0,1999.0,3,0,5997.0,29,https://musclemind.com/products/high-waist-flare-pants-1
2026-09-25,Musclemind,High Waist Flare Pants,XXL,8906189276316.0,1999.0,3,0,5997.0,5,https://musclemind.com/products/high-waist-flare-pants-1
2026-09-25,Musclemind,High Waist Flare Pants,XS,8906189276088.0,1999.0,3,0,5997.0,7,https://musclemind.com/products/high-waist-flare-pants
2026-09-25,Musclemind,High Waist Flare Pants,S,8906189276095.0,1999.0,3,0,5997.0,28,https://musclemind.com/products/high-waist-flare-pants
2026-09-25,Musclemind,High Waist Flare Pants,M,8906189276101.0,1999.0,3,0,5997.0,45,https://musclemind.com/products/high-waist-flare-pants
2026-09-25,Musclemind,High Waist Flare Pants,L,8906189276118.0,1999.0,3,0,5997.0,44,https://musclemind.com/products/high-waist-flare-pants
2026-09-25,Musclemind,High Waist Flare Pants,XL,8906189276125.0,1999.0,3,0,5997.0,29,https://musclemind.com/products/high-waist-flare-pants
2026-09-25,Musclemind,High Waist Flare Pants,XXL,8906189276132.0,1999.0,3,0,5997.0,6,https://musclemind.com/products/high-waist-flare-pants
2026-09-25,Musclemind,High Waist Flare Pants,XS,8906189275616.0,1999.0,3,0,5997.0,9,https://musclemind.com/products/high-waist-flare-pants-navy-blue
2026-09-25,Musclemind,High Waist Flare Pants,S,8906189275623.0,1999.0,3,0,5997.0,31,https://musclemind.com/products/high-waist-flare-pants-navy-blue
2026-09-25,Musclemind,High Waist Flare Pants,M,8906189275630.0,1999.0,3,0,5997.0,25,https://musclemind.com/products/high-waist-flare-pants-navy-blue
2026-09-25,Musclemind,High Waist Flare Pants,L,8906189275647.0,1999.0,3,0,5997.0,19,https://musclemind.com/products/high-waist-flare-pants-navy-blue
2026-09-25,Musclemind,High Waist Flare Pants,XL,8906189275654.0,1999.0,1,0,1999.0,0,https://musclemind.com/products/high-waist-flare-pants-navy-blue
2026-09-25,Musclemind,Core Training Ultralight T-shirt,M,8906189275029.0,1799.0,2,0,3598.0,10,https://musclemind.com/products/core-training-ultralight-t-shirt-2
2026-09-25,Musclemind,Core Training Ultralight T-shirt,L,8906189275036.0,1799.0,2,0,3598.0,10,https://musclemind.com/products/core-training-ultralight-t-shirt-2
2026-09-25,Musclemind,Core Training Ultralight T-shirt,M,8906189274923.0,1799.0,2,0,3598.0,6,https://musclemind.com/products/core-training-ultralight-t-shirt-1
2026-09-25,Musclemind,Core Training Ultralight T-shirt,L,8906189274930.0,1799.0,2,0,3598.0,13,https://musclemind.com/products/core-training-ultralight-t-shirt-1
2026-09-25,Musclemind,Core Training Ultralight T-shirt,M,8906189274978.0,1799.0,2,0,3598.0,3,https://musclemind.com/products/core-training-ultralight-t-shirt
2026-09-25,Musclemind,Core Training Ultralight T-shirt,L,8906189274985.0,1799.0,2,0,3598.0,11,https://musclemind.com/products/core-training-ultralight-t-shirt
2026-09-25,Musclemind,Core Training Ultralight T-shirt,XL,8906189274992.0,1799.0,2,0,3598.0,5,https://musclemind.com/products/core-training-ultralight-t-shirt
2026-09-25,Musclemind,Essential Performance T-shirt,M,8906189275470.0,1799.0,2,0,3598.0,6,https://musclemind.com/products/essential-performance-t-shirt-1
2026-09-25,Musclemind,Essential Performance T-shirt,L,8906189275487.0,1799.0,2,0,3598.0,6,https://musclemind.com/products/essential-performance-t-shirt-1
2026-09-25,Musclemind,Essential Performance T-shirt,M,8906189275524.0,1799.0,2,0,3598.0,9,https://musclemind.com/products/essential-performance-t-shirt
2026-09-25,Musclemind,Essential Performance T-shirt,L,8906189275531.0,1799.0,2,0,3598.0,3,https://musclemind.com/products/essential-performance-t-shirt
2026-09-25,Musclemind,Core Motion Training T-shirt,M,8906189275128.0,1599.0,2,0,3198.0,11,https://musclemind.com/products/core-motion-training-t-shirt-1
2026-09-25,Musclemind,Core Motion Training T-shirt,L,8906189275135.0,1599.0,2,0,3198.0,13,https://musclemind.com/products/core-motion-training-t-shirt-1
2026-09-25,Musclemind,Core Motion Training T-shirt,M,8906189275074.0,1599.0,2,0,3198.0,12,https://musclemind.com/products/core-motion-training-t-shirt
2026-09-25,Musclemind,Core Motion Training T-shirt,L,8906189275081.0,1599.0,2,0,3198.0,10,https://musclemind.com/products/core-motion-training-t-shirt
2026-09-25,Musclemind,Core Motion Training T-shirt,L,8906189275180.0,1599.0,2,0,3198.0,1,https://musclemind.com/products/core-motion-training-t-shirt-2
2026-09-25,Musclemind,Core Motion Training T-shirt,XL,8906189275197.0,1599.0,2,0,3198.0,3,https://musclemind.com/products/core-motion-training-t-shirt-2
2026-09-25,Musclemind,Cozy Go Trackpants,S,8906189274664.0,3599.0,2,0,7198.0,24,https://musclemind.com/products/cozy-wide-leg-trackpants-black
2026-09-25,Musclemind,Cozy Go Trackpants,M,8906189274671.0,3599.0,2,0,7198.0,20,https://musclemind.com/products/cozy-wide-leg-trackpants-black
2026-09-25,Musclemind,Cozy Go Trackpants,S,8906189274718.0,3599.0,2,0,7198.0,6,https://musclemind.com/products/cozy-wide-leg-trackpants-brown
2026-09-25,Musclemind,Cozy Go Trackpants,M,8906189274725.0,3599.0,2,0,7198.0,22,https://musclemind.com/products/cozy-wide-leg-trackpants-brown
2026-09-25,Musclemind,Urban Carry-On Cargo Pants,M,8906189274763.0,3699.0,2,0,7398.0,23,https://musclemind.com/products/urban-carry-on-cargopants-brown
2026-09-25,Musclemind,Urban Carry-On Cargo Pants,L,8906189274770.0,3699.0,2,0,7398.0,18,https://musclemind.com/products/urban-carry-on-cargopants-brown
2026-09-25,Musclemind,Urban Carry-On Cargo Pants,M,8906189274817.0,3699.0,2,0,7398.0,14,https://musclemind.com/products/urban-carry-on-cargopants-black
2026-09-25,Musclemind,Urban Carry-On Cargo Pants,L,8906189274824.0,3699.0,2,0,7398.0,18,https://musclemind.com/products/urban-carry-on-cargopants-black
2026-09-25,Musclemind,Urban Quarter Zip Sweatshirt,M,8906189274510.0,2599.0,2,0,5198.0,8,https://musclemind.com/products/urban-quarter-zip-sweatshirt-brown
2026-09-25,Musclemind,Urban Quarter Zip Sweatshirt,L,8906189274527.0,2599.0,2,0,5198.0,18,https://musclemind.com/products/urban-quarter-zip-sweatshirt-brown
2026-09-25,Musclemind,Urban Quarter Zip Sweatshirt,L,8906189274473.0,2599.0,2,0,5198.0,4,https://musclemind.com/products/urban-quarter-zip-sweatshirt
2026-09-25,Musclemind,Urban Quarter Zip Sweatshirt,XL,8906189274480.0,2599.0,2,0,5198.0,4,https://musclemind.com/products/urban-quarter-zip-sweatshirt
2026-09-25,Musclemind,Mens Cloud Ease Oversized Hoodie,M,8906189270949.0,2599.0,2,0,5198.0,10,https://musclemind.com/products/mens-cloud-ease-oversized-hoodie-desert-dune
2026-09-25,Musclemind,Mens Cloud Ease Oversized Hoodie,L,8906189270956.0,2599.0,2,0,5198.0,18,https://musclemind.com/products/mens-cloud-ease-oversized-hoodie-desert-dune
2026-09-25,Musclemind,Mens Cloud Ease Oversized Hoodie,M,8906189270895.0,2599.0,1,0,2599.0,0,https://musclemind.com/products/mens-cloud-ease-oversized-hoodie-shadow-black
2026-09-25,Musclemind,Mens Cloud Ease Oversized Hoodie,XL,8906189270918.0,2599.0,2,0,5198.0,6,https://musclemind.com/products/mens-cloud-ease-oversized-hoodie-shadow-black
2026-09-25,Musclemind,Womens Seamless Slim fit T-shirt,S,8906189274411.0,1299.0,2,0,2598.0,97,https://musclemind.com/products/womens-seamless-slim-fit-t-shirt-purple
2026-09-25,Musclemind,Womens Seamless Slim fit T-shirt,M,8906189274428.0,1299.0,2,0,2598.0,93,https://musclemind.com/products/womens-seamless-slim-fit-t-shirt-purple
2026-09-25,Musclemind,Womens Seamless Slim fit T-shirt,S,8906189274312.0,1299.0,2,0,2598.0,95,https://musclemind.com/products/womens-seamless-slim-fit-t-shirt-black
2026-09-25,Musclemind,Womens Seamless Slim fit T-shirt,M,8906189274329.0,1299.0,2,0,2598.0,90,https://musclemind.com/products/womens-seamless-slim-fit-t-shirt-black
2026-09-25,Musclemind,Womens Seamless Slim fit T-shirt,XS,8906189274350.0,1299.0,2,0,2598.0,29,https://musclemind.com/products/womens-seamless-slim-fit-t-shirt-teal
2026-09-25,Musclemind,Womens Seamless Slim fit T-shirt,S,8906189274367.0,1299.0,2,0,2598.0,101,https://musclemind.com/products/womens-seamless-slim-fit-t-shirt-teal
2026-09-25,Musclemind,Womens Seamless Slim fit T-shirt,M,8906189274374.0,1299.0,2,0,2598.0,82,https://musclemind.com/products/womens-seamless-slim-fit-t-shirt-teal
2026-09-25,Musclemind,Womens Seamless Leggings,S,8906189273964.0,2199.0,2,0,4398.0,94,https://musclemind.com/products/womens-seamless-leggings-purple
2026-09-25,Musclemind,Womens Seamless Leggings,M,8906189273971.0,2199.0,2,0,4398.0,93,https://musclemind.com/products/womens-seamless-leggings-purple
2026-09-25,Musclemind,Womens Seamless Leggings,XS,8906189273902.0,2199.0,1,0,2199.0,28,https://musclemind.com/products/womens-seamless-leggings-teal
2026-09-25,Musclemind,Womens Seamless Leggings,S,8906189273919.0,2199.0,2,0,4398.0,96,https://musclemind.com/products/womens-seamless-leggings-teal
2026-09-25,Musclemind,Womens Seamless Leggings,M,8906189273926.0,2199.0,2,0,4398.0,88,https://musclemind.com/products/womens-seamless-leggings-teal
2026-09-25,Musclemind,Womens Seamless Leggings,L,8906189273933.0,2199.0,1,0,2199.0,69,https://musclemind.com/products/womens-seamless-leggings-teal
2026-09-25,Musclemind,Womens Seamless Leggings,S,8906189273865.0,2199.0,2,0,4398.0,45,https://musclemind.com/products/womens-seamless-leggings-black
2026-09-25,Musclemind,Womens Seamless Leggings,M,8906189273872.0,2199.0,2,0,4398.0,27,https://musclemind.com/products/womens-seamless-leggings-black
2026-09-25,Musclemind,Womens Biker Shorts,M,8906189273827.0,1899.0,2,0,3798.0,10,https://musclemind.com/products/womens-biker-shorts-pink
2026-09-25,Musclemind,Womens Biker Shorts,L,8906189273834.0,1899.0,2,0,3798.0,19,https://musclemind.com/products/womens-biker-shorts-pink
2026-09-25,Musclemind,Womens Biker Shorts,M,8906189273773.0,1899.0,2,0,3798.0,15,https://musclemind.com/products/womens-biker-shorts-teal
2026-09-25,Musclemind,Womens Biker Shorts,L,8906189273780.0,1899.0,2,0,3798.0,17,https://musclemind.com/products/womens-biker-shorts-teal
2026-09-25,Musclemind,Womens Biker Shorts,M,8906189273728.0,1899.0,2,0,3798.0,5,https://musclemind.com/products/womens-biker-shorts-black
2026-09-25,Musclemind,Womens Biker Shorts,L,8906189273735.0,1899.0,2,0,3798.0,15,https://musclemind.com/products/womens-biker-shorts-black
2026-09-25,Musclemind,Womens Tank Top,M,8906189274121.0,1499.0,2,0,2998.0,17,https://musclemind.com/products/womens-tank-pink
2026-09-25,Musclemind,Womens Tank Top,L,8906189274138.0,1499.0,2,0,2998.0,23,https://musclemind.com/products/womens-tank-pink
2026-09-25,Musclemind,Womens Tank Top,S,8906189274060.0,1499.0,2,0,2998.0,1,https://musclemind.com/products/womens-tank-teal
2026-09-25,Musclemind,Womens Tank Top,M,8906189274077.0,1499.0,2,0,2998.0,19,https://musclemind.com/products/womens-tank-teal
2026-09-25,Musclemind,Womens Tank Top,XS,8906189274008.0,1499.0,2,0,2998.0,2,https://musclemind.com/products/womens-tank-black
2026-09-25,Musclemind,Womens Tank Top,M,8906189274022.0,1499.0,2,0,2998.0,7,https://musclemind.com/products/womens-tank-black
2026-09-25,Musclemind,Womens Cycling Shorts,M,8906189273674.0,1999.0,2,0,3998.0,43,https://musclemind.com/products/womens-cycling-shorts-pink
2026-09-25,Musclemind,Womens Cycling Shorts,L,8906189273681.0,1999.0,2,0,3998.0,10,https://musclemind.com/products/womens-cycling-shorts-pink
2026-09-25,Musclemind,Womens Cycling Shorts,S,8906189273612.0,1999.0,2,0,3998.0,12,https://musclemind.com/products/womens-cycling-shorts-teal
2026-09-25,Musclemind,Womens Cycling Shorts,M,8906189273629.0,1999.0,2,0,3998.0,41,https://musclemind.com/products/womens-cycling-shorts-teal
2026-09-25,Musclemind,Womens Cycling Shorts,XS,8906189273551.0,1999.0,2,0,3998.0,2,https://musclemind.com/products/womens-cycling-shorts-black
2026-09-25,Musclemind,Womens Cycling Shorts,M,8906189273575.0,1999.0,2,0,3998.0,23,https://musclemind.com/products/womens-cycling-shorts-black
2026-09-25,Musclemind,Womens Sports Bra,M,8906189274275.0,1499.0,2,0,2998.0,47,https://musclemind.com/products/womens-sports-bra-pink
2026-09-25,Musclemind,Womens Sports Bra,L,8906189274282.0,1499.0,2,0,2998.0,49,https://musclemind.com/products/womens-sports-bra-pink
2026-09-25,Musclemind,Womens Sports Bra,S,8906189274213.0,1499.0,2,0,2998.0,7,https://musclemind.com/products/womens-sports-bra-teal
2026-09-25,Musclemind,Womens Sports Bra,M,8906189274220.0,1499.0,2,0,2998.0,49,https://musclemind.com/products/womens-sports-bra-teal
2026-09-25,Musclemind,Womens Sports Bra,M,8906189274176.0,1499.0,2,0,2998.0,32,https://musclemind.com/products/womens-sports-bra-black
2026-09-25,Musclemind,Womens Sports Bra,L,8906189274183.0,1499.0,2,0,2998.0,33,https://musclemind.com/products/womens-sports-bra-black
2026-09-25,Musclemind,Mens Cargo Shorts,M,8906189273360.0,1899.0,2,0,3798.0,24,https://musclemind.com/products/mens-cargo-shorts-grey
2026-09-25,Musclemind,Mens Cargo Shorts,L,8906189273377.0,1899.0,2,0,3798.0,20,https://musclemind.com/products/mens-cargo-shorts-grey
2026-09-25,Musclemind,Mens Cargo Shorts,S,8906189273308.0,1899.0,1,0,1899.0,15,https://musclemind.com/products/mens-cargo-shorts-beige
2026-09-25,Musclemind,Mens Cargo Shorts,M,8906189273315.0,1899.0,2,0,3798.0,17,https://musclemind.com/products/mens-cargo-shorts-beige
2026-09-25,Musclemind,Mens Cargo Shorts,L,8906189273322.0,1899.0,2,0,3798.0,5,https://musclemind.com/products/mens-cargo-shorts-beige
2026-09-25,Musclemind,Mens Cargo Shorts,M,8906189273261.0,1899.0,2,0,3798.0,21,https://musclemind.com/products/mens-cargo-shorts-black
2026-09-25,Musclemind,Mens Cargo Shorts,L,8906189273278.0,1899.0,2,0,3798.0,8,https://musclemind.com/products/mens-cargo-shorts-black
2026-09-25,Musclemind,In-built Bra Top,S,8906189272417.0,999.0,2,0,1998.0,23,https://musclemind.com/products/in-built-bra-top-beige
2026-09-25,Musclemind,In-built Bra Top,M,8906189272424.0,999.0,2,0,1998.0,19,https://musclemind.com/products/in-built-bra-top-beige
2026-09-25,Musclemind,In-built Bra Top,S,8906189272516.0,999.0,2,0,1998.0,37,https://musclemind.com/products/in-built-bra-top-pink
2026-09-25,Musclemind,In-built Bra Top,M,8906189272523.0,999.0,2,0,1998.0,28,https://musclemind.com/products/in-built-bra-top-pink
2026-09-25,Musclemind,High Waist Flare Pants,XS,8906189272707.0,1999.0,1,0,1999.0,0,https://musclemind.com/products/high-waist-flare-pants-maroon
2026-09-25,Musclemind,High Waist Flare Pants,S,8906189272714.0,1999.0,2,0,3998.0,0,https://musclemind.com/products/high-waist-flare-pants-maroon
2026-09-25,Musclemind,Mens Acid Wash Denim Joggers,M,8906189272110.0,3699.0,2,0,7398.0,35,https://musclemind.com/products/mens-acid-wash-denim-joggers-blue
2026-09-25,Musclemind,Mens Acid Wash Denim Joggers,L,8906189272127.0,3699.0,2,0,7398.0,24,https://musclemind.com/products/mens-acid-wash-denim-joggers-blue
2026-09-25,Musclemind,Mens Compression Half Sleeve T-shirt,M,8906189272165.0,1499.0,2,0,2998.0,5,https://musclemind.com/products/mens-compression-half-sleeve-tshirt-brown
2026-09-25,Musclemind,Mens Compression Half Sleeve T-shirt,L,8906189272172.0,1499.0,2,0,2998.0,4,https://musclemind.com/products/mens-compression-half-sleeve-tshirt-brown
2026-09-25,Musclemind,Mens Acid Wash Denim Shorts,M,8906189272264.0,1299.0,2,0,2598.0,56,https://musclemind.com/products/mens-acid-wash-denim-shorts-blue
2026-09-25,Musclemind,Mens Acid Wash Denim Shorts,L,8906189272271.0,1299.0,2,0,2598.0,31,https://musclemind.com/products/mens-acid-wash-denim-shorts-blue
2026-09-25,Musclemind,Mens Compression Half Sleeve T-shirt,M,8906189272011.0,1499.0,2,0,2998.0,8,https://musclemind.com/products/mens-compression-half-sleeve-tshirt-white
2026-09-25,Musclemind,Mens Compression Half Sleeve T-shirt,L,8906189272028.0,1499.0,2,0,2998.0,15,https://musclemind.com/products/mens-compression-half-sleeve-tshirt-white
2026-09-25,Musclemind,Mens Acid Wash Denim Shorts,M,8906189272219.0,1299.0,2,0,2598.0,45,https://musclemind.com/products/mens-acid-wash-denim-shorts-black
2026-09-25,Musclemind,Mens Acid Wash Denim Shorts,L,8906189272226.0,1299.0,2,0,2598.0,24,https://musclemind.com/products/mens-acid-wash-denim-shorts-black
2026-09-25,Musclemind,Mens Acid Wash Denim Joggers,M,8906189272066.0,3699.0,2,0,7398.0,39,https://musclemind.com/products/mens-acid-wash-denim-joggers-black
2026-09-25,Musclemind,Mens Acid Wash Denim Joggers,L,8906189272073.0,3699.0,2,0,7398.0,33,https://musclemind.com/products/mens-acid-wash-denim-joggers-black
2026-09-25,Musclemind,In-built Bra Top,S,8906189272462.0,999.0,2,0,1998.0,35,https://musclemind.com/products/in-built-bra-top-black
2026-09-25,Musclemind,In-built Bra Top,M,8906189272479.0,999.0,2,0,1998.0,20,https://musclemind.com/products/in-built-bra-top-black
2026-09-25,Musclemind,High Waist Flare Pants,XS,8906189272653.0,1999.0,3,0,5997.0,11,https://musclemind.com/products/high-waist-flare-pants-black
2026-09-25,Musclemind,High Waist Flare Pants,S,8906189272660.0,1999.0,3,0,5997.0,13,https://musclemind.com/products/high-waist-flare-pants-black
2026-09-25,Musclemind,High Waist Flare Pants,M,8906189272677.0,1999.0,4,0,7996.0,59,https://musclemind.com/products/high-waist-flare-pants-black
2026-09-25,Musclemind,High Waist Flare Pants,L,8906189272684.0,1999.0,3,0,5997.0,66,https://musclemind.com/products/high-waist-flare-pants-black
2026-09-25,Musclemind,High Waist Flare Pants,XL,8906189272691.0,1999.0,3,0,5997.0,23,https://musclemind.com/products/high-waist-flare-pants-black
2026-09-25,Musclemind,High Waist Flare Pants,XXL,8906189276323.0,1999.0,3,0,5997.0,5,https://musclemind.com/products/high-waist-flare-pants-black
2026-09-25,Musclemind,Seamless Compression Half Sleeve T-shirt,S,8906189270178.0,2599.0,1,0,2599.0,73,https://musclemind.com/products/seamless-compression-half-sleeve-t-shirt-dark-grey
2026-09-25,Musclemind,Seamless Compression Half Sleeve T-shirt,M,8906189270307.0,2599.0,3,0,7797.0,41,https://musclemind.com/products/seamless-compression-half-sleeve-t-shirt-dark-grey
2026-09-25,Musclemind,Seamless Compression Half Sleeve T-shirt,L,8906189270314.0,2599.0,3,0,7797.0,1,https://musclemind.com/products/seamless-compression-half-sleeve-t-shirt-dark-grey
2026-09-25,Musclemind,Mens Compression Half Sleeve T-shirt,L,8906189271977.0,1499.0,2,0,2998.0,2,https://musclemind.com/products/mens-compression-half-sleeve-tshirt-black
2026-09-25,Musclemind,Mens Compression Half Sleeve T-shirt,XL,8906189271984.0,1499.0,2,0,2998.0,11,https://musclemind.com/products/mens-compression-half-sleeve-tshirt-black
2026-09-25,Musclemind,Mens Cloud Ease Cargo Pants,M,8906189271243.0,3699.0,2,0,7398.0,9,https://musclemind.com/products/mens-cloud-ease-cargo-pants-desert-dune
2026-09-25,Musclemind,Mens Cloud Ease Cargo Pants,XL,8906189271267.0,3699.0,2,0,7398.0,32,https://musclemind.com/products/mens-cloud-ease-cargo-pants-desert-dune
2026-09-25,Musclemind,Mens Cloud Ease Cargo Pants,XL,8906189271212.0,3699.0,2,0,7398.0,13,https://musclemind.com/products/mens-cloud-ease-cargo-pants-shadow-black
2026-09-25,Musclemind,Seamless Compression Half Sleeve T-shirt,S,8906189270185.0,2599.0,1,0,2599.0,76,https://musclemind.com/products/seamless-compression-half-sleeve-t-shirt-off-white
2026-09-25,Musclemind,Seamless Compression Half Sleeve T-shirt,M,8906189270338.0,2599.0,3,0,7797.0,63,https://musclemind.com/products/seamless-compression-half-sleeve-t-shirt-off-white
2026-09-25,Musclemind,Seamless Compression Half Sleeve T-shirt,L,8906189270345.0,2599.0,3,0,7797.0,19,https://musclemind.com/products/seamless-compression-half-sleeve-t-shirt-off-white
2026-09-25,Musclemind,Vogue Polo Full Sleeves T-Shirt,S,8906189270574.0,999.0,2,0,1998.0,29,https://musclemind.com/products/vogue-polo-full-sleeves-t-shirt
2026-09-25,Musclemind,Vogue Polo Full Sleeves T-Shirt,M,8906189270581.0,999.0,2,0,1998.0,12,https://musclemind.com/products/vogue-polo-full-sleeves-t-shirt
2026-09-25,Musclemind,Vogue Polo Full Sleeves T-Shirt,S,8906189270727.0,999.0,2,0,1998.0,38,https://musclemind.com/products/vogue-polo-full-sleeves-t-shirt-grey
2026-09-25,Musclemind,Vogue Polo Full Sleeves T-Shirt,M,8906189270734.0,999.0,2,0,1998.0,39,https://musclemind.com/products/vogue-polo-full-sleeves-t-shirt-grey
2026-09-25,Musclemind,Vogue Polo Full Sleeves T-Shirt,S,8906189270673.0,999.0,2,0,1998.0,15,https://musclemind.com/products/vogue-polo-full-sleeves-t-shirt-green
2026-09-25,Musclemind,Vogue Polo Full Sleeves T-Shirt,M,8906189270680.0,999.0,2,0,1998.0,12,https://musclemind.com/products/vogue-polo-full-sleeves-t-shirt-green
2026-09-25,Musclemind,Seamless Workout Leggings,S,8906189270482.0,2199.0,1,0,2199.0,58,https://musclemind.com/products/seamless-workout-leggings-dark-mauve
2026-09-25,Musclemind,Seamless Workout Leggings,M,8906189270499.0,2199.0,2,0,4398.0,38,https://musclemind.com/products/seamless-workout-leggings-dark-mauve
2026-09-25,Musclemind,All Day Jogger,XL,8906189270406.0,999.0,2,0,1998.0,14,https://musclemind.com/products/all-day-jogger-black
2026-09-25,Musclemind,Seamless Workout Leggings,S,8906189270536.0,2199.0,2,0,4398.0,53,https://musclemind.com/products/seamless-workout-leggings-jet-black
2026-09-25,Musclemind,Seamless Workout Leggings,M,8906189270543.0,2199.0,2,0,4398.0,8,https://musclemind.com/products/seamless-workout-leggings-jet-black
2026-09-25,Musclemind,Polo Full Sleeves T-Shirt,L,8906189270208.0,999.0,3,0,2997.0,4,https://musclemind.com/products/polo-full-sleeves-t-shirt-black
2026-09-25,Musclemind,Polo Full Sleeves T-Shirt,XL,8906189270215.0,999.0,2,0,1998.0,17,https://musclemind.com/products/polo-full-sleeves-t-shirt-black
2026-09-25,Musclemind,All Day Jogger,XL,8906189270451.0,999.0,2,0,1998.0,22,https://musclemind.com/products/all-day-jogger-grey
2026-09-25,Musclemind,All Day Jogger,XXL,8906189270468.0,999.0,2,0,1998.0,10,https://musclemind.com/products/all-day-jogger-grey
2026-09-25,Musclemind,Seamless Sports Bra,S,8906189270772.0,1799.0,0,1,0.0,52,https://musclemind.com/products/seamless-sports-bra-dark-mauve
2026-09-25,Musclemind,Vogue Polo Full Sleeves T-Shirt,S,8906189270628.0,999.0,2,0,1998.0,32,https://musclemind.com/products/vogue-polo-full-sleeves-t-shirt-black
2026-09-25,Musclemind,Vogue Polo Full Sleeves T-Shirt,M,8906189270635.0,999.0,2,0,1998.0,2,https://musclemind.com/products/vogue-polo-full-sleeves-t-shirt-black
2026-09-25,Kosher Casual,Crop Top Sleeveless Tank Top with Full Shoulder Coverage Modest Neckline,Large,1621-AL-NUD,21.9,1,0,21.9,5,http://koshercasual.com/products/modest-neck-cropped-layering-shell-cotton-spandex-sleeveless-tank
2026-09-25,Kosher Casual,Crop Top Sleeveless Tank Top with Full Shoulder Coverage Modest Neckline,Small,1621-AS-LB,21.9,1,0,21.9,0,http://koshercasual.com/products/modest-neck-cropped-layering-shell-cotton-spandex-sleeveless-tank
2026-09-25,Kosher Casual,Crop Top Sleeveless Tank Top with Full Shoulder Coverage Modest Neckline,Small,1621-AS-DCH,21.9,1,0,21.9,25,http://koshercasual.com/products/modest-neck-cropped-layering-shell-cotton-spandex-sleeveless-tank
2026-09-25,Kosher Casual,Crop Top 3/4 Sleeve with Jewel Neckline,Large,1632-AL-ALM,23.9,1,0,23.9,6,http://koshercasual.com/products/modest-neck-3-4-sleeve-cropped-layering-shell-in-viscose-spandex
2026-09-25,Kosher Casual,Crop Top 3/4 Sleeve with Jewel Neckline,Large,1632-AL-DCH,23.9,1,0,23.9,0,http://koshercasual.com/products/modest-neck-3-4-sleeve-cropped-layering-shell-in-viscose-spandex
2026-09-25,Kosher Casual,Crop Top 3/4 Sleeve with Jewel Neckline,Large,1632-AL-DN,23.9,1,0,23.9,4,http://koshercasual.com/products/modest-neck-3-4-sleeve-cropped-layering-shell-in-viscose-spandex
2026-09-25,Kosher Casual,Crop Top 3/4 Sleeve with Jewel Neckline,Large,1632-AL-OF,23.9,1,0,23.9,0,http://koshercasual.com/products/modest-neck-3-4-sleeve-cropped-layering-shell-in-viscose-spandex
2026-09-25,Kosher Casual,Modest Swim and Sports Midi Skirt with Attached Leggings - UPF 50 Protection,Small,1440-AS-DEB,44.9,1,0,44.9,3,http://koshercasual.com/products/modest-swim-and-sports-midi-skirt-with-attached-leggings-upf-50-protection
2026-09-25,Kosher Casual,Essential 3/4 Sleeve Modest Crew Neckline Shell - Versatile Layering Top,X-Large,1258-AXL-BK,23.9,1,0,23.9,-1,http://koshercasual.com/products/essential-3-4-sleeve-modest-crew-neckline-shell-versatile-layering-top
2026-09-25,Kosher Casual,Fitted Layering Shell - Modest Round Neck with Elbow Sleeves,X-Large,1245-AXL-G,23.9,1,0,23.9,3,http://koshercasual.com/products/fitted-layering-shell-modest-round-neck-with-elbow-sleeves
2026-09-25,Kosher Casual,Fitted Layering Shell - Modest Round Neck with Elbow Sleeves,X-Large,1245-AXL-SIG,23.9,1,0,23.9,0,http://koshercasual.com/products/fitted-layering-shell-modest-round-neck-with-elbow-sleeves
2026-09-25,Kosher Casual,Fitted Layering Shell - Modest Round Neck with Elbow Sleeves,X-Large,1245-AXL-OL,23.9,1,0,23.9,2,http://koshercasual.com/products/fitted-layering-shell-modest-round-neck-with-elbow-sleeves
2026-09-25,Kosher Casual,Fitted Layering Shell - Modest Round Neck with Elbow Sleeves,Large,1245-AL-CYC,23.9,1,0,23.9,13,http://koshercasual.com/products/fitted-layering-shell-modest-round-neck-with-elbow-sleeves
2026-09-25,Kosher Casual,Fitted Layering Shell - Modest Round Neck with Elbow Sleeves,Large,1245-AL-CB,23.9,1,0,23.9,0,http://koshercasual.com/products/fitted-layering-shell-modest-round-neck-with-elbow-sleeves
2026-09-25,Kosher Casual,Fitted Layering Shell - Modest Round Neck with Elbow Sleeves,Large,1245-AL-TLG,23.9,1,0,23.9,1,http://koshercasual.com/products/fitted-layering-shell-modest-round-neck-with-elbow-sleeves
2026-09-25,Kosher Casual,Fitted Layering Shell - Modest Round Neck with Elbow Sleeves,Large,1245-AL-VRP,23.9,1,0,23.9,3,http://koshercasual.com/products/fitted-layering-shell-modest-round-neck-with-elbow-sleeves
2026-09-25,Kosher Casual,"Knee-Length Swim/Sport Skirt with Attached Shorts, Pocket and UPF 50+ Protection",X-Large,1475-AXL-BK,54.9,1,0,54.9,30,http://koshercasual.com/products/knee-length-swim-sport-skirt-with-attached-shorts-pocket-and-upf-50-protection
2026-09-25,Kosher Casual,Mid-Calf Pencil Skirt in Cotton Spandex – No Slits,Medium,1470-AM-W,31.9,1,0,31.9,0,http://koshercasual.com/products/mid-calf-pencil-skirt-in-cotton-spandex-no-slits
2026-09-25,Kosher Casual,Modest Crew Neck Layering Shell - Long Sleeve Comfort Layer,Medium,1259-AM-DN,23.9,1,0,23.9,0,http://koshercasual.com/products/womens-shell-top-long-sleeve
2026-09-25,Kosher Casual,Modest Crew Neck Layering Shell - Long Sleeve Comfort Layer,Small,1259-AS-W,23.9,1,0,23.9,1,http://koshercasual.com/products/womens-shell-top-long-sleeve
2026-09-25,Kosher Casual,Modest Crew Neck Layering Shell - Long Sleeve Comfort Layer,Medium,1259-AM-JB,23.9,1,0,23.9,3,http://koshercasual.com/products/womens-shell-top-long-sleeve
2026-09-25,Kosher Casual,Modest Crew Neck Layering Shell - Long Sleeve Comfort Layer,Medium,1259-AM-N,23.9,1,0,23.9,2,http://koshercasual.com/products/womens-shell-top-long-sleeve
2026-09-25,Kosher Casual,Modest Crew Neck Layering Shell - Long Sleeve Comfort Layer,Medium,1259-AM-SA,23.9,1,0,23.9,0,http://koshercasual.com/products/womens-shell-top-long-sleeve
2026-09-25,Kosher Casual,Modest Crew Neck Layering Shell - Long Sleeve Comfort Layer,Medium,1259-AM-BG,23.9,1,0,23.9,0,http://koshercasual.com/products/womens-shell-top-long-sleeve
2026-09-25,Kosher Casual,Women's Stretch Maxi Pencil Skirt - Cotton Blend and No Slits,X-Large,1474-AXL-BK,35.9,1,0,35.9,93,http://koshercasual.com/products/womens-maxi-maxi-pencil-skirt-stretch-cotton-blend-and-no-slits
2026-09-25,Kosher Casual,Sleevies 3/4 Sleeve Extenders,X-Small,1614-XS-BK,11.9,1,0,11.9,0,http://koshercasual.com/products/sleevies-sleeve-extenders
2026-09-25,Kosher Casual,Sleevies 3/4 Sleeve Extenders,X-Small,1614-XS-OF,11.9,1,0,11.9,10,http://koshercasual.com/products/sleevies-sleeve-extenders
2026-09-25,Kosher Casual,Modest Neck Cropped Layering - Cotton Spandex 3/4 Sleeve Shell Top,Large,1622-AL-W,23.9,1,0,23.9,5,http://koshercasual.com/products/cropped-3-4-sleeve-shell-top-for-women
2026-09-25,Kosher Casual,Modest Neck Cropped Layering - Cotton Spandex 3/4 Sleeve Shell Top,Large,1622-AL-BK,23.9,1,0,23.9,2,http://koshercasual.com/products/cropped-3-4-sleeve-shell-top-for-women
2026-09-25,Kosher Casual,Cap Sleeve T-shirt with Modest Crew Neck,XX-Large,1296-AXXL-OF,21.9,1,0,21.9,0,http://koshercasual.com/products/cap-sleeve-layering-top-with-modest-crew-neck-comfort-basics
2026-09-25,Kosher Casual,Relaxed Fit Modest 3/4 Sleeve Knee-Length Dress with Pockets,Small/Medium,1658-AS/AM-WBR,43.92,1,0,43.92,0,http://koshercasual.com/products/relaxed-fit-3-4-sleeve-knee-length-dress-with-pockets
