date,store_name,product_name,size,sku,price,units_sold,units_restocked,estimated_revenue,stock_remaining_today,product_url
2026-09-26,Cava Athleisure,Blue Polka Swirl Tennis Skorts,XS,WSK11417BLXS,2099.0,1,0,2099.0,40,https://cavaathleisure.com/products/blue-polka-swirl-tennis-skorts
2026-09-26,Cava Athleisure,Blue Polka Swirl Tennis Skorts,S,WSK11417BLS,2099.0,3,0,6297.0,65,https://cavaathleisure.com/products/blue-polka-swirl-tennis-skorts
2026-09-26,Cava Athleisure,Blue Polka Swirl Tennis Skorts,M,WSK11417BLM,2099.0,1,0,2099.0,68,https://cavaathleisure.com/products/blue-polka-swirl-tennis-skorts
2026-09-26,Cava Athleisure,Blue Polka Swirl Tennis Skorts,L,WSK11417BLL,2099.0,2,0,4198.0,38,https://cavaathleisure.com/products/blue-polka-swirl-tennis-skorts
2026-09-26,Cava Athleisure,Blue Polka Swirl Tennis Skorts,XL,WSK11417BLXL,2099.0,1,0,2099.0,14,https://cavaathleisure.com/products/blue-polka-swirl-tennis-skorts
2026-09-26,Cava Athleisure,Ivory  Polka Racerback Tank,XS,WTN11317WHXS,1399.0,1,0,1399.0,21,https://cavaathleisure.com/products/ivory-polka-racerback-tank
2026-09-26,Cava Athleisure,Ivory  Polka Racerback Tank,S,WTN11317WHS,1399.0,1,0,1399.0,63,https://cavaathleisure.com/products/ivory-polka-racerback-tank
2026-09-26,Cava Athleisure,Ivory  Polka Racerback Tank,M,WTN11317WHM,1399.0,4,0,5596.0,74,https://cavaathleisure.com/products/ivory-polka-racerback-tank
2026-09-26,Cava Athleisure,Ivory  Polka Racerback Tank,L,WTN11317WHL,1399.0,2,0,2798.0,40,https://cavaathleisure.com/products/ivory-polka-racerback-tank
2026-09-26,Cava Athleisure,Blue  Polka Contour Booty Shorts,S,WSH10117BLS,2099.0,1,0,2099.0,57,https://cavaathleisure.com/products/blue-polka-contour-booty-shorts
2026-09-26,Cava Athleisure,Blue  Polka Contour Booty Shorts,M,WSH10117BLM,2099.0,1,0,2099.0,52,https://cavaathleisure.com/products/blue-polka-contour-booty-shorts
2026-09-26,Cava Athleisure,Blue  Polka Racerback Tank,XS,WTN11317BLXS,1799.0,2,0,3598.0,21,https://cavaathleisure.com/products/blue-polka-racerback-tank
2026-09-26,Cava Athleisure,Blue  Polka Racerback Tank,S,WTN11317BLS,1799.0,6,0,10794.0,79,https://cavaathleisure.com/products/blue-polka-racerback-tank
2026-09-26,Cava Athleisure,Blue  Polka Racerback Tank,M,WTN11317BLM,1799.0,7,0,12593.0,86,https://cavaathleisure.com/products/blue-polka-racerback-tank
2026-09-26,Cava Athleisure,Blue  Polka Racerback Tank,L,WTN11317BLL,1799.0,3,0,5397.0,50,https://cavaathleisure.com/products/blue-polka-racerback-tank
2026-09-26,Cava Athleisure,Blue  Polka Racerback Tank,XL,WTN11317BLXL,1799.0,1,0,1799.0,13,https://cavaathleisure.com/products/blue-polka-racerback-tank
2026-09-26,Cava Athleisure,Blue  Polka Racerback Tank,XXL,WTN11317BLXXL,1799.0,1,0,1799.0,4,https://cavaathleisure.com/products/blue-polka-racerback-tank
2026-09-26,Cava Athleisure,Butter Yellow Polka Swirl Tennis Skorts,S,WSK11417YLS,2099.0,1,0,2099.0,82,https://cavaathleisure.com/products/butter-yellow-polka-swirl-tennis-skorts
2026-09-26,Cava Athleisure,Butter Yellow Polka Swirl Tennis Skorts,L,WSK11417YLL,2099.0,1,0,2099.0,42,https://cavaathleisure.com/products/butter-yellow-polka-swirl-tennis-skorts
2026-09-26,Cava Athleisure,Butter Yellow Polka Swirl Tennis Skorts,XL,WSK11417YLXL,2099.0,1,0,2099.0,17,https://cavaathleisure.com/products/butter-yellow-polka-swirl-tennis-skorts
2026-09-26,Cava Athleisure,Ivory Polka Swirl Tennis Skorts,S,WSK11417WHS,1499.0,1,0,1499.0,64,https://cavaathleisure.com/products/ivory-polka-swirl-tennis-skorts
2026-09-26,Cava Athleisure,Ivory Polka Swirl Tennis Skorts,M,WSK11417WHM,1499.0,1,0,1499.0,60,https://cavaathleisure.com/products/ivory-polka-swirl-tennis-skorts
2026-09-26,Cava Athleisure,Blush Polka Swirl Tennis Skorts,XS,WSK11417PNXS,1499.0,2,0,2998.0,38,https://cavaathleisure.com/products/blush-polka-swirl-tennis-skorts
2026-09-26,Cava Athleisure,Blush Polka Swirl Tennis Skorts,S,WSK11417PNS,1499.0,3,0,4497.0,63,https://cavaathleisure.com/products/blush-polka-swirl-tennis-skorts
2026-09-26,Cava Athleisure,Blush Polka Swirl Tennis Skorts,M,WSK11417PNM,1499.0,2,0,2998.0,61,https://cavaathleisure.com/products/blush-polka-swirl-tennis-skorts
2026-09-26,Cava Athleisure,Blush Polka Swirl Tennis Skorts,L,WSK11417PNL,1499.0,6,0,8994.0,31,https://cavaathleisure.com/products/blush-polka-swirl-tennis-skorts
2026-09-26,Cava Athleisure,Blush Polka Swirl Tennis Skorts,XXL,WSK11417PNXXL,1499.0,1,0,1499.0,3,https://cavaathleisure.com/products/blush-polka-swirl-tennis-skorts
2026-09-26,Cava Athleisure,Butter Yellow Polka Contour Booty Shorts,XS,WSH10117YLXS,2099.0,4,0,8396.0,24,https://cavaathleisure.com/products/butter-yellow-polka-contour-booty-shorts
2026-09-26,Cava Athleisure,Blush Polka Contour Booty Shorts,XS,WSH10117PNXS,1699.0,2,0,3398.0,21,https://cavaathleisure.com/products/blush-polka-contour-booty-shorts
2026-09-26,Cava Athleisure,Butter Yellow Polka Cross Back Sports Bra,XS,WSB11517YLXS,1999.0,1,0,1999.0,30,https://cavaathleisure.com/products/butter-yellow-polka-cross-back-sports-bra
2026-09-26,Cava Athleisure,Butter Yellow Polka Cross Back Sports Bra,S,WSB11517YLS,1999.0,2,0,3998.0,49,https://cavaathleisure.com/products/butter-yellow-polka-cross-back-sports-bra
2026-09-26,Cava Athleisure,Butter Yellow Polka Cross Back Sports Bra,M,WSB11517YLM,1999.0,1,0,1999.0,81,https://cavaathleisure.com/products/butter-yellow-polka-cross-back-sports-bra
2026-09-26,Cava Athleisure,Butter Yellow Polka Cross Back Sports Bra,L,WSB11517YLL,1999.0,2,0,3998.0,56,https://cavaathleisure.com/products/butter-yellow-polka-cross-back-sports-bra
2026-09-26,Cava Athleisure,Butter Yellow Polka Cross Back Sports Bra,XXL,WSB11517YLXXL,1999.0,1,0,1999.0,17,https://cavaathleisure.com/products/butter-yellow-polka-cross-back-sports-bra
2026-09-26,Cava Athleisure,Blush Polka Cross Back Sports Bra,XS,WSB11517PNXS,1399.0,1,0,1399.0,23,https://cavaathleisure.com/products/blush-polka-cross-back-sports-bra
2026-09-26,Cava Athleisure,Blush Polka Cross Back Sports Bra,S,WSB11517PNS,1399.0,4,0,5596.0,42,https://cavaathleisure.com/products/blush-polka-cross-back-sports-bra
2026-09-26,Cava Athleisure,Blush Polka Cross Back Sports Bra,M,WSB11517PNM,1399.0,3,0,4197.0,65,https://cavaathleisure.com/products/blush-polka-cross-back-sports-bra
2026-09-26,Cava Athleisure,Blush Polka Cross Back Sports Bra,L,WSB11517PNL,1399.0,2,0,2798.0,46,https://cavaathleisure.com/products/blush-polka-cross-back-sports-bra
2026-09-26,Cava Athleisure,Blush Polka Cross Back Sports Bra,XL,WSB11517PNXL,1399.0,1,0,1399.0,17,https://cavaathleisure.com/products/blush-polka-cross-back-sports-bra
2026-09-26,Cava Athleisure,Ivory Polka Cross Back Sports Bra,S,WSB11517WHS,1399.0,1,0,1399.0,57,https://cavaathleisure.com/products/ivory-polka-cross-back-sports-bra
2026-09-26,Cava Athleisure,Ivory Polka Cross Back Sports Bra,M,WSB11517WHM,1399.0,2,0,2798.0,80,https://cavaathleisure.com/products/ivory-polka-cross-back-sports-bra
2026-09-26,Cava Athleisure,Ivory Polka Cross Back Sports Bra,L,WSB11517WHL,1399.0,2,0,2798.0,57,https://cavaathleisure.com/products/ivory-polka-cross-back-sports-bra
2026-09-26,Cava Athleisure,Butter Yellow Polka Racerback Tank,XS,WTN11317YLXS,1799.0,2,0,3598.0,28,https://cavaathleisure.com/products/butter-yellow-polka-racerback-tank
2026-09-26,Cava Athleisure,Butter Yellow Polka Racerback Tank,M,WTN11317YLM,1799.0,2,0,3598.0,91,https://cavaathleisure.com/products/butter-yellow-polka-racerback-tank
2026-09-26,Cava Athleisure,Butter Yellow Polka Racerback Tank,L,WTN11317YLL,1799.0,4,0,7196.0,41,https://cavaathleisure.com/products/butter-yellow-polka-racerback-tank
2026-09-26,Cava Athleisure,Butter Yellow Polka Racerback Tank,XL,WTN11317YLXL,1799.0,1,0,1799.0,9,https://cavaathleisure.com/products/butter-yellow-polka-racerback-tank
2026-09-26,Cava Athleisure,Blush Polka Racerback Tank,XS,WTN11317PNXS,1399.0,1,0,1399.0,22,https://cavaathleisure.com/products/blush-polka-racerback-tank
2026-09-26,Cava Athleisure,Blush Polka Racerback Tank,S,WTN11317PNS,1399.0,2,0,2798.0,60,https://cavaathleisure.com/products/blush-polka-racerback-tank
2026-09-26,Cava Athleisure,Blush Polka Racerback Tank,M,WTN11317PNM,1399.0,2,0,2798.0,81,https://cavaathleisure.com/products/blush-polka-racerback-tank
2026-09-26,Cava Athleisure,Blush Polka Racerback Tank,L,WTN11317PNL,1399.0,1,0,1399.0,39,https://cavaathleisure.com/products/blush-polka-racerback-tank
2026-09-26,Cava Athleisure,Blush Polka Racerback Tank,XL,WTN11317PNXL,1399.0,1,0,1399.0,4,https://cavaathleisure.com/products/blush-polka-racerback-tank
2026-09-26,Cava Athleisure,Blush Polka Racerback Tank,XXL,WTN11317PNXXL,1399.0,1,0,1399.0,5,https://cavaathleisure.com/products/blush-polka-racerback-tank
2026-09-26,Cava Athleisure,Grey Melange Everywear Leisure Tee,S,MTS1422GMLS,799.0,1,0,799.0,46,https://cavaathleisure.com/products/grey-melange-everywear-leisure-tee
2026-09-26,Cava Athleisure,"Blue 5"" Pacer Shorts",34,MSH4217BL34,1596.0,1,0,1596.0,64,https://cavaathleisure.com/products/blue-5-pacer-shorts
2026-09-26,Cava Athleisure,Butter Yellow ADPT™ Wrap Top,XS,WTP10245YLXS,1299.0,1,0,1299.0,35,https://cavaathleisure.com/products/butter-yellow-adpt-wrap-top
2026-09-26,Cava Athleisure,Butter Yellow ADPT™ Wrap Top,S,WTP10245YLS,1299.0,3,0,3897.0,124,https://cavaathleisure.com/products/butter-yellow-adpt-wrap-top
2026-09-26,Cava Athleisure,Butter Yellow ADPT™ Wrap Top,M,WTP10245YLM,1299.0,1,0,1299.0,133,https://cavaathleisure.com/products/butter-yellow-adpt-wrap-top
2026-09-26,Cava Athleisure,Butter Yellow ADPT™ Wrap Top,L,WTP10245YLL,1299.0,1,0,1299.0,53,https://cavaathleisure.com/products/butter-yellow-adpt-wrap-top
2026-09-26,Cava Athleisure,Cherry ADPT™ Wrap Top,XS,WTP10245CRDXS,1299.0,1,0,1299.0,30,https://cavaathleisure.com/products/cherry-adpt-wrap-top
2026-09-26,Cava Athleisure,Cherry ADPT™ Wrap Top,M,WTP10245CRDM,1299.0,2,0,2598.0,98,https://cavaathleisure.com/products/cherry-adpt-wrap-top
2026-09-26,Cava Athleisure,"Olive 5"" Pacer Shorts",32,MSH4217OGR32,1596.0,0,1,0.0,92,https://cavaathleisure.com/products/olive-5-pacer-shorts
2026-09-26,Cava Athleisure,Ivory Cotton Leisure Shorts,L,MSH1622WHL,899.0,1,0,899.0,79,https://cavaathleisure.com/products/ivory-cotton-leisure-shorts
2026-09-26,Cava Athleisure,Plum Cotton Flared Leggings,S,WFP6221PUS,1599.0,2,0,3198.0,62,https://cavaathleisure.com/products/plum-cotton-flared-leggings
2026-09-26,Cava Athleisure,Plum Cotton Flared Leggings,M,WFP6221PUM,1599.0,0,1,0.0,60,https://cavaathleisure.com/products/plum-cotton-flared-leggings
2026-09-26,Cava Athleisure,Plum Cotton Flared Leggings,XXL,WFP6221PUXXL,1599.0,1,0,1599.0,19,https://cavaathleisure.com/products/plum-cotton-flared-leggings
2026-09-26,Cava Athleisure,Teal Contour Flared Leggings,XS,WFP3720GRXS,1399.0,2,0,2798.0,44,https://cavaathleisure.com/products/teal-contour-flared-leggings
2026-09-26,Cava Athleisure,Teal Contour Flared Leggings,S,WFP3720GRS,1399.0,4,0,5596.0,71,https://cavaathleisure.com/products/teal-contour-flared-leggings
2026-09-26,Cava Athleisure,Teal Contour Flared Leggings,M,WFP3720GRM,1399.0,1,0,1399.0,122,https://cavaathleisure.com/products/teal-contour-flared-leggings
2026-09-26,Cava Athleisure,Teal Contour Flared Leggings,XL,WFP3720GRXL,1399.0,2,0,2798.0,37,https://cavaathleisure.com/products/teal-contour-flared-leggings
2026-09-26,Cava Athleisure,Navy Cotton Flared Leggings,S,WFP6221NYS,1599.0,1,0,1599.0,81,https://cavaathleisure.com/products/navy-cotton-flared-leggings
2026-09-26,Cava Athleisure,Navy Cotton Flared Leggings,M,WFP6221NYM,1599.0,1,0,1599.0,106,https://cavaathleisure.com/products/navy-cotton-flared-leggings
2026-09-26,Cava Athleisure,Navy Cotton Flared Leggings,L,WFP6221NYL,1599.0,0,1,0.0,86,https://cavaathleisure.com/products/navy-cotton-flared-leggings
2026-09-26,Cava Athleisure,Navy Cotton Flared Leggings,XL,WFP6221NYXL,1599.0,1,0,1599.0,45,https://cavaathleisure.com/products/navy-cotton-flared-leggings
2026-09-26,Cava Athleisure,Purple Contour Flared Leggings,XS,WFP3720PUXS,1399.0,0,1,0.0,57,https://cavaathleisure.com/products/purple-contour-flared-leggings
2026-09-26,Cava Athleisure,Purple Contour Flared Leggings,S,WFP3720PUS,1399.0,3,0,4197.0,63,https://cavaathleisure.com/products/purple-contour-flared-leggings
2026-09-26,Cava Athleisure,Purple Contour Flared Leggings,M,WFP3720PUM,1399.0,2,0,2798.0,134,https://cavaathleisure.com/products/purple-contour-flared-leggings
2026-09-26,Cava Athleisure,Purple Contour Flared Leggings,XL,WFP3720PUXL,1399.0,0,1,0.0,38,https://cavaathleisure.com/products/purple-contour-flared-leggings
2026-09-26,Cava Athleisure,Ivory Studio Gym Bag,One size,WAC10923WHFREE,1699.0,2,0,3398.0,379,https://cavaathleisure.com/products/ivory-studio-gym-bag
2026-09-26,Cava Athleisure,Black Studio Gym Bag,One size,WAC10923BKFREE,1699.0,1,0,1699.0,428,https://cavaathleisure.com/products/black-studio-gym-bag
2026-09-26,Cava Athleisure,Black Polka Ruched Capri,S,WLG13417BKS,1899.0,1,0,1899.0,103,https://cavaathleisure.com/products/black-polka-ruched-capri
2026-09-26,Cava Athleisure,Black Polka Ruched Capri,L,WLG13417BKL,1899.0,1,0,1899.0,44,https://cavaathleisure.com/products/black-polka-ruched-capri
2026-09-26,Cava Athleisure,Berry Ruched Capri,S,WLG13417RDS,1899.0,0,1,0.0,82,https://cavaathleisure.com/products/berry-ruched-capri
2026-09-26,Cava Athleisure,Berry Ruched Capri,M,WLG13417RDM,1899.0,1,0,1899.0,78,https://cavaathleisure.com/products/berry-ruched-capri
2026-09-26,Cava Athleisure,Blue Studio Gym Bag,One size,WAC10923BLFREE,1699.0,1,0,1699.0,437,https://cavaathleisure.com/products/blue-studio-gym-bag
2026-09-26,Cava Athleisure,Ivory Lace Off-Shoulder Top,S,WTP16517WHS,1799.0,1,0,1799.0,0,https://cavaathleisure.com/products/ivory-lace-off-shoulder-top
2026-09-26,Cava Athleisure,Ivory Lace Off-Shoulder Top,M,WTP16517WHM,1799.0,1,0,1799.0,1,https://cavaathleisure.com/products/ivory-lace-off-shoulder-top
2026-09-26,Cava Athleisure,Ivory Lace Off-Shoulder Top,XL,WTP16517WHXL,1799.0,0,1,0.0,5,https://cavaathleisure.com/products/ivory-lace-off-shoulder-top
2026-09-26,Cava Athleisure,Blush Lace Off-Shoulder Top,M,WTP16517PNM,1799.0,0,2,0.0,9,https://cavaathleisure.com/products/blush-lace-off-shoulder-top
2026-09-26,Cava Athleisure,Blush Lace Off-Shoulder Top,L,WTP16517PNL,1799.0,1,0,1799.0,7,https://cavaathleisure.com/products/blush-lace-off-shoulder-top
2026-09-26,Cava Athleisure,Blue  Lace Off-Shoulder Top,S,WTP16517BLS,1799.0,1,0,1799.0,0,https://cavaathleisure.com/products/blue-lace-off-shoulder-top
2026-09-26,Cava Athleisure,Blue  Lace Off-Shoulder Top,M,WTP16517BLM,1799.0,1,0,1799.0,29,https://cavaathleisure.com/products/blue-lace-off-shoulder-top
2026-09-26,Cava Athleisure,Berry Lace Off-Shoulder Top,M,WTP16517RDM,1799.0,2,0,3598.0,14,https://cavaathleisure.com/products/berry-lace-off-shoulder-top
2026-09-26,Cava Athleisure,Black Polka Lace Off-Shoulder Top,S,WTP16517BKS,1899.0,1,0,1899.0,0,https://cavaathleisure.com/products/black-polka-lace-off-shoulder-top
2026-09-26,Cava Athleisure,Black Polka Lace Off-Shoulder Top,M,WTP16517BKM,1899.0,0,2,0.0,2,https://cavaathleisure.com/products/black-polka-lace-off-shoulder-top
2026-09-26,Cava Athleisure,Blush Ruched Snug Leggings,S,WLG9917PNS,1999.0,4,0,7996.0,169,https://cavaathleisure.com/products/blush-ruched-snug-leggings
2026-09-26,Cava Athleisure,Blush Ruched Snug Leggings,M,WLG9917PNM,1999.0,1,0,1999.0,224,https://cavaathleisure.com/products/blush-ruched-snug-leggings
2026-09-26,Cava Athleisure,Berry Ruched Snug Leggings,XS,WLG9917RDXS,1999.0,0,1,0.0,1,https://cavaathleisure.com/products/berry-ruched-snug-leggings
2026-09-26,Cava Athleisure,Berry Ruched Snug Leggings,M,WLG9917RDM,1999.0,1,0,1999.0,222,https://cavaathleisure.com/products/berry-ruched-snug-leggings
2026-09-26,Cava Athleisure,Berry Ruched Snug Leggings,L,WLG9917RDL,1999.0,1,0,1999.0,150,https://cavaathleisure.com/products/berry-ruched-snug-leggings
2026-09-26,Cava Athleisure,Black Polka Ruched Snug Leggings,XS,WLG9917PBKXS,2099.0,1,0,2099.0,15,https://cavaathleisure.com/products/black-polka-ruched-snug-leggings
2026-09-26,Cava Athleisure,Black Polka Ruched Snug Leggings,S,WLG9917PBKS,2099.0,2,0,4198.0,52,https://cavaathleisure.com/products/black-polka-ruched-snug-leggings
2026-09-26,Cava Athleisure,Black Polka Ruched Snug Leggings,M,WLG9917PBKM,2099.0,0,3,0.0,6,https://cavaathleisure.com/products/black-polka-ruched-snug-leggings
2026-09-26,Cava Athleisure,Berry Ruched Flared Leggings,S,WFP98P17RDS,2299.0,0,4,0.0,122,https://cavaathleisure.com/products/berry-ruched-flared-leggings
2026-09-26,Cava Athleisure,Berry Ruched Flared Leggings,S,WFP98EXT17RDS,2299.0,0,1,0.0,127,https://cavaathleisure.com/products/berry-ruched-flared-leggings
2026-09-26,Cava Athleisure,Berry Ruched Flared Leggings,M,WFP98P17RDM,2299.0,1,0,2299.0,250,https://cavaathleisure.com/products/berry-ruched-flared-leggings
2026-09-26,Cava Athleisure,Berry Ruched Flared Leggings,M,WFP98T17RDM,2299.0,1,0,2299.0,247,https://cavaathleisure.com/products/berry-ruched-flared-leggings
2026-09-26,Cava Athleisure,Berry Ruched Flared Leggings,M,WFP98EXT17RDM,2299.0,0,1,0.0,204,https://cavaathleisure.com/products/berry-ruched-flared-leggings
2026-09-26,Cava Athleisure,Berry Ruched Flared Leggings,L,WFP98P17RDL,2299.0,0,1,0.0,166,https://cavaathleisure.com/products/berry-ruched-flared-leggings
2026-09-26,Cava Athleisure,Berry Ruched Flared Leggings,L,WFP98T17RDL,2299.0,1,0,2299.0,227,https://cavaathleisure.com/products/berry-ruched-flared-leggings
2026-09-26,Cava Athleisure,Berry Ruched Flared Leggings,L,WFP98EXT17RDL,2299.0,1,0,2299.0,191,https://cavaathleisure.com/products/berry-ruched-flared-leggings
2026-09-26,Cava Athleisure,Blush Ruched Flared Leggings,XS,WFP98T17PNXS,2299.0,0,1,0.0,53,https://cavaathleisure.com/products/blush-ruched-flared-leggings
2026-09-26,Cava Athleisure,Blush Ruched Flared Leggings,S,WFP98P17PNS,2299.0,0,1,0.0,154,https://cavaathleisure.com/products/blush-ruched-flared-leggings
2026-09-26,Cava Athleisure,Blush Ruched Flared Leggings,S,WFP98T17PNS,2299.0,0,1,0.0,195,https://cavaathleisure.com/products/blush-ruched-flared-leggings
2026-09-26,Cava Athleisure,Blush Ruched Flared Leggings,M,WFP98T17PNM,2299.0,1,0,2299.0,272,https://cavaathleisure.com/products/blush-ruched-flared-leggings
2026-09-26,Cava Athleisure,Blush Ruched Flared Leggings,L,WFP98P17PNL,2299.0,2,0,4598.0,143,https://cavaathleisure.com/products/blush-ruched-flared-leggings
2026-09-26,Cava Athleisure,Blush Ruched Flared Leggings,L,WFP98T17PNL,2299.0,0,2,0.0,205,https://cavaathleisure.com/products/blush-ruched-flared-leggings
2026-09-26,Cava Athleisure,Blush Ruched Flared Leggings,L,WFP98EXT17PNL,2299.0,1,0,2299.0,132,https://cavaathleisure.com/products/blush-ruched-flared-leggings
2026-09-26,Cava Athleisure,Blue Ruched Flared Leggings,XS,WFP98T17BLXS,2299.0,2,0,4598.0,50,https://cavaathleisure.com/products/blue-ruched-flared-leggings
2026-09-26,Cava Athleisure,Blue Ruched Flared Leggings,S,WFP98T17BLS,2299.0,1,0,2299.0,123,https://cavaathleisure.com/products/blue-ruched-flared-leggings
2026-09-26,Cava Athleisure,Blue Ruched Flared Leggings,S,WFP98EXT17BLS,2299.0,0,1,0.0,68,https://cavaathleisure.com/products/blue-ruched-flared-leggings
2026-09-26,Cava Athleisure,Blue Ruched Flared Leggings,L,WFP98P17BLL,2299.0,0,1,0.0,147,https://cavaathleisure.com/products/blue-ruched-flared-leggings
2026-09-26,Cava Athleisure,Blue Ruched Flared Leggings,L,WFP98T17BLL,2299.0,0,1,0.0,210,https://cavaathleisure.com/products/blue-ruched-flared-leggings
2026-09-26,Cava Athleisure,Blue Ruched Flared Leggings,XL,WFP98P17BLXL,2299.0,1,0,2299.0,116,https://cavaathleisure.com/products/blue-ruched-flared-leggings
2026-09-26,Cava Athleisure,Black Polka Ruched Flared Leggings,XS,WFP98P17PBKXS,2399.0,2,0,4798.0,102,https://cavaathleisure.com/products/black-polka-ruched-flared-leggings
2026-09-26,Cava Athleisure,Black Polka Ruched Flared Leggings,S,WFP98P17PBKS,2399.0,1,0,2399.0,211,https://cavaathleisure.com/products/black-polka-ruched-flared-leggings
2026-09-26,Cava Athleisure,Black Polka Ruched Flared Leggings,L,WFP98P17PBKL,2399.0,2,0,4798.0,181,https://cavaathleisure.com/products/black-polka-ruched-flared-leggings
2026-09-26,Cava Athleisure,Black Polka Ruched Flared Leggings,L,WFP98EXT17PBKL,2399.0,1,0,2399.0,159,https://cavaathleisure.com/products/black-polka-ruched-flared-leggings
2026-09-26,Cava Athleisure,Black Polka Ruched Flared Leggings,XL,WFP98P17PBKXL,2399.0,0,1,0.0,109,https://cavaathleisure.com/products/black-polka-ruched-flared-leggings
2026-09-26,Cava Athleisure,Black Polka Ruched Flared Leggings,XL,WFP98EXT17PBKXL,2399.0,1,0,2399.0,111,https://cavaathleisure.com/products/black-polka-ruched-flared-leggings
2026-09-26,Cava Athleisure,Black Polka Ruched Flared Leggings,XXL,WFP98T17PBKXXL,2399.0,1,0,2399.0,74,https://cavaathleisure.com/products/black-polka-ruched-flared-leggings
2026-09-26,Cava Athleisure,Blush Lace Scoop Neck Top,XS,WTP9517PNXS,1699.0,1,0,1699.0,17,https://cavaathleisure.com/products/blush-lace-scoop-neck-top
2026-09-26,Cava Athleisure,Blush Lace Scoop Neck Top,S,WTP9517PNS,1699.0,4,0,6796.0,85,https://cavaathleisure.com/products/blush-lace-scoop-neck-top
2026-09-26,Cava Athleisure,Ivory Lace Scoop Neck Top,S,WTP9517WHS,1699.0,0,2,0.0,2,https://cavaathleisure.com/products/ivory-lace-scoop-neck-top
2026-09-26,Cava Athleisure,Ivory Lace Scoop Neck Top,M,WTP9517WHM,1699.0,2,0,3398.0,0,https://cavaathleisure.com/products/ivory-lace-scoop-neck-top
2026-09-26,Cava Athleisure,Ivory Lace Scoop Neck Top,L,WTP9517WHL,1699.0,1,0,1699.0,8,https://cavaathleisure.com/products/ivory-lace-scoop-neck-top
2026-09-26,Cava Athleisure,Berry Lace Scoop Neck Top,XS,WTP9517RDXS,1699.0,0,1,0.0,21,https://cavaathleisure.com/products/berry-lace-scoop-neck-top
2026-09-26,Cava Athleisure,Berry Lace Scoop Neck Top,S,WTP9517RDS,1699.0,1,0,1699.0,106,https://cavaathleisure.com/products/berry-lace-scoop-neck-top
2026-09-26,Cava Athleisure,Berry Lace Scoop Neck Top,XL,WTP9517RDXL,1699.0,0,1,0.0,47,https://cavaathleisure.com/products/berry-lace-scoop-neck-top
2026-09-26,Cava Athleisure,Blue Lace Scoop Neck Top,M,WTP9517BLM,1699.0,0,2,0.0,123,https://cavaathleisure.com/products/blue-lace-scoop-neck-top
2026-09-26,Cava Athleisure,Blue Lace Scoop Neck Top,L,WTP9517BLL,1699.0,0,1,0.0,72,https://cavaathleisure.com/products/blue-lace-scoop-neck-top
2026-09-26,Cava Athleisure,Black Polka Lace Scoop Neck Top,XS,WTP9517PBKXS,1799.0,0,1,0.0,1,https://cavaathleisure.com/products/black-polka-lace-scoop-neck-top
2026-09-26,Cava Athleisure,Black Polka Lace Scoop Neck Top,M,WTP9517PBKM,1799.0,1,0,1799.0,30,https://cavaathleisure.com/products/black-polka-lace-scoop-neck-top
2026-09-26,Cava Athleisure,Black Polka Lace Scoop Neck Top,L,WTP9517PBKL,1799.0,2,0,3598.0,57,https://cavaathleisure.com/products/black-polka-lace-scoop-neck-top
2026-09-26,Cava Athleisure,Black Polka Lace Scoop Neck Top,XXL,WTP9517PBKXXL,1799.0,1,0,1799.0,31,https://cavaathleisure.com/products/black-polka-lace-scoop-neck-top
2026-09-26,Cava Athleisure,Berry Polka Soft Knot Skorts,M,WSK9617PRDM,2299.0,1,0,2299.0,122,https://cavaathleisure.com/products/berry-polka-soft-knot-skorts
2026-09-26,Cava Athleisure,Berry Polka Soft Knot Skorts,L,WSK9617PRDL,2299.0,0,1,0.0,83,https://cavaathleisure.com/products/berry-polka-soft-knot-skorts
2026-09-26,Cava Athleisure,Blush Soft Knot Skorts,XS,WSK9617PNXS,2199.0,2,0,4398.0,55,https://cavaathleisure.com/products/blush-soft-knot-skorts
2026-09-26,Cava Athleisure,Blush Soft Knot Skorts,M,WSK9617PNM,2199.0,1,0,2199.0,56,https://cavaathleisure.com/products/blush-soft-knot-skorts
2026-09-26,Cava Athleisure,Blush Soft Knot Skorts,L,WSK9617PNL,2199.0,0,1,0.0,33,https://cavaathleisure.com/products/blush-soft-knot-skorts
2026-09-26,Cava Athleisure,Blush Soft Knot Skorts,XL,WSK9617PNXL,2199.0,1,0,2199.0,17,https://cavaathleisure.com/products/blush-soft-knot-skorts
2026-09-26,Cava Athleisure,Blue Soft Knot Skorts,S,WSK9617BLS,2199.0,0,2,0.0,44,https://cavaathleisure.com/products/blue-soft-knot-skorts
2026-09-26,Cava Athleisure,Blue Soft Knot Skorts,L,WSK9617BLL,2199.0,2,0,4398.0,37,https://cavaathleisure.com/products/blue-soft-knot-skorts
2026-09-26,Cava Athleisure,Berry Polka Lace Trim Halter Tank,M,WTN9717RDM,1799.0,0,1,0.0,1,https://cavaathleisure.com/products/berry-polka-lace-trim-halter
2026-09-26,Cava Athleisure,Mint Lace Trim Halter Tank,XS,WTN9717GRXS,1699.0,0,1,0.0,1,https://cavaathleisure.com/products/mint-lace-trim-halter
2026-09-26,Cava Athleisure,Mint Lace Trim Halter Tank,M,WTN9717GRM,1699.0,0,1,0.0,68,https://cavaathleisure.com/products/mint-lace-trim-halter
2026-09-26,Cava Athleisure,Mint Lace Trim Halter Tank,L,WTN9717GRL,1699.0,1,0,1699.0,160,https://cavaathleisure.com/products/mint-lace-trim-halter
2026-09-26,Cava Athleisure,Blush Lace Trim Halter Tank,XS,WTN9717PNXS,1699.0,1,0,1699.0,2,https://cavaathleisure.com/products/blush-lace-trim-halter
2026-09-26,Cava Athleisure,Blush Lace Trim Halter Tank,S,WTN9717PNS,1699.0,0,1,0.0,1,https://cavaathleisure.com/products/blush-lace-trim-halter
2026-09-26,Cava Athleisure,Blush Lace Trim Halter Tank,M,WTN9717PNM,1699.0,0,5,0.0,50,https://cavaathleisure.com/products/blush-lace-trim-halter
2026-09-26,Cava Athleisure,Blush Lace Trim Halter Tank,L,WTN9717PNL,1699.0,2,0,3398.0,182,https://cavaathleisure.com/products/blush-lace-trim-halter
2026-09-26,Cava Athleisure,Blue Lace Trim Halter Tank,XS,WTN9717BLXS,1699.0,0,2,0.0,2,https://cavaathleisure.com/products/blue-lace-trim-halter
2026-09-26,Cava Athleisure,Blue Lace Trim Halter Tank,M,WTN9717BLM,1699.0,2,0,3398.0,4,https://cavaathleisure.com/products/blue-lace-trim-halter
2026-09-26,Cava Athleisure,Blue Lace Trim Halter Tank,L,WTN9717BLL,1699.0,1,0,1699.0,136,https://cavaathleisure.com/products/blue-lace-trim-halter
2026-09-26,Cava Athleisure,Blue Lace Trim Halter Tank,XL,WTN9717BLXL,1699.0,1,0,1699.0,64,https://cavaathleisure.com/products/blue-lace-trim-halter
2026-09-26,Cava Athleisure,Blush Bow Halter Top,S,WTN10017PNS,1599.0,0,1,0.0,1,https://cavaathleisure.com/products/blush-bow-halter-top
2026-09-26,Cava Athleisure,Blush Bow Halter Top,L,WTN10017PNL,1599.0,0,1,0.0,72,https://cavaathleisure.com/products/blush-bow-halter-top
2026-09-26,Cava Athleisure,Berry Bow Halter Top,XS,WTN10017RDXS,1599.0,0,1,0.0,4,https://cavaathleisure.com/products/berry-bow-halter-top
2026-09-26,Cava Athleisure,Berry Bow Halter Top,M,WTN10017RDM,1599.0,0,1,0.0,3,https://cavaathleisure.com/products/berry-bow-halter-top
2026-09-26,Cava Athleisure,Berry Bow Halter Top,L,WTN10017RDL,1599.0,0,1,0.0,161,https://cavaathleisure.com/products/berry-bow-halter-top
2026-09-26,Cava Athleisure,Black Polka Bow Halter Top,S,WTN10017PBKS,1699.0,0,1,0.0,1,https://cavaathleisure.com/products/black-polka-bow-halter-top
2026-09-26,Cava Athleisure,Black Polka Bow Halter Top,M,WTN10017PBKM,1699.0,0,1,0.0,1,https://cavaathleisure.com/products/black-polka-bow-halter-top
2026-09-26,Cava Athleisure,Black Polka Bow Halter Top,XL,WTN10017PBKXL,1699.0,2,0,3398.0,68,https://cavaathleisure.com/products/black-polka-bow-halter-top
2026-09-26,Cava Athleisure,Black Polka Bow Halter Top,XXXL,WTN10017PBKXXXL,1699.0,0,1,0.0,16,https://cavaathleisure.com/products/black-polka-bow-halter-top
2026-09-26,Cava Athleisure,Blue Bow Halter Top,M,WTN10017BLM,1599.0,3,0,4797.0,0,https://cavaathleisure.com/products/blue-bow-halter-top
2026-09-26,Cava Athleisure,Free Gift Charm,Pink Pup Bag Charm,Cava-SoftServe-Charm-1,0.0,28,0,0.0,919,https://cavaathleisure.com/products/free-gift-charm
2026-09-26,Cava Athleisure,Free Gift Charm,Polka Bow Bag Charm,Cava-SoftServe-Charm-2,0.0,11,0,0.0,1645,https://cavaathleisure.com/products/free-gift-charm
2026-09-26,Cava Athleisure,Free Gift Charm,Labrador Bag Charm,Cava-SoftServe-Charm-3,0.0,1,0,0.0,2561,https://cavaathleisure.com/products/free-gift-charm
2026-09-26,Cava Athleisure,Free Gift Charm,Tennis Ball Bag Charm,Cava-SoftServe-Charm-4,0.0,3,0,0.0,2576,https://cavaathleisure.com/products/free-gift-charm
2026-09-26,Cava Athleisure,Brown Hourglass Booty Shorts,XS,WSH0845BNXS,1099.0,1,0,1099.0,12,https://cavaathleisure.com/products/brown-hourglass-booty-shorts
2026-09-26,Cava Athleisure,Brown Hourglass Booty Shorts,S,WSH0845BNS,1099.0,2,0,2198.0,29,https://cavaathleisure.com/products/brown-hourglass-booty-shorts
2026-09-26,Cava Athleisure,Light Grey Trailscape Tracks,32,MJR5410GYM,2049.0,0,1,0.0,1,https://cavaathleisure.com/products/light-grey-trailscape-tracks
2026-09-26,Cava Athleisure,Light Grey Trailscape Tracks,34,MJR5410GYL,2049.0,1,0,2049.0,23,https://cavaathleisure.com/products/light-grey-trailscape-tracks
2026-09-26,Cava Athleisure,Brown Trailscape Tracks,32,MJR5410BNM,2049.0,1,0,2049.0,0,https://cavaathleisure.com/products/brown-trailscape-tracks
2026-09-26,Cava Athleisure,Brown Trailscape Tracks,34,MJR5410BNL,2049.0,1,0,2049.0,12,https://cavaathleisure.com/products/brown-trailscape-tracks
2026-09-26,Cava Athleisure,Navy Trailscape Tracks,34,MJR5410NYL,2049.0,1,0,2049.0,4,https://cavaathleisure.com/products/navy-trailscape-tracks
2026-09-26,Cava Athleisure,Coral Sculpt Crew Top,S,WTP0218ORS,899.0,0,1,0.0,123,https://cavaathleisure.com/products/coral-sculpt-crew-top
2026-09-26,Cava Athleisure,Coral Sculpt Crew Top,M,WTP0218ORM,899.0,3,0,2697.0,118,https://cavaathleisure.com/products/coral-sculpt-crew-top
2026-09-26,Cava Athleisure,Coral Sculpt Crew Top,L,WTP0218ORL,899.0,1,0,899.0,26,https://cavaathleisure.com/products/coral-sculpt-crew-top
2026-09-26,Cava Athleisure,Coral Sculpt Crew Top,XL,WTP0218ORXL,899.0,2,0,1798.0,11,https://cavaathleisure.com/products/coral-sculpt-crew-top
2026-09-26,Cava Athleisure,Mint Sculpt Crew Top,XS,WTP0218GRXS,899.0,0,2,0.0,22,https://cavaathleisure.com/products/mint-sculpt-crew-top
2026-09-26,Cava Athleisure,Mint Sculpt Crew Top,S,WTP0218GRS,899.0,0,1,0.0,78,https://cavaathleisure.com/products/mint-sculpt-crew-top
2026-09-26,Cava Athleisure,Mint Sculpt Crew Top,M,WTP0218GRM,899.0,6,0,5394.0,15,https://cavaathleisure.com/products/mint-sculpt-crew-top
2026-09-26,Cava Athleisure,Mint Sculpt Crew Top,XXL,WTP0218GRXXL,899.0,0,2,0.0,2,https://cavaathleisure.com/products/mint-sculpt-crew-top
2026-09-26,Cava Athleisure,Coral Sculpt Core Top,S,WTP0118ORS,799.0,0,3,0.0,3,https://cavaathleisure.com/products/coral-sculpt-core-top
2026-09-26,Cava Athleisure,Coral Sculpt Core Top,M,WTP0118ORM,799.0,1,0,799.0,2,https://cavaathleisure.com/products/coral-sculpt-core-top
2026-09-26,Cava Athleisure,Mint Sculpt Core Top,S,WTP0118GRS,799.0,3,0,2397.0,0,https://cavaathleisure.com/products/mint-sculpt-core-top
2026-09-26,Cava Athleisure,Mint Sculpt Booty Shorts,M,WSH0418GRM,999.0,1,0,999.0,182,https://cavaathleisure.com/products/mint-sculpt-booty-shorts
2026-09-26,Cava Athleisure,Mint Sculpt Bootcut Leggings,XS,WFP0118GRXS,1299.0,0,1,0.0,35,https://cavaathleisure.com/products/mint-sculpt-bootcut-leggings
2026-09-26,Cava Athleisure,Mint Sculpt Bootcut Leggings,M,WFP01T18GRM,1299.0,1,0,1299.0,71,https://cavaathleisure.com/products/mint-sculpt-bootcut-leggings
2026-09-26,Cava Athleisure,Mint Sculpt Bootcut Leggings,L,WFP0118GRL,1299.0,1,0,1299.0,73,https://cavaathleisure.com/products/mint-sculpt-bootcut-leggings
2026-09-26,Cava Athleisure,Mint Sculpt Bootcut Leggings,XXL,WFP0118GRXXL,1299.0,1,0,1299.0,10,https://cavaathleisure.com/products/mint-sculpt-bootcut-leggings
2026-09-26,Cava Athleisure,"Navy 5"" Double Layer Rift Shorts",38,MSH5310NYXXL,1849.0,0,1,0.0,1,https://cavaathleisure.com/products/navy-5-double-layer-rift-shorts
2026-09-26,Cava Athleisure,Pink Sculpt Booty Shorts,M,WSH0418PNM,999.0,1,0,999.0,156,https://cavaathleisure.com/products/pink-sculpt-booty-shorts
2026-09-26,Cava Athleisure,Pink Sculpt Booty Shorts,L,WSH0418PNL,999.0,2,0,1998.0,45,https://cavaathleisure.com/products/pink-sculpt-booty-shorts
2026-09-26,Cava Athleisure,Pink Sculpt Bootcut Leggings,M,WFP0118PNM,1299.0,0,1,0.0,2,https://cavaathleisure.com/products/pink-sculpt-bootcut-leggings
2026-09-26,Cava Athleisure,Pink Sculpt Bootcut Leggings,M,WFP01T18PNM,1299.0,0,1,0.0,1,https://cavaathleisure.com/products/pink-sculpt-bootcut-leggings
2026-09-26,Cava Athleisure,Pink Sculpt Bootcut Leggings,L,WFP0118PNL,1299.0,3,0,3897.0,25,https://cavaathleisure.com/products/pink-sculpt-bootcut-leggings
2026-09-26,Cava Athleisure,Pink Sculpt Bootcut Leggings,L,WFP01T18PNL,1299.0,1,0,1299.0,24,https://cavaathleisure.com/products/pink-sculpt-bootcut-leggings
2026-09-26,Cava Athleisure,Pink Sculpt Bootcut Leggings,XL,WFP01T18PNXL,1299.0,0,1,0.0,79,https://cavaathleisure.com/products/pink-sculpt-bootcut-leggings
2026-09-26,Cava Athleisure,Pink Sculpt Bootcut Leggings,XXL,WFP0118PNXXL,1299.0,1,0,1299.0,2,https://cavaathleisure.com/products/pink-sculpt-bootcut-leggings
2026-09-26,Cava Athleisure,Pink Sculpt Core Leggings,XS,WLG0218PNXS,1199.0,0,1,0.0,21,https://cavaathleisure.com/products/pink-sculpt-core-leggings
2026-09-26,Cava Athleisure,Pink Sculpt Core Leggings,S,WLG0218PNS,1199.0,2,0,2398.0,87,https://cavaathleisure.com/products/pink-sculpt-core-leggings
2026-09-26,Cava Athleisure,Pink Sculpt Core Leggings,M,WLG0218PNM,1199.0,1,0,1199.0,67,https://cavaathleisure.com/products/pink-sculpt-core-leggings
2026-09-26,Cava Athleisure,Pink Sculpt Core Leggings,L,WLG0218PNL,1199.0,0,2,0.0,34,https://cavaathleisure.com/products/pink-sculpt-core-leggings
2026-09-26,Cava Athleisure,Wine Hyper Mesh Sports Bra,XS,WSB102RDXS,1499.0,0,1,0.0,78,https://cavaathleisure.com/products/wine-hyper-mesh-sports-bra
2026-09-26,Cava Athleisure,Wine Hyper Mesh Sports Bra,S,WSB102RDS,1499.0,3,0,4497.0,236,https://cavaathleisure.com/products/wine-hyper-mesh-sports-bra
2026-09-26,Cava Athleisure,Wine Hyper Mesh Sports Bra,M,WSB102RDM,1499.0,12,0,17988.0,135,https://cavaathleisure.com/products/wine-hyper-mesh-sports-bra
2026-09-26,Cava Athleisure,Wine Hyper Mesh Sports Bra,L,WSB102RDL,1499.0,6,0,8994.0,88,https://cavaathleisure.com/products/wine-hyper-mesh-sports-bra
2026-09-26,Cava Athleisure,Wine Hyper Mesh Sports Bra,XL,WSB102RDXL,1499.0,2,0,2998.0,70,https://cavaathleisure.com/products/wine-hyper-mesh-sports-bra
2026-09-26,Cava Athleisure,Wine Hyper Mesh Sports Bra,XXL,WSB102RDXXL,1499.0,1,0,1499.0,22,https://cavaathleisure.com/products/wine-hyper-mesh-sports-bra
2026-09-26,Cava Athleisure,Cava Next Gen Card,Default Title,Cava-Next-Gen-Card,0.0,155,0,0.0,9364,https://cavaathleisure.com/products/cava-next-gen-card
2026-09-26,Cava Athleisure,Cherry Next Gen Swirl Skorts,10-11Y,GSK11145RD10-11Y,1299.0,1,0,1299.0,227,https://cavaathleisure.com/products/cherry-next-gen-swirl-skorts
2026-09-26,Cava Athleisure,Cherry Next Gen Swirl Skorts,14+Y,GSK11145RD14-Y,1299.0,0,1,0.0,111,https://cavaathleisure.com/products/cherry-next-gen-swirl-skorts
2026-09-26,Cava Athleisure,Pink Next Gen Swirl Skorts,12-13Y,GSK11145PN12-13Y,1299.0,1,0,1299.0,194,https://cavaathleisure.com/products/pink-next-gen-swirl-skorts
2026-09-26,Cava Athleisure,Black Next Gen Swirl Skorts,14+Y,GSK11145BK14-Y,1299.0,0,1,0.0,144,https://cavaathleisure.com/products/black-next-gen-swirl-skorts
2026-09-26,Cava Athleisure,Black Next Gen Active Jacket,12-13Y,GJK11245BK12-13Y,1599.0,1,0,1599.0,1,https://cavaathleisure.com/products/black-next-gen-sculptor-jacket
2026-09-26,Cava Athleisure,Ivory Next Gen Active Jacket,12-13Y,GJK11245WH12-13Y,1599.0,1,0,1599.0,26,https://cavaathleisure.com/products/ivory-next-gen-sculptor-jacket
2026-09-26,Cava Athleisure,Cherry Pleated Mini Dress,XS,WDR4918RDXS,2049.0,0,1,0.0,52,https://cavaathleisure.com/products/cherry-pleated-mini-dress
2026-09-26,Cava Athleisure,Cherry Pleated Mini Dress,S,WDR4918RDS,2049.0,1,0,2049.0,75,https://cavaathleisure.com/products/cherry-pleated-mini-dress
2026-09-26,Cava Athleisure,Cherry Pleated Mini Dress,M,WDR4918RDM,2049.0,1,0,2049.0,22,https://cavaathleisure.com/products/cherry-pleated-mini-dress
2026-09-26,Cava Athleisure,Cherry Pleated Mini Dress,L,WDR4918RDL,2049.0,1,0,2049.0,2,https://cavaathleisure.com/products/cherry-pleated-mini-dress
2026-09-26,Cava Athleisure,Cherry Pleated Mini Dress,XL,WDR4918RDXL,2049.0,0,1,0.0,1,https://cavaathleisure.com/products/cherry-pleated-mini-dress
2026-09-26,Cava Athleisure,Green Pleated Mini Dress,XS,WDR4918GRXS,2049.0,0,1,0.0,56,https://cavaathleisure.com/products/green-pleated-mini-dress
2026-09-26,Cava Athleisure,Cherry Pintuck Flared Pants,S,WFP5218RDS,1499.0,1,0,1499.0,39,https://cavaathleisure.com/products/cherry-pintuck-flared-pants
2026-09-26,Cava Athleisure,Cherry Pintuck Flared Pants,L,WFP5218RDL,1499.0,1,0,1499.0,7,https://cavaathleisure.com/products/cherry-pintuck-flared-pants
2026-09-26,Cava Athleisure,Black Pleated Mini Dress,L,WDR4918BKL,2049.0,1,0,2049.0,7,https://cavaathleisure.com/products/black-pleated-mini-dress
2026-09-26,Cava Athleisure,Green Pintuck Flared Pants,M,WFP5218GRM,1499.0,1,0,1499.0,57,https://cavaathleisure.com/products/green-pintuck-flared-pants
2026-09-26,Cava Athleisure,Green Pintuck Flared Pants,XXL,WFP5218GRXXL,1499.0,1,0,1499.0,1,https://cavaathleisure.com/products/green-pintuck-flared-pants
2026-09-26,Cava Athleisure,Green Club Corset Top,M,WTP4818GRM,1249.0,1,0,1249.0,48,https://cavaathleisure.com/products/green-club-corset-top
2026-09-26,Cava Athleisure,Green Club Corset Top,L,WTP4818GRL,1249.0,2,0,2498.0,24,https://cavaathleisure.com/products/green-club-corset-top
2026-09-26,Cava Athleisure,Cherry Club Corset Top,S,WTP4818RDS,1249.0,2,0,2498.0,11,https://cavaathleisure.com/products/cherry-club-corset-top
2026-09-26,Cava Athleisure,Cherry Club Corset Top,M,WTP4818RDM,1249.0,0,1,0.0,1,https://cavaathleisure.com/products/cherry-club-corset-top
2026-09-26,Cava Athleisure,Black Club Corset Top,M,WTP4818BKM,1249.0,2,0,2498.0,25,https://cavaathleisure.com/products/black-club-corset-top
2026-09-26,Cava Athleisure,Lilac Hourglass Booty Shorts,S,WSH0845PUS,1099.0,0,1,0.0,1,https://cavaathleisure.com/products/lilac-hourglass-booty-shorts
2026-09-26,Cava Athleisure,Cherry Hourglass Snug Leggings,S,WLG1018RDS,1299.0,4,0,5196.0,43,https://cavaathleisure.com/products/cherry-hourglass-snug-leggings
2026-09-26,Cava Athleisure,Cherry Hourglass Snug Leggings,M,WLG1018RDM,1299.0,4,0,5196.0,33,https://cavaathleisure.com/products/cherry-hourglass-snug-leggings
2026-09-26,Cava Athleisure,Cherry Hourglass Snug Leggings,L,WLG1018RDL,1299.0,1,0,1299.0,47,https://cavaathleisure.com/products/cherry-hourglass-snug-leggings
2026-09-26,Cava Athleisure,Cherry Hourglass Snug Leggings,XXL,WLG1018RDXXL,1299.0,3,0,3897.0,19,https://cavaathleisure.com/products/cherry-hourglass-snug-leggings
2026-09-26,Cava Athleisure,Toasted ADPT™ Wrap Top,XS,WTP10245BNXS,1299.0,3,0,3897.0,0,https://cavaathleisure.com/products/toasted-adpt-wrap-top
2026-09-26,Cava Athleisure,Toasted ADPT™ Wrap Top,S,WTP10245BNS,1299.0,5,0,6495.0,43,https://cavaathleisure.com/products/toasted-adpt-wrap-top
2026-09-26,Cava Athleisure,Toasted ADPT™ Wrap Top,M,WTP10245BNM,1299.0,3,0,3897.0,69,https://cavaathleisure.com/products/toasted-adpt-wrap-top
2026-09-26,Cava Athleisure,Toasted ADPT™ Wrap Top,L,WTP10245BNL,1299.0,2,0,2598.0,22,https://cavaathleisure.com/products/toasted-adpt-wrap-top
2026-09-26,Cava Athleisure,Toasted ADPT™ Wrap Top,XL,WTP10245BNXL,1299.0,2,0,2598.0,27,https://cavaathleisure.com/products/toasted-adpt-wrap-top
2026-09-26,Cava Athleisure,Toasted ADPT™ Wrap Top,XXL,WTP10245BNXXL,1299.0,0,1,0.0,1,https://cavaathleisure.com/products/toasted-adpt-wrap-top
2026-09-26,Cava Athleisure,Cherry Hourglass Flared Leggings,XS,WFPACU0218RDXS,1429.0,0,2,0.0,2,https://cavaathleisure.com/products/cherry-hourglass-flared-leggings
2026-09-26,Cava Athleisure,Cherry Hourglass Flared Leggings,XS,WFPACU0418RDXS,1429.0,1,0,1429.0,47,https://cavaathleisure.com/products/cherry-hourglass-flared-leggings
2026-09-26,Cava Athleisure,Cherry Hourglass Flared Leggings,S,WFPACU0118RDS,1429.0,1,0,1429.0,0,https://cavaathleisure.com/products/cherry-hourglass-flared-leggings
2026-09-26,Cava Athleisure,Cherry Hourglass Flared Leggings,S,WFPACU0418RDS,1429.0,5,0,7145.0,17,https://cavaathleisure.com/products/cherry-hourglass-flared-leggings
2026-09-26,Cava Athleisure,Cherry Hourglass Flared Leggings,M,WFPACU0218RDM,1429.0,0,2,0.0,4,https://cavaathleisure.com/products/cherry-hourglass-flared-leggings
2026-09-26,Cava Athleisure,Cherry Hourglass Flared Leggings,L,WFPACU0118RDL,1429.0,0,1,0.0,1,https://cavaathleisure.com/products/cherry-hourglass-flared-leggings
2026-09-26,Cava Athleisure,Cherry Hourglass Flared Leggings,L,WFPACU0218RDL,1429.0,0,2,0.0,3,https://cavaathleisure.com/products/cherry-hourglass-flared-leggings
2026-09-26,Cava Athleisure,Cherry Hourglass Flared Leggings,XL,WFPACU0218RDXL,1429.0,6,0,8574.0,0,https://cavaathleisure.com/products/cherry-hourglass-flared-leggings
2026-09-26,Cava Athleisure,Lilac ADPT™ Wrap Top,M,WTP10245PUM,1299.0,1,0,1299.0,80,https://cavaathleisure.com/products/lilac-adpt™-wrap-top
2026-09-26,Cava Athleisure,Lilac ADPT™ Wrap Top,XXL,WTP10245PUXXL,1299.0,0,1,0.0,3,https://cavaathleisure.com/products/lilac-adpt™-wrap-top
2026-09-26,Cava Athleisure,Blush ADPT™ Wrap Top,S,WTP10245PNS,1299.0,7,0,9093.0,67,https://cavaathleisure.com/products/blush-adpt-wrap-top
2026-09-26,Cava Athleisure,Blush ADPT™ Wrap Top,M,WTP10245PNM,1299.0,1,0,1299.0,4,https://cavaathleisure.com/products/blush-adpt-wrap-top
2026-09-26,Cava Athleisure,Blush ADPT™ Wrap Top,L,WTP10245PNL,1299.0,0,3,0.0,3,https://cavaathleisure.com/products/blush-adpt-wrap-top
2026-09-26,Cava Athleisure,Ivory ADPT™ Wrap Top,XS,WTP10245WHXS,1299.0,0,2,0.0,2,https://cavaathleisure.com/products/ivory-adpt-wrap-top
2026-09-26,Cava Athleisure,Ivory ADPT™ Wrap Top,S,WTP10245WHS,1299.0,4,0,5196.0,29,https://cavaathleisure.com/products/ivory-adpt-wrap-top
2026-09-26,Cava Athleisure,Ivory ADPT™ Wrap Top,M,WTP10245WHM,1299.0,0,1,0.0,1,https://cavaathleisure.com/products/ivory-adpt-wrap-top
2026-09-26,Cava Athleisure,Ivory ADPT™ Wrap Top,XL,WTP10245WHXL,1299.0,1,0,1299.0,2,https://cavaathleisure.com/products/ivory-adpt-wrap-top
2026-09-26,Cava Athleisure,Ruby ADPT™ Wrap Top,L,WTP10245RDL,1299.0,0,1,0.0,1,https://cavaathleisure.com/products/ruby-adpt-wrap-top
2026-09-26,Cava Athleisure,Navy Athletic Quarter-Zip,XL,MTS5710NYXL,1699.0,1,0,1699.0,2,https://cavaathleisure.com/products/navy-athletic-quarter-zip
2026-09-26,Cava Athleisure,Navy Athletic Quarter-Zip,XXL,MTS5710NYXXL,1699.0,1,0,1699.0,15,https://cavaathleisure.com/products/navy-athletic-quarter-zip
2026-09-26,Cava Athleisure,Ice Blue Athletic Quarter-Zip,XL,MTS5710BLXL,1699.0,3,0,5097.0,36,https://cavaathleisure.com/products/ice-blue-athletic-quarter-zip
2026-09-26,Cava Athleisure,Steel Blue Refine Crop Tank,XS,WTN10145BLXS,999.0,0,1,0.0,5,https://cavaathleisure.com/products/steel-blue-refine-crop-tank
2026-09-26,Cava Athleisure,Ruby Refine Crop Tank,S,WTN10145RDS,999.0,1,0,999.0,1,https://cavaathleisure.com/products/ruby-refine-crop-tank
2026-09-26,Cava Athleisure,Ruby Refine Crop Tank,M,WTN10145RDM,999.0,1,0,999.0,8,https://cavaathleisure.com/products/ruby-refine-crop-tank
2026-09-26,Cava Athleisure,Ruby Refine Crop Tank,L,WTN10145RDL,999.0,0,1,0.0,17,https://cavaathleisure.com/products/ruby-refine-crop-tank
2026-09-26,Cava Athleisure,Ruby Refine Crop Tank,XL,WTN10145RDXL,999.0,1,0,999.0,14,https://cavaathleisure.com/products/ruby-refine-crop-tank
2026-09-26,Cava Athleisure,Navy Contrast Techpique Sleeveless Polo,XS,WTPCS0410NYXS,1359.0,2,0,2718.0,3,https://cavaathleisure.com/products/navy-contrast-techpique-sleeveless-polo
2026-09-26,Cava Athleisure,Navy Contrast Techpique Sleeveless Polo,XL,WTPCS0410NYXL,1359.0,1,0,1359.0,16,https://cavaathleisure.com/products/navy-contrast-techpique-sleeveless-polo
2026-09-26,Cava Athleisure,Ivory Hourglass Flared Leggings,XS,WFPACU0145WHXS,1429.0,0,1,0.0,6,https://cavaathleisure.com/products/ivory-hourglass-flared-leggings
2026-09-26,Cava Athleisure,Ivory Hourglass Flared Leggings,S,WFPACU0445WHS,1429.0,0,1,0.0,25,https://cavaathleisure.com/products/ivory-hourglass-flared-leggings
2026-09-26,Cava Athleisure,Ivory Hourglass Flared Leggings,M,WFPACU0145WHM,1429.0,2,0,2858.0,51,https://cavaathleisure.com/products/ivory-hourglass-flared-leggings
2026-09-26,Cava Athleisure,Ivory Hourglass Flared Leggings,M,WFPACU0445WHM,1429.0,2,0,2858.0,70,https://cavaathleisure.com/products/ivory-hourglass-flared-leggings
2026-09-26,Cava Athleisure,Ivory Hourglass Flared Leggings,L,WFPACU0245WHL,1429.0,1,0,1429.0,113,https://cavaathleisure.com/products/ivory-hourglass-flared-leggings
2026-09-26,Cava Athleisure,Ivory Hourglass Flared Leggings,L,WFPACU0445WHL,1429.0,1,0,1429.0,2,https://cavaathleisure.com/products/ivory-hourglass-flared-leggings
2026-09-26,Cava Athleisure,Ivory Hourglass Flared Leggings,XXL,WFPACU0445WHXXL,1429.0,0,1,0.0,47,https://cavaathleisure.com/products/ivory-hourglass-flared-leggings
2026-09-26,Cava Athleisure,Ivory Contrast Techpique Sleeveless Polo,S,WTPCS0410WHS,1359.0,1,0,1359.0,88,https://cavaathleisure.com/products/ivory-contrast-techpique-sleeveless-polo
2026-09-26,Cava Athleisure,Ivory Contrast Techpique Sleeveless Polo,M,WTPCS0410WHM,1359.0,1,0,1359.0,62,https://cavaathleisure.com/products/ivory-contrast-techpique-sleeveless-polo
2026-09-26,Cava Athleisure,"Black 5"" Double Layer Rift Shorts",36,MSH5310BKXL,1847.0,0,1,0.0,1,https://cavaathleisure.com/products/black-5-double-layer-rift-shorts
2026-09-26,Cava Athleisure,Green Contour Jacket,M,WJK4718GRM,2199.0,0,50,0.0,156,https://cavaathleisure.com/products/green-contour-jacket
2026-09-26,Cava Athleisure,Ivory Refine Crop Tank,XS,WTN10145WHXS,999.0,2,0,1998.0,12,https://cavaathleisure.com/products/ivory-refine-crop-tank
2026-09-26,Cava Athleisure,Ivory Refine Crop Tank,L,WTN10145WHL,999.0,2,0,1998.0,55,https://cavaathleisure.com/products/ivory-refine-crop-tank
2026-09-26,Cava Athleisure,Brown Refine Crop Tank,M,WTN10145BNM,999.0,1,0,999.0,0,https://cavaathleisure.com/products/brown-refine-crop-tank
2026-09-26,Cava Athleisure,Brown Refine Crop Tank,L,WTN10145BNL,999.0,0,1,0.0,1,https://cavaathleisure.com/products/brown-refine-crop-tank
2026-09-26,Cava Athleisure,Ice Blue Contour Jacket,S,WJK4718BLS,2199.0,1,0,2199.0,46,https://cavaathleisure.com/products/ice-blue-contour-jacket
2026-09-26,Cava Athleisure,Ice Blue Contour Jacket,M,WJK4718BLM,2199.0,0,92,0.0,107,https://cavaathleisure.com/products/ice-blue-contour-jacket
2026-09-26,Cava Athleisure,Black Contour Jacket,XS,WJK4718BKXS,2199.0,0,4,0.0,4,https://cavaathleisure.com/products/black-contour-jacket
2026-09-26,Cava Athleisure,Black Contour Jacket,M,WJK4718BKM,2199.0,0,7,0.0,7,https://cavaathleisure.com/products/black-contour-jacket
2026-09-26,Cava Athleisure,Black Contour Jacket,XL,WJK4718BKXL,2199.0,0,49,0.0,49,https://cavaathleisure.com/products/black-contour-jacket
2026-09-26,Cava Athleisure,Light Grey Trailscape Jacket,M,MJK5610GYM,2799.0,0,1,0.0,11,https://cavaathleisure.com/products/light-grey-trailscape-jacket
2026-09-26,Cava Athleisure,Light Grey Trailscape Jacket,L,MJK5610GYL,2799.0,0,1,0.0,44,https://cavaathleisure.com/products/light-grey-trailscape-jacket
2026-09-26,Cava Athleisure,Light Grey Athletic Quarter-Zip,XL,MTS5710GYXL,1699.0,2,0,3398.0,0,https://cavaathleisure.com/products/light-grey-athletic-quarter-zip
2026-09-26,Cava Athleisure,Ice Blue Velocity Training Tee,XL,MTS5518BLXL,1343.0,0,1,0.0,1,https://cavaathleisure.com/products/ice-blue-velocity-training-tee
2026-09-26,Cava Athleisure,Black Trailscape Jacket,XL,MJK5610BKXL,2799.0,1,0,2799.0,68,https://cavaathleisure.com/products/trailscape-jacketblack-trailscape-jacket
2026-09-26,Cava Athleisure,Plum Cotton Recovery Jacket,S,WJK3616PUS,1264.0,1,0,1264.0,0,https://cavaathleisure.com/products/plum-cotton-recovery-jacket
2026-09-26,Cava Athleisure,Lilac Hyper Mesh Sports Bra,XS,WSB021PUXS,1499.0,1,0,1499.0,47,https://cavaathleisure.com/products/lilac-hyper-mesh-sports-bra
2026-09-26,Cava Athleisure,Lilac Hyper Mesh Sports Bra,S,WSB021PUS,1499.0,1,0,1499.0,68,https://cavaathleisure.com/products/lilac-hyper-mesh-sports-bra
2026-09-26,Cava Athleisure,Lilac Hyper Mesh Sports Bra,M,WSB021PUM,1499.0,0,1,0.0,1,https://cavaathleisure.com/products/lilac-hyper-mesh-sports-bra
2026-09-26,Cava Athleisure,Red Pulse Seamless Tee,M,MTSCS12117RDM,899.0,1,0,899.0,0,https://cavaathleisure.com/products/red-pulse-seamless-tee
2026-09-26,Cava Athleisure,Cherry Ripple Swim Skorts,XS,WSWSK3414RDXS,2499.0,2,0,4998.0,85,https://cavaathleisure.com/products/cherry-ripple-swim-skorts
2026-09-26,Cava Athleisure,Cherry Ripple Swim Skorts,S,WSWSK3414RDS,2499.0,4,0,9996.0,160,https://cavaathleisure.com/products/cherry-ripple-swim-skorts
2026-09-26,Cava Athleisure,Cherry Ripple Swim Skorts,M,WSWSK3414RDM,2499.0,3,0,7497.0,198,https://cavaathleisure.com/products/cherry-ripple-swim-skorts
2026-09-26,Cava Athleisure,Cherry Ripple Swim Skorts,L,WSWSK3414RDL,2499.0,1,0,2499.0,146,https://cavaathleisure.com/products/cherry-ripple-swim-skorts
2026-09-26,Cava Athleisure,Black Ripple Swim Skorts,M,WSWSK3414BKM,2489.0,1,0,2489.0,186,https://cavaathleisure.com/products/black-ripple-swim-skorts
2026-09-26,Cava Athleisure,Black Ripple Swim Skorts,L,WSWSK3414BKL,2489.0,0,1,0.0,205,https://cavaathleisure.com/products/black-ripple-swim-skorts
2026-09-26,Cava Athleisure,Cherry Tieback Swim Top,XS,WSWTP3314RDXS,2499.0,2,0,4998.0,19,https://cavaathleisure.com/products/cherry-tieback-swim-top
2026-09-26,Cava Athleisure,Cherry Tieback Swim Top,S,WSWTP3314RDS,2499.0,3,0,7497.0,142,https://cavaathleisure.com/products/cherry-tieback-swim-top
2026-09-26,Cava Athleisure,Cherry Tieback Swim Top,M,WSWTP3314RDM,2499.0,1,0,2499.0,163,https://cavaathleisure.com/products/cherry-tieback-swim-top
2026-09-26,Cava Athleisure,Cherry Tieback Swim Top,L,WSWTP3314RDL,2499.0,1,0,2499.0,97,https://cavaathleisure.com/products/cherry-tieback-swim-top
2026-09-26,Cava Athleisure,Cherry Tieback Swim Top,XL,WSWTP3314RDXL,2499.0,1,0,2499.0,34,https://cavaathleisure.com/products/cherry-tieback-swim-top
2026-09-26,Cava Athleisure,Cherry Plie Pleated Skort,XS,WSKCS0610RDXS,1699.0,2,0,3398.0,241,https://cavaathleisure.com/products/cherry-plie-pleated-skort
2026-09-26,Cava Athleisure,Cherry Plie Pleated Skort,S,WSKCS0610RDS,1699.0,6,0,10194.0,116,https://cavaathleisure.com/products/cherry-plie-pleated-skort
2026-09-26,Cava Athleisure,Cherry Plie Pleated Skort,XL,WSKCS0610RDXL,1699.0,1,0,1699.0,13,https://cavaathleisure.com/products/cherry-plie-pleated-skort
2026-09-26,Cava Athleisure,Steel Blue Hourglass Flared Leggings,XS,WFPACU0145BLXS,1429.0,3,0,4287.0,69,https://cavaathleisure.com/products/steel-blue-hourglass-flared-leggings
2026-09-26,Cava Athleisure,Steel Blue Hourglass Flared Leggings,XS,WFPACU0445BLXS,1429.0,3,0,4287.0,27,https://cavaathleisure.com/products/steel-blue-hourglass-flared-leggings
2026-09-26,Cava Athleisure,Steel Blue Hourglass Flared Leggings,S,WFPACU0145BLS,1429.0,3,0,4287.0,128,https://cavaathleisure.com/products/steel-blue-hourglass-flared-leggings
2026-09-26,Cava Athleisure,Steel Blue Hourglass Flared Leggings,M,WFPACU0145BLM,1429.0,4,0,5716.0,79,https://cavaathleisure.com/products/steel-blue-hourglass-flared-leggings
2026-09-26,Cava Athleisure,Steel Blue Hourglass Flared Leggings,M,WFPACU0245BLM,1429.0,1,0,1429.0,0,https://cavaathleisure.com/products/steel-blue-hourglass-flared-leggings
2026-09-26,Cava Athleisure,Steel Blue Hourglass Flared Leggings,M,WFPACU0445BLM,1429.0,5,0,7145.0,22,https://cavaathleisure.com/products/steel-blue-hourglass-flared-leggings
2026-09-26,Cava Athleisure,Steel Blue Hourglass Flared Leggings,L,WFPACU0145BLL,1429.0,6,0,8574.0,211,https://cavaathleisure.com/products/steel-blue-hourglass-flared-leggings
2026-09-26,Cava Athleisure,Steel Blue Hourglass Flared Leggings,L,WFPACU0245BLL,1429.0,1,0,1429.0,0,https://cavaathleisure.com/products/steel-blue-hourglass-flared-leggings
2026-09-26,Cava Athleisure,Steel Blue Hourglass Flared Leggings,L,WFPACU0445BLL,1429.0,5,0,7145.0,0,https://cavaathleisure.com/products/steel-blue-hourglass-flared-leggings
2026-09-26,Cava Athleisure,Steel Blue Hourglass Flared Leggings,XL,WFPACU0145BLXL,1429.0,8,0,11432.0,81,https://cavaathleisure.com/products/steel-blue-hourglass-flared-leggings
2026-09-26,Cava Athleisure,Steel Blue Hourglass Flared Leggings,XL,WFPACU0245BLXL,1429.0,2,0,2858.0,21,https://cavaathleisure.com/products/steel-blue-hourglass-flared-leggings
2026-09-26,Cava Athleisure,Steel Blue Hourglass Booty Shorts,XS,WSH0845BLXS,1099.0,0,1,0.0,83,https://cavaathleisure.com/products/steel-blue-hourglass-booty-shorts
2026-09-26,Cava Athleisure,Steel Blue Hourglass Booty Shorts,S,WSH0845BLS,1099.0,1,0,1099.0,133,https://cavaathleisure.com/products/steel-blue-hourglass-booty-shorts
2026-09-26,Cava Athleisure,Steel Blue Hourglass Booty Shorts,M,WSH0845BLM,1099.0,3,0,3297.0,108,https://cavaathleisure.com/products/steel-blue-hourglass-booty-shorts
2026-09-26,Cava Athleisure,Steel Blue Hourglass Booty Shorts,XL,WSH0845BLXL,1099.0,1,0,1099.0,40,https://cavaathleisure.com/products/steel-blue-hourglass-booty-shorts
2026-09-26,Cava Athleisure,Steel Blue Hourglass Booty Shorts,XXL,WSH0845BLXXL,1099.0,0,1,0.0,5,https://cavaathleisure.com/products/steel-blue-hourglass-booty-shorts
2026-09-26,Cava Athleisure,Wine Hourglass Booty Shorts,XS,WSH0845WRDXS,1099.0,0,1,0.0,71,https://cavaathleisure.com/products/wine-hourglass-booty-shorts
2026-09-26,Cava Athleisure,Wine Hourglass Booty Shorts,S,WSH0845WRDS,1099.0,5,0,5495.0,369,https://cavaathleisure.com/products/wine-hourglass-booty-shorts
2026-09-26,Cava Athleisure,Wine Hourglass Booty Shorts,M,WSH0845WRDM,1099.0,5,0,5495.0,106,https://cavaathleisure.com/products/wine-hourglass-booty-shorts
2026-09-26,Cava Athleisure,Wine Hourglass Booty Shorts,L,WSH0845WRDL,1099.0,5,0,5495.0,23,https://cavaathleisure.com/products/wine-hourglass-booty-shorts
2026-09-26,Cava Athleisure,"Shadow 5"" Pacer Shorts",30,MSH4217GY30,1596.0,0,1,0.0,1,https://cavaathleisure.com/products/shadow-5-pacer-shorts
2026-09-26,Cava Athleisure,"Teal 5"" Pacer Shorts",32,MSH4217GR32,1599.0,0,1,0.0,84,https://cavaathleisure.com/products/teal-5-pacer-shorts
2026-09-26,Cava Athleisure,"Teal 5"" Pacer Shorts",34,MSH4217GR34,1599.0,0,1,0.0,28,https://cavaathleisure.com/products/teal-5-pacer-shorts
2026-09-26,Cava Athleisure,"Black 5"" Pacer Shorts",32,MSH4217BK32,1599.0,1,0,1599.0,0,https://cavaathleisure.com/products/black-5-pacer-shorts
2026-09-26,Cava Athleisure,"Black 5"" Pacer Shorts",38,MSH4217BK38,1599.0,0,1,0.0,2,https://cavaathleisure.com/products/black-5-pacer-shorts
2026-09-26,Cava Athleisure,Pink Strap Back Sports Bra,XS,WSB1917PNXS,1199.0,1,0,1199.0,73,https://cavaathleisure.com/products/pink-strap-back-sports-bra
2026-09-26,Cava Athleisure,Pink Strap Back Sports Bra,L,WSB1917PNL,1199.0,0,1,0.0,92,https://cavaathleisure.com/products/pink-strap-back-sports-bra
2026-09-26,Cava Athleisure,Pink Strap Back Sports Bra,XXL,WSB1917PNXXL,1199.0,2,0,2398.0,89,https://cavaathleisure.com/products/pink-strap-back-sports-bra
2026-09-26,Cava Athleisure,Slate Contour Flared Leggings,XS,WFP3714GYXS,1399.0,1,0,1399.0,22,https://cavaathleisure.com/products/slate-contour-flared-leggings
2026-09-26,Cava Athleisure,Slate Contour Flared Leggings,M,WFP3714GYM,1399.0,1,0,1399.0,0,https://cavaathleisure.com/products/slate-contour-flared-leggings
2026-09-26,Cava Athleisure,Slate Contour Flared Leggings,L,WFP3714GYL,1399.0,4,0,5596.0,4,https://cavaathleisure.com/products/slate-contour-flared-leggings
2026-09-26,Cava Athleisure,Slate Contour Flared Leggings,XL,WFP3714GYXL,1399.0,0,1,0.0,1,https://cavaathleisure.com/products/slate-contour-flared-leggings
2026-09-26,Cava Athleisure,Slate Contour Flared Leggings,XXL,WFP3714GYXXL,1399.0,1,0,1399.0,2,https://cavaathleisure.com/products/slate-contour-flared-leggings
2026-09-26,Cava Athleisure,Black Contour Flared Leggings,XS,WFP3714BKXS,1399.0,0,1,0.0,1,https://cavaathleisure.com/products/black-contour-flared-leggings
2026-09-26,Cava Athleisure,Black Contour Flared Leggings,S,WFP3714BKS,1399.0,2,0,2798.0,1,https://cavaathleisure.com/products/black-contour-flared-leggings
2026-09-26,Cava Athleisure,Black Contour Flared Leggings,XL,WFP3714BKXL,1399.0,2,0,2798.0,2,https://cavaathleisure.com/products/black-contour-flared-leggings
2026-09-26,Cava Athleisure,Black Contour Flared Leggings,XXL,WFP3714BKXXL,1399.0,1,0,1399.0,1,https://cavaathleisure.com/products/black-contour-flared-leggings
2026-09-26,Cava Athleisure,Cherry Contour Flared Leggings,XS,WFP3714RDXS,1399.0,0,3,0.0,3,https://cavaathleisure.com/products/cherry-contour-flared-leggings
2026-09-26,Cava Athleisure,Cherry Contour Flared Leggings,S,WFP3714RDS,1399.0,0,2,0.0,4,https://cavaathleisure.com/products/cherry-contour-flared-leggings
2026-09-26,Cava Athleisure,Cherry Contour Flared Leggings,M,WFP3714RDM,1399.0,3,0,4197.0,1,https://cavaathleisure.com/products/cherry-contour-flared-leggings
2026-09-26,Cava Athleisure,Cherry Contour Flared Leggings,L,WFP3714RDL,1399.0,1,0,1399.0,2,https://cavaathleisure.com/products/cherry-contour-flared-leggings
2026-09-26,Cava Athleisure,Cherry Contour Flared Leggings,XL,WFP3714RDXL,1399.0,1,0,1399.0,1,https://cavaathleisure.com/products/cherry-contour-flared-leggings
2026-09-26,Cava Athleisure,Navy Contoured Seamless Sports Bra,M,WSBUD17NYM,999.0,0,2,0.0,2,https://cavaathleisure.com/products/navy-contoured-seamless-sports-bra
2026-09-26,Cava Athleisure,Slate Studio Compression Leggings,S,WLG3714GYS,999.0,0,1,0.0,2,https://cavaathleisure.com/products/slate-studio-compression-leggings
2026-09-26,Cava Athleisure,Blush Hourglass Swirl Skorts,S,WSK4114PNS,1599.0,0,1,0.0,95,https://cavaathleisure.com/products/blush-hourglass-swirl-skorts
2026-09-26,Cava Athleisure,Blush Hourglass Swirl Skorts,M,WSK4114PNM,1599.0,1,0,1599.0,71,https://cavaathleisure.com/products/blush-hourglass-swirl-skorts
2026-09-26,Cava Athleisure,Wine Hourglass Swirl Skorts,S,WSK4114WRDS,1599.0,2,0,3198.0,143,https://cavaathleisure.com/products/wine-hourglass-swirl-skorts
2026-09-26,Cava Athleisure,Wine Hourglass Swirl Skorts,L,WSK4114WRDL,1599.0,1,0,1599.0,15,https://cavaathleisure.com/products/wine-hourglass-swirl-skorts
2026-09-26,Cava Athleisure,Black Hourglass Swirl Skorts,S,WSK4114BKS,1599.0,4,0,6396.0,7,https://cavaathleisure.com/products/black-hourglass-swirl-skorts
2026-09-26,Cava Athleisure,Black Hourglass Swirl Skorts,M,WSK4114BKM,1599.0,3,0,4797.0,46,https://cavaathleisure.com/products/black-hourglass-swirl-skorts
2026-09-26,Cava Athleisure,Black Hourglass Swirl Skorts,L,WSK4114BKL,1599.0,1,0,1599.0,69,https://cavaathleisure.com/products/black-hourglass-swirl-skorts
2026-09-26,Cava Athleisure,Black Hourglass Swirl Skorts,XL,WSK4114BKXL,1599.0,2,0,3198.0,1,https://cavaathleisure.com/products/black-hourglass-swirl-skorts
2026-09-26,Cava Athleisure,Black Hourglass Swirl Skorts,XXL,WSK4114BKXXL,1599.0,1,0,1599.0,30,https://cavaathleisure.com/products/black-hourglass-swirl-skorts
2026-09-26,Cava Athleisure,Blush Heartline Sports Bra,XS,WSB3914PNXS,1596.0,1,0,1596.0,24,https://cavaathleisure.com/products/blush-heartline-sports-bra
2026-09-26,Cava Athleisure,Blush Heartline Sports Bra,S,WSB3914PNS,1596.0,2,0,3192.0,1,https://cavaathleisure.com/products/blush-heartline-sports-bra
2026-09-26,Cava Athleisure,Black Heartline Sports Bra,S,WSB3914BKS,1399.0,0,1,0.0,1,https://cavaathleisure.com/products/black-heartline-sports-bra
2026-09-26,Cava Athleisure,Teal Fluid Racerback Tank,XS,WTNSET510PGRXS,1599.0,3,0,4797.0,38,https://cavaathleisure.com/products/teal-fluid-racerback-tank
2026-09-26,Cava Athleisure,Teal Fluid Racerback Tank,S,WTNSET510PGRS,1599.0,6,0,9594.0,32,https://cavaathleisure.com/products/teal-fluid-racerback-tank
2026-09-26,Cava Athleisure,Teal Fluid Racerback Tank,M,WTNSET510PGRM,1599.0,2,0,3198.0,36,https://cavaathleisure.com/products/teal-fluid-racerback-tank
2026-09-26,Cava Athleisure,Navy Seamless Cinched Leggings,XS,WLGUD17NYXS,1099.0,2,0,2198.0,29,https://cavaathleisure.com/products/navy-seamless-cinched-leggings
2026-09-26,Cava Athleisure,Navy Seamless Cinched Leggings,M,WLGUD17NYM,1099.0,0,1,0.0,1,https://cavaathleisure.com/products/navy-seamless-cinched-leggings
2026-09-26,Cava Athleisure,Pink Hourglass Booty Shorts,S,WSH0814PNS,1099.0,1,0,1099.0,93,https://cavaathleisure.com/products/pink-hourglass-booty-shorts
2026-09-26,Cava Athleisure,Pink Hourglass Booty Shorts,M,WSH0814PNM,1099.0,0,1,0.0,81,https://cavaathleisure.com/products/pink-hourglass-booty-shorts
2026-09-26,Cava Athleisure,Pink Hourglass Booty Shorts,XXL,WSH0814PNXXL,1099.0,1,0,1099.0,26,https://cavaathleisure.com/products/pink-hourglass-booty-shorts
2026-09-26,Cava Athleisure,Ivory Ultra Support Sports Bra,S,WSB0114WHS,1399.0,1,0,1399.0,199,https://cavaathleisure.com/products/ivory-ultra-support-sports-bra
2026-09-26,Cava Athleisure,Ivory Ultra Support Sports Bra,M,WSB0114WHM,1399.0,9,0,12591.0,148,https://cavaathleisure.com/products/ivory-ultra-support-sports-bra
2026-09-26,Cava Athleisure,Ivory Ultra Support Sports Bra,L,WSB0114WHL,1399.0,5,0,6995.0,98,https://cavaathleisure.com/products/ivory-ultra-support-sports-bra
2026-09-26,Cava Athleisure,Cherry Hourglass Swirl Skorts,XS,WSK4114RDXS,1599.0,2,0,3198.0,150,https://cavaathleisure.com/products/cherry-hourglass-swirl-skorts
2026-09-26,Cava Athleisure,Cherry Hourglass Swirl Skorts,S,WSK4114RDS,1599.0,4,0,6396.0,173,https://cavaathleisure.com/products/cherry-hourglass-swirl-skorts
2026-09-26,Cava Athleisure,Cherry Hourglass Swirl Skorts,M,WSK4114RDM,1599.0,5,0,7995.0,130,https://cavaathleisure.com/products/cherry-hourglass-swirl-skorts
2026-09-26,Cava Athleisure,Cherry Hourglass Swirl Skorts,L,WSK4114RDL,1599.0,3,0,4797.0,20,https://cavaathleisure.com/products/cherry-hourglass-swirl-skorts
2026-09-26,Cava Athleisure,Cherry Sculptor Jacket,S,WJKSET510RDS,1799.0,6,0,10794.0,106,https://cavaathleisure.com/products/cherry-sculptor-jacket
2026-09-26,Cava Athleisure,Cherry Sculptor Jacket,M,WJKSET510RDM,1799.0,7,0,12593.0,192,https://cavaathleisure.com/products/cherry-sculptor-jacket
2026-09-26,Cava Athleisure,Cherry Sculptor Jacket,L,WJKSET510RDL,1799.0,9,0,16191.0,222,https://cavaathleisure.com/products/cherry-sculptor-jacket
2026-09-26,Cava Athleisure,Cherry Sculptor Jacket,XL,WJKSET510RDXL,1799.0,2,0,3598.0,57,https://cavaathleisure.com/products/cherry-sculptor-jacket
2026-09-26,Cava Athleisure,Cherry Sculptor Jacket,XXL,WJKSET510RDXXL,1799.0,3,0,5397.0,97,https://cavaathleisure.com/products/cherry-sculptor-jacket
2026-09-26,Cava Athleisure,Steel Blue Hourglass Snug Leggings,S,WLG1045BLS,1299.0,2,0,2598.0,26,https://cavaathleisure.com/products/steel-blue-hourglass-snug-leggings
2026-09-26,Cava Athleisure,Steel Blue Hourglass Snug Leggings,M,WLG1045BLM,1299.0,2,0,2598.0,12,https://cavaathleisure.com/products/steel-blue-hourglass-snug-leggings
2026-09-26,Cava Athleisure,Steel Blue Hourglass Snug Leggings,L,WLG1045BLL,1299.0,3,0,3897.0,34,https://cavaathleisure.com/products/steel-blue-hourglass-snug-leggings
2026-09-26,Cava Athleisure,Steel Blue Hourglass Snug Leggings,XL,WLG1045BLXL,1299.0,1,0,1299.0,42,https://cavaathleisure.com/products/steel-blue-hourglass-snug-leggings
2026-09-26,Cava Athleisure,Wine Hourglass Snug Leggings,S,WLG1045WRDS,1299.0,0,1,0.0,108,https://cavaathleisure.com/products/wine-hourglass-snug-leggings
2026-09-26,Cava Athleisure,Wine Hourglass Snug Leggings,M,WLG1045WRDM,1299.0,1,0,1299.0,62,https://cavaathleisure.com/products/wine-hourglass-snug-leggings
2026-09-26,Cava Athleisure,Wine Hourglass Snug Leggings,L,WLG1045WRDL,1299.0,7,0,9093.0,52,https://cavaathleisure.com/products/wine-hourglass-snug-leggings
2026-09-26,Cava Athleisure,Wine Hourglass Snug Leggings,XL,WLG1045WRDXL,1299.0,4,0,5196.0,21,https://cavaathleisure.com/products/wine-hourglass-snug-leggings
2026-09-26,Cava Athleisure,Wine Hourglass Snug Leggings,XXL,WLG1045WRDXXL,1299.0,2,0,2598.0,41,https://cavaathleisure.com/products/wine-hourglass-snug-leggings
2026-09-26,Cava Athleisure,Toasted Swirl Tennis Skorts,XXS,WSKSET445BNXXS,1399.0,1,0,1399.0,7,https://cavaathleisure.com/products/toasted-swirl-tennis-skorts
2026-09-26,Cava Athleisure,Toasted Swirl Tennis Skorts,XS,WSKSET445BNXS,1399.0,2,0,2798.0,78,https://cavaathleisure.com/products/toasted-swirl-tennis-skorts
2026-09-26,Cava Athleisure,Toasted Swirl Tennis Skorts,S,WSKSET445BNS,1399.0,1,0,1399.0,47,https://cavaathleisure.com/products/toasted-swirl-tennis-skorts
2026-09-26,Cava Athleisure,Toasted Swirl Tennis Skorts,M,WSKSET445BNM,1399.0,3,0,4197.0,29,https://cavaathleisure.com/products/toasted-swirl-tennis-skorts
2026-09-26,Cava Athleisure,Toasted Swirl Tennis Skorts,L,WSKSET445BNL,1399.0,2,0,2798.0,23,https://cavaathleisure.com/products/toasted-swirl-tennis-skorts
2026-09-26,Cava Athleisure,Toasted Swirl Tennis Skorts,XL,WSKSET445BNXL,1399.0,3,0,4197.0,10,https://cavaathleisure.com/products/toasted-swirl-tennis-skorts
2026-09-26,Cava Athleisure,Black Adaptive Quarter Zip,L,WHD4445BKL,1559.0,1,0,1559.0,0,https://cavaathleisure.com/products/black-adaptive-quarter-zip
2026-09-26,Cava Athleisure,Shadow Everywear Sweatshirt,XXL,MHD1615BKXXL,1099.0,0,1,0.0,5,https://cavaathleisure.com/products/shadow-everywear-sweatshirt
2026-09-26,Cava Athleisure,Shadow Everywear Leisure Tee,S,MTS1614BKS,799.0,1,0,799.0,14,https://cavaathleisure.com/products/shadow-everywear-leisure-tee
2026-09-26,Cava Athleisure,Shadow Everywear Leisure Tee,M,MTS1614BKM,799.0,1,0,799.0,31,https://cavaathleisure.com/products/shadow-everywear-leisure-tee
2026-09-26,Cava Athleisure,Shadow Everywear Leisure Tee,L,MTS1614BKL,799.0,0,1,0.0,85,https://cavaathleisure.com/products/shadow-everywear-leisure-tee
2026-09-26,Cava Athleisure,Shadow Everywear Leisure Tee,XL,MTS1614BKXL,799.0,1,0,799.0,6,https://cavaathleisure.com/products/shadow-everywear-leisure-tee
2026-09-26,Cava Athleisure,Shadow Cotton Leisure Shorts,L,MSH1616BKL,899.0,1,0,899.0,114,https://cavaathleisure.com/products/shadow-cotton-leisure-shorts
2026-09-26,Cava Athleisure,Shadow Cotton Leisure Shorts,XL,MSH1616BKXL,899.0,1,0,899.0,34,https://cavaathleisure.com/products/shadow-cotton-leisure-shorts
2026-09-26,Cava Athleisure,Shadow Cotton Leisure Shorts,XXL,MSH1616BKXXL,899.0,0,1,0.0,8,https://cavaathleisure.com/products/shadow-cotton-leisure-shorts
2026-09-26,Cava Athleisure,Blue Everywear Leisure Tee,S,MTS1614NYS,799.0,1,0,799.0,41,https://cavaathleisure.com/products/blue-everywear-leisure-tee
2026-09-26,Cava Athleisure,Blue Everywear Leisure Tee,L,MTS1614NYL,799.0,1,0,799.0,16,https://cavaathleisure.com/products/blue-everywear-leisure-tee
2026-09-26,Cava Athleisure,Blue Everywear Leisure Tee,XL,MTS1614NYXL,799.0,0,1,0.0,13,https://cavaathleisure.com/products/blue-everywear-leisure-tee
2026-09-26,Cava Athleisure,Blue Everywear Leisure Tee,XXL,MTS1614NYXXL,799.0,1,0,799.0,7,https://cavaathleisure.com/products/blue-everywear-leisure-tee
2026-09-26,Cava Athleisure,Brown Everywear Leisure Tee,M,MTS1614BNM,799.0,2,0,1598.0,124,https://cavaathleisure.com/products/brown-everywear-leisure-tee
2026-09-26,Cava Athleisure,Brown Everywear Leisure Tee,XL,MTS1614BNXL,799.0,1,0,799.0,58,https://cavaathleisure.com/products/brown-everywear-leisure-tee
2026-09-26,Cava Athleisure,Dusty Pink Everywear Leisure Tee,M,MTS1614BGM,799.0,1,0,799.0,49,https://cavaathleisure.com/products/dusty-pink-everywear-leisure-tee
2026-09-26,Cava Athleisure,Dusty Pink Everywear Leisure Tee,XL,MTS1614BGXL,799.0,2,0,1598.0,23,https://cavaathleisure.com/products/dusty-pink-everywear-leisure-tee
2026-09-26,Cava Athleisure,Green Everywear Sweatshirt,L,MHD1615GRL,1099.0,1,0,1099.0,1,https://cavaathleisure.com/products/green-everywear-sweatshirt
2026-09-26,Cava Athleisure,Green Everywear Sweatshirt,XL,MHD1615GRXL,1099.0,1,0,1099.0,14,https://cavaathleisure.com/products/green-everywear-sweatshirt
2026-09-26,Cava Athleisure,Dusty Pink Everywear Sweatshirt,XL,MHD1615BGXL,1099.0,1,0,1099.0,44,https://cavaathleisure.com/products/dusty-pink-everywear-sweatshirt
2026-09-26,Cava Athleisure,Blue Wide Leg Joggers,M,MJR1617NYM,1399.0,0,1,0.0,12,https://cavaathleisure.com/products/blue-wide-leg-joggers
2026-09-26,Cava Athleisure,Blue Wide Leg Joggers,L,MJR1617NYL,1399.0,0,1,0.0,11,https://cavaathleisure.com/products/blue-wide-leg-joggers
2026-09-26,Cava Athleisure,Blue Cotton Leisure Shorts,L,MSH1616NYL,899.0,3,0,2697.0,65,https://cavaathleisure.com/products/blue-cotton-leisure-shorts
2026-09-26,Cava Athleisure,Dusty Pink Cotton Leisure Shorts,L,MSH1616BGL,899.0,1,0,899.0,85,https://cavaathleisure.com/products/dusty-pink-cotton-leisure-shorts
2026-09-26,Cava Athleisure,Yellow Rib-knit Trousers,M,WJR3714YLM,1300.0,3,0,3900.0,2,https://cavaathleisure.com/products/yellow-rib-knit-trousers
2026-09-26,Cava Athleisure,Yellow Club Cardigan,L,WJK3614YLL,1299.0,2,0,2598.0,8,https://cavaathleisure.com/products/yellow-club-cardigan
2026-09-26,Cava Athleisure,Yellow Cotton Baby Tee,XL,WTS1631YLXL,714.0,1,0,714.0,0,https://cavaathleisure.com/products/yellow-cotton-baby-tee
2026-09-26,Cava Athleisure,Butter Yellow Ultra Support Sports Bra,XS,WSB14CS01YLXS,1399.0,2,0,2798.0,27,https://cavaathleisure.com/products/butter-yellow-ultra-support-sports-bra
2026-09-26,Cava Athleisure,Butter Yellow Ultra Support Sports Bra,M,WSB14CS01YLM,1399.0,11,0,15389.0,19,https://cavaathleisure.com/products/butter-yellow-ultra-support-sports-bra
2026-09-26,Cava Athleisure,Butter Yellow Ultra Support Sports Bra,L,WSB14CS01YLL,1399.0,4,0,5596.0,173,https://cavaathleisure.com/products/butter-yellow-ultra-support-sports-bra
2026-09-26,Cava Athleisure,Butter Yellow Ultra Support Sports Bra,XL,WSB14CS01YLXL,1399.0,1,0,1399.0,62,https://cavaathleisure.com/products/butter-yellow-ultra-support-sports-bra
2026-09-26,Cava Athleisure,Butter Yellow Ultra Support Sports Bra,XXL,WSB14CS01YLXXL,1399.0,4,0,5596.0,66,https://cavaathleisure.com/products/butter-yellow-ultra-support-sports-bra
2026-09-26,Cava Athleisure,Grey Cotton Baby Tee,XL,WTS1631GMLXL,714.0,2,0,1428.0,9,https://cavaathleisure.com/products/grey-cotton-baby-tee
2026-09-26,Cava Athleisure,Beige Signature Sprint Joggers,XS,MNJR702-Volar-11-Bge-XS,957.0,3,0,2871.0,0,https://cavaathleisure.com/products/beige-signature-sprint-joggers
2026-09-26,Cava Athleisure,Beige Signature Sprint Joggers,S,MNJR702-Volar-11-Bge-S,957.0,22,0,21054.0,0,https://cavaathleisure.com/products/beige-signature-sprint-joggers
2026-09-26,Cava Athleisure,Electric Overlap Tees - Pack of 2,XS,WTP1SET2NYGRXS,2199.0,0,1,0.0,39,https://cavaathleisure.com/products/electric-overlap-tees-pack-of-2
2026-09-26,Cava Athleisure,Electric Overlap Tees - Pack of 2,S,WTP1SET2NYGRS,2199.0,1,0,2199.0,9,https://cavaathleisure.com/products/electric-overlap-tees-pack-of-2
2026-09-26,Cava Athleisure,Black Sculpt Core Top,M,WTP901BKM,799.0,0,115,0.0,115,https://cavaathleisure.com/products/black-sculpt-core-top
2026-09-26,Cava Athleisure,Burgundy Sculpt Core Top,XS,WTP901RDXS,799.0,2,0,1598.0,139,https://cavaathleisure.com/products/burgundy-sculpt-core-top
2026-09-26,Cava Athleisure,Burgundy Sculpt Core Top,S,WTP901RDS,799.0,0,108,0.0,376,https://cavaathleisure.com/products/burgundy-sculpt-core-top
2026-09-26,Cava Athleisure,Burgundy Sculpt Core Top,M,WTP901RDM,799.0,0,346,0.0,370,https://cavaathleisure.com/products/burgundy-sculpt-core-top
2026-09-26,Cava Athleisure,Burgundy Sculpt Core Top,L,WTP901RDL,799.0,0,97,0.0,196,https://cavaathleisure.com/products/burgundy-sculpt-core-top
2026-09-26,Cava Athleisure,Burgundy Sculpt Core Top,XL,WTP901RDXL,799.0,0,19,0.0,137,https://cavaathleisure.com/products/burgundy-sculpt-core-top
2026-09-26,Cava Athleisure,Burgundy Sculpt Core Top,XXL,WTP901RDXXL,799.0,0,48,0.0,48,https://cavaathleisure.com/products/burgundy-sculpt-core-top
2026-09-26,Cava Athleisure,Ice Blue Sculpt Core Top,S,WTP901BLS,799.0,0,100,0.0,329,https://cavaathleisure.com/products/ice-blue-sculpt-core-top
2026-09-26,Cava Athleisure,Ice Blue Sculpt Core Top,M,WTP901BLM,799.0,0,160,0.0,271,https://cavaathleisure.com/products/ice-blue-sculpt-core-top
2026-09-26,Cava Athleisure,Ice Blue Sculpt Core Top,L,WTP901BLL,799.0,2,0,1598.0,155,https://cavaathleisure.com/products/ice-blue-sculpt-core-top
2026-09-26,Cava Athleisure,Ice Blue Sculpt Core Top,XL,WTP901BLXL,799.0,3,0,2397.0,51,https://cavaathleisure.com/products/ice-blue-sculpt-core-top
2026-09-26,Cava Athleisure,White Sculpt Core Top,XS,WTP901WHXS,799.0,1,0,799.0,7,https://cavaathleisure.com/products/white-sculpt-core-top
2026-09-26,Cava Athleisure,White Sculpt Core Top,S,WTP901WHS,799.0,8,0,6392.0,97,https://cavaathleisure.com/products/white-sculpt-core-top
2026-09-26,Cava Athleisure,White Sculpt Core Top,M,WTP901WHM,799.0,9,0,7191.0,93,https://cavaathleisure.com/products/white-sculpt-core-top
2026-09-26,Cava Athleisure,White Sculpt Core Top,L,WTP901WHL,799.0,0,1,0.0,1,https://cavaathleisure.com/products/white-sculpt-core-top
2026-09-26,Cava Athleisure,Brown Sculpt V-Neck Top,S,WTP904BNS,879.0,0,101,0.0,131,https://cavaathleisure.com/products/brown-sculpt-v-neck-top
2026-09-26,Cava Athleisure,Brown Sculpt V-Neck Top,M,WTP904BNM,879.0,0,144,0.0,224,https://cavaathleisure.com/products/brown-sculpt-v-neck-top
2026-09-26,Cava Athleisure,Brown Sculpt V-Neck Top,L,WTP904BNL,879.0,0,59,0.0,138,https://cavaathleisure.com/products/brown-sculpt-v-neck-top
2026-09-26,Cava Athleisure,Brown Sculpt V-Neck Top,XL,WTP904BNXL,879.0,0,53,0.0,53,https://cavaathleisure.com/products/brown-sculpt-v-neck-top
2026-09-26,Cava Athleisure,Black Sculpt Crew Top,S,WTP902BKS,899.0,5,0,4495.0,82,https://cavaathleisure.com/products/black-sculpt-crew-top
2026-09-26,Cava Athleisure,Black Sculpt Crew Top,M,WTP902BKM,899.0,2,0,1798.0,74,https://cavaathleisure.com/products/black-sculpt-crew-top
2026-09-26,Cava Athleisure,Ice Blue Sculpt Crew Top,XS,WTP902BLXS,899.0,0,50,0.0,50,https://cavaathleisure.com/products/ice-blue-sculpt-crew-top
2026-09-26,Cava Athleisure,Ice Blue Sculpt Crew Top,S,WTP902BLS,899.0,0,143,0.0,223,https://cavaathleisure.com/products/ice-blue-sculpt-crew-top
2026-09-26,Cava Athleisure,Ice Blue Sculpt Crew Top,M,WTP902BLM,899.0,0,93,0.0,248,https://cavaathleisure.com/products/ice-blue-sculpt-crew-top
2026-09-26,Cava Athleisure,Ice Blue Sculpt Crew Top,L,WTP902BLL,899.0,0,90,0.0,90,https://cavaathleisure.com/products/ice-blue-sculpt-crew-top
2026-09-26,Cava Athleisure,Ice Blue Sculpt Crew Top,XL,WTP902BLXL,899.0,0,51,0.0,51,https://cavaathleisure.com/products/ice-blue-sculpt-crew-top
2026-09-26,Cava Athleisure,Ice Blue Sculpt Crew Top,XXL,WTP902BLXXL,899.0,0,30,0.0,30,https://cavaathleisure.com/products/ice-blue-sculpt-crew-top
2026-09-26,Cava Athleisure,Burgundy Sculpt Crew Top,XS,WTP902RDXS,899.0,1,0,899.0,69,https://cavaathleisure.com/products/burgundy-sculpt-crew-top
2026-09-26,Cava Athleisure,Burgundy Sculpt Crew Top,M,WTP902RDM,899.0,0,247,0.0,351,https://cavaathleisure.com/products/burgundy-sculpt-crew-top
2026-09-26,Cava Athleisure,Burgundy Sculpt Crew Top,L,WTP902RDL,899.0,0,158,0.0,188,https://cavaathleisure.com/products/burgundy-sculpt-crew-top
2026-09-26,Cava Athleisure,Burgundy Sculpt Crew Top,XL,WTP902RDXL,899.0,7,0,6293.0,110,https://cavaathleisure.com/products/burgundy-sculpt-crew-top
2026-09-26,Cava Athleisure,Burgundy Sculpt Crew Top,XXL,WTP902RDXXL,899.0,0,54,0.0,55,https://cavaathleisure.com/products/burgundy-sculpt-crew-top
2026-09-26,Cava Athleisure,White Sculpt Crew Top,XS,WTP902WHXS,899.0,0,14,0.0,44,https://cavaathleisure.com/products/white-sculpt-crew-top
2026-09-26,Cava Athleisure,White Sculpt Crew Top,M,WTP902WHM,899.0,0,2,0.0,2,https://cavaathleisure.com/products/white-sculpt-crew-top
2026-09-26,Cava Athleisure,White Sculpt Crew Top,L,WTP902WHL,899.0,0,1,0.0,2,https://cavaathleisure.com/products/white-sculpt-crew-top
2026-09-26,Cava Athleisure,White Sculpt Crew Top,XL,WTP902WHXL,899.0,0,4,0.0,32,https://cavaathleisure.com/products/white-sculpt-crew-top
2026-09-26,Cava Athleisure,Hot Pink Sculpt Crew Top,S,WTP902PNS,899.0,2,0,1798.0,66,https://cavaathleisure.com/products/hot-pink-sculpt-crew-top
2026-09-26,Cava Athleisure,Hot Pink Sculpt Crew Top,M,WTP902PNM,899.0,2,0,1798.0,9,https://cavaathleisure.com/products/hot-pink-sculpt-crew-top
2026-09-26,Cava Athleisure,Black Sculpt Scoop Top,S,WTP903BKS,899.0,1,0,899.0,25,https://cavaathleisure.com/products/black-sculpt-scoop-top
2026-09-26,Cava Athleisure,Black Sculpt Core Leggings,XS,WLG902BKXS,1199.0,2,0,2398.0,170,https://cavaathleisure.com/products/black-sculpt-core-leggings
2026-09-26,Cava Athleisure,Black Sculpt Core Leggings,S,WLG902BKS,1199.0,3,0,3597.0,310,https://cavaathleisure.com/products/black-sculpt-core-leggings
2026-09-26,Cava Athleisure,Black Sculpt Core Leggings,M,WLG902BKM,1199.0,3,0,3597.0,180,https://cavaathleisure.com/products/black-sculpt-core-leggings
2026-09-26,Cava Athleisure,Black Sculpt Core Leggings,XL,WLG902BKXL,1199.0,7,0,8393.0,273,https://cavaathleisure.com/products/black-sculpt-core-leggings
2026-09-26,Cava Athleisure,Black Sculpt Core Leggings,XXL,WLG902BKXXL,1199.0,0,1,0.0,80,https://cavaathleisure.com/products/black-sculpt-core-leggings
2026-09-26,Cava Athleisure,Brown Sculpt Core Leggings,XS,WLG902BNXS,1199.0,1,0,1199.0,57,https://cavaathleisure.com/products/brown-sculpt-core-leggings
2026-09-26,Cava Athleisure,Brown Sculpt Core Leggings,M,WLG902BNM,1199.0,2,0,2398.0,132,https://cavaathleisure.com/products/brown-sculpt-core-leggings
2026-09-26,Cava Athleisure,Brown Sculpt Core Leggings,L,WLG902BNL,1199.0,2,0,2398.0,49,https://cavaathleisure.com/products/brown-sculpt-core-leggings
2026-09-26,Cava Athleisure,Brown Sculpt Core Leggings,XL,WLG902BNXL,1199.0,0,1,0.0,20,https://cavaathleisure.com/products/brown-sculpt-core-leggings
2026-09-26,Cava Athleisure,Burgundy Sculpt Core Leggings,S,WLG902RDS,1199.0,0,1,0.0,132,https://cavaathleisure.com/products/burgundy-sculpt-core-leggings
2026-09-26,Cava Athleisure,Burgundy Sculpt Core Leggings,L,WLG902RDL,1199.0,0,67,0.0,100,https://cavaathleisure.com/products/burgundy-sculpt-core-leggings
2026-09-26,Cava Athleisure,Burgundy Sculpt Core Leggings,XL,WLG902RDXL,1199.0,0,1,0.0,19,https://cavaathleisure.com/products/burgundy-sculpt-core-leggings
2026-09-26,Cava Athleisure,Ice Blue Sculpt Core Leggings,S,WLG902BLS,1199.0,1,0,1199.0,136,https://cavaathleisure.com/products/ice-blue-sculpt-core-leggings
2026-09-26,Cava Athleisure,Ice Blue Sculpt Core Leggings,M,WLG902BLM,1199.0,0,76,0.0,124,https://cavaathleisure.com/products/ice-blue-sculpt-core-leggings
2026-09-26,Cava Athleisure,Ice Blue Sculpt Core Leggings,L,WLG902BLL,1199.0,1,0,1199.0,34,https://cavaathleisure.com/products/ice-blue-sculpt-core-leggings
2026-09-26,Cava Athleisure,Hot Pink Sculpt Core Leggings,S,WLG902PNS,1199.0,1,0,1199.0,187,https://cavaathleisure.com/products/hot-pink-sculpt-core-leggings
2026-09-26,Cava Athleisure,Hot Pink Sculpt Core Leggings,M,WLG902PNM,1199.0,1,0,1199.0,85,https://cavaathleisure.com/products/hot-pink-sculpt-core-leggings
2026-09-26,Cava Athleisure,Hot Pink Sculpt Core Leggings,XL,WLG902PNXL,1199.0,0,1,0.0,20,https://cavaathleisure.com/products/hot-pink-sculpt-core-leggings
2026-09-26,Cava Athleisure,Black Sculpt Bootcut Leggings,XS,WFP901BKXS,1299.0,0,2,0.0,7,https://cavaathleisure.com/products/black-sculpt-bootcut-leggings
2026-09-26,Cava Athleisure,Black Sculpt Bootcut Leggings,S,WFP901BKS,1299.0,0,1,0.0,309,https://cavaathleisure.com/products/black-sculpt-bootcut-leggings
2026-09-26,Cava Athleisure,Black Sculpt Bootcut Leggings,S,WFP01T9BKS,1299.0,0,57,0.0,313,https://cavaathleisure.com/products/black-sculpt-bootcut-leggings
2026-09-26,Cava Athleisure,Black Sculpt Bootcut Leggings,M,WFP901BKM,1299.0,3,0,3897.0,163,https://cavaathleisure.com/products/black-sculpt-bootcut-leggings
2026-09-26,Cava Athleisure,Black Sculpt Bootcut Leggings,M,WFP01T9BKM,1299.0,0,1,0.0,99,https://cavaathleisure.com/products/black-sculpt-bootcut-leggings
2026-09-26,Cava Athleisure,Black Sculpt Bootcut Leggings,L,WFP901BKL,1299.0,3,0,3897.0,100,https://cavaathleisure.com/products/black-sculpt-bootcut-leggings
2026-09-26,Cava Athleisure,Black Sculpt Bootcut Leggings,L,WFP01T9BKL,1299.0,0,57,0.0,367,https://cavaathleisure.com/products/black-sculpt-bootcut-leggings
2026-09-26,Cava Athleisure,Black Sculpt Bootcut Leggings,XL,WFP01T9BKXL,1299.0,2,0,2598.0,330,https://cavaathleisure.com/products/black-sculpt-bootcut-leggings
2026-09-26,Cava Athleisure,Brown Sculpt Bootcut Leggings,XS,WFP901BNXS,1299.0,0,74,0.0,133,https://cavaathleisure.com/products/brown-sculpt-bootcut-leggings
2026-09-26,Cava Athleisure,Brown Sculpt Bootcut Leggings,XS,WFP01T9BNXS,1299.0,1,0,1299.0,59,https://cavaathleisure.com/products/brown-sculpt-bootcut-leggings
2026-09-26,Cava Athleisure,Brown Sculpt Bootcut Leggings,S,WFP901BNS,1299.0,0,165,0.0,165,https://cavaathleisure.com/products/brown-sculpt-bootcut-leggings
2026-09-26,Cava Athleisure,Brown Sculpt Bootcut Leggings,S,WFP01T9BNS,1299.0,0,56,0.0,127,https://cavaathleisure.com/products/brown-sculpt-bootcut-leggings
2026-09-26,Cava Athleisure,Brown Sculpt Bootcut Leggings,M,WFP901BNM,1299.0,0,199,0.0,319,https://cavaathleisure.com/products/brown-sculpt-bootcut-leggings
2026-09-26,Cava Athleisure,Brown Sculpt Bootcut Leggings,M,WFP01T9BNM,1299.0,1,0,1299.0,1,https://cavaathleisure.com/products/brown-sculpt-bootcut-leggings
2026-09-26,Cava Athleisure,Brown Sculpt Bootcut Leggings,L,WFP901BNL,1299.0,0,207,0.0,257,https://cavaathleisure.com/products/brown-sculpt-bootcut-leggings
2026-09-26,Cava Athleisure,Brown Sculpt Bootcut Leggings,L,WFP01T9BNL,1299.0,1,0,1299.0,23,https://cavaathleisure.com/products/brown-sculpt-bootcut-leggings
2026-09-26,Cava Athleisure,Brown Sculpt Bootcut Leggings,XL,WFP901BNXL,1299.0,0,5,0.0,60,https://cavaathleisure.com/products/brown-sculpt-bootcut-leggings
2026-09-26,Cava Athleisure,Brown Sculpt Bootcut Leggings,XL,WFP01T9BNXL,1299.0,1,0,1299.0,51,https://cavaathleisure.com/products/brown-sculpt-bootcut-leggings
2026-09-26,Cava Athleisure,Brown Sculpt Bootcut Leggings,XXL,WFP901BNXXL,1299.0,0,45,0.0,45,https://cavaathleisure.com/products/brown-sculpt-bootcut-leggings
2026-09-26,Cava Athleisure,Ice Blue Petite Sculpt Bootcut Leggings,S,WFP901BLS,1299.0,0,61,0.0,117,https://cavaathleisure.com/products/ice-blue-sculpt-bootcut-leggings
2026-09-26,Cava Athleisure,Ice Blue Petite Sculpt Bootcut Leggings,M,WFP901BLM,1299.0,2,0,2598.0,45,https://cavaathleisure.com/products/ice-blue-sculpt-bootcut-leggings
2026-09-26,Cava Athleisure,Burgundy Petite Sculpt Bootcut Leggings,M,WFP901RDM,1299.0,1,0,1299.0,113,https://cavaathleisure.com/products/burgundy-sculpt-bootcut-leggings
2026-09-26,Cava Athleisure,Burgundy Petite Sculpt Bootcut Leggings,L,WFP901RDL,1299.0,2,0,2598.0,69,https://cavaathleisure.com/products/burgundy-sculpt-bootcut-leggings
2026-09-26,Cava Athleisure,Hot Pink Sculpt Bootcut Leggings,S,WFP901PNS,1299.0,0,60,0.0,256,https://cavaathleisure.com/products/hot-pink-sculpt-bootcut-leggings
2026-09-26,Cava Athleisure,Hot Pink Sculpt Bootcut Leggings,M,WFP901PNM,1299.0,0,59,0.0,211,https://cavaathleisure.com/products/hot-pink-sculpt-bootcut-leggings
2026-09-26,Cava Athleisure,Hot Pink Sculpt Bootcut Leggings,M,WFP01T9PNM,1299.0,1,0,1299.0,227,https://cavaathleisure.com/products/hot-pink-sculpt-bootcut-leggings
2026-09-26,Cava Athleisure,Hot Pink Sculpt Bootcut Leggings,L,WFP901PNL,1299.0,0,1,0.0,132,https://cavaathleisure.com/products/hot-pink-sculpt-bootcut-leggings
2026-09-26,Cava Athleisure,Hot Pink Sculpt Bootcut Leggings,XL,WFP901PNXL,1299.0,1,0,1299.0,35,https://cavaathleisure.com/products/hot-pink-sculpt-bootcut-leggings
2026-09-26,Cava Athleisure,Storm Blue Sculpt Bootcut Leggings,S,WFP901SBLS,1299.0,0,1,0.0,2,https://cavaathleisure.com/products/storm-blue-sculpt-bootcut-leggings
2026-09-26,Cava Athleisure,Storm Blue Sculpt Bootcut Leggings,S,WFP01T9SBLS,1299.0,0,1,0.0,184,https://cavaathleisure.com/products/storm-blue-sculpt-bootcut-leggings
2026-09-26,Cava Athleisure,Storm Blue Sculpt Bootcut Leggings,M,WFP01T9SBLM,1299.0,0,1,0.0,7,https://cavaathleisure.com/products/storm-blue-sculpt-bootcut-leggings
2026-09-26,Cava Athleisure,Storm Blue Sculpt Bootcut Leggings,XL,WFP01T9SBLXL,1299.0,1,0,1299.0,7,https://cavaathleisure.com/products/storm-blue-sculpt-bootcut-leggings
2026-09-26,Cava Athleisure,Black Sculpt V-Neck Top,XS,WTP904BKXS,899.0,0,1,0.0,7,https://cavaathleisure.com/products/black-sculpt-v-neck-top
2026-09-26,Cava Athleisure,Black Sculpt V-Neck Top,S,WTP904BKS,899.0,0,1,0.0,1,https://cavaathleisure.com/products/black-sculpt-v-neck-top
2026-09-26,Cava Athleisure,Black Sculpt V-Neck Top,M,WTP904BKM,899.0,2,0,1798.0,73,https://cavaathleisure.com/products/black-sculpt-v-neck-top
2026-09-26,Cava Athleisure,Burgundy Sculpt V-Neck Top,M,WTP904RDM,899.0,3,0,2697.0,0,https://cavaathleisure.com/products/burgundy-sculpt-v-neck-top
2026-09-26,Cava Athleisure,Burgundy Sculpt V-Neck Top,L,WTP904RDL,899.0,0,2,0.0,2,https://cavaathleisure.com/products/burgundy-sculpt-v-neck-top
2026-09-26,Cava Athleisure,Burgundy Sculpt V-Neck Top,XL,WTP904RDXL,899.0,1,0,899.0,0,https://cavaathleisure.com/products/burgundy-sculpt-v-neck-top
2026-09-26,Cava Athleisure,Burgundy Sculpt V-Neck Top,XXL,WTP904RDXXL,899.0,1,0,899.0,2,https://cavaathleisure.com/products/burgundy-sculpt-v-neck-top
2026-09-26,Cava Athleisure,White Sculpt V-Neck Top,M,WTP904WHM,899.0,0,82,0.0,107,https://cavaathleisure.com/products/white-sculpt-v-neck-top
2026-09-26,Cava Athleisure,White Sculpt V-Neck Top,L,WTP904WHL,899.0,1,0,899.0,2,https://cavaathleisure.com/products/white-sculpt-v-neck-top
2026-09-26,Cava Athleisure,White Sculpt Scoop Top,S,WTP903WHS,899.0,2,0,1798.0,16,https://cavaathleisure.com/products/white-sculpt-scoop-top
2026-09-26,Cava Athleisure,White Sculpt Scoop Top,M,WTP903WHM,899.0,0,1,0.0,2,https://cavaathleisure.com/products/white-sculpt-scoop-top
2026-09-26,Cava Athleisure,White Sculpt Scoop Top,XL,WTP903WHXL,899.0,0,1,0.0,1,https://cavaathleisure.com/products/white-sculpt-scoop-top
2026-09-26,Cava Athleisure,Ice Blue Sculpt Booty Shorts,XS,WSH904BLXS,999.0,3,0,2997.0,35,https://cavaathleisure.com/products/ice-blue-sculpt-booty-shorts
2026-09-26,Cava Athleisure,Ice Blue Sculpt Booty Shorts,S,WSH904BLS,999.0,2,0,1998.0,70,https://cavaathleisure.com/products/ice-blue-sculpt-booty-shorts
2026-09-26,Cava Athleisure,Ice Blue Sculpt Booty Shorts,M,WSH904BLM,999.0,2,0,1998.0,18,https://cavaathleisure.com/products/ice-blue-sculpt-booty-shorts
2026-09-26,Cava Athleisure,Hot Pink Sculpt Booty Shorts,M,WSH904PNM,999.0,1,0,999.0,26,https://cavaathleisure.com/products/hot-pink-sculpt-booty-shorts
2026-09-26,Cava Athleisure,Hot Pink Sculpt Booty Shorts,L,WSH904PNL,999.0,1,0,999.0,1,https://cavaathleisure.com/products/hot-pink-sculpt-booty-shorts
2026-09-26,Cava Athleisure,Hot Pink Sculpt Booty Shorts,XL,WSH904PNXL,999.0,1,0,999.0,25,https://cavaathleisure.com/products/hot-pink-sculpt-booty-shorts
2026-09-26,Cava Athleisure,Black Sculpt Capri,S,WLG903BKS,999.0,1,0,999.0,3,https://cavaathleisure.com/products/black-sculpt-capri
2026-09-26,Cava Athleisure,Navy Sculpt Capri,S,WLG903NYS,999.0,1,0,999.0,36,https://cavaathleisure.com/products/navy-sculpt-capri
2026-09-26,Cava Athleisure,Burgundy Sculpt Capri,XS,WLG903RDXS,999.0,2,0,1998.0,7,https://cavaathleisure.com/products/burgundy-sculpt-capri
2026-09-26,Cava Athleisure,Black Sculpt Booty Shorts,S,WSH904BKS,999.0,3,0,2997.0,98,https://cavaathleisure.com/products/black-sculpt-booty-shorts
2026-09-26,Cava Athleisure,Black Sculpt Booty Shorts,M,WSH904BKM,999.0,0,2,0.0,104,https://cavaathleisure.com/products/black-sculpt-booty-shorts
2026-09-26,Cava Athleisure,Black Sculpt Booty Shorts,L,WSH904BKL,999.0,2,0,1998.0,103,https://cavaathleisure.com/products/black-sculpt-booty-shorts
2026-09-26,Cava Athleisure,Essential Supima Crew Neck T-shirt - Pack of 2,XXL,MTS5CS101BKBGXXL,1799.0,2,0,3598.0,0,https://cavaathleisure.com/products/essential-supima-crew-neck-t-shirt-pack-of-2
2026-09-26,Cava Athleisure,Basic Sculpt Core Tops - Pack of 2,M,WTP901WHBKM,1599.0,0,90,0.0,90,https://cavaathleisure.com/products/basic-sculpt-core-tops-pack-of-2
2026-09-26,Cava Athleisure,Basic Sculpt Scoop Tops - Pack of 2,S,WTP903WHBKS,1799.0,2,0,3598.0,13,https://cavaathleisure.com/products/basic-sculpt-scoop-tops-pack-of-2
2026-09-26,Cava Athleisure,Basic Sculpt Crew Tops - Pack of 2,S,WTP902WHBKS,1699.0,4,0,6796.0,80,https://cavaathleisure.com/products/basic-sculpt-crew-tops-pack-of-2
2026-09-26,Cava Athleisure,Basic Sculpt V-Neck Tops - Pack of 2,XS,WTP904WHBKXS,1699.0,0,1,0.0,4,https://cavaathleisure.com/products/basic-sculpt-v-neck-tops-pack-of-2
2026-09-26,Cava Athleisure,Basic Sculpt V-Neck Tops - Pack of 2,M,WTP904WHBKM,1699.0,0,70,0.0,70,https://cavaathleisure.com/products/basic-sculpt-v-neck-tops-pack-of-2
2026-09-26,Cava Athleisure,Essential Sculpt V-Neck Tops - Pack of 3,XS,WTP904WHBKBNXS,2399.0,0,1,0.0,4,https://cavaathleisure.com/products/essential-sculpt-v-neck-tops-pack-of-3
2026-09-26,Cava Athleisure,Essential Sculpt V-Neck Tops - Pack of 3,M,WTP904WHBKBNM,2399.0,0,70,0.0,70,https://cavaathleisure.com/products/essential-sculpt-v-neck-tops-pack-of-3
2026-09-26,Cava Athleisure,Pop Sculpt Crew Tops - Pack of 3,S,WTP902PNWHBLS,2399.0,0,31,0.0,31,https://cavaathleisure.com/products/pop-sculpt-crew-tops-pack-of-3
2026-09-26,Cava Athleisure,Essential Sculpt Capris - Pack of 3,S,WLG903RDNYBKS,3599.0,1,0,3599.0,0,https://cavaathleisure.com/products/essential-sculpt-capris-pack-of-3
2026-09-26,Cava Athleisure,Basic Sculpt Capris - Pack of 2,S,WLG903NYBKS,2599.0,1,0,2599.0,0,https://cavaathleisure.com/products/basic-sculpt-capris-pack-of-2
2026-09-26,Cava Athleisure,Core Sculpt Capris - Pack of 2,S,WLG903BKRDS,2599.0,1,0,2599.0,0,https://cavaathleisure.com/products/core-sculpt-capris-pack-of-2
2026-09-26,Cava Athleisure,Essential Supima V Neck - Pack of 2,L,MTSCS102BKWHL,2079.0,10,0,20790.0,0,https://cavaathleisure.com/products/essential-supima-v-neck-pack-of-2
2026-09-26,Cava Athleisure,Essential Supima V Neck - Pack of 2,XXL,MTSCS102BKWHXXL,2079.0,3,0,6237.0,0,https://cavaathleisure.com/products/essential-supima-v-neck-pack-of-2
2026-09-26,Cava Athleisure,Classic Supima V Neck - Pack of 2,S,MTS102NYBGS,1949.0,22,0,42878.0,0,https://cavaathleisure.com/products/classic-supima-v-neck-pack-of-2
2026-09-26,Cava Athleisure,Classic Supima V Neck - Pack of 2,M,MTS102NYBGM,1949.0,18,0,35082.0,0,https://cavaathleisure.com/products/classic-supima-v-neck-pack-of-2
2026-09-26,Cava Athleisure,Classic Supima V Neck - Pack of 2,L,MTS102NYBGL,1949.0,12,0,23388.0,9,https://cavaathleisure.com/products/classic-supima-v-neck-pack-of-2
2026-09-26,Cava Athleisure,Classic Supima V Neck - Pack of 2,XL,MTS102NYBGXL,1949.0,3,0,5847.0,0,https://cavaathleisure.com/products/classic-supima-v-neck-pack-of-2
2026-09-26,Cava Athleisure,Classic Supima V Neck - Pack of 2,XXL,MTS102NYBGXXL,1949.0,8,0,15592.0,0,https://cavaathleisure.com/products/classic-supima-v-neck-pack-of-2
2026-09-26,Cava Athleisure,Staple Supima V Neck - Pack of 3,L,MTS102BKBGWHL,2819.0,10,0,28190.0,0,https://cavaathleisure.com/products/staple-supima-v-neck-pack-of-3
2026-09-26,Cava Athleisure,Staple Supima V Neck - Pack of 3,XXL,MTS102BKBGWHXXL,2819.0,3,0,8457.0,0,https://cavaathleisure.com/products/staple-supima-v-neck-pack-of-3
2026-09-26,Cava Athleisure,Aerial Contrast Leggings - Pack of 2,S,WLG1011BKRDS,3249.0,1,0,3249.0,35,https://cavaathleisure.com/products/aerial-contrast-leggings-pack-of-2
2026-09-26,Cava Athleisure,Modern Supima V Neck - Pack of 2,S,MTS102PUGRS,1949.0,6,0,11694.0,11,https://cavaathleisure.com/products/modern-supima-v-neck-pack-of-2
2026-09-26,Cava Athleisure,Grey Cotton Scoop Tank,M,WTN1622GMLM,879.0,0,1,0.0,1,https://cavaathleisure.com/products/grey-cotton-scoop-tank
2026-09-26,Cava Athleisure,Pink Cotton Scoop Tank,XL,WTN1622PNXL,879.0,1,0,879.0,0,https://cavaathleisure.com/products/pink-cotton-scoop-tank
2026-09-26,Cava Athleisure,Pink Cotton Scoop Tank,XXL,WTN1622PNXXL,879.0,0,1,0.0,1,https://cavaathleisure.com/products/pink-cotton-scoop-tank
2026-09-26,Cava Athleisure,Yellow Cotton Twirl Skorts,XS,WSK1635YLXS,1119.0,0,1,0.0,1,https://cavaathleisure.com/products/yellow-cotton-twirl-skort
2026-09-26,Cava Athleisure,Grey Cotton Twirl Skorts,S,WSK1635GMLS,1119.0,1,0,1119.0,90,https://cavaathleisure.com/products/grey-cotton-twirl-skort
2026-09-26,Cava Athleisure,Grey Cotton Twirl Skorts,M,WSK1635GMLM,1119.0,1,0,1119.0,25,https://cavaathleisure.com/products/grey-cotton-twirl-skort
2026-09-26,Cava Athleisure,Pink Cotton Twirl Skorts,M,WSK1635PNM,1119.0,2,0,2238.0,0,https://cavaathleisure.com/products/pink-cotton-twirl-skort
2026-09-26,Cava Athleisure,Toasted Aerial Crop Tank,XXL,WTN8SET12BNXXL,1192.0,0,1,0.0,41,https://cavaathleisure.com/products/toasted-aerial-crop-tank
2026-09-26,Cava Athleisure,Toasted Aerial Leggings,XS,WLG8SET12BNXS,999.0,2,0,1998.0,15,https://cavaathleisure.com/products/toasted-aerial-leggings
2026-09-26,Cava Athleisure,Toasted Aerial Leggings,S,WLG8SET12BNS,999.0,1,0,999.0,10,https://cavaathleisure.com/products/toasted-aerial-leggings
2026-09-26,Cava Athleisure,Toasted Aerial Leggings,M,WLG8SET12BNM,999.0,0,1,0.0,1,https://cavaathleisure.com/products/toasted-aerial-leggings
2026-09-26,Cava Athleisure,Toasted Sculptor Jacket,XS,WJK14SET5BNXS,1799.0,1,0,1799.0,0,https://cavaathleisure.com/products/toasted-brown-sculptor-jacket
2026-09-26,Cava Athleisure,Toasted Sculptor Jacket,L,WJK14SET5BNL,1799.0,1,0,1799.0,0,https://cavaathleisure.com/products/toasted-brown-sculptor-jacket
2026-09-26,Cava Athleisure,Butter Yellow Sculptor Jacket,XS,WJK14SET5YLXS,1799.0,6,0,10794.0,31,https://cavaathleisure.com/products/butter-yellow-sculptor-jacket
2026-09-26,Cava Athleisure,Butter Yellow Sculptor Jacket,S,WJK14SET5YLS,1799.0,3,0,5397.0,137,https://cavaathleisure.com/products/butter-yellow-sculptor-jacket
2026-09-26,Cava Athleisure,Butter Yellow Sculptor Jacket,L,WJK14SET5YLL,1799.0,4,0,7196.0,181,https://cavaathleisure.com/products/butter-yellow-sculptor-jacket
2026-09-26,Cava Athleisure,Butter Yellow Sculptor Jacket,XXL,WJK14SET5YLXXL,1799.0,2,0,3598.0,33,https://cavaathleisure.com/products/butter-yellow-sculptor-jacket
2026-09-26,Cava Athleisure,Mint Cava Essential Sweatshirt,XXL,WHD16536BLXXL,1199.0,1,0,1199.0,29,https://cavaathleisure.com/products/mint-cava-essential-sweatshirt
2026-09-26,Cava Athleisure,Pine Plie Pleated Skort,S,WSK14CS06GRS,1699.0,1,0,1699.0,11,https://cavaathleisure.com/products/pine-green-pleated-skort
2026-09-26,Cava Athleisure,Butter Yellow Plie Pleated Skort,XS,WSK14CS06YLXS,1699.0,0,1,0.0,2,https://cavaathleisure.com/products/butter-yellow-pleated-skort
2026-09-26,Cava Athleisure,Wine High Impact Sports Bra,XS,WSB1CS02WRDXS,1299.0,2,0,2598.0,108,https://cavaathleisure.com/products/wine-high-impact-sports-bra
2026-09-26,Cava Athleisure,Wine High Impact Sports Bra,S,WSB1CS02WRDS,1299.0,0,1,0.0,1,https://cavaathleisure.com/products/wine-high-impact-sports-bra
2026-09-26,Cava Athleisure,Wine High Impact Sports Bra,M,WSB1CS02WRDM,1299.0,1,0,1299.0,0,https://cavaathleisure.com/products/wine-high-impact-sports-bra
2026-09-26,Cava Athleisure,Wine High Impact Sports Bra,L,WSB1CS02WRDL,1299.0,1,0,1299.0,2,https://cavaathleisure.com/products/wine-high-impact-sports-bra
2026-09-26,Cava Athleisure,Wine High Impact Sports Bra,XL,WSB1CS02WRDXL,1299.0,3,0,3897.0,0,https://cavaathleisure.com/products/wine-high-impact-sports-bra
2026-09-26,Cava Athleisure,Wine High Impact Sports Bra,XXL,WSB1CS02WRDXXL,1299.0,4,0,5196.0,8,https://cavaathleisure.com/products/wine-high-impact-sports-bra
2026-09-26,Cava Athleisure,Pink Ultra Support Sports Bra,XS,WSB1CS01PNXS,1399.0,4,0,5596.0,26,https://cavaathleisure.com/products/pink-ultra-support-sports-bra
2026-09-26,Cava Athleisure,Pink Ultra Support Sports Bra,S,WSB1CS01PNS,1399.0,5,0,6995.0,66,https://cavaathleisure.com/products/pink-ultra-support-sports-bra
2026-09-26,Cava Athleisure,Pink Ultra Support Sports Bra,M,WSB1CS01PNM,1399.0,1,0,1399.0,195,https://cavaathleisure.com/products/pink-ultra-support-sports-bra
2026-09-26,Cava Athleisure,Pink Ultra Support Sports Bra,L,WSB1CS01PNL,1399.0,6,0,8394.0,188,https://cavaathleisure.com/products/pink-ultra-support-sports-bra
2026-09-26,Cava Athleisure,Pink Ultra Support Sports Bra,XL,WSB1CS01PNXL,1399.0,2,0,2798.0,103,https://cavaathleisure.com/products/pink-ultra-support-sports-bra
2026-09-26,Cava Athleisure,Pink Bow Sculpt Core Leggings,M,WLG1402BPNM,990.0,0,1,0.0,1,https://cavaathleisure.com/products/pink-bow-sculpt-core-leggings
2026-09-26,Cava Athleisure,Pink Gingham Sculpt Core Leggings,XS,WLG1402GPNXS,990.0,0,1,0.0,16,https://cavaathleisure.com/products/pink-gingham-sculpt-core-leggings
2026-09-26,Cava Athleisure,Mint Gingham Sculpt Core Leggings,M,WLG1402GGRM,990.0,0,1,0.0,1,https://cavaathleisure.com/products/mint-gingham-sculpt-core-leggings
2026-09-26,Cava Athleisure,Butter Yellow Gingham Sculpt Core Leggings,L,WLG1402GYLL,990.0,1,0,990.0,0,https://cavaathleisure.com/products/butter-yellow-gingham-sculpt-core-leggings
2026-09-26,Cava Athleisure,Blush Swirl Tennis Skorts,XS,WSK14SET4PNXS,1399.0,1,0,1399.0,128,https://cavaathleisure.com/products/blush-pink-swirl-tennis-skorts
2026-09-26,Cava Athleisure,Blush Swirl Tennis Skorts,S,WSK14SET4PNS,1399.0,2,0,2798.0,97,https://cavaathleisure.com/products/blush-pink-swirl-tennis-skorts
2026-09-26,Cava Athleisure,Blush Swirl Tennis Skorts,M,WSK14SET4PNM,1399.0,1,0,1399.0,14,https://cavaathleisure.com/products/blush-pink-swirl-tennis-skorts
2026-09-26,Cava Athleisure,Blush Swirl Tennis Skorts,L,WSK14SET4PNL,1399.0,1,0,1399.0,26,https://cavaathleisure.com/products/blush-pink-swirl-tennis-skorts
2026-09-26,Cava Athleisure,Hot Pink Swirl Tennis Skorts,XS,WSK14SET4BPNXS,1399.0,0,1,0.0,2,https://cavaathleisure.com/products/hot-pink-swirl-tennis-skorts
2026-09-26,Cava Athleisure,Hot Pink Swirl Tennis Skorts,L,WSK14SET4BPNL,1399.0,0,1,0.0,1,https://cavaathleisure.com/products/hot-pink-swirl-tennis-skorts
2026-09-26,Cava Athleisure,Cobalt Hourglass Flared Leggings,XS,WFP1ACU01NYXS,1429.0,1,0,1429.0,11,https://cavaathleisure.com/products/cobalt-hourglass-flared-leggings
2026-09-26,Cava Athleisure,Wine Hourglass Flared Leggings,XS,WFP1ACU02RDXS,1429.0,1,0,1429.0,85,https://cavaathleisure.com/products/wine-hourglass-flared-leggings
2026-09-26,Cava Athleisure,Wine Hourglass Flared Leggings,XS,WFB1ACU04RDXS,1429.0,0,1,0.0,38,https://cavaathleisure.com/products/wine-hourglass-flared-leggings
2026-09-26,Cava Athleisure,Wine Hourglass Flared Leggings,S,WFP1ACU01RDS,1429.0,6,0,8574.0,157,https://cavaathleisure.com/products/wine-hourglass-flared-leggings
2026-09-26,Cava Athleisure,Wine Hourglass Flared Leggings,S,WFP1ACU02RDS,1429.0,4,0,5716.0,216,https://cavaathleisure.com/products/wine-hourglass-flared-leggings
2026-09-26,Cava Athleisure,Wine Hourglass Flared Leggings,S,WFB1ACU04RDS,1429.0,1,0,1429.0,53,https://cavaathleisure.com/products/wine-hourglass-flared-leggings
2026-09-26,Cava Athleisure,Wine Hourglass Flared Leggings,M,WFP1ACU01RDM,1429.0,5,0,7145.0,165,https://cavaathleisure.com/products/wine-hourglass-flared-leggings
2026-09-26,Cava Athleisure,Wine Hourglass Flared Leggings,M,WFP1ACU02RDM,1429.0,7,0,10003.0,317,https://cavaathleisure.com/products/wine-hourglass-flared-leggings
2026-09-26,Cava Athleisure,Wine Hourglass Flared Leggings,M,WFB1ACU04RDM,1429.0,6,0,8574.0,165,https://cavaathleisure.com/products/wine-hourglass-flared-leggings
2026-09-26,Cava Athleisure,Wine Hourglass Flared Leggings,L,WFP1ACU01RDL,1429.0,15,0,21435.0,64,https://cavaathleisure.com/products/wine-hourglass-flared-leggings
2026-09-26,Cava Athleisure,Wine Hourglass Flared Leggings,L,WFP1ACU02RDL,1429.0,1,0,1429.0,318,https://cavaathleisure.com/products/wine-hourglass-flared-leggings
2026-09-26,Cava Athleisure,Wine Hourglass Flared Leggings,L,WFB1ACU04RDL,1429.0,4,0,5716.0,77,https://cavaathleisure.com/products/wine-hourglass-flared-leggings
2026-09-26,Cava Athleisure,Wine Hourglass Flared Leggings,XL,WFP1ACU01RDXL,1429.0,5,0,7145.0,28,https://cavaathleisure.com/products/wine-hourglass-flared-leggings
2026-09-26,Cava Athleisure,Wine Hourglass Flared Leggings,XL,WFP1ACU02RDXL,1429.0,3,0,4287.0,103,https://cavaathleisure.com/products/wine-hourglass-flared-leggings
2026-09-26,Cava Athleisure,Wine Hourglass Flared Leggings,XL,WFB1ACU04RDXL,1429.0,4,0,5716.0,17,https://cavaathleisure.com/products/wine-hourglass-flared-leggings
2026-09-26,Cava Athleisure,Wine Hourglass Flared Leggings,XXL,WFP1ACU02RDXXL,1429.0,3,0,4287.0,101,https://cavaathleisure.com/products/wine-hourglass-flared-leggings
2026-09-26,Cava Athleisure,Wine Hourglass Flared Leggings,XXL,WFB1ACU04RDXXL,1429.0,2,0,2858.0,0,https://cavaathleisure.com/products/wine-hourglass-flared-leggings
2026-09-26,Cava Athleisure,Brown Hourglass Flared Leggings,XS,BTM-CAVA-ACU01-Brown-XS,1429.0,3,0,4287.0,81,https://cavaathleisure.com/products/brown-hourglass-flared-leggings
2026-09-26,Cava Athleisure,Brown Hourglass Flared Leggings,XS,BTM-CAVA-ACU02-Brown-XS,1429.0,0,1,0.0,2,https://cavaathleisure.com/products/brown-hourglass-flared-leggings
2026-09-26,Cava Athleisure,Brown Hourglass Flared Leggings,XS,BTM-CAVA-ACU04-Brown-XS,1429.0,1,0,1429.0,13,https://cavaathleisure.com/products/brown-hourglass-flared-leggings
2026-09-26,Cava Athleisure,Brown Hourglass Flared Leggings,S,BTM-CAVA-ACU01-Brown-S,1429.0,13,0,18577.0,358,https://cavaathleisure.com/products/brown-hourglass-flared-leggings
2026-09-26,Cava Athleisure,Brown Hourglass Flared Leggings,S,BTM-CAVA-ACU02-Brown-S,1429.0,0,2,0.0,212,https://cavaathleisure.com/products/brown-hourglass-flared-leggings
2026-09-26,Cava Athleisure,Brown Hourglass Flared Leggings,M,BTM-CAVA-ACU01-Brown-M,1429.0,8,0,11432.0,818,https://cavaathleisure.com/products/brown-hourglass-flared-leggings
2026-09-26,Cava Athleisure,Brown Hourglass Flared Leggings,M,BTM-CAVA-ACU02-Brown-M,1429.0,5,0,7145.0,82,https://cavaathleisure.com/products/brown-hourglass-flared-leggings
2026-09-26,Cava Athleisure,Brown Hourglass Flared Leggings,M,BTM-CAVA-ACU04-Brown-M,1429.0,0,1,0.0,1,https://cavaathleisure.com/products/brown-hourglass-flared-leggings
2026-09-26,Cava Athleisure,Brown Hourglass Flared Leggings,L,BTM-CAVA-ACU01-Brown-L,1429.0,17,0,24293.0,319,https://cavaathleisure.com/products/brown-hourglass-flared-leggings
2026-09-26,Cava Athleisure,Brown Hourglass Flared Leggings,L,BTM-CAVA-ACU02-Brown-L,1429.0,2,0,2858.0,195,https://cavaathleisure.com/products/brown-hourglass-flared-leggings
2026-09-26,Cava Athleisure,Brown Hourglass Flared Leggings,XL,BTM-CAVA-ACU01-Brown-XL,1429.0,6,0,8574.0,152,https://cavaathleisure.com/products/brown-hourglass-flared-leggings
2026-09-26,Cava Athleisure,Brown Hourglass Flared Leggings,XL,BTM-CAVA-ACU02-Brown-XL,1429.0,4,0,5716.0,111,https://cavaathleisure.com/products/brown-hourglass-flared-leggings
2026-09-26,Cava Athleisure,Brown Hourglass Flared Leggings,XXL,BTM-CAVA-ACU01-Brown-XXL,1429.0,2,0,2858.0,106,https://cavaathleisure.com/products/brown-hourglass-flared-leggings
2026-09-26,Cava Athleisure,Brown Hourglass Flared Leggings,XXL,BTM-CAVA-ACU04-Brown-XXL,1429.0,0,1,0.0,2,https://cavaathleisure.com/products/brown-hourglass-flared-leggings
2026-09-26,Cava Athleisure,Obsidian Black Hourglass Flared Leggings,XS,BTM-CAVA-ACU01-Black-XS,1429.0,6,0,8574.0,469,https://cavaathleisure.com/products/obsidian-black-hourglass-flared-leggings
2026-09-26,Cava Athleisure,Obsidian Black Hourglass Flared Leggings,XS,BTM-CAVA-ACU02-Black-XS,1429.0,9,0,12861.0,128,https://cavaathleisure.com/products/obsidian-black-hourglass-flared-leggings
2026-09-26,Cava Athleisure,Obsidian Black Hourglass Flared Leggings,XS,BTM-CAVA-ACU04-Black-XS,1429.0,2,0,2858.0,230,https://cavaathleisure.com/products/obsidian-black-hourglass-flared-leggings
2026-09-26,Cava Athleisure,Obsidian Black Hourglass Flared Leggings,S,BTM-CAVA-ACU01-Black-S,1429.0,22,0,31438.0,828,https://cavaathleisure.com/products/obsidian-black-hourglass-flared-leggings
2026-09-26,Cava Athleisure,Obsidian Black Hourglass Flared Leggings,S,BTM-CAVA-ACU02-Black-S,1429.0,23,0,32867.0,846,https://cavaathleisure.com/products/obsidian-black-hourglass-flared-leggings
2026-09-26,Cava Athleisure,Obsidian Black Hourglass Flared Leggings,S,BTM-CAVA-ACU04-Black-S,1429.0,0,2,0.0,455,https://cavaathleisure.com/products/obsidian-black-hourglass-flared-leggings
2026-09-26,Cava Athleisure,Obsidian Black Hourglass Flared Leggings,M,BTM-CAVA-ACU01-Black-M,1429.0,26,0,37154.0,927,https://cavaathleisure.com/products/obsidian-black-hourglass-flared-leggings
2026-09-26,Cava Athleisure,Obsidian Black Hourglass Flared Leggings,M,BTM-CAVA-ACU02-Black-M,1429.0,34,0,48586.0,690,https://cavaathleisure.com/products/obsidian-black-hourglass-flared-leggings
2026-09-26,Cava Athleisure,Obsidian Black Hourglass Flared Leggings,M,BTM-CAVA-ACU04-Black-M,1429.0,12,0,17148.0,473,https://cavaathleisure.com/products/obsidian-black-hourglass-flared-leggings
2026-09-26,Cava Athleisure,Obsidian Black Hourglass Flared Leggings,L,BTM-CAVA-ACU01-Black-L,1429.0,26,0,37154.0,760,https://cavaathleisure.com/products/obsidian-black-hourglass-flared-leggings
2026-09-26,Cava Athleisure,Obsidian Black Hourglass Flared Leggings,L,BTM-CAVA-ACU02-Black-L,1429.0,15,0,21435.0,670,https://cavaathleisure.com/products/obsidian-black-hourglass-flared-leggings
2026-09-26,Cava Athleisure,Obsidian Black Hourglass Flared Leggings,L,BTM-CAVA-ACU04-Black-L,1429.0,12,0,17148.0,443,https://cavaathleisure.com/products/obsidian-black-hourglass-flared-leggings
2026-09-26,Cava Athleisure,Obsidian Black Hourglass Flared Leggings,XL,BTM-CAVA-ACU01-Black-XL,1429.0,10,0,14290.0,405,https://cavaathleisure.com/products/obsidian-black-hourglass-flared-leggings
2026-09-26,Cava Athleisure,Obsidian Black Hourglass Flared Leggings,XL,BTM-CAVA-ACU02-Black-XL,1429.0,16,0,22864.0,216,https://cavaathleisure.com/products/obsidian-black-hourglass-flared-leggings
2026-09-26,Cava Athleisure,Obsidian Black Hourglass Flared Leggings,XL,BTM-CAVA-ACU04-Black-XL,1429.0,3,0,4287.0,314,https://cavaathleisure.com/products/obsidian-black-hourglass-flared-leggings
2026-09-26,Cava Athleisure,Obsidian Black Hourglass Flared Leggings,XXL,BTM-CAVA-ACU01-Black-XXL,1429.0,10,0,14290.0,189,https://cavaathleisure.com/products/obsidian-black-hourglass-flared-leggings
2026-09-26,Cava Athleisure,Obsidian Black Hourglass Flared Leggings,XXL,BTM-CAVA-ACU02-Black-XXL,1429.0,17,0,24293.0,113,https://cavaathleisure.com/products/obsidian-black-hourglass-flared-leggings
2026-09-26,Cava Athleisure,Obsidian Black Hourglass Flared Leggings,XXL,BTM-CAVA-ACU04-Black-XXL,1429.0,8,0,11432.0,151,https://cavaathleisure.com/products/obsidian-black-hourglass-flared-leggings
2026-09-26,Cava Athleisure,Cream Supima V Neck T-Shirt - Regular Fit,S,MTS16CS102WHS,749.0,8,0,5992.0,1,https://cavaathleisure.com/products/cream-supima-v-neck-t-shirt-regular-fit
2026-09-26,Cava Athleisure,Cream Supima V Neck T-Shirt - Regular Fit,M,MTS16CS102WHM,749.0,11,0,8239.0,1,https://cavaathleisure.com/products/cream-supima-v-neck-t-shirt-regular-fit
2026-09-26,Cava Athleisure,Cream Supima V Neck T-Shirt - Regular Fit,L,MTS16CS102WHL,749.0,9,0,6741.0,5,https://cavaathleisure.com/products/cream-supima-v-neck-t-shirt-regular-fit
2026-09-26,Cava Athleisure,Cream Supima V Neck T-Shirt - Regular Fit,XL,MTS16CS102WHXL,749.0,12,0,8988.0,4,https://cavaathleisure.com/products/cream-supima-v-neck-t-shirt-regular-fit
2026-09-26,Cava Athleisure,Cream Supima V Neck T-Shirt - Regular Fit,XXL,MTS16CS102WHXXL,749.0,6,0,4494.0,0,https://cavaathleisure.com/products/cream-supima-v-neck-t-shirt-regular-fit
2026-09-26,Cava Athleisure,Burgundy Aerial Contrast Leggings,S,WLG1011RDS,1000.0,1,0,1000.0,38,https://cavaathleisure.com/products/burgundy-aerial-contrast-leggings
2026-09-26,Cava Athleisure,Black Aerial Contrast Crop Tank,L,WTN1003BKL,900.0,2,0,1800.0,1,https://cavaathleisure.com/products/black-aerial-contrast-crop-tank
2026-09-26,Cava Athleisure,Wine Swirl Tennis Skorts,XS,WSKSET4L45WRDXS,1399.0,1,0,1399.0,6,https://cavaathleisure.com/products/wine-swirl-tennis-skorts
2026-09-26,Cava Athleisure,Wine Swirl Tennis Skorts,M,WSK9SET4WRDM,1399.0,1,0,1399.0,40,https://cavaathleisure.com/products/wine-swirl-tennis-skorts
2026-09-26,Cava Athleisure,Wine Swirl Tennis Skorts,L,WSK9SET4WRDL,1399.0,1,0,1399.0,28,https://cavaathleisure.com/products/wine-swirl-tennis-skorts
2026-09-26,Cava Athleisure,Wine Swirl Tennis Skorts,XXL,WSK9SET4WRDXXL,1399.0,1,0,1399.0,26,https://cavaathleisure.com/products/wine-swirl-tennis-skorts
2026-09-26,Cava Athleisure,Black Strap Back Sports Bra,XL,WSB819BKXL,1199.0,2,0,2398.0,46,https://cavaathleisure.com/products/black-strap-back-sports-bra
2026-09-26,Cava Athleisure,Black Strap Back Sports Bra,XXL,WSB819BKXXL,1199.0,0,2,0.0,42,https://cavaathleisure.com/products/black-strap-back-sports-bra
2026-09-26,Cava Athleisure,Red Strap Back Sports Bra,XXL,WSB819RDXXL,1199.0,1,0,1199.0,5,https://cavaathleisure.com/products/red-strap-back-sports-bra
2026-09-26,Cava Athleisure,Wine Sculptor Jacket,XXL,WJK9SET5WRDXXL,1799.0,3,0,5397.0,18,https://cavaathleisure.com/products/wine-sculptor-jacket
2026-09-26,Cava Athleisure,Grey Cava Buckle-up Bag,Free size,UNAC1416GY,1599.0,1,0,1599.0,77,https://cavaathleisure.com/products/grey-cava-buckle-up-bag
2026-09-26,Cava Athleisure,Dusky Purple Supima V Neck T-shirt - Regular Fit,S,MTS16CS102PUS,967.0,7,0,6769.0,19,https://cavaathleisure.com/products/dusky-purple-supima-v-neck-t-shirt-regular-fit
2026-09-26,Cava Athleisure,Dusky Purple Supima V Neck T-shirt - Regular Fit,M,MTS16CS102PUM,967.0,5,0,4835.0,8,https://cavaathleisure.com/products/dusky-purple-supima-v-neck-t-shirt-regular-fit
2026-09-26,Cava Athleisure,Dusky Purple Supima V Neck T-shirt - Regular Fit,XL,MTS16CS102PUXL,967.0,3,0,2901.0,0,https://cavaathleisure.com/products/dusky-purple-supima-v-neck-t-shirt-regular-fit
2026-09-26,Cava Athleisure,Dusky Purple Supima Crew Neck T-shirt - Regular Fit,XXL,MTS16CS101PUXXL,799.0,3,0,2397.0,0,https://cavaathleisure.com/products/dusky-purple-supima-crew-neck-t-shirt-regular-fit
2026-09-26,Cava Athleisure,Pine Supima Crew Neck T-Shirt - Regular Fit,XL,MTS16CS101GRXL,799.0,3,0,2397.0,1,https://cavaathleisure.com/products/pine-supima-crew-neck-t-shirt
2026-09-26,Cava Athleisure,Pine Supima Crew Neck T-Shirt - Regular Fit,XXL,MTS16CS101GRXXL,799.0,3,0,2397.0,2,https://cavaathleisure.com/products/pine-supima-crew-neck-t-shirt
2026-09-26,Cava Athleisure,Pine Supima V Neck T-Shirt - Regular Fit,S,MTS16CS102GRS,749.0,11,0,8239.0,14,https://cavaathleisure.com/products/pine-supima-v-neck-t-shirt
2026-09-26,Cava Athleisure,Pine Supima V Neck T-Shirt - Regular Fit,XL,MTS16CS102GRXL,749.0,9,0,6741.0,0,https://cavaathleisure.com/products/pine-supima-v-neck-t-shirt
2026-09-26,Cava Athleisure,Pine Supima V Neck T-Shirt - Regular Fit,XXL,MTS16CS102GRXXL,749.0,7,0,5243.0,2,https://cavaathleisure.com/products/pine-supima-v-neck-t-shirt
2026-09-26,Cava Athleisure,Ash Supima Polo T-Shirt - Regular Fit,L,MTS16CS103NYL,1099.0,1,0,1099.0,1,https://cavaathleisure.com/products/ash-supima-polo-t-shirt
2026-09-26,Cava Athleisure,Sand Supima Polo T-Shirt - Regular Fit,S,MTS16CS103BGS,1099.0,1,0,1099.0,0,https://cavaathleisure.com/products/sand-supima-polo-t-shirt
2026-09-26,Cava Athleisure,Blue Sky-Rise Leggings,S,WLG9SET3BLS,1299.0,0,1,0.0,1,https://cavaathleisure.com/products/blue-sky-rise-leggings
2026-09-26,Cava Athleisure,Blue Super Stretch Brami,S,WSB9SET3BLS,1199.0,1,0,1199.0,83,https://cavaathleisure.com/products/blue-super-stretch-brami
2026-09-26,Cava Athleisure,Blue Super Stretch Brami,XL,WSB9SET3BLXL,1199.0,1,0,1199.0,21,https://cavaathleisure.com/products/blue-super-stretch-brami
2026-09-26,Cava Athleisure,Wine Racerback Tank,XS,WTN1SET5RDXS,1199.0,2,0,2398.0,16,https://cavaathleisure.com/products/wine-racerback-tank
2026-09-26,Cava Athleisure,Wine Racerback Tank,S,WTN1SET5RDS,1199.0,3,0,3597.0,33,https://cavaathleisure.com/products/wine-racerback-tank
2026-09-26,Cava Athleisure,Wine Racerback Tank,L,WTN1SET5RDL,1199.0,1,0,1199.0,35,https://cavaathleisure.com/products/wine-racerback-tank
2026-09-26,Cava Athleisure,Cobalt Overlap Tee,XS,WTP1SET2NY2XS,999.0,0,1,0.0,42,https://cavaathleisure.com/products/cobalt-overlap-tee
2026-09-26,Cava Athleisure,Cobalt Overlap Tee,S,WTP1SET2NY2S,999.0,2,0,1998.0,11,https://cavaathleisure.com/products/cobalt-overlap-tee
2026-09-26,Cava Athleisure,Cream Cava Essential Sweatshirt,XS,WTS11536WHXS,1199.0,1,0,1199.0,7,https://cavaathleisure.com/products/cream-cava-essential-sweatshirt
2026-09-26,Cava Athleisure,Cream Cava Essential Sweatshirt,S,WTS11536WHS,1199.0,1,0,1199.0,35,https://cavaathleisure.com/products/cream-cava-essential-sweatshirt
2026-09-26,Cava Athleisure,Cream Cava Essential Sweatshirt,XL,WTS11536WHXL,1199.0,3,0,3597.0,24,https://cavaathleisure.com/products/cream-cava-essential-sweatshirt
2026-09-26,Cava Athleisure,Cream Cava Essential Sweatshirt,XXL,WTS11536WHXXL,1199.0,2,0,2398.0,14,https://cavaathleisure.com/products/cream-cava-essential-sweatshirt
2026-09-26,Cava Athleisure,Lime Overlap Tee,XS,WTP1SET2GRXS,999.0,2,0,1998.0,125,https://cavaathleisure.com/products/lime-overlap-tee
2026-09-26,Cava Athleisure,Lime Overlap Tee,S,WTP1SET2GRS,999.0,1,0,999.0,275,https://cavaathleisure.com/products/lime-overlap-tee
2026-09-26,Cava Athleisure,Lime Overlap Tee,M,WTP1SET2GRM,999.0,7,0,6993.0,364,https://cavaathleisure.com/products/lime-overlap-tee
2026-09-26,Cava Athleisure,Lime Overlap Tee,L,WTP1SET2GRL,999.0,4,0,3996.0,231,https://cavaathleisure.com/products/lime-overlap-tee
2026-09-26,Cava Athleisure,Lime Overlap Tee,XL,WTP1SET2GRXL,999.0,1,0,999.0,60,https://cavaathleisure.com/products/lime-overlap-tee
2026-09-26,Cava Athleisure,Black Pulse Seamless Tee,S,MTS1CS121BKS,899.0,2,0,1798.0,3,https://cavaathleisure.com/products/black-pulse-seamless-tee
2026-09-26,Cava Athleisure,Black Pulse Seamless Tee,XL,MTS1CS121BKXL,899.0,1,0,899.0,94,https://cavaathleisure.com/products/black-pulse-seamless-tee
2026-09-26,Cava Athleisure,Black Pulse Seamless Tee,XXL,MTS1CS121BKXXL,899.0,1,0,899.0,56,https://cavaathleisure.com/products/black-pulse-seamless-tee
2026-09-26,Cava Athleisure,Green Pulse Seamless Tee,S,MTS1CS121GRS,815.0,2,0,1630.0,8,https://cavaathleisure.com/products/green-pulse-seamless-tee
2026-09-26,Cava Athleisure,Green Pulse Seamless Tee,XXL,MTS1CS121GRXXL,815.0,8,0,6520.0,10,https://cavaathleisure.com/products/green-pulse-seamless-tee
2026-09-26,Cava Athleisure,Ash Pulse Seamless Tee,S,MTS1CS121NYS,899.0,2,0,1798.0,46,https://cavaathleisure.com/products/ash-pulse-seamless-tee
2026-09-26,Cava Athleisure,Ash Pulse Seamless Tee,XL,MTS1CS121NYXL,899.0,2,0,1798.0,29,https://cavaathleisure.com/products/ash-pulse-seamless-tee
2026-09-26,Cava Athleisure,Ash Pulse Seamless Tee,XXL,MTS1CS121NYXXL,899.0,1,0,899.0,26,https://cavaathleisure.com/products/ash-pulse-seamless-tee
2026-09-26,Cava Athleisure,Cobalt Silhouette Zip Top,S,WTP14ACU03BLS,850.0,5,0,4250.0,232,https://cavaathleisure.com/products/cobalt-silhouette-zip-top
2026-09-26,Cava Athleisure,Cobalt Silhouette Zip Top,XL,WTP14ACU03BLXL,850.0,1,0,850.0,43,https://cavaathleisure.com/products/cobalt-silhouette-zip-top
2026-09-26,Cava Athleisure,Brown Silhouette Zip Top,S,WTP14ACU03BNS,850.0,3,0,2550.0,46,https://cavaathleisure.com/products/brown-silhouette-zip-top
2026-09-26,Cava Athleisure,Steel Blue Graphic Oversized Tee - Men,S,MTS1602PNYS,699.0,1,0,699.0,0,https://cavaathleisure.com/products/steel-blue-graphic-oversized-tee-men
2026-09-26,Cava Athleisure,Steel Blue Graphic Oversized Tee - Men,XXL,MTS1602PNYXXL,699.0,3,0,2097.0,0,https://cavaathleisure.com/products/steel-blue-graphic-oversized-tee-men
2026-09-26,Cava Athleisure,Black Graphic Oversized Tee - Men,XL,MTS1602PBKXL,699.0,5,0,3495.0,2,https://cavaathleisure.com/products/black-graphic-oversized-tee-men
2026-09-26,Cava Athleisure,Black Graphic Oversized Tee - Men,XXL,MTS1602PBKXXL,699.0,4,0,2796.0,1,https://cavaathleisure.com/products/black-graphic-oversized-tee-men
2026-09-26,Cava Athleisure,Burgundy Contrast Trim Top,S,WSB1401RDS,630.0,6,0,3780.0,1,https://cavaathleisure.com/products/burgundy-contrast-trim-top
2026-09-26,Cava Athleisure,Burgundy Contrast Trim Top,M,WSB1401RDM,630.0,11,0,6930.0,3,https://cavaathleisure.com/products/burgundy-contrast-trim-top
2026-09-26,Cava Athleisure,Burgundy Contrast Trim Top,L,WSB1401RDL,630.0,1,0,630.0,1,https://cavaathleisure.com/products/burgundy-contrast-trim-top
2026-09-26,Cava Athleisure,Lime Overlap Tank,S,WTN104GRS,949.0,3,0,2847.0,216,https://cavaathleisure.com/products/lime-overlap-tank
2026-09-26,Cava Athleisure,Lime Overlap Tank,M,WTN104GRM,949.0,0,1,0.0,347,https://cavaathleisure.com/products/lime-overlap-tank
2026-09-26,Cava Athleisure,Lime Overlap Tank,L,WTN104GRL,949.0,1,0,949.0,226,https://cavaathleisure.com/products/lime-overlap-tank
2026-09-26,Cava Athleisure,Cobalt Overlap Tank,XS,WTN104NY2XS,949.0,1,0,949.0,0,https://cavaathleisure.com/products/cobalt-overlap-tank
2026-09-26,Cava Athleisure,Charcoal Stride Golf Shorts,30,MSH112BL30,1049.0,13,0,13637.0,12,https://cavaathleisure.com/products/charcoal-stride-golf-shorts
2026-09-26,Cava Athleisure,Charcoal Stride Golf Shorts,32,MSH112BL32,1049.0,7,0,7343.0,14,https://cavaathleisure.com/products/charcoal-stride-golf-shorts
2026-09-26,Cava Athleisure,Black Stride Golf Shorts,30,MSH112BK30,1049.0,4,0,4196.0,8,https://cavaathleisure.com/products/black-stride-golf-shorts
2026-09-26,Cava Athleisure,Black Stride Golf Shorts,32,MSH112BK32,1049.0,13,0,13637.0,2,https://cavaathleisure.com/products/black-stride-golf-shorts
2026-09-26,Cava Athleisure,Black Stride Golf Shorts,34,MSH112BK34,1049.0,20,0,20980.0,0,https://cavaathleisure.com/products/black-stride-golf-shorts
2026-09-26,Cava Athleisure,Jade Contrast Bonded Polo,XXL,MTS1405GRXXL,999.0,2,0,1998.0,14,https://cavaathleisure.com/products/jade-contrast-bonded-polo
2026-09-26,Cava Athleisure,Brown Hourglass Snug Leggings,S,WLG1010BNS,1299.0,0,1,0.0,1,https://cavaathleisure.com/products/brown-hourglass-snug-leggings
2026-09-26,Cava Athleisure,Brown Hourglass Snug Leggings,M,WLG1010BNM,1299.0,2,0,2598.0,39,https://cavaathleisure.com/products/brown-hourglass-snug-leggings
2026-09-26,Cava Athleisure,Brown Hourglass Snug Leggings,XL,WLG1010BNXL,1299.0,0,1,0.0,1,https://cavaathleisure.com/products/brown-hourglass-snug-leggings
2026-09-26,Cava Athleisure,Black Hourglass Snug Leggings,XS,WLG1010BKXS,1299.0,1,0,1299.0,116,https://cavaathleisure.com/products/black-hourglass-snug-leggings
2026-09-26,Cava Athleisure,Black Hourglass Snug Leggings,S,WLG1010BKS,1299.0,3,0,3897.0,292,https://cavaathleisure.com/products/black-hourglass-snug-leggings
2026-09-26,Cava Athleisure,Black Hourglass Snug Leggings,M,WLG1010BKM,1299.0,6,0,7794.0,105,https://cavaathleisure.com/products/black-hourglass-snug-leggings
2026-09-26,Cava Athleisure,Black Hourglass Snug Leggings,L,WLG1010BKL,1299.0,8,0,10392.0,105,https://cavaathleisure.com/products/black-hourglass-snug-leggings
2026-09-26,Cava Athleisure,Black Hourglass Snug Leggings,XL,WLG1010BKXL,1299.0,1,0,1299.0,78,https://cavaathleisure.com/products/black-hourglass-snug-leggings
2026-09-26,Cava Athleisure,Black Hourglass Snug Leggings,XXL,WLG1010BKXXL,1299.0,4,0,5196.0,84,https://cavaathleisure.com/products/black-hourglass-snug-leggings
2026-09-26,Cava Athleisure,Black Hourglass Booty Shorts,XS,WSH1008BKXS,1099.0,2,0,2198.0,181,https://cavaathleisure.com/products/black-hourglass-booty-shorts
2026-09-26,Cava Athleisure,Black Hourglass Booty Shorts,S,WSH1008BKS,1099.0,2,0,2198.0,776,https://cavaathleisure.com/products/black-hourglass-booty-shorts
2026-09-26,Cava Athleisure,Black Hourglass Booty Shorts,M,WSH1008BKM,1099.0,9,0,9891.0,270,https://cavaathleisure.com/products/black-hourglass-booty-shorts
2026-09-26,Cava Athleisure,Black Hourglass Booty Shorts,XL,WSH1008BKXL,1099.0,3,0,3297.0,39,https://cavaathleisure.com/products/black-hourglass-booty-shorts
2026-09-26,Cava Athleisure,Black Hourglass Booty Shorts,XXL,WSH1008BKXXL,1099.0,2,0,2198.0,4,https://cavaathleisure.com/products/black-hourglass-booty-shorts
2026-09-26,Cava Athleisure,Brown Overlap Tank,XS,WTN104BNXS,949.0,1,0,949.0,47,https://cavaathleisure.com/products/brown-overlap-tank
2026-09-26,Cava Athleisure,Brown Overlap Tank,S,WTN104BNS,949.0,3,0,2847.0,146,https://cavaathleisure.com/products/brown-overlap-tank
2026-09-26,Cava Athleisure,Brown Overlap Tank,M,WTN104BNM,949.0,8,0,7592.0,206,https://cavaathleisure.com/products/brown-overlap-tank
2026-09-26,Cava Athleisure,Brown Overlap Tank,L,WTN104BNL,949.0,2,0,1898.0,164,https://cavaathleisure.com/products/brown-overlap-tank
2026-09-26,Cava Athleisure,Beige Wide Cargo Joggers,M,WJR5BEL532BGM,805.0,3,0,2415.0,107,https://cavaathleisure.com/products/beige-wide-cargo-joggers
2026-09-26,Cava Athleisure,Beige Wide Cargo Joggers,XL,WJR5BEL532BGXL,805.0,1,0,805.0,9,https://cavaathleisure.com/products/beige-wide-cargo-joggers
2026-09-26,Cava Athleisure,Black Hyper Mesh Sports Bra,XS,WSB102BKXS,1499.0,1,0,1499.0,50,https://cavaathleisure.com/products/black-hyper-mesh-sports-bra
2026-09-26,Cava Athleisure,Black Hyper Mesh Sports Bra,S,WSB102BKS,1499.0,3,0,4497.0,103,https://cavaathleisure.com/products/black-hyper-mesh-sports-bra
2026-09-26,Cava Athleisure,Black Hyper Mesh Sports Bra,M,WSB102BKM,1499.0,6,0,8994.0,148,https://cavaathleisure.com/products/black-hyper-mesh-sports-bra
2026-09-26,Cava Athleisure,Black Hyper Mesh Sports Bra,L,WSB102BKL,1499.0,8,0,11992.0,37,https://cavaathleisure.com/products/black-hyper-mesh-sports-bra
2026-09-26,Cava Athleisure,Black Hyper Mesh Sports Bra,XXL,WSB102BKXXL,1499.0,3,0,4497.0,3,https://cavaathleisure.com/products/black-hyper-mesh-sports-bra
2026-09-26,Cava Athleisure,Olive Wide Cargo Joggers,XS,WJR5BEL532GRXS,678.0,1,0,678.0,0,https://cavaathleisure.com/products/olive-wide-cargo-joggers
2026-09-26,Cava Athleisure,Olive Wide Cargo Joggers,S,WJR5BEL532GRS,678.0,9,0,6102.0,7,https://cavaathleisure.com/products/olive-wide-cargo-joggers
2026-09-26,Cava Athleisure,Olive Wide Cargo Joggers,M,WJR5BEL532GRM,678.0,11,0,7458.0,2,https://cavaathleisure.com/products/olive-wide-cargo-joggers
2026-09-26,Cava Athleisure,Moscow Blue Wide Cargo Joggers,XS,WJR5BEL532BLXS,690.0,4,0,2760.0,6,https://cavaathleisure.com/products/moscow-blue-wide-cargo-joggers
2026-09-26,Cava Athleisure,Moscow Blue Wide Cargo Joggers,S,WJR5BEL532BLS,690.0,16,0,11040.0,11,https://cavaathleisure.com/products/moscow-blue-wide-cargo-joggers
2026-09-26,Cava Athleisure,Moscow Blue Wide Cargo Joggers,M,WJR5BEL532BLM,690.0,29,0,20010.0,16,https://cavaathleisure.com/products/moscow-blue-wide-cargo-joggers
2026-09-26,Cava Athleisure,Olive Stride Golf Shorts,30,MSH112GR30,1049.0,9,0,9441.0,11,https://cavaathleisure.com/products/olive-stride-golf-shorts
2026-09-26,Cava Athleisure,Olive Stride Golf Shorts,38,MSH112GR38,1049.0,1,0,1049.0,3,https://cavaathleisure.com/products/olive-stride-golf-shorts
2026-09-26,Cava Athleisure,Toasted Cross Back Sports Bra,S,WSB14SET1BNS,1199.0,7,0,8393.0,66,https://cavaathleisure.com/products/toasted-cross-back-sports-bra
2026-09-26,Cava Athleisure,Toasted Cross Back Sports Bra,M,WSB14SET1BNM,1199.0,11,0,13189.0,41,https://cavaathleisure.com/products/toasted-cross-back-sports-bra
2026-09-26,Cava Athleisure,White Cava Unisex Socks,One size,UAC13SOCK1WH,499.0,0,249,0.0,249,https://cavaathleisure.com/products/white-cava-unisex-socks
2026-09-26,Cava Athleisure,Ruby Aerial Leggings,M,WLG10Set12RDM,999.0,5,0,4995.0,106,https://cavaathleisure.com/products/ruby-aerial-leggings
2026-09-26,Cava Athleisure,Ruby Aerial Leggings,XL,WLG10Set12RDXL,999.0,1,0,999.0,22,https://cavaathleisure.com/products/ruby-aerial-leggings
2026-09-26,Cava Athleisure,Black Cava Unisex Socks,One size,UAC13SOCK1BK,499.0,0,297,0.0,297,https://cavaathleisure.com/products/black-cava-unisex-socks
2026-09-26,Cava Athleisure,Navy Overlap Tee,L,WTP1SET2NYL,999.0,0,2,0.0,2,https://cavaathleisure.com/products/navy-overlap-tee
2026-09-26,Cava Athleisure,Beige Baseline Polo,XXL,MTS5CS108BGXXL,899.0,2,0,1798.0,2,https://cavaathleisure.com/products/beige-baseline-polo
2026-09-26,Cava Athleisure,Grey Baseline Polo,XXL,MTS5CS108GYXXL,899.0,2,0,1798.0,7,https://cavaathleisure.com/products/grey-baseline-polo
2026-09-26,Cava Athleisure,Jade Baseline Polo,XXL,MTS5CS108GRXXL,934.0,4,0,3736.0,1,https://cavaathleisure.com/products/jade-baseline-polo
2026-09-26,Cava Athleisure,Black Airy Resort Shirt,M,MTP1CS116BKM,1050.0,19,0,19950.0,18,https://cavaathleisure.com/products/black-airy-resort-shirt
2026-09-26,Cava Athleisure,Black Airy Resort Shirt,L,MTP1CS116BKL,1050.0,19,0,19950.0,11,https://cavaathleisure.com/products/black-airy-resort-shirt
2026-09-26,Cava Athleisure,Black Airy Resort Shirt,XL,MTP1CS116BKXL,1050.0,1,0,1050.0,4,https://cavaathleisure.com/products/black-airy-resort-shirt
2026-09-26,Cava Athleisure,Black Airy Resort Shirt,XXL,MTP1CS116BKXXL,1050.0,7,0,7350.0,14,https://cavaathleisure.com/products/black-airy-resort-shirt
2026-09-26,Cava Athleisure,Navy Airy Resort Shirt,S,MTP1CS116BLS,1050.0,1,0,1050.0,0,https://cavaathleisure.com/products/navy-airy-resort-shirt
2026-09-26,Cava Athleisure,Navy Airy Resort Shirt,M,MTP1CS116BLM,1050.0,21,0,22050.0,4,https://cavaathleisure.com/products/navy-airy-resort-shirt
2026-09-26,Cava Athleisure,Navy Airy Resort Shirt,L,MTP1CS116BLL,1050.0,28,0,29400.0,19,https://cavaathleisure.com/products/navy-airy-resort-shirt
2026-09-26,Cava Athleisure,Navy Airy Resort Shirt,XL,MTP1CS116BLXL,1050.0,11,0,11550.0,6,https://cavaathleisure.com/products/navy-airy-resort-shirt
2026-09-26,Cava Athleisure,Navy Airy Resort Shirt,XXL,MTP1CS116BLXXL,1050.0,5,0,5250.0,12,https://cavaathleisure.com/products/navy-airy-resort-shirt
2026-09-26,Cava Athleisure,Clay Airy Resort Shirt,S,MTP1CS116BGS,1050.0,8,0,8400.0,9,https://cavaathleisure.com/products/clay-airy-resort-shirt
2026-09-26,Cava Athleisure,Clay Airy Resort Shirt,M,MTP1CS116BGM,1050.0,39,0,40950.0,22,https://cavaathleisure.com/products/clay-airy-resort-shirt
2026-09-26,Cava Athleisure,Clay Airy Resort Shirt,L,MTP1CS116BGL,1050.0,25,0,26250.0,32,https://cavaathleisure.com/products/clay-airy-resort-shirt
2026-09-26,Cava Athleisure,Clay Airy Resort Shirt,XL,MTP1CS116BGXL,1050.0,8,0,8400.0,10,https://cavaathleisure.com/products/clay-airy-resort-shirt
2026-09-26,Cava Athleisure,Clay Airy Resort Shirt,XXL,MTP1CS116BGXXL,1050.0,2,0,2100.0,20,https://cavaathleisure.com/products/clay-airy-resort-shirt
2026-09-26,Cava Athleisure,Green Airy Resort Shirt,S,MTP1CS116GRS,1050.0,3,0,3150.0,1,https://cavaathleisure.com/products/green-airy-resort-shirt
2026-09-26,Cava Athleisure,Green Airy Resort Shirt,M,MTP1CS116GRM,1050.0,31,0,32550.0,13,https://cavaathleisure.com/products/green-airy-resort-shirt
2026-09-26,Cava Athleisure,Green Airy Resort Shirt,L,MTP1CS116GRL,1050.0,21,0,22050.0,18,https://cavaathleisure.com/products/green-airy-resort-shirt
2026-09-26,Cava Athleisure,Green Airy Resort Shirt,XL,MTP1CS116GRXL,1050.0,11,0,11550.0,9,https://cavaathleisure.com/products/green-airy-resort-shirt
2026-09-26,Cava Athleisure,Green Airy Resort Shirt,XXL,MTP1CS116GRXXL,1050.0,7,0,7350.0,16,https://cavaathleisure.com/products/green-airy-resort-shirt
2026-09-26,Cava Athleisure,Navy Stride Cargo Pants,38,MTR1CS118NY38,1799.0,1,0,1799.0,7,https://cavaathleisure.com/products/navy-stride-cargo-pants
2026-09-26,Cava Athleisure,"Black 5"" Train-In Shorts",32,MSH1CS119BK32,1499.0,0,1,0.0,2,https://cavaathleisure.com/products/black-5-train-in-shorts
2026-09-26,Cava Athleisure,"Black 5"" Train-In Shorts",36,MSH1CS119BK36,1499.0,0,1,0.0,29,https://cavaathleisure.com/products/black-5-train-in-shorts
2026-09-26,Cava Athleisure,"Grey 5"" Train-In Shorts",30,MSH1CS119GY30,1499.0,0,1,0.0,1,https://cavaathleisure.com/products/grey-train-in-shorts
2026-09-26,Cava Athleisure,"Navy 5"" Train-In Shorts",34,MSH1CS119NY34,1499.0,0,1,0.0,1,https://cavaathleisure.com/products/navy-train-in-shorts
2026-09-26,Cava Athleisure,White Ace Bond Polo,M,MTS1CS122WHM,1299.0,1,0,1299.0,0,https://cavaathleisure.com/products/white-ace-bond-polo
2026-09-26,Cava Athleisure,Pink Cross Back Sports Bra,XS,WSB14SET1PUXS,1199.0,3,0,3597.0,51,https://cavaathleisure.com/products/pink-cross-back-sports-bra
2026-09-26,Cava Athleisure,Pink Cross Back Sports Bra,XXL,WSB14SET1PUXXL,1199.0,1,0,1199.0,24,https://cavaathleisure.com/products/pink-cross-back-sports-bra
2026-09-26,Cava Athleisure,Moscow Blue Cross Back Sports Bra,XS,WSB14SET1BLXS,1199.0,0,1,0.0,250,https://cavaathleisure.com/products/moscow-blue-cross-back-sports-bra
2026-09-26,Cava Athleisure,Moscow Blue Cross Back Sports Bra,S,WSB14SET1BLS,1199.0,2,0,2398.0,65,https://cavaathleisure.com/products/moscow-blue-cross-back-sports-bra
2026-09-26,Cava Athleisure,Moscow Blue Cross Back Sports Bra,M,WSB14SET1BLM,1199.0,3,0,3597.0,156,https://cavaathleisure.com/products/moscow-blue-cross-back-sports-bra
2026-09-26,Cava Athleisure,Moscow Blue Cross Back Sports Bra,L,WSB14SET1BLL,1199.0,8,0,9592.0,247,https://cavaathleisure.com/products/moscow-blue-cross-back-sports-bra
2026-09-26,Cava Athleisure,Moscow Blue Cross Back Sports Bra,XL,WSB14SET1BLXL,1199.0,2,0,2398.0,51,https://cavaathleisure.com/products/moscow-blue-cross-back-sports-bra
2026-09-26,Cava Athleisure,Moscow Blue Cross Back Sports Bra,XXL,WSB14SET1BLXXL,1199.0,0,1,0.0,52,https://cavaathleisure.com/products/moscow-blue-cross-back-sports-bra
2026-09-26,Cava Athleisure,Black Techpique Sleeveless Polo,XS,WTP10CS04BKXS,800.0,2,0,1600.0,12,https://cavaathleisure.com/products/black-techpique-sleeveless-polo
2026-09-26,Cava Athleisure,Black Techpique Sleeveless Polo,S,WTP10CS04BKS,800.0,0,2,0.0,42,https://cavaathleisure.com/products/black-techpique-sleeveless-polo
2026-09-26,Cava Athleisure,White Techpique Sleeveless Polo,XXL,WTP10CS04WHXXL,783.0,4,0,3132.0,1,https://cavaathleisure.com/products/white-techpique-sleeveless-polo
2026-09-26,Cava Athleisure,Pink Techpique Sleeveless Polo,XXL,WTP10CS04PNXXL,800.0,1,0,800.0,7,https://cavaathleisure.com/products/pink-techpique-sleeveless-polo
2026-09-26,Cava Athleisure,Black High Impact Sports Bra,XS,WSB1CS02BKXS,1299.0,1,0,1299.0,64,https://cavaathleisure.com/products/black-impact-sport-bra
2026-09-26,Cava Athleisure,Black High Impact Sports Bra,L,WSB1CS02BKL,1299.0,1,0,1299.0,1,https://cavaathleisure.com/products/black-impact-sport-bra
2026-09-26,Cava Athleisure,Black High Impact Sports Bra,XXL,WSB1CS02BKXXL,1299.0,0,1,0.0,1,https://cavaathleisure.com/products/black-impact-sport-bra
2026-09-26,Cava Athleisure,Black Ultra Support Sports Bra,S,WSB1CS01BKS,1399.0,7,0,9793.0,75,https://cavaathleisure.com/products/black-all-square-sports-bra
2026-09-26,Cava Athleisure,Ruby High Impact Sports Bra,L,WSB1CS02RDL,1299.0,1,0,1299.0,0,https://cavaathleisure.com/products/ruby-impact-sport-bra
2026-09-26,Cava Athleisure,Ruby High Impact Sports Bra,XXL,WSB1CS02RDXXL,1299.0,2,0,2598.0,2,https://cavaathleisure.com/products/ruby-impact-sport-bra
2026-09-26,Cava Athleisure,Ruby Ultra Support Sports Bra,XS,WSB1CS01RDXS,1399.0,1,0,1399.0,184,https://cavaathleisure.com/products/ruby-all-square-sports-bra
2026-09-26,Cava Athleisure,Ruby Ultra Support Sports Bra,S,WSB1CS01RDS,1399.0,0,1,0.0,456,https://cavaathleisure.com/products/ruby-all-square-sports-bra
2026-09-26,Cava Athleisure,Ruby Ultra Support Sports Bra,M,WSB1CS01RDM,1399.0,12,0,16788.0,732,https://cavaathleisure.com/products/ruby-all-square-sports-bra
2026-09-26,Cava Athleisure,Ruby Ultra Support Sports Bra,L,WSB1CS01RDL,1399.0,3,0,4197.0,568,https://cavaathleisure.com/products/ruby-all-square-sports-bra
2026-09-26,Cava Athleisure,Ruby Ultra Support Sports Bra,XL,WSB1CS01RDXL,1399.0,1,0,1399.0,381,https://cavaathleisure.com/products/ruby-all-square-sports-bra
2026-09-26,Cava Athleisure,Ruby Ultra Support Sports Bra,XXL,WSB1CS01RDXXL,1399.0,2,0,2798.0,116,https://cavaathleisure.com/products/ruby-all-square-sports-bra
2026-09-26,Cava Athleisure,Lilac Ultra Support Sports Bra,XS,WSB1CS01PUXS,1399.0,1,0,1399.0,98,https://cavaathleisure.com/products/lilac-all-square-sports-bra
2026-09-26,Cava Athleisure,Lilac Ultra Support Sports Bra,M,WSB1CS01PUM,1399.0,3,0,4197.0,72,https://cavaathleisure.com/products/lilac-all-square-sports-bra
2026-09-26,Cava Athleisure,Lilac Ultra Support Sports Bra,L,WSB1CS01PUL,1399.0,1,0,1399.0,91,https://cavaathleisure.com/products/lilac-all-square-sports-bra
2026-09-26,Cava Athleisure,Lilac Ultra Support Sports Bra,XL,WSB1CS01PUXL,1399.0,1,0,1399.0,28,https://cavaathleisure.com/products/lilac-all-square-sports-bra
2026-09-26,Cava Athleisure,Lilac Ultra Support Sports Bra,XXL,WSB1CS01PUXXL,1399.0,1,0,1399.0,31,https://cavaathleisure.com/products/lilac-all-square-sports-bra
2026-09-26,Cava Athleisure,Pink Plie Pleated Skort,XS,WSK10CS06PNXS,1699.0,2,0,3398.0,162,https://cavaathleisure.com/products/pink-pliee-pleated-skort
2026-09-26,Cava Athleisure,Pink Plie Pleated Skort,S,WSK10CS06PNS,1699.0,1,0,1699.0,0,https://cavaathleisure.com/products/pink-pliee-pleated-skort
2026-09-26,Cava Athleisure,Pink Plie Pleated Skort,M,WSK10CS06PNM,1699.0,1,0,1699.0,0,https://cavaathleisure.com/products/pink-pliee-pleated-skort
2026-09-26,Cava Athleisure,Pink Plie Pleated Skort,XL,WSK10CS06PNXL,1699.0,0,1,0.0,1,https://cavaathleisure.com/products/pink-pliee-pleated-skort
2026-09-26,Cava Athleisure,Pink Plie Pleated Skort,XXL,WSK10CS06PNXXL,1699.0,1,0,1699.0,41,https://cavaathleisure.com/products/pink-pliee-pleated-skort
2026-09-26,Cava Athleisure,Black Plie Pleated Skort,XS,WSK10CS06BKXS,1699.0,2,0,3398.0,188,https://cavaathleisure.com/products/black-pliee-pleated-skort
2026-09-26,Cava Athleisure,Black Plie Pleated Skort,S,WSK10CS06BKS,1699.0,2,0,3398.0,245,https://cavaathleisure.com/products/black-pliee-pleated-skort
2026-09-26,Cava Athleisure,Black Plie Pleated Skort,M,WSK10CS06BKM,1699.0,3,0,5097.0,18,https://cavaathleisure.com/products/black-pliee-pleated-skort
2026-09-26,Cava Athleisure,Black Plie Pleated Skort,L,WSK10CS06BKL,1699.0,0,1,0.0,3,https://cavaathleisure.com/products/black-pliee-pleated-skort
2026-09-26,Cava Athleisure,Ivory Plie Pleated Skort,XS,WSK10CS06WHXS,1699.0,2,0,3398.0,173,https://cavaathleisure.com/products/ivory-pliee-pleated-skort
2026-09-26,Cava Athleisure,Ivory Plie Pleated Skort,S,WSK10CS06WHS,1699.0,1,0,1699.0,51,https://cavaathleisure.com/products/ivory-pliee-pleated-skort
2026-09-26,Cava Athleisure,Ivory Plie Pleated Skort,L,WSK10CS06WHL,1699.0,2,0,3398.0,23,https://cavaathleisure.com/products/ivory-pliee-pleated-skort
2026-09-26,Cava Athleisure,Navy Plie Pleated Skort,XS,WSK10CS06NYXS,1699.0,1,0,1699.0,194,https://cavaathleisure.com/products/navy-pliee-pleated-skort
2026-09-26,Cava Athleisure,Navy Plie Pleated Skort,S,WSK10CS06NYS,1699.0,0,1,0.0,228,https://cavaathleisure.com/products/navy-pliee-pleated-skort
2026-09-26,Cava Athleisure,Ivory Courtside Dress,L,WDR1CS07WHL,1050.0,1,0,1050.0,2,https://cavaathleisure.com/products/ivory-courtside-dress
2026-09-26,Cava Athleisure,Ivory Courtside Dress,XL,WDR1CS07WHXL,1050.0,1,0,1050.0,0,https://cavaathleisure.com/products/ivory-courtside-dress
2026-09-26,Cava Athleisure,Pink Sculptor Jacket,XS,WJK10Set5PNXS,1799.0,0,2,0.0,2,https://cavaathleisure.com/products/pink-sculptor-jacket
2026-09-26,Cava Athleisure,Pink Sculptor Jacket,S,WJK10Set5PNS,1799.0,15,0,26985.0,0,https://cavaathleisure.com/products/pink-sculptor-jacket
2026-09-26,Cava Athleisure,Pink Sculptor Jacket,M,WJK10Set5PNM,1799.0,6,0,10794.0,18,https://cavaathleisure.com/products/pink-sculptor-jacket
2026-09-26,Cava Athleisure,Pink Sculptor Jacket,L,WJK10Set5PNL,1799.0,2,0,3598.0,58,https://cavaathleisure.com/products/pink-sculptor-jacket
2026-09-26,Cava Athleisure,Pink Sculptor Jacket,XL,WJK10Set5PNXL,1799.0,0,1,0.0,38,https://cavaathleisure.com/products/pink-sculptor-jacket
2026-09-26,Cava Athleisure,Pink Sculptor Jacket,XXL,WJK10Set5PNXXL,1799.0,2,0,3598.0,21,https://cavaathleisure.com/products/pink-sculptor-jacket
2026-09-26,Cava Athleisure,Steel Blue Sculptor Jacket,XS,WJK10Set5NYXS,1799.0,0,2,0.0,91,https://cavaathleisure.com/products/steel-blue-sculptor-jacket
2026-09-26,Cava Athleisure,Steel Blue Sculptor Jacket,S,WJK10Set5NYS,1799.0,19,0,34181.0,187,https://cavaathleisure.com/products/steel-blue-sculptor-jacket
2026-09-26,Cava Athleisure,Steel Blue Sculptor Jacket,M,WJK10Set5NYM,1799.0,12,0,21588.0,461,https://cavaathleisure.com/products/steel-blue-sculptor-jacket
2026-09-26,Cava Athleisure,Steel Blue Sculptor Jacket,L,WJK10Set5NYL,1799.0,0,2,0.0,251,https://cavaathleisure.com/products/steel-blue-sculptor-jacket
2026-09-26,Cava Athleisure,Steel Blue Sculptor Jacket,XXL,WJK10Set5NYXXL,1799.0,1,0,1799.0,38,https://cavaathleisure.com/products/steel-blue-sculptor-jacket
2026-09-26,Cava Athleisure,Light Beige Everywear Joggers,M,MTR5CS111BGM,1099.0,0,1,0.0,30,https://cavaathleisure.com/products/light-beige-everywear-pants
2026-09-26,Cava Athleisure,Light Grey Relax-in Shorts,S,MSH5CS110GYS,750.0,9,0,6750.0,0,https://cavaathleisure.com/products/light-grey-relax-in-shorts
2026-09-26,Cava Athleisure,Light Grey Relax-in Shorts,XXL,MSH5CS110GYXXL,750.0,9,0,6750.0,2,https://cavaathleisure.com/products/light-grey-relax-in-shorts
2026-09-26,Cava Athleisure,White Relax-in Shorts,S,MSH5CS110WHS,749.0,7,0,5243.0,2,https://cavaathleisure.com/products/white-relax-in-shorts
2026-09-26,Cava Athleisure,White Relax-in Shorts,XXL,MSH5CS110WHXXL,749.0,9,0,6741.0,3,https://cavaathleisure.com/products/white-relax-in-shorts
2026-09-26,Cava Athleisure,Black Supima Polo T-shirt - Regular Fit,L,MTS5CS103BKL,1099.0,2,0,2198.0,29,https://cavaathleisure.com/products/black-supima-polo-t-shirt
2026-09-26,Cava Athleisure,Black Supima V Neck T-shirt - Regular Fit,L,MTS5CS102BKL,749.0,23,0,17227.0,9,https://cavaathleisure.com/products/black-supima-v-neck-t-shirt
2026-09-26,Cava Athleisure,Black Supima V Neck T-shirt - Regular Fit,XXL,MTS5CS102BKXXL,749.0,7,0,5243.0,12,https://cavaathleisure.com/products/black-supima-v-neck-t-shirt
2026-09-26,Cava Athleisure,Beige Supima V Neck T-shirt - Regular Fit,S,MTS5CS102BGS,749.0,25,0,18725.0,0,https://cavaathleisure.com/products/beige-supima-v-neck-t-shirt
2026-09-26,Cava Athleisure,Beige Supima V Neck T-shirt - Regular Fit,M,MTS5CS102BGM,749.0,21,0,15729.0,0,https://cavaathleisure.com/products/beige-supima-v-neck-t-shirt
2026-09-26,Cava Athleisure,Beige Supima V Neck T-shirt - Regular Fit,L,MTS5CS102BGL,749.0,13,0,9737.0,21,https://cavaathleisure.com/products/beige-supima-v-neck-t-shirt
2026-09-26,Cava Athleisure,Beige Supima V Neck T-shirt - Regular Fit,XL,MTS5CS102BGXL,749.0,6,0,4494.0,0,https://cavaathleisure.com/products/beige-supima-v-neck-t-shirt
2026-09-26,Cava Athleisure,Beige Supima V Neck T-shirt - Regular Fit,XXL,MTS5CS102BGXXL,749.0,9,0,6741.0,2,https://cavaathleisure.com/products/beige-supima-v-neck-t-shirt
2026-09-26,Cava Athleisure,Navy Supima V Neck T-shirt - Regular Fit,S,MTS5CS102NYS,749.0,30,0,22470.0,0,https://cavaathleisure.com/products/navy-supima-v-neck-t-shirt
2026-09-26,Cava Athleisure,Navy Supima V Neck T-shirt - Regular Fit,M,MTS5CS102NYM,749.0,38,0,28462.0,0,https://cavaathleisure.com/products/navy-supima-v-neck-t-shirt
2026-09-26,Cava Athleisure,Navy Supima V Neck T-shirt - Regular Fit,L,MTS5CS102NYL,749.0,48,0,35952.0,12,https://cavaathleisure.com/products/navy-supima-v-neck-t-shirt
2026-09-26,Cava Athleisure,Navy Supima V Neck T-shirt - Regular Fit,XL,MTS5CS102NYXL,749.0,31,0,23219.0,0,https://cavaathleisure.com/products/navy-supima-v-neck-t-shirt
2026-09-26,Cava Athleisure,Navy Supima V Neck T-shirt - Regular Fit,XXL,MTS5CS102NYXXL,749.0,20,0,14980.0,0,https://cavaathleisure.com/products/navy-supima-v-neck-t-shirt
2026-09-26,Cava Athleisure,Beige Supima Crew Neck T-shirt - Relaxed Fit,S,MTS5CS101BGS,799.0,11,0,8789.0,0,https://cavaathleisure.com/products/beige-supima-crew-neck-t-shirt
2026-09-26,Cava Athleisure,Beige Supima Crew Neck T-shirt - Relaxed Fit,L,MTS5CS101BGL,799.0,17,0,13583.0,0,https://cavaathleisure.com/products/beige-supima-crew-neck-t-shirt
2026-09-26,Cava Athleisure,Beige Supima Crew Neck T-shirt - Relaxed Fit,XXL,MTS5CS101BGXXL,799.0,5,0,3995.0,0,https://cavaathleisure.com/products/beige-supima-crew-neck-t-shirt
2026-09-26,Cava Athleisure,Black Supima Crew Neck T-shirt - Relaxed Fit,XL,MTS5CS101BKXL,799.0,1,0,799.0,11,https://cavaathleisure.com/products/black-supima-essentials-crew-neck
2026-09-26,Cava Athleisure,Black Supima Crew Neck T-shirt - Relaxed Fit,XXL,MTS5CS101BKXXL,799.0,6,0,4794.0,23,https://cavaathleisure.com/products/black-supima-essentials-crew-neck
2026-09-26,Cava Athleisure,Pink Sky-Rise Leggings,S,WLG9SET3PUS,1299.0,1,0,1299.0,0,https://cavaathleisure.com/products/pink-sky-rise-leggings
2026-09-26,Cava Athleisure,Pink Pulse Biker Shorts,S,WSH9SET1PUS,765.0,0,1,0.0,78,https://cavaathleisure.com/products/pink-pulse-biker-shorts
2026-09-26,Cava Athleisure,Pink Pulse Biker Shorts,L,WSH9SET1PUL,765.0,3,0,2295.0,0,https://cavaathleisure.com/products/pink-pulse-biker-shorts
2026-09-26,Cava Athleisure,Pink Pulse Biker Shorts,XL,WSH9SET1PUXL,765.0,1,0,765.0,32,https://cavaathleisure.com/products/pink-pulse-biker-shorts
2026-09-26,Cava Athleisure,Ruby Tank Us Later Top,XS,TP-GEO-set3-008-YSH-Burgundy-XS,1299.0,1,0,1299.0,31,https://cavaathleisure.com/products/ruby-tank-us-later-top
2026-09-26,Cava Athleisure,Ruby Tank Us Later Top,S,TP-GEO-set3-008-YSH-Burgundy-S,1299.0,4,0,5196.0,85,https://cavaathleisure.com/products/ruby-tank-us-later-top
2026-09-26,Cava Athleisure,Ruby Tank Us Later Top,M,TP-GEO-set3-008-YSH-Burgundy-M,1299.0,5,0,6495.0,105,https://cavaathleisure.com/products/ruby-tank-us-later-top
2026-09-26,Cava Athleisure,Ruby Tank Us Later Top,XL,TP-GEO-set3-008-YSH-Burgundy-XL,1299.0,3,0,3897.0,14,https://cavaathleisure.com/products/ruby-tank-us-later-top
2026-09-26,Cava Athleisure,Steel Blue Swirl Tennis Skorts,S,BTM-ying-set4-skort-blue-S,1399.0,4,0,5596.0,71,https://cavaathleisure.com/products/steel-blue-swirl-tennis-skorts
2026-09-26,Cava Athleisure,Steel Blue Swirl Tennis Skorts,M,BTM-ying-set4-skort-blue-M,1399.0,2,0,2798.0,102,https://cavaathleisure.com/products/steel-blue-swirl-tennis-skorts
2026-09-26,Cava Athleisure,Steel Blue Swirl Tennis Skorts,XL,BTM-ying-set4-skort-blue-XL,1399.0,1,0,1399.0,2,https://cavaathleisure.com/products/steel-blue-swirl-tennis-skorts
2026-09-26,Cava Athleisure,Sky Blue Sculpt Leggings,S,BEL511-Vamos-104-Lightblue-S,900.0,1,0,900.0,0,https://cavaathleisure.com/products/sky-blue-sculpt-leggings
2026-09-26,Cava Athleisure,Sky Blue Sculpt Leggings,M,BEL511-Vamos-104-Lightblue-M,900.0,24,0,21600.0,34,https://cavaathleisure.com/products/sky-blue-sculpt-leggings
2026-09-26,Cava Athleisure,Sky Blue Sculpt Leggings,XXL,BEL511-Vamos-104-Lightblue-XXL,900.0,2,0,1800.0,1,https://cavaathleisure.com/products/sky-blue-sculpt-leggings
2026-09-26,Cava Athleisure,Ivory Tank Us Later Top,XS,TP-GEO-set3-008-YSH-Ivory-XS,1299.0,0,1,0.0,114,https://cavaathleisure.com/products/ivory-tank-us-later-top
2026-09-26,Cava Athleisure,Ivory Tank Us Later Top,S,TP-GEO-set3-008-YSH-Ivory-S,1299.0,4,0,5196.0,163,https://cavaathleisure.com/products/ivory-tank-us-later-top
2026-09-26,Cava Athleisure,Ivory Tank Us Later Top,M,TP-GEO-set3-008-YSH-Ivory-M,1299.0,4,0,5196.0,173,https://cavaathleisure.com/products/ivory-tank-us-later-top
2026-09-26,Cava Athleisure,Ivory Tank Us Later Top,L,TP-GEO-set3-008-YSH-Ivory-L,1299.0,3,0,3897.0,90,https://cavaathleisure.com/products/ivory-tank-us-later-top
2026-09-26,Cava Athleisure,Lilac Swirl Tennis Skorts,XS,BTM-ying-set4-skort-purple-XS,1399.0,1,0,1399.0,5,https://cavaathleisure.com/products/lilac-swirl-tennis-skort
2026-09-26,Cava Athleisure,Cappucino Cava Essential Sweatshirt,XS,TP536-VAMOS-98-CAPPUCCINO-XS,1199.0,31,0,37169.0,21,https://cavaathleisure.com/products/cappucino-cava-essential-sweatshirt
2026-09-26,Cava Athleisure,Cappucino Cava Essential Sweatshirt,S,TP536-VAMOS-98-CAPPUCCINO-S,1199.0,88,0,105512.0,20,https://cavaathleisure.com/products/cappucino-cava-essential-sweatshirt
2026-09-26,Cava Athleisure,Cappucino Cava Essential Sweatshirt,M,TP536-VAMOS-98-CAPPUCCINO-M,1199.0,144,0,172656.0,67,https://cavaathleisure.com/products/cappucino-cava-essential-sweatshirt
2026-09-26,Cava Athleisure,Cappucino Cava Essential Sweatshirt,L,TP536-VAMOS-98-CAPPUCCINO-L,1199.0,72,0,86328.0,105,https://cavaathleisure.com/products/cappucino-cava-essential-sweatshirt
2026-09-26,Cava Athleisure,Cappucino Cava Essential Sweatshirt,XL,TP536-VAMOS-98-CAPPUCCINO-XL,1199.0,44,0,52756.0,78,https://cavaathleisure.com/products/cappucino-cava-essential-sweatshirt
2026-09-26,Cava Athleisure,Cappucino Cava Essential Sweatshirt,XXL,TP536-VAMOS-98-CAPPUCCINO-XXL,1199.0,26,0,31174.0,43,https://cavaathleisure.com/products/cappucino-cava-essential-sweatshirt
2026-09-26,Cava Athleisure,Purple All-Day Flex Flare Pants,XS,WFB14SET1PUXS,920.0,1,0,920.0,1,https://cavaathleisure.com/products/purple-all-day-flex-flare-pants
2026-09-26,Cava Athleisure,Red All-Day Flex Flare Pants,S,WFB14SET1RDS,920.0,1,0,920.0,13,https://cavaathleisure.com/products/red-all-day-flex-flare-pants
2026-09-26,Cava Athleisure,Charcoal Zip-It-Up Top,S,TP-RON-set13-1574-Light-black-S,1494.0,0,3,0.0,3,https://cavaathleisure.com/products/charcoal-zip-it-up-top
2026-09-26,Cava Athleisure,Mint Seamless Sculpt Tee,XL,TP-RON-set9-20230824-1-Lichen-XL,600.0,0,1,0.0,6,https://cavaathleisure.com/products/mint-seamless-sculpt-tee
2026-09-26,Cava Athleisure,Orange Dual Slit Adapt Joggers,XS,BTM-para-AWLC29-Autumn-sunset-XS,875.0,3,0,2625.0,0,https://cavaathleisure.com/products/orange-dual-slit-adapt-joggers
2026-09-26,Cava Athleisure,Orange Dual Slit Adapt Joggers,S,BTM-para-AWLC29-Autumn-sunset-S,875.0,9,0,7875.0,0,https://cavaathleisure.com/products/orange-dual-slit-adapt-joggers
2026-09-26,Cava Athleisure,Orange Dual Slit Adapt Joggers,M,BTM-para-AWLC29-Autumn-sunset-M,875.0,22,0,19250.0,0,https://cavaathleisure.com/products/orange-dual-slit-adapt-joggers
2026-09-26,Cava Athleisure,Orange Dual Slit Adapt Joggers,L,BTM-para-AWLC29-Autumn-sunset-L,875.0,9,0,7875.0,0,https://cavaathleisure.com/products/orange-dual-slit-adapt-joggers
2026-09-26,Cava Athleisure,Orange Dual Slit Adapt Joggers,XL,BTM-para-AWLC29-Autumn-sunset-XL,875.0,4,0,3500.0,0,https://cavaathleisure.com/products/orange-dual-slit-adapt-joggers
2026-09-26,Cava Athleisure,Orange Dual Slit Adapt Joggers,XXL,BTM-para-AWLC29-Autumn-sunset-XXL,875.0,1,0,875.0,0,https://cavaathleisure.com/products/orange-dual-slit-adapt-joggers
2026-09-26,Cava Athleisure,Blue Ease Wrap Top,M,TP-para-AWLC09-Poseidon-M,660.0,17,0,11220.0,7,https://cavaathleisure.com/products/azure-ease-wrap-top
2026-09-26,Cava Athleisure,Black Ease Wrap Top,XS,TP-para-AWLC09-Jet-black-XS,550.0,1,0,550.0,0,https://cavaathleisure.com/products/black-ease-wrap-top
2026-09-26,Cava Athleisure,Black Ease Wrap Top,S,TP-para-AWLC09-Jet-black-S,550.0,5,0,2750.0,0,https://cavaathleisure.com/products/black-ease-wrap-top
2026-09-26,Cava Athleisure,Black Ease Wrap Top,M,TP-para-AWLC09-Jet-black-M,550.0,12,0,6600.0,0,https://cavaathleisure.com/products/black-ease-wrap-top
2026-09-26,Cava Athleisure,Sand Ease Wrap Top,XS,TP-para-AWLC09-Irish-cream-XS,660.0,1,0,660.0,2,https://cavaathleisure.com/products/taupe-ease-wrap-top
2026-09-26,Cava Athleisure,Sand Ease Wrap Top,S,TP-para-AWLC09-Irish-cream-S,660.0,16,0,10560.0,5,https://cavaathleisure.com/products/taupe-ease-wrap-top
2026-09-26,Cava Athleisure,Sand Ease Wrap Top,M,TP-para-AWLC09-Irish-cream-M,660.0,23,0,15180.0,16,https://cavaathleisure.com/products/taupe-ease-wrap-top
2026-09-26,Cava Athleisure,Sand Ease Wrap Top,L,TP-para-AWLC09-Irish-cream-L,660.0,2,0,1320.0,20,https://cavaathleisure.com/products/taupe-ease-wrap-top
2026-09-26,Cava Athleisure,Sand Ease Wrap Top,XL,TP-para-AWLC09-Irish-cream-XL,660.0,5,0,3300.0,3,https://cavaathleisure.com/products/taupe-ease-wrap-top
2026-09-26,Cava Athleisure,Sand Ease Flare Pants,S,BTM-para-AWLC05-Irish-cream-S,875.0,6,0,5250.0,6,https://cavaathleisure.com/products/taupe-ease-flare-pants
2026-09-26,Cava Athleisure,Sand Ease Flare Pants,M,BTM-para-AWLC05-Irish-cream-M,875.0,12,0,10500.0,11,https://cavaathleisure.com/products/taupe-ease-flare-pants
2026-09-26,Cava Athleisure,Sand Airy Two-Piece Top,XS,TP-para-AWLC10-Irish-cream-XS,805.0,9,0,7245.0,0,https://cavaathleisure.com/products/sand-airy-two-piece
2026-09-26,Cava Athleisure,Sand Airy Two-Piece Top,M,TP-para-AWLC10-Irish-cream-M,805.0,1,0,805.0,0,https://cavaathleisure.com/products/sand-airy-two-piece
2026-09-26,Cava Athleisure,Sand Airy Two-Piece Top,XL,TP-para-AWLC10-Irish-cream-XL,805.0,7,0,5635.0,0,https://cavaathleisure.com/products/sand-airy-two-piece
2026-09-26,Cava Athleisure,Sand Airy Two-Piece Top,XXL,TP-para-AWLC10-Irish-cream-XXL,805.0,5,0,4025.0,0,https://cavaathleisure.com/products/sand-airy-two-piece
2026-09-26,Cava Athleisure,Red Nomad Cargo Pants,S,BTM-para-AWLC19-Cardinal-S,875.0,2,0,1750.0,11,https://cavaathleisure.com/products/red-nomad-cargo-pants
2026-09-26,Cava Athleisure,Red Nomad Cargo Pants,M,BTM-para-AWLC19-Cardinal-M,875.0,4,0,3500.0,12,https://cavaathleisure.com/products/red-nomad-cargo-pants
2026-09-26,Cava Athleisure,Brown Overlap Tee,S,TP-RON-set2-007-RON-Hot-fudge-S,999.0,3,0,2997.0,244,https://cavaathleisure.com/products/brown-overlap-tee
2026-09-26,Cava Athleisure,Brown Overlap Tee,M,TP-RON-set2-007-RON-Hot-fudge-M,999.0,3,0,2997.0,180,https://cavaathleisure.com/products/brown-overlap-tee
2026-09-26,Cava Athleisure,Brown Overlap Tee,L,TP-RON-set2-007-RON-Hot-fudge-L,999.0,3,0,2997.0,96,https://cavaathleisure.com/products/brown-overlap-tee
2026-09-26,Cava Athleisure,Black Overlap Tee,L,TP-RON-set2-007-RON-Jet-Black-L,999.0,0,1,0.0,2,https://cavaathleisure.com/products/black-overlap-tee
2026-09-26,Cava Athleisure,Blush Overlap Tee,XS,TP-RON-set2-007-RON-Sepia-Rose-XS,999.0,0,1,0.0,34,https://cavaathleisure.com/products/blush-overlap-tee
2026-09-26,Cava Athleisure,Blush Overlap Tee,S,TP-RON-set2-007-RON-Sepia-Rose-S,999.0,1,0,999.0,0,https://cavaathleisure.com/products/blush-overlap-tee
2026-09-26,Cava Athleisure,Olive Retro Flare Pants,XS/S,BTM-RON-set6-009-RON-Olive-Green-XS/S,990.0,37,0,36630.0,0,https://cavaathleisure.com/products/olive-retro-flare-pants
2026-09-26,Cava Athleisure,Grape Retro Flare Pants,XS/S,BTM-RON-set6-009-RON-Wine-Burgundy-XS/S,1140.0,21,0,23940.0,0,https://cavaathleisure.com/products/grape-retro-flare-pants
2026-09-26,Cava Athleisure,Grape Retro Flare Pants,M,BTM-RON-set6-009-RON-Wine-Burgundy-M,1140.0,26,0,29640.0,0,https://cavaathleisure.com/products/grape-retro-flare-pants
2026-09-26,Cava Athleisure,Grape Retro Flare Pants,XL,BTM-RON-set6-009-RON-Wine-Burgundy-XL,1140.0,1,0,1140.0,0,https://cavaathleisure.com/products/grape-retro-flare-pants
2026-09-26,Cava Athleisure,Olive Sway Pants,XS/S,BTM-RON-set7-021-GEO-Forest-XS/S,990.0,12,0,11880.0,0,https://cavaathleisure.com/products/olive-sway-pants
2026-09-26,Cava Athleisure,Black Aerial Crop Tank,XXL,TP-RON-set12-WX1496-Black-XXL,750.0,0,1,0.0,1,https://cavaathleisure.com/products/black-aerial-crop-tank
2026-09-26,Cava Athleisure,White Cross Back Sports Bra,M,TP-RON-set1-019-MNO-Coconut-Milk-M,1199.0,16,0,19184.0,38,https://cavaathleisure.com/products/white-cross-back-sports-bra
2026-09-26,Cava Athleisure,White Cross Back Sports Bra,L,TP-RON-set1-019-MNO-Coconut-Milk-L,1199.0,6,0,7194.0,77,https://cavaathleisure.com/products/white-cross-back-sports-bra
2026-09-26,Cava Athleisure,White Cross Back Sports Bra,XL,TP-RON-set1-019-MNO-Coconut-Milk-XL,1199.0,2,0,2398.0,45,https://cavaathleisure.com/products/white-cross-back-sports-bra
2026-09-26,Cava Athleisure,Black Aerial Leggings,XS,BTM-RON-set12-CK1429-Black-XS,999.0,0,1,0.0,1,https://cavaathleisure.com/products/black-aerial-leggings
2026-09-26,Cava Athleisure,Black Aerial Leggings,S,BTM-RON-set12-CK1429-Black-S,999.0,5,0,4995.0,17,https://cavaathleisure.com/products/black-aerial-leggings
2026-09-26,Cava Athleisure,Black Aerial Leggings,M,BTM-RON-set12-CK1429-Black-M,999.0,0,1,0.0,1,https://cavaathleisure.com/products/black-aerial-leggings
2026-09-26,Cava Athleisure,Black Cross Back Sports Bra,XS,TP-RON-set1-019-MNO-Jet-Black-XS,1199.0,2,0,2398.0,292,https://cavaathleisure.com/products/black-cross-back-sports-bra
2026-09-26,Cava Athleisure,Black Cross Back Sports Bra,S,TP-RON-set1-019-MNO-Jet-Black-S,1199.0,17,0,20383.0,1473,https://cavaathleisure.com/products/black-cross-back-sports-bra
2026-09-26,Cava Athleisure,Black Cross Back Sports Bra,M,TP-RON-set1-019-MNO-Jet-Black-M,1199.0,15,0,17985.0,1131,https://cavaathleisure.com/products/black-cross-back-sports-bra
2026-09-26,Cava Athleisure,Black Cross Back Sports Bra,L,TP-RON-set1-019-MNO-Jet-Black-L,1199.0,9,0,10791.0,865,https://cavaathleisure.com/products/black-cross-back-sports-bra
2026-09-26,Cava Athleisure,Black Cross Back Sports Bra,XL,TP-RON-set1-019-MNO-Jet-Black-XL,1199.0,7,0,8393.0,534,https://cavaathleisure.com/products/black-cross-back-sports-bra
2026-09-26,Cava Athleisure,Black Cross Back Sports Bra,XXL,TP-RON-set1-019-MNO-Jet-Black-XXL,1199.0,1,0,1199.0,309,https://cavaathleisure.com/products/black-cross-back-sports-bra
2026-09-26,Cava Athleisure,Black Super Stretch Brami,XS,TP-RON-set3-006-RON-Jet-Black-XS,1199.0,1,0,1199.0,190,https://cavaathleisure.com/products/black-super-stretch-brami
2026-09-26,Cava Athleisure,Black Super Stretch Brami,S,TP-RON-set3-006-RON-Jet-Black-S,1199.0,3,0,3597.0,391,https://cavaathleisure.com/products/black-super-stretch-brami
2026-09-26,Cava Athleisure,Black Super Stretch Brami,M,TP-RON-set3-006-RON-Jet-Black-M,1199.0,7,0,8393.0,404,https://cavaathleisure.com/products/black-super-stretch-brami
2026-09-26,Cava Athleisure,Black Super Stretch Brami,L,TP-RON-set3-006-RON-Jet-Black-L,1199.0,4,0,4796.0,301,https://cavaathleisure.com/products/black-super-stretch-brami
2026-09-26,Cava Athleisure,Black Super Stretch Brami,XL,TP-RON-set3-006-RON-Jet-Black-XL,1199.0,2,0,2398.0,48,https://cavaathleisure.com/products/black-super-stretch-brami
2026-09-26,Cava Athleisure,Black Sky-Rise Leggings,M,BTM-RON-set3-RON-Jet-Black-M,1299.0,2,0,2598.0,138,https://cavaathleisure.com/products/black-sky-rise-leggings
2026-09-26,Cava Athleisure,Black Sky-Rise Leggings,L,BTM-RON-set3-RON-Jet-Black-L,1299.0,5,0,6495.0,156,https://cavaathleisure.com/products/black-sky-rise-leggings
2026-09-26,Cava Athleisure,Black Sky-Rise Leggings,XXL,BTM-RON-set3-RON-Jet-Black-XXL,1299.0,3,0,3897.0,71,https://cavaathleisure.com/products/black-sky-rise-leggings
2026-09-26,Cava Athleisure,Ruby Super Stretch Brami,S,TP-RON-set3-006-RON-Anemone-S,1199.0,4,0,4796.0,327,https://cavaathleisure.com/products/ruby-super-stretch-brami
2026-09-26,Cava Athleisure,Ruby Super Stretch Brami,M,TP-RON-set3-006-RON-Anemone-M,1199.0,6,0,7194.0,335,https://cavaathleisure.com/products/ruby-super-stretch-brami
2026-09-26,Cava Athleisure,Ruby Super Stretch Brami,L,TP-RON-set3-006-RON-Anemone-L,1199.0,2,0,2398.0,97,https://cavaathleisure.com/products/ruby-super-stretch-brami
2026-09-26,Cava Athleisure,Ruby Super Stretch Brami,XL,TP-RON-set3-006-RON-Anemone-XL,1199.0,2,0,2398.0,66,https://cavaathleisure.com/products/ruby-super-stretch-brami
2026-09-26,Cava Athleisure,Ruby Sky-Rise Leggings,XS,BTM-RON-set3-RON-Anemone-XS,1299.0,1,0,1299.0,166,https://cavaathleisure.com/products/ruby-sky-rise-leggings
2026-09-26,Cava Athleisure,Ruby Sky-Rise Leggings,M,BTM-RON-set3-RON-Anemone-M,1299.0,4,0,5196.0,524,https://cavaathleisure.com/products/ruby-sky-rise-leggings
2026-09-26,Cava Athleisure,Ruby Sky-Rise Leggings,L,BTM-RON-set3-RON-Anemone-L,1299.0,1,0,1299.0,418,https://cavaathleisure.com/products/ruby-sky-rise-leggings
2026-09-26,Cava Athleisure,Brunette Sky-Rise Leggings,M,BTM-RON-set3-RON-Sorrel-Horse-M,1299.0,39,0,50661.0,206,https://cavaathleisure.com/products/brunette-sky-rise-leggings
2026-09-26,Cava Athleisure,Amethyst Sway Pants,XS/S,BTM-RON-set7-021-GEO-Light-Purple-XS/S,900.0,27,0,24300.0,0,https://cavaathleisure.com/products/amethyst-sway-pants
2026-09-26,Cava Athleisure,Amethyst Sway Pants,M,BTM-RON-set7-021-GEO-Light-Purple-M,900.0,1,0,900.0,0,https://cavaathleisure.com/products/amethyst-sway-pants
2026-09-26,Cava Athleisure,Ruby Racerback Tank,S,TP-RON-set5-032-YSH-Anemone-S,1199.0,7,0,8393.0,48,https://cavaathleisure.com/products/ruby-racerback-tank
2026-09-26,Cava Athleisure,Ruby Racerback Tank,L,TP-RON-set5-032-YSH-Anemone-L,1199.0,3,0,3597.0,3,https://cavaathleisure.com/products/ruby-racerback-tank
2026-09-26,Cava Athleisure,Blush Airflow Leggings,XS/S,BTM-RON-set5-010-YSH-Sepia-Rose-XS/S,875.0,5,0,4375.0,0,https://cavaathleisure.com/products/blush-airflow-leggings
2026-09-26,Cava Athleisure,Blush Airflow Leggings,M,BTM-RON-set5-010-YSH-Sepia-Rose-M,875.0,10,0,8750.0,0,https://cavaathleisure.com/products/blush-airflow-leggings
2026-09-26,Cava Athleisure,Ivory Sculptor Jacket,XS,TP-Reely-set5-jkt-Blanc-de-Blanc-XS,1799.0,4,0,7196.0,19,https://cavaathleisure.com/products/ivory-sculptor-jacket
2026-09-26,Cava Athleisure,Ivory Sculptor Jacket,XL,TP-Reely-set5-jkt-Blanc-de-Blanc-XL,1799.0,3,0,5397.0,11,https://cavaathleisure.com/products/ivory-sculptor-jacket
2026-09-26,Cava Athleisure,Black Sculptor Jacket,XS,TP-Reely-set5-jkt-Jet-Black-XS,1799.0,3,0,5397.0,62,https://cavaathleisure.com/products/black-sculptor-jacket
2026-09-26,Cava Athleisure,Black Sculptor Jacket,L,TP-Reely-set5-jkt-Jet-Black-L,1799.0,16,0,28784.0,72,https://cavaathleisure.com/products/black-sculptor-jacket
2026-09-26,Cava Athleisure,Black Sculptor Jacket,XL,TP-Reely-set5-jkt-Jet-Black-XL,1799.0,2,0,3598.0,95,https://cavaathleisure.com/products/black-sculptor-jacket
2026-09-26,Cava Athleisure,Black Sculptor Jacket,XXL,TP-Reely-set5-jkt-Jet-Black-XXL,1799.0,1,0,1799.0,73,https://cavaathleisure.com/products/black-sculptor-jacket
2026-09-26,Cava Athleisure,Mauve Tank Us Later Top,XS,TP-GEO-set3-008-YSH-Dull-purple-18-XS,1299.0,1,0,1299.0,179,https://cavaathleisure.com/products/mauve-tank-us-later-top
2026-09-26,Cava Athleisure,Mauve Tank Us Later Top,M,TP-GEO-set3-008-YSH-Dull-purple-18-M,1299.0,1,0,1299.0,165,https://cavaathleisure.com/products/mauve-tank-us-later-top
2026-09-26,Cava Athleisure,Mauve Tank Us Later Top,L,TP-GEO-set3-008-YSH-Dull-purple-18-L,1299.0,1,0,1299.0,154,https://cavaathleisure.com/products/mauve-tank-us-later-top
2026-09-26,Cava Athleisure,Mauve Tank Us Later Top,XL,TP-GEO-set3-008-YSH-Dull-purple-18-XL,1299.0,1,0,1299.0,41,https://cavaathleisure.com/products/mauve-tank-us-later-top
2026-09-26,Cava Athleisure,Ivory Swirl Tennis Skorts,XS,BTM-Reely-set4-skirt-Blanc-de-Blanc-XS,1399.0,3,0,4197.0,9,https://cavaathleisure.com/products/ivory-swirl-tennis-skorts
2026-09-26,Cava Athleisure,Ivory Swirl Tennis Skorts,S,BTM-Reely-set4-skirt-Blanc-de-Blanc-S,1399.0,0,1,0.0,3,https://cavaathleisure.com/products/ivory-swirl-tennis-skorts
2026-09-26,Cava Athleisure,Ivory Swirl Tennis Skorts,M,WSKSET4L45WHM,1399.0,3,0,4197.0,106,https://cavaathleisure.com/products/ivory-swirl-tennis-skorts
2026-09-26,Cava Athleisure,Ivory Swirl Tennis Skorts,XL,WSKSET4L45WHXL,1399.0,1,0,1399.0,3,https://cavaathleisure.com/products/ivory-swirl-tennis-skorts
2026-09-26,Cava Athleisure,Black Swirl Tennis Skorts,XS,BTM-Reely-set4-skirt-Jet-Black-XS,1399.0,0,1,0.0,486,https://cavaathleisure.com/products/black-swirl-tennis-skorts
2026-09-26,Cava Athleisure,Black Swirl Tennis Skorts,S,BTM-Reely-set4-skirt-Jet-Black-S,1399.0,7,0,9793.0,624,https://cavaathleisure.com/products/black-swirl-tennis-skorts
2026-09-26,Cava Athleisure,Black Swirl Tennis Skorts,S,WSKSET4L45BKS,1399.0,2,0,2798.0,556,https://cavaathleisure.com/products/black-swirl-tennis-skorts
2026-09-26,Cava Athleisure,Black Swirl Tennis Skorts,M,BTM-Reely-set4-skirt-Jet-Black-M,1399.0,5,0,6995.0,738,https://cavaathleisure.com/products/black-swirl-tennis-skorts
2026-09-26,Cava Athleisure,Black Swirl Tennis Skorts,M,WSKSET4L45BKM,1399.0,7,0,9793.0,483,https://cavaathleisure.com/products/black-swirl-tennis-skorts
2026-09-26,Cava Athleisure,Black Swirl Tennis Skorts,L,BTM-Reely-set4-skirt-Jet-Black-L,1399.0,5,0,6995.0,435,https://cavaathleisure.com/products/black-swirl-tennis-skorts
2026-09-26,Cava Athleisure,Black Swirl Tennis Skorts,L,WSKSET4L45BKL,1399.0,0,1,0.0,252,https://cavaathleisure.com/products/black-swirl-tennis-skorts
2026-09-26,Cava Athleisure,Black Swirl Tennis Skorts,XL,BTM-Reely-set4-skirt-Jet-Black-XL,1399.0,3,0,4197.0,196,https://cavaathleisure.com/products/black-swirl-tennis-skorts
2026-09-26,Cava Athleisure,Black Swirl Tennis Skorts,XL,WSKSET4L45BKXL,1399.0,3,0,4197.0,147,https://cavaathleisure.com/products/black-swirl-tennis-skorts
2026-09-26,Cava Athleisure,Black Swirl Tennis Skorts,XXL,WSKSET4L45BKXXL,1399.0,4,0,5596.0,90,https://cavaathleisure.com/products/black-swirl-tennis-skorts
2026-09-26,Cava Athleisure,Black Swirl Tennis Skorts,XXXL,WSKSET4L45BKXXXL,1399.0,0,1,0.0,1,https://cavaathleisure.com/products/black-swirl-tennis-skorts
2026-09-26,Cava Athleisure,Obsidian Black Silhouette Zip Top,S,TP-CAVA-ACU03-Black-S,850.0,0,1,0.0,1,https://cavaathleisure.com/products/obsidian-black-silhouette-zip-top
2026-09-26,Cava Athleisure,Obsidian Black Silhouette Zip Top,XL,TP-CAVA-ACU03-Black-XL,850.0,0,1,0.0,1,https://cavaathleisure.com/products/obsidian-black-silhouette-zip-top
2026-09-26,Cava Athleisure,Slate Blue Seamless Cinched Activewear Set,S,TP/BTM-UD-Light-blue-S/S,1949.0,1,0,1949.0,185,https://cavaathleisure.com/products/slate-blue-seamless-cinched-activewear-set
2026-09-26,Cava Athleisure,Slate Blue Seamless Cinched Activewear Set,S,TP/BTM-UD-Light-blue-S/M,1949.0,3,0,5847.0,162,https://cavaathleisure.com/products/slate-blue-seamless-cinched-activewear-set
2026-09-26,Cava Athleisure,Slate Blue Seamless Cinched Activewear Set,S,TP/BTM-UD-Light-blue-S/L,1949.0,3,0,5847.0,68,https://cavaathleisure.com/products/slate-blue-seamless-cinched-activewear-set
2026-09-26,Cava Athleisure,Slate Blue Seamless Cinched Activewear Set,M,TP/BTM-UD-Light-blue-M/S,1949.0,4,0,7796.0,200,https://cavaathleisure.com/products/slate-blue-seamless-cinched-activewear-set
2026-09-26,Cava Athleisure,Slate Blue Seamless Cinched Activewear Set,M,TP/BTM-UD-Light-blue-M/M,1949.0,3,0,5847.0,162,https://cavaathleisure.com/products/slate-blue-seamless-cinched-activewear-set
2026-09-26,Cava Athleisure,Slate Blue Seamless Cinched Activewear Set,M,TP/BTM-UD-Light-blue-M/L,1949.0,3,0,5847.0,68,https://cavaathleisure.com/products/slate-blue-seamless-cinched-activewear-set
2026-09-26,Cava Athleisure,Slate Blue Seamless Cinched Activewear Set,L,TP/BTM-UD-Light-blue-L/S,1949.0,2,0,3898.0,153,https://cavaathleisure.com/products/slate-blue-seamless-cinched-activewear-set
2026-09-26,Cava Athleisure,Slate Blue Seamless Cinched Activewear Set,L,TP/BTM-UD-Light-blue-L/M,1949.0,2,0,3898.0,153,https://cavaathleisure.com/products/slate-blue-seamless-cinched-activewear-set
2026-09-26,Cava Athleisure,Slate Blue Seamless Cinched Activewear Set,L,TP/BTM-UD-Light-blue-L/L,1949.0,3,0,5847.0,68,https://cavaathleisure.com/products/slate-blue-seamless-cinched-activewear-set
2026-09-26,Cava Athleisure,Raven Black Seamless Cinched Activewear set,S,TP/BTM-UD-Jet-Black-S/S,1949.0,2,0,3898.0,294,https://cavaathleisure.com/products/raven-black-seamless-cinched-activewear-set
2026-09-26,Cava Athleisure,Raven Black Seamless Cinched Activewear set,S,TP/BTM-UD-Jet-Black-S/M,1949.0,7,0,13643.0,253,https://cavaathleisure.com/products/raven-black-seamless-cinched-activewear-set
2026-09-26,Cava Athleisure,Raven Black Seamless Cinched Activewear set,S,TP/BTM-UD-Jet-Black-S/L,1949.0,4,0,7796.0,333,https://cavaathleisure.com/products/raven-black-seamless-cinched-activewear-set
2026-09-26,Cava Athleisure,Raven Black Seamless Cinched Activewear set,M,TP/BTM-UD-Jet-Black-M/S,1949.0,3,0,5847.0,329,https://cavaathleisure.com/products/raven-black-seamless-cinched-activewear-set
2026-09-26,Cava Athleisure,Raven Black Seamless Cinched Activewear set,M,TP/BTM-UD-Jet-Black-M/M,1949.0,8,0,15592.0,288,https://cavaathleisure.com/products/raven-black-seamless-cinched-activewear-set
2026-09-26,Cava Athleisure,Raven Black Seamless Cinched Activewear set,M,TP/BTM-UD-Jet-Black-M/L,1949.0,5,0,9745.0,368,https://cavaathleisure.com/products/raven-black-seamless-cinched-activewear-set
2026-09-26,Cava Athleisure,Raven Black Seamless Cinched Activewear set,L,TP/BTM-UD-Jet-Black-L/S,1949.0,1,0,1949.0,335,https://cavaathleisure.com/products/raven-black-seamless-cinched-activewear-set
2026-09-26,Cava Athleisure,Raven Black Seamless Cinched Activewear set,L,TP/BTM-UD-Jet-Black-L/M,1949.0,4,0,7796.0,294,https://cavaathleisure.com/products/raven-black-seamless-cinched-activewear-set
2026-09-26,Cava Athleisure,Raven Black Seamless Cinched Activewear set,L,TP/BTM-UD-Jet-Black-L/L,1949.0,4,0,7796.0,373,https://cavaathleisure.com/products/raven-black-seamless-cinched-activewear-set
2026-09-26,Cava Athleisure,Auburn Seamless Cinched Activewear Set,S,TP/BTM-UD-Wine-red-S/S,1949.0,1,0,1949.0,299,https://cavaathleisure.com/products/auburn-seamless-cinched-activewear-set
2026-09-26,Cava Athleisure,Auburn Seamless Cinched Activewear Set,S,TP/BTM-UD-Wine-red-S/M,1949.0,1,0,1949.0,299,https://cavaathleisure.com/products/auburn-seamless-cinched-activewear-set
2026-09-26,Cava Athleisure,Auburn Seamless Cinched Activewear Set,S,TP/BTM-UD-Wine-red-S/L,1949.0,1,0,1949.0,299,https://cavaathleisure.com/products/auburn-seamless-cinched-activewear-set
2026-09-26,Cava Athleisure,Auburn Seamless Cinched Activewear Set,M,TP/BTM-UD-Wine-red-M/S,1949.0,2,0,3898.0,97,https://cavaathleisure.com/products/auburn-seamless-cinched-activewear-set
2026-09-26,Cava Athleisure,Auburn Seamless Cinched Activewear Set,M,TP/BTM-UD-Wine-red-M/M,1949.0,2,0,3898.0,97,https://cavaathleisure.com/products/auburn-seamless-cinched-activewear-set
2026-09-26,Cava Athleisure,Auburn Seamless Cinched Activewear Set,M,TP/BTM-UD-Wine-red-M/L,1949.0,2,0,3898.0,97,https://cavaathleisure.com/products/auburn-seamless-cinched-activewear-set
2026-09-26,Cava Athleisure,Auburn Seamless Cinched Activewear Set,L,TP/BTM-UD-Wine-red-L/S,1949.0,1,0,1949.0,75,https://cavaathleisure.com/products/auburn-seamless-cinched-activewear-set
2026-09-26,Cava Athleisure,Auburn Seamless Cinched Activewear Set,L,TP/BTM-UD-Wine-red-L/M,1949.0,1,0,1949.0,75,https://cavaathleisure.com/products/auburn-seamless-cinched-activewear-set
2026-09-26,Cava Athleisure,Auburn Seamless Cinched Activewear Set,L,TP/BTM-UD-Wine-red-L/L,1949.0,1,0,1949.0,75,https://cavaathleisure.com/products/auburn-seamless-cinched-activewear-set
2026-09-26,Cava Athleisure,Auburn Contoured Seamless Sports Bra,XS,TP-UD-Wine-red-XS,999.0,0,1,0.0,100,https://cavaathleisure.com/products/auburn-contoured-seamless-sports-bra
2026-09-26,Cava Athleisure,Auburn Contoured Seamless Sports Bra,S,TP-UD-Wine red-S,999.0,1,0,999.0,302,https://cavaathleisure.com/products/auburn-contoured-seamless-sports-bra
2026-09-26,Cava Athleisure,Auburn Contoured Seamless Sports Bra,M,TP-UD-Wine red-M,999.0,2,0,1998.0,100,https://cavaathleisure.com/products/auburn-contoured-seamless-sports-bra
2026-09-26,Cava Athleisure,Auburn Contoured Seamless Sports Bra,L,TP-UD-Wine red-L,999.0,1,0,999.0,78,https://cavaathleisure.com/products/auburn-contoured-seamless-sports-bra
2026-09-26,Cava Athleisure,Auburn Contoured Seamless Sports Bra,XXL,TP-UD-Wine-red-XXL,999.0,1,0,999.0,63,https://cavaathleisure.com/products/auburn-contoured-seamless-sports-bra
2026-09-26,Cava Athleisure,Auburn Seamless Cinched Leggings,M,BTM-UD-Wine red-M,1099.0,5,0,5495.0,594,https://cavaathleisure.com/products/auburn-seamless-cinched-leggings
2026-09-26,Cava Athleisure,Auburn Seamless Cinched Leggings,L,BTM-UD-Wine red-L,1099.0,4,0,4396.0,406,https://cavaathleisure.com/products/auburn-seamless-cinched-leggings
2026-09-26,Cava Athleisure,Auburn Seamless Cinched Leggings,XXL,BTM-UD-Wine-red-XXL,1099.0,2,0,2198.0,78,https://cavaathleisure.com/products/auburn-seamless-cinched-leggings
2026-09-26,Cava Athleisure,Raven Black Seamless Cinched Leggings,S,BTM-UD-Jet-Black-S,1099.0,1,0,1099.0,656,https://cavaathleisure.com/products/raven-black-seamless-cinched-leggings
2026-09-26,Cava Athleisure,Raven Black Seamless Cinched Leggings,M,BTM-UD-Jet-Black-M,1099.0,13,0,14287.0,464,https://cavaathleisure.com/products/raven-black-seamless-cinched-leggings
2026-09-26,Cava Athleisure,Raven Black Seamless Cinched Leggings,L,BTM-UD-Jet-Black-L,1099.0,2,0,2198.0,596,https://cavaathleisure.com/products/raven-black-seamless-cinched-leggings
2026-09-26,Cava Athleisure,Raven Black Seamless Cinched Leggings,XL,BTM-UD-Jet-Black-XL,1099.0,2,0,2198.0,484,https://cavaathleisure.com/products/raven-black-seamless-cinched-leggings
2026-09-26,Cava Athleisure,Raven Black Seamless Cinched Leggings,XXL,BTM-UD-Jet-Black-XXL,1099.0,2,0,2198.0,352,https://cavaathleisure.com/products/raven-black-seamless-cinched-leggings
2026-09-26,Cava Athleisure,Slate Blue Seamless Cinched Leggings,XS,BTM-UD-Light-blue-XS,1099.0,2,0,2198.0,70,https://cavaathleisure.com/products/slate-blue-seamless-cinched-leggings
2026-09-26,Cava Athleisure,Slate Blue Seamless Cinched Leggings,M,BTM-UD-Light-blue-M,1099.0,4,0,4396.0,285,https://cavaathleisure.com/products/slate-blue-seamless-cinched-leggings
2026-09-26,Cava Athleisure,Slate Blue Seamless Cinched Leggings,L,BTM-UD-Light-blue-L,1099.0,2,0,2198.0,105,https://cavaathleisure.com/products/slate-blue-seamless-cinched-leggings
2026-09-26,Cava Athleisure,Slate Blue Seamless Cinched Leggings,XL,BTM-UD-Light-Blue-XL,1099.0,1,0,1099.0,96,https://cavaathleisure.com/products/slate-blue-seamless-cinched-leggings
2026-09-26,Cava Athleisure,Slate Blue Seamless Cinched Leggings,XXL,BTM-UD-Light-blue-XXL,1099.0,1,0,1099.0,47,https://cavaathleisure.com/products/slate-blue-seamless-cinched-leggings
2026-09-26,Cava Athleisure,Slate Blue Contoured Seamless Sports Bra,XS,TP-UD-Light-blue-XS,999.0,1,0,999.0,62,https://cavaathleisure.com/products/slate-blue-contoured-seamless-sports-bra
2026-09-26,Cava Athleisure,Slate Blue Contoured Seamless Sports Bra,S,TP-UD-Light blue-S,999.0,1,0,999.0,188,https://cavaathleisure.com/products/slate-blue-contoured-seamless-sports-bra
2026-09-26,Cava Athleisure,Slate Blue Contoured Seamless Sports Bra,M,TP-UD-Light blue-M,999.0,1,0,999.0,204,https://cavaathleisure.com/products/slate-blue-contoured-seamless-sports-bra
2026-09-26,Cava Athleisure,Slate Blue Contoured Seamless Sports Bra,L,TP-UD-Light blue-L,999.0,2,0,1998.0,156,https://cavaathleisure.com/products/slate-blue-contoured-seamless-sports-bra
2026-09-26,Cava Athleisure,Slate Blue Contoured Seamless Sports Bra,XL,TP-UD-Light-blue-XL,999.0,1,0,999.0,46,https://cavaathleisure.com/products/slate-blue-contoured-seamless-sports-bra
2026-09-26,Cava Athleisure,Slate Blue Contoured Seamless Sports Bra,XXL,TP-UD-Light-blue-XXL,999.0,14,0,13986.0,37,https://cavaathleisure.com/products/slate-blue-contoured-seamless-sports-bra
2026-09-26,Cava Athleisure,Raven Black Contoured Seamless Sports Bra,XS,TP-UD-Jet-Black-XS,999.0,1,0,999.0,115,https://cavaathleisure.com/products/raven-black-contoured-seamless-sports-bra
2026-09-26,Cava Athleisure,Raven Black Contoured Seamless Sports Bra,S,TP-UD-Jet Black-S,999.0,5,0,4995.0,608,https://cavaathleisure.com/products/raven-black-contoured-seamless-sports-bra
2026-09-26,Cava Athleisure,Raven Black Contoured Seamless Sports Bra,M,TP-UD-Jet Black-M,999.0,10,0,9990.0,379,https://cavaathleisure.com/products/raven-black-contoured-seamless-sports-bra
2026-09-26,Cava Athleisure,Raven Black Contoured Seamless Sports Bra,L,TP-UD-Jet Black-L,999.0,6,0,5994.0,376,https://cavaathleisure.com/products/raven-black-contoured-seamless-sports-bra
2026-09-26,Cava Athleisure,Raven Black Contoured Seamless Sports Bra,XL,TP-UD-Jet-Black-XL,999.0,1,0,999.0,182,https://cavaathleisure.com/products/raven-black-contoured-seamless-sports-bra
2026-09-26,Cava Athleisure,Raven Black Contoured Seamless Sports Bra,XXL,TP-UD-Jet-Black-XXL,999.0,1,0,999.0,116,https://cavaathleisure.com/products/raven-black-contoured-seamless-sports-bra
2026-09-26,Cava Athleisure,Black Chase Rapid Dry Shorts,XS,MNSOT706-Volar-16-Blk-XS,600.0,1,0,600.0,22,https://cavaathleisure.com/products/black-chase-rapid-dry-shorts
2026-09-26,Cava Athleisure,Light Grey Signature Sprint Hoodie,XS,MNHD702-Volar-9-Grey-XS,1140.0,2,0,2280.0,0,https://cavaathleisure.com/products/light-grey-signature-sprint-hoodie
2026-09-26,Cava Athleisure,Light Grey Signature Sprint Hoodie,S,MNHD702-Volar-9-Grey-S,1140.0,13,0,14820.0,0,https://cavaathleisure.com/products/light-grey-signature-sprint-hoodie
2026-09-26,Cava Athleisure,Light Grey Signature Sprint Hoodie,XXL,MNHD702-Volar-9-Grey-XXL,1140.0,1,0,1140.0,0,https://cavaathleisure.com/products/light-grey-signature-sprint-hoodie
2026-09-26,Cava Athleisure,Light Grey Utility Jacket,S,MNJKT701-Volar-2-LtGrey-S,1155.0,4,0,4620.0,0,https://cavaathleisure.com/products/light-grey-utility-jacket
2026-09-26,Cava Athleisure,Moscow Blue Cava Essential Sweatshirt,XS,TP536-Vamos-87-MoscowBlue-XS,1199.0,63,0,75537.0,207,https://cavaathleisure.com/products/moscow-blue-cava-essential-sweatshirt
2026-09-26,Cava Athleisure,Moscow Blue Cava Essential Sweatshirt,S,TP536-Vamos-87-MoscowBlue-S,1199.0,88,0,105512.0,348,https://cavaathleisure.com/products/moscow-blue-cava-essential-sweatshirt
2026-09-26,Cava Athleisure,Moscow Blue Cava Essential Sweatshirt,M,TP536-Vamos-87-MoscowBlue-M,1199.0,143,0,171457.0,357,https://cavaathleisure.com/products/moscow-blue-cava-essential-sweatshirt
2026-09-26,Cava Athleisure,Moscow Blue Cava Essential Sweatshirt,L,TP536-Vamos-87-MoscowBlue-L,1199.0,70,0,83930.0,349,https://cavaathleisure.com/products/moscow-blue-cava-essential-sweatshirt
2026-09-26,Cava Athleisure,Moscow Blue Cava Essential Sweatshirt,XL,TP536-Vamos-87-MoscowBlue-XL,1199.0,43,0,51557.0,177,https://cavaathleisure.com/products/moscow-blue-cava-essential-sweatshirt
2026-09-26,Cava Athleisure,Arctic White Straight Leg Slit Joggers,M,JR534-Vamos-75-ArticWhite-M,805.0,17,0,13685.0,5,https://cavaathleisure.com/products/arctic-white-straight-leg-slit-joggers-1
2026-09-26,Cava Athleisure,Arctic White Straight Leg Slit Joggers,L,JR534-Vamos-75-ArticWhite-L,805.0,13,0,10465.0,0,https://cavaathleisure.com/products/arctic-white-straight-leg-slit-joggers-1
2026-09-26,Cava Athleisure,Boston Black Straight Leg Slit Joggers,XS,JR534-Vamos-78-BostonBlack-XS,805.0,12,0,9660.0,1,https://cavaathleisure.com/products/boston-black-straight-leg-slit-joggers
2026-09-26,Cava Athleisure,Boston Black Straight Leg Slit Joggers,M,JR534-Vamos-78-BostonBlack-M,805.0,12,0,9660.0,0,https://cavaathleisure.com/products/boston-black-straight-leg-slit-joggers
2026-09-26,Cava Athleisure,Boston Black Cava Essential Sweatshirt,XS,TP536-Vamos-88-BostonBlack-XS,1199.0,45,0,53955.0,19,https://cavaathleisure.com/products/boston-black-cava-essential-sweatshirt-1
2026-09-26,Cava Athleisure,Boston Black Cava Essential Sweatshirt,S,TP536-Vamos-88-BostonBlack-S,1199.0,82,0,98318.0,67,https://cavaathleisure.com/products/boston-black-cava-essential-sweatshirt-1
2026-09-26,Cava Athleisure,Boston Black Cava Essential Sweatshirt,M,TP536-Vamos-88-BostonBlack-M,1199.0,11,0,13189.0,32,https://cavaathleisure.com/products/boston-black-cava-essential-sweatshirt-1
2026-09-26,Cava Athleisure,Boston Black Cava Essential Sweatshirt,XL,TP536-Vamos-88-BostonBlack-XL,1199.0,10,0,11990.0,0,https://cavaathleisure.com/products/boston-black-cava-essential-sweatshirt-1
2026-09-26,Cava Athleisure,Navy Ribbed Round Neck Tee,L,Tee-sol2.0-64-navy-L,473.0,2,0,946.0,30,https://cavaathleisure.com/products/navy-ribbed-round-neck-tee
2026-09-26,Cava Athleisure,Black Slim Fit Jogger,XL,jgr-sol-20-BLK-XL,600.0,8,0,4800.0,0,https://cavaathleisure.com/products/black-slim-fit-jogger
2026-09-26,Cava Athleisure,Black Slim Fit Jogger,XXL,jgr-sol-20-BLK-XXL,600.0,3,0,1800.0,8,https://cavaathleisure.com/products/black-slim-fit-jogger
2026-09-26,Cava Athleisure,Black Pinstripe Hoodie,M,HD-sol-17-BLK-M,1000.0,14,0,14000.0,32,https://cavaathleisure.com/products/black-pinstripe-hoodie
2026-09-26,Cava Athleisure,Black Pinstripe Hoodie,L,HD-sol-17-BLK-L,1000.0,15,0,15000.0,3,https://cavaathleisure.com/products/black-pinstripe-hoodie
2026-09-26,Musclemind,Womens Seamless Leggings + Womens Seamless Slim fit T-shirt (Teal),XS,,2599.0,0,1,0.0,29,https://musclemind.com/products/womens-seamless-leggings-womens-seamless-slim-fit-t-shirt-teal
2026-09-26,Musclemind,Womens Seamless Leggings + Womens Seamless Slim fit T-shirt (Teal),XS,,2599.0,0,1,0.0,29,https://musclemind.com/products/womens-seamless-leggings-womens-seamless-slim-fit-t-shirt-teal
2026-09-26,Musclemind,Womens Seamless Leggings + Womens Seamless Slim fit T-shirt (Teal),XS,,2599.0,0,1,0.0,29,https://musclemind.com/products/womens-seamless-leggings-womens-seamless-slim-fit-t-shirt-teal
2026-09-26,Musclemind,Womens Seamless Leggings + Womens Seamless Slim fit T-shirt (Teal),XS,,2599.0,0,1,0.0,29,https://musclemind.com/products/womens-seamless-leggings-womens-seamless-slim-fit-t-shirt-teal
2026-09-26,Musclemind,Womens Seamless Leggings + Womens Seamless Slim fit T-shirt (Teal),S,,2599.0,0,1,0.0,30,https://musclemind.com/products/womens-seamless-leggings-womens-seamless-slim-fit-t-shirt-teal
2026-09-26,Musclemind,Womens Seamless Leggings + Womens Seamless Slim fit T-shirt (Teal),S,,2599.0,1,0,2599.0,95,https://musclemind.com/products/womens-seamless-leggings-womens-seamless-slim-fit-t-shirt-teal
2026-09-26,Musclemind,Womens Seamless Leggings + Womens Seamless Slim fit T-shirt (Teal),M,,2599.0,0,1,0.0,30,https://musclemind.com/products/womens-seamless-leggings-womens-seamless-slim-fit-t-shirt-teal
2026-09-26,Musclemind,Womens Seamless Leggings + Womens Seamless Slim fit T-shirt (Teal),L,,2599.0,0,1,0.0,30,https://musclemind.com/products/womens-seamless-leggings-womens-seamless-slim-fit-t-shirt-teal
2026-09-26,Musclemind,Seamless Compression Half Sleeve T-shirt,L,8906189275982.0,2599.0,4,0,10396.0,88,https://musclemind.com/products/seamless-compression-half-sleeve-t-shirt
2026-09-26,Musclemind,Seamless Compression Half Sleeve T-shirt,XL,8906189275999.0,2599.0,2,0,5198.0,80,https://musclemind.com/products/seamless-compression-half-sleeve-t-shirt
2026-09-26,Musclemind,Womens Seamless Leggings + Womens Seamless Slim fit T-shirt (Purple),XS,,2599.0,0,1,0.0,3,https://musclemind.com/products/womens-seamless-leggings-womens-seamless-slim-fit-t-shirt-purple
2026-09-26,Musclemind,Womens Seamless Leggings + Womens Seamless Slim fit T-shirt (Purple),S,,2599.0,0,1,0.0,3,https://musclemind.com/products/womens-seamless-leggings-womens-seamless-slim-fit-t-shirt-purple
2026-09-26,Musclemind,Womens Seamless Leggings + Womens Seamless Slim fit T-shirt (Purple),M,,2599.0,0,1,0.0,3,https://musclemind.com/products/womens-seamless-leggings-womens-seamless-slim-fit-t-shirt-purple
2026-09-26,Musclemind,Womens Seamless Leggings + Womens Seamless Slim fit T-shirt (Purple),L,,2599.0,0,1,0.0,3,https://musclemind.com/products/womens-seamless-leggings-womens-seamless-slim-fit-t-shirt-purple
2026-09-26,Musclemind,Womens Seamless Leggings + Womens Seamless Slim fit T-shirt (Purple),XL,,2599.0,0,1,0.0,3,https://musclemind.com/products/womens-seamless-leggings-womens-seamless-slim-fit-t-shirt-purple
2026-09-26,Musclemind,Seamless Sports Bra + Seamless Workout Leggings (Black),S,,2999.0,0,1,0.0,36,https://musclemind.com/products/seamless-sports-bra-seamless-workout-leggings-black
2026-09-26,Musclemind,Armouron Muscle Enhance Compression T-shirt,XL,8906189275951.0,2499.0,1,0,2499.0,39,https://musclemind.com/products/armouron-muscle-enhance-compression-t-shirt-1
2026-09-26,Musclemind,High Waist Flare Pants,M,8906189276286.0,1999.0,1,0,1999.0,39,https://musclemind.com/products/high-waist-flare-pants-1
2026-09-26,Musclemind,Core Training Ultralight T-shirt,XL,8906189274992.0,1799.0,1,0,1799.0,4,https://musclemind.com/products/core-training-ultralight-t-shirt
2026-09-26,Musclemind,Core Training Ultralight T-shirt,XL,8906189274947.0,1799.0,1,0,1799.0,15,https://musclemind.com/products/core-training-ultralight-t-shirt-1
2026-09-26,Musclemind,Cozy Go Quarter Zip Sweatshirt,S,8906189274565.0,2599.0,1,0,2599.0,24,https://musclemind.com/products/cozy-go-quarter-zip-sweatshirt-black
2026-09-26,Musclemind,Womens Seamless Slim fit T-shirt,XL,8906189274442.0,1299.0,0,1,0.0,3,https://musclemind.com/products/womens-seamless-slim-fit-t-shirt-purple
2026-09-26,Musclemind,Womens Seamless Slim fit T-shirt,XS,8906189274350.0,1299.0,0,1,0.0,30,https://musclemind.com/products/womens-seamless-slim-fit-t-shirt-teal
2026-09-26,Musclemind,Womens Seamless Slim fit T-shirt,S,8906189274367.0,1299.0,1,0,1299.0,100,https://musclemind.com/products/womens-seamless-slim-fit-t-shirt-teal
2026-09-26,Musclemind,Womens Seamless Leggings,XS,8906189273902.0,2199.0,0,1,0.0,29,https://musclemind.com/products/womens-seamless-leggings-teal
2026-09-26,Musclemind,Womens Seamless Leggings,S,8906189273919.0,2199.0,1,0,2199.0,95,https://musclemind.com/products/womens-seamless-leggings-teal
2026-09-26,Musclemind,Womens Sports Bra,L,8906189274237.0,1499.0,0,1,0.0,47,https://musclemind.com/products/womens-sports-bra-teal
2026-09-26,Musclemind,Mens Compression Half Sleeve T-shirt,M,8906189272011.0,1499.0,1,0,1499.0,7,https://musclemind.com/products/mens-compression-half-sleeve-tshirt-white
2026-09-26,Musclemind,High Waist Flare Pants,M,8906189272677.0,1999.0,0,1,0.0,60,https://musclemind.com/products/high-waist-flare-pants-black
2026-09-26,Musclemind,High Waist Flare Pants,XL,8906189272691.0,1999.0,2,0,3998.0,21,https://musclemind.com/products/high-waist-flare-pants-black
2026-09-26,Musclemind,Seamless Compression Half Sleeve T-shirt,L,8906189270314.0,2599.0,0,1,0.0,2,https://musclemind.com/products/seamless-compression-half-sleeve-t-shirt-dark-grey
2026-09-26,Musclemind,Seamless Compression Half Sleeve T-shirt,L,8906189270345.0,2599.0,1,0,2599.0,18,https://musclemind.com/products/seamless-compression-half-sleeve-t-shirt-off-white
2026-09-26,Musclemind,Seamless Sports Bra,S,8906189270826.0,1799.0,0,1,0.0,36,https://musclemind.com/products/seamless-sports-bra-jet-black
2026-09-26,Musclemind,Seamless Workout Leggings,S,8906189270536.0,2199.0,0,2,0.0,55,https://musclemind.com/products/seamless-workout-leggings-jet-black
2026-09-26,Kosher Casual,Modest Long Sleeve Sparkle Rib Handkerchief Hem Tunic,XX-Large,1126-AXXL-TP,41.9,1,0,41.9,11,http://koshercasual.com/products/modest-long-sleeve-sparkle-rib-handkerchief-hem-tunic
2026-09-26,Kosher Casual,Crop Top 3/4 Sleeve with Jewel Neckline,Medium,1632-AM-W,23.9,1,0,23.9,0,http://koshercasual.com/products/modest-neck-3-4-sleeve-cropped-layering-shell-in-viscose-spandex
2026-09-26,Kosher Casual,Essential 3/4 Sleeve Modest Crew Neckline Shell - Versatile Layering Top,Small,1258-AS-DCH,23.9,1,0,23.9,26,http://koshercasual.com/products/essential-3-4-sleeve-modest-crew-neckline-shell-versatile-layering-top
2026-09-26,Kosher Casual,Plus Size Mid-Calf Pencil Skirt in Cotton Spandex,20,1470-20-BK,38.9,1,0,38.9,1,http://koshercasual.com/products/plus-size-mid-calf-pencil-skirt-in-cotton-spandex
2026-09-26,Kosher Casual,Plus Size Mid-Calf Pencil Skirt in Cotton Spandex,18,1470-18-OL,38.9,1,0,38.9,1,http://koshercasual.com/products/plus-size-mid-calf-pencil-skirt-in-cotton-spandex
2026-09-26,Kosher Casual,Plus Size Women's Stretch Maxi Pencil Skirt - Cotton Blend and No Slits,22,1474-22-BK,39.9,1,0,39.9,39,http://koshercasual.com/products/plus-size-womens-stretch-maxi-pencil-skirt-cotton-blend-and-no-slits
2026-09-26,Kosher Casual,Sleevies 3/4 Sleeve Extenders,X-Small,1614-XS-OF,11.9,2,0,23.8,8,http://koshercasual.com/products/sleevies-sleeve-extenders
