store_domain,product_id,product_name,product_type,vendor,variant_id,size,sku,price,available,availability_status,stock_quantity_left,product_url
https://crepdogcrew.com,9500995748086,Bowling Shirt Blue,,DEADBEAR,51492171972854,XXXS,,4990.00,True,Available,In Stock,https://crepdogcrew.com/products/bowling-shirt-blue
https://crepdogcrew.com,9500995748086,Bowling Shirt Blue,,DEADBEAR,51492172005622,XXS,,4990.00,False,Sold Out,0 units left (Sold Out),https://crepdogcrew.com/products/bowling-shirt-blue
https://crepdogcrew.com,9500995748086,Bowling Shirt Blue,,DEADBEAR,51492172038390,XS,,4990.00,False,Sold Out,0 units left (Sold Out),https://crepdogcrew.com/products/bowling-shirt-blue
https://crepdogcrew.com,9500995748086,Bowling Shirt Blue,,DEADBEAR,51492172071158,S,,4990.00,False,Sold Out,0 units left (Sold Out),https://crepdogcrew.com/products/bowling-shirt-blue
https://crepdogcrew.com,9500995748086,Bowling Shirt Blue,,DEADBEAR,51492172103926,M,,4990.00,True,Available,In Stock,https://crepdogcrew.com/products/bowling-shirt-blue
https://crepdogcrew.com,9500995748086,Bowling Shirt Blue,,DEADBEAR,51492172136694,L,,4990.00,False,Sold Out,0 units left (Sold Out),https://crepdogcrew.com/products/bowling-shirt-blue
https://crepdogcrew.com,9500995748086,Bowling Shirt Blue,,DEADBEAR,51492172169462,XL,,4990.00,False,Sold Out,0 units left (Sold Out),https://crepdogcrew.com/products/bowling-shirt-blue
https://crepdogcrew.com,9500995748086,Bowling Shirt Blue,,DEADBEAR,51492172202230,XXL,,4990.00,False,Sold Out,0 units left (Sold Out),https://crepdogcrew.com/products/bowling-shirt-blue
https://crepdogcrew.com,9500995748086,Bowling Shirt Blue,,DEADBEAR,51492172234998,XXXL,,4990.00,False,Sold Out,0 units left (Sold Out),https://crepdogcrew.com/products/bowling-shirt-blue
https://crepdogcrew.com,9494817439990,STANLEY Tumbler Mug IceFlow Flip Straw 24 Oz (test),IceFlow Flip Straw,STANLEY,51458552463606,Dark Blossom,CL40228,5999.00,False,Sold Out,0 units left (Sold Out),https://crepdogcrew.com/products/stanley-tumbler-mug-iceflow-flip-straw-24-oz-test
https://crepdogcrew.com,9494817439990,STANLEY Tumbler Mug IceFlow Flip Straw 24 Oz (test),IceFlow Flip Straw,STANLEY,51458552496374,Spring Green,CL40229,5999.00,False,Sold Out,0 units left (Sold Out),https://crepdogcrew.com/products/stanley-tumbler-mug-iceflow-flip-straw-24-oz-test
https://crepdogcrew.com,9494817439990,STANLEY Tumbler Mug IceFlow Flip Straw 24 Oz (test),IceFlow Flip Straw,STANLEY,51458552529142,Soft Orchid,CL40230,5999.00,False,Sold Out,0 units left (Sold Out),https://crepdogcrew.com/products/stanley-tumbler-mug-iceflow-flip-straw-24-oz-test
https://crepdogcrew.com,9494817439990,STANLEY Tumbler Mug IceFlow Flip Straw 24 Oz (test),IceFlow Flip Straw,STANLEY,51458552561910,Twilight,CL40225,5999.00,False,Sold Out,0 units left (Sold Out),https://crepdogcrew.com/products/stanley-tumbler-mug-iceflow-flip-straw-24-oz-test
https://crepdogcrew.com,9494817439990,STANLEY Tumbler Mug IceFlow Flip Straw 24 Oz (test),IceFlow Flip Straw,STANLEY,51458552594678,Black 2.0,CL40226,5999.00,False,Sold Out,0 units left (Sold Out),https://crepdogcrew.com/products/stanley-tumbler-mug-iceflow-flip-straw-24-oz-test
https://crepdogcrew.com,8923591573750,Jordan 1 Low Alternate Royal Toe,Sneaker Shoes,Nike Air Jordan,51359512527094,BLACK / UK 10,,10999.00,False,Sold Out,0 units left (Sold Out),https://crepdogcrew.com/products/jordan-1-low-alternate-royal-toe-1
https://crepdogcrew.com,8847857123574,Jordan 1 Mid SE Seersucker (W),sneaker shoes,Nike Air Jordan,47834578583798,WHITE / UK 3.5,CL25595,20499.00,True,Available,In Stock,https://crepdogcrew.com/products/jordan-1-mid-se-seersucker-w
https://crepdogcrew.com,8847857123574,Jordan 1 Mid SE Seersucker (W),sneaker shoes,Nike Air Jordan,47834578616566,WHITE / UK 4,CL25596,15999.00,True,Available,In Stock,https://crepdogcrew.com/products/jordan-1-mid-se-seersucker-w
https://crepdogcrew.com,8847857123574,Jordan 1 Mid SE Seersucker (W),sneaker shoes,Nike Air Jordan,47834578649334,WHITE / UK 4.5,CL25597,14499.00,True,Available,In Stock,https://crepdogcrew.com/products/jordan-1-mid-se-seersucker-w
https://crepdogcrew.com,8847857123574,Jordan 1 Mid SE Seersucker (W),sneaker shoes,Nike Air Jordan,47834578682102,WHITE / UK 5,CL25598,14499.00,True,Available,In Stock,https://crepdogcrew.com/products/jordan-1-mid-se-seersucker-w
https://crepdogcrew.com,8847857123574,Jordan 1 Mid SE Seersucker (W),sneaker shoes,Nike Air Jordan,47834578714870,WHITE / UK 5.5,CL25599,17999.00,True,Available,In Stock,https://crepdogcrew.com/products/jordan-1-mid-se-seersucker-w
https://crepdogcrew.com,8847857123574,Jordan 1 Mid SE Seersucker (W),sneaker shoes,Nike Air Jordan,47249752162550,WHITE / UK 6,CL25600,15499.00,True,Available,In Stock,https://crepdogcrew.com/products/jordan-1-mid-se-seersucker-w
https://crepdogcrew.com,8847857123574,Jordan 1 Mid SE Seersucker (W),sneaker shoes,Nike Air Jordan,47249752195318,WHITE / UK 6.5,CL25601,15999.00,True,Available,In Stock,https://crepdogcrew.com/products/jordan-1-mid-se-seersucker-w
https://crepdogcrew.com,8847857123574,Jordan 1 Mid SE Seersucker (W),sneaker shoes,Nike Air Jordan,47249752129782,WHITE / UK 7,CL25602,13999.00,True,Available,In Stock,https://crepdogcrew.com/products/jordan-1-mid-se-seersucker-w
https://crepdogcrew.com,8847857123574,Jordan 1 Mid SE Seersucker (W),sneaker shoes,Nike Air Jordan,47276454215926,WHITE / UK 7.5,CL25603,12999.00,True,Available,In Stock,https://crepdogcrew.com/products/jordan-1-mid-se-seersucker-w
https://crepdogcrew.com,8847857123574,Jordan 1 Mid SE Seersucker (W),sneaker shoes,Nike Air Jordan,47834578747638,WHITE / UK 8,CL25604,16999.00,True,Available,In Stock,https://crepdogcrew.com/products/jordan-1-mid-se-seersucker-w
https://crepdogcrew.com,8847857123574,Jordan 1 Mid SE Seersucker (W),sneaker shoes,Nike Air Jordan,47834578780406,WHITE / UK 8.5,CL25605,14499.00,True,Available,In Stock,https://crepdogcrew.com/products/jordan-1-mid-se-seersucker-w
https://crepdogcrew.com,8847857123574,Jordan 1 Mid SE Seersucker (W),sneaker shoes,Nike Air Jordan,47834578813174,WHITE / UK 9,CL25606,12999.00,True,Available,In Stock,https://crepdogcrew.com/products/jordan-1-mid-se-seersucker-w
https://crepdogcrew.com,8847857123574,Jordan 1 Mid SE Seersucker (W),sneaker shoes,Nike Air Jordan,47834578845942,WHITE / UK 9.5,CL25607,12999.00,True,Available,In Stock,https://crepdogcrew.com/products/jordan-1-mid-se-seersucker-w
https://crepdogcrew.com,9213367943414,Jordan 1 Low SE Patent Varsity Red Black,sneaker shoes,Nike Air Jordan,49281966276854,RED / UK 6,CL65319,9999.00,False,Sold Out,0 units left (Sold Out),https://crepdogcrew.com/products/jordan-1-low-se-patent-varsity-red-black
https://crepdogcrew.com,9213367943414,Jordan 1 Low SE Patent Varsity Red Black,sneaker shoes,Nike Air Jordan,51444276560118,RED / UK 6.5,,9999.00,True,Available,In Stock,https://crepdogcrew.com/products/jordan-1-low-se-patent-varsity-red-black
https://crepdogcrew.com,9213367943414,Jordan 1 Low SE Patent Varsity Red Black,sneaker shoes,Nike Air Jordan,49281966309622,RED / UK 7,CL65320,9999.00,False,Sold Out,0 units left (Sold Out),https://crepdogcrew.com/products/jordan-1-low-se-patent-varsity-red-black
https://crepdogcrew.com,9213367943414,Jordan 1 Low SE Patent Varsity Red Black,sneaker shoes,Nike Air Jordan,51444276592886,RED / UK 7.5,,9999.00,True,Available,In Stock,https://crepdogcrew.com/products/jordan-1-low-se-patent-varsity-red-black
https://crepdogcrew.com,9213367943414,Jordan 1 Low SE Patent Varsity Red Black,sneaker shoes,Nike Air Jordan,49281966342390,RED / UK 8,CDC,9999.00,False,Sold Out,0 units left (Sold Out),https://crepdogcrew.com/products/jordan-1-low-se-patent-varsity-red-black
https://crepdogcrew.com,9213367943414,Jordan 1 Low SE Patent Varsity Red Black,sneaker shoes,Nike Air Jordan,51444276625654,RED / UK 8.5,,9999.00,True,Available,In Stock,https://crepdogcrew.com/products/jordan-1-low-se-patent-varsity-red-black
https://crepdogcrew.com,9213367943414,Jordan 1 Low SE Patent Varsity Red Black,sneaker shoes,Nike Air Jordan,49281966375158,RED / UK 9,CDC,9999.00,False,Sold Out,0 units left (Sold Out),https://crepdogcrew.com/products/jordan-1-low-se-patent-varsity-red-black
https://crepdogcrew.com,9213367943414,Jordan 1 Low SE Patent Varsity Red Black,sneaker shoes,Nike Air Jordan,51444276658422,RED / UK 9.5,,9999.00,True,Available,In Stock,https://crepdogcrew.com/products/jordan-1-low-se-patent-varsity-red-black
https://crepdogcrew.com,9213367943414,Jordan 1 Low SE Patent Varsity Red Black,sneaker shoes,Nike Air Jordan,49281966407926,RED / UK 10,CDC,9999.00,False,Sold Out,0 units left (Sold Out),https://crepdogcrew.com/products/jordan-1-low-se-patent-varsity-red-black
https://crepdogcrew.com,9213367943414,Jordan 1 Low SE Patent Varsity Red Black,sneaker shoes,Nike Air Jordan,49281966440694,RED / UK 11,CDC,9999.00,False,Sold Out,0 units left (Sold Out),https://crepdogcrew.com/products/jordan-1-low-se-patent-varsity-red-black
https://crepdogcrew.com,9213367943414,Jordan 1 Low SE Patent Varsity Red Black,sneaker shoes,Nike Air Jordan,51444276691190,RED / UK 12,,9999.00,True,Available,In Stock,https://crepdogcrew.com/products/jordan-1-low-se-patent-varsity-red-black
https://crepdogcrew.com,8973550649590,Jordan 1 Mid Pink Foam Fire Red (GS),sneaker shoes,Nike Air Jordan,51491805266166,PINK / UK 3.5,,14999.00,True,Available,In Stock,https://crepdogcrew.com/products/jordan-1-mid-pink-foam-fire-red-gs
https://crepdogcrew.com,8973550649590,Jordan 1 Mid Pink Foam Fire Red (GS),sneaker shoes,Nike Air Jordan,51491805298934,PINK / UK 4,,15499.00,True,Available,In Stock,https://crepdogcrew.com/products/jordan-1-mid-pink-foam-fire-red-gs
https://crepdogcrew.com,8973550649590,Jordan 1 Mid Pink Foam Fire Red (GS),sneaker shoes,Nike Air Jordan,47788650168566,PINK / UK 4.5,CL1176,13999.00,True,Available,In Stock,https://crepdogcrew.com/products/jordan-1-mid-pink-foam-fire-red-gs
https://crepdogcrew.com,8973550649590,Jordan 1 Mid Pink Foam Fire Red (GS),sneaker shoes,Nike Air Jordan,51491805364470,PINK / UK 5,,15999.00,True,Available,In Stock,https://crepdogcrew.com/products/jordan-1-mid-pink-foam-fire-red-gs
https://crepdogcrew.com,8973550649590,Jordan 1 Mid Pink Foam Fire Red (GS),sneaker shoes,Nike Air Jordan,49075307512054,PINK / UK 5.5,CL3459,13499.00,True,Available,In Stock,https://crepdogcrew.com/products/jordan-1-mid-pink-foam-fire-red-gs
https://crepdogcrew.com,8973550649590,Jordan 1 Mid Pink Foam Fire Red (GS),sneaker shoes,Nike Air Jordan,47912788951286,PINK / UK 6(EU39),CL1255,12999.00,True,Available,In Stock,https://crepdogcrew.com/products/jordan-1-mid-pink-foam-fire-red-gs
https://crepdogcrew.com,8973550649590,Jordan 1 Mid Pink Foam Fire Red (GS),sneaker shoes,Nike Air Jordan,47912788918518,PINK / UK 6,CL4535,10999.00,True,Available,In Stock,https://crepdogcrew.com/products/jordan-1-mid-pink-foam-fire-red-gs
https://crepdogcrew.com,9197423165686,Jordan 1 Mid SE White Cave Stone,sneaker shoes,Nike Air Jordan,49239360995574,BROWN / UK 6,CL17740,17999.00,True,Available,In Stock,https://crepdogcrew.com/products/jordan-1-mid-se-white-cave-stone
https://crepdogcrew.com,9197423165686,Jordan 1 Mid SE White Cave Stone,sneaker shoes,Nike Air Jordan,49239361028342,BROWN / UK 6.5,CL17741,18499.00,True,Available,In Stock,https://crepdogcrew.com/products/jordan-1-mid-se-white-cave-stone
https://crepdogcrew.com,9197423165686,Jordan 1 Mid SE White Cave Stone,sneaker shoes,Nike Air Jordan,49239361061110,BROWN / UK 7,CL17742,17999.00,True,Available,In Stock,https://crepdogcrew.com/products/jordan-1-mid-se-white-cave-stone
https://crepdogcrew.com,9197423165686,Jordan 1 Mid SE White Cave Stone,sneaker shoes,Nike Air Jordan,49239361093878,BROWN / UK 7.5,CL17743,14999.00,True,Available,In Stock,https://crepdogcrew.com/products/jordan-1-mid-se-white-cave-stone
https://crepdogcrew.com,9197423165686,Jordan 1 Mid SE White Cave Stone,sneaker shoes,Nike Air Jordan,49239361126646,BROWN / UK 8,CL30575,14499.00,True,Available,In Stock,https://crepdogcrew.com/products/jordan-1-mid-se-white-cave-stone
https://crepdogcrew.com,9197423165686,Jordan 1 Mid SE White Cave Stone,sneaker shoes,Nike Air Jordan,49239361159414,BROWN / UK 8.5,CL49990,14499.00,True,Available,In Stock,https://crepdogcrew.com/products/jordan-1-mid-se-white-cave-stone
https://crepdogcrew.com,9197423165686,Jordan 1 Mid SE White Cave Stone,sneaker shoes,Nike Air Jordan,49239361192182,BROWN / UK 9,CL30576,13499.00,True,Available,In Stock,https://crepdogcrew.com/products/jordan-1-mid-se-white-cave-stone
https://crepdogcrew.com,9197423165686,Jordan 1 Mid SE White Cave Stone,sneaker shoes,Nike Air Jordan,49239361224950,BROWN / UK 9.5,CL30577,13499.00,True,Available,In Stock,https://crepdogcrew.com/products/jordan-1-mid-se-white-cave-stone
https://crepdogcrew.com,9197423165686,Jordan 1 Mid SE White Cave Stone,sneaker shoes,Nike Air Jordan,49239361257718,BROWN / UK 10,CL30578,14999.00,True,Available,In Stock,https://crepdogcrew.com/products/jordan-1-mid-se-white-cave-stone
https://crepdogcrew.com,9197423165686,Jordan 1 Mid SE White Cave Stone,sneaker shoes,Nike Air Jordan,49239361290486,BROWN / UK 11,CL17749,15499.00,True,Available,In Stock,https://crepdogcrew.com/products/jordan-1-mid-se-white-cave-stone
https://crepdogcrew.com,9197423165686,Jordan 1 Mid SE White Cave Stone,sneaker shoes,Nike Air Jordan,49239361323254,BROWN / UK 12,CL17750,11999.00,True,Available,In Stock,https://crepdogcrew.com/products/jordan-1-mid-se-white-cave-stone
https://crepdogcrew.com,9036108267766,Jordan 1 Mid SE Patent Black White Metallic Silver Metallic Gold,sneaker shoes,Nike Air Jordan,49820575990006,BLACK / UK 6,,19499.00,True,Available,In Stock,https://crepdogcrew.com/products/jordan-1-mid-se-patent-black-white-metallic-silver-metallic-gold
https://crepdogcrew.com,9036108267766,Jordan 1 Mid SE Patent Black White Metallic Silver Metallic Gold,sneaker shoes,Nike Air Jordan,48514014937334,BLACK / UK 7.5,,16999.00,True,Available,In Stock,https://crepdogcrew.com/products/jordan-1-mid-se-patent-black-white-metallic-silver-metallic-gold
https://crepdogcrew.com,9036108267766,Jordan 1 Mid SE Patent Black White Metallic Silver Metallic Gold,sneaker shoes,Nike Air Jordan,48396949553398,BLACK / UK 8,,20499.00,True,Available,In Stock,https://crepdogcrew.com/products/jordan-1-mid-se-patent-black-white-metallic-silver-metallic-gold
https://crepdogcrew.com,9036108267766,Jordan 1 Mid SE Patent Black White Metallic Silver Metallic Gold,sneaker shoes,Nike Air Jordan,51491799007478,BLACK / UK 8.5,,20499.00,True,Available,In Stock,https://crepdogcrew.com/products/jordan-1-mid-se-patent-black-white-metallic-silver-metallic-gold
https://crepdogcrew.com,9036108267766,Jordan 1 Mid SE Patent Black White Metallic Silver Metallic Gold,sneaker shoes,Nike Air Jordan,48271809544438,BLACK / UK 9,CL1233,20499.00,True,Available,In Stock,https://crepdogcrew.com/products/jordan-1-mid-se-patent-black-white-metallic-silver-metallic-gold
https://crepdogcrew.com,9036108267766,Jordan 1 Mid SE Patent Black White Metallic Silver Metallic Gold,sneaker shoes,Nike Air Jordan,51491799040246,BLACK / UK 9.5,,20499.00,True,Available,In Stock,https://crepdogcrew.com/products/jordan-1-mid-se-patent-black-white-metallic-silver-metallic-gold
https://crepdogcrew.com,9036108267766,Jordan 1 Mid SE Patent Black White Metallic Silver Metallic Gold,sneaker shoes,Nike Air Jordan,48271809577206,BLACK / UK 10,,15499.00,True,Available,In Stock,https://crepdogcrew.com/products/jordan-1-mid-se-patent-black-white-metallic-silver-metallic-gold
https://crepdogcrew.com,9500778561782,Jordan 1 Low SE Phantom Repaired Denim Swoosh..,sneaker shoes,Nike Air Jordan,51491784655094,GREY / UK 10,CL26388,12999.00,False,Sold Out,0 units left (Sold Out),https://crepdogcrew.com/products/jordan-1-low-se-phantom-repaired-denim-swoosh-1
https://crepdogcrew.com,9182548099318,Air Jordan 1 Low Turquoise Stone,sneaker shoes,Nike Air Jordan,49861529698550,BLACK / UK 6,CL5615,13999.00,False,Sold Out,0 units left (Sold Out),https://crepdogcrew.com/products/the-air-jordan-1-low-turquoise-stone
https://crepdogcrew.com,9182548099318,Air Jordan 1 Low Turquoise Stone,sneaker shoes,Nike Air Jordan,49861529731318,BLACK / UK 6.5,CL5607,13999.00,False,Sold Out,0 units left (Sold Out),https://crepdogcrew.com/products/the-air-jordan-1-low-turquoise-stone
https://crepdogcrew.com,9182548099318,Air Jordan 1 Low Turquoise Stone,sneaker shoes,Nike Air Jordan,49270479290614,BLACK / UK 7,CL5616,13999.00,False,Sold Out,0 units left (Sold Out),https://crepdogcrew.com/products/the-air-jordan-1-low-turquoise-stone
https://crepdogcrew.com,9182548099318,Air Jordan 1 Low Turquoise Stone,sneaker shoes,Nike Air Jordan,49861529764086,BLACK / UK 7.5,CL5611,13999.00,False,Sold Out,0 units left (Sold Out),https://crepdogcrew.com/products/the-air-jordan-1-low-turquoise-stone
https://crepdogcrew.com,9182548099318,Air Jordan 1 Low Turquoise Stone,sneaker shoes,Nike Air Jordan,49182888919286,BLACK / UK 8,CL5634,13999.00,True,Available,In Stock,https://crepdogcrew.com/products/the-air-jordan-1-low-turquoise-stone
https://crepdogcrew.com,9182548099318,Air Jordan 1 Low Turquoise Stone,sneaker shoes,Nike Air Jordan,49270479323382,BLACK / UK 8.5,CL2478,13999.00,True,Available,In Stock,https://crepdogcrew.com/products/the-air-jordan-1-low-turquoise-stone
https://crepdogcrew.com,9182548099318,Air Jordan 1 Low Turquoise Stone,sneaker shoes,Nike Air Jordan,49182890557686,BLACK / UK 9,CL2541,13999.00,True,Available,In Stock,https://crepdogcrew.com/products/the-air-jordan-1-low-turquoise-stone
https://crepdogcrew.com,9182548099318,Air Jordan 1 Low Turquoise Stone,sneaker shoes,Nike Air Jordan,49270479356150,BLACK / UK 9.5,CL2479,13999.00,True,Available,In Stock,https://crepdogcrew.com/products/the-air-jordan-1-low-turquoise-stone
https://crepdogcrew.com,9182548099318,Air Jordan 1 Low Turquoise Stone,sneaker shoes,Nike Air Jordan,49182890590454,BLACK / UK 10,CL2487,13999.00,True,Available,In Stock,https://crepdogcrew.com/products/the-air-jordan-1-low-turquoise-stone
https://crepdogcrew.com,9182548099318,Air Jordan 1 Low Turquoise Stone,sneaker shoes,Nike Air Jordan,49270479388918,BLACK / UK 11,CL2480,13999.00,False,Sold Out,0 units left (Sold Out),https://crepdogcrew.com/products/the-air-jordan-1-low-turquoise-stone
https://crepdogcrew.com,9500778987766,ALL SAINTS BURMAN SS OVERSIZED CREW TEE DUSTY BLUE,T Shirts,ALL SAINTS,51491791470838,S,,9999.00,True,Available,In Stock,https://crepdogcrew.com/products/all-saints-burman-ss-oversized-crew-tee-dusty-blue
https://crepdogcrew.com,9500642312438,Bouquet T-shirt in Cream [Unisex],Streetweae T-Shirt,Beyond Extremes,51491413197046,S / Cream,,4000.00,True,Available,In Stock,https://crepdogcrew.com/products/bouquet-t-shirt-in-cream-unisex-by-beyond-extremes
https://crepdogcrew.com,9500642312438,Bouquet T-shirt in Cream [Unisex],Streetweae T-Shirt,Beyond Extremes,51491413229814,M / Cream,,4000.00,True,Available,In Stock,https://crepdogcrew.com/products/bouquet-t-shirt-in-cream-unisex-by-beyond-extremes
https://crepdogcrew.com,9500642312438,Bouquet T-shirt in Cream [Unisex],Streetweae T-Shirt,Beyond Extremes,51491413262582,L / Cream,,4000.00,True,Available,In Stock,https://crepdogcrew.com/products/bouquet-t-shirt-in-cream-unisex-by-beyond-extremes
https://crepdogcrew.com,9500642312438,Bouquet T-shirt in Cream [Unisex],Streetweae T-Shirt,Beyond Extremes,51491413295350,XL / Cream,,4000.00,True,Available,In Stock,https://crepdogcrew.com/products/bouquet-t-shirt-in-cream-unisex-by-beyond-extremes
https://crepdogcrew.com,9212227551478,polene Numéro Neuf Mini Edition Textured Black Cherry,BAGS,polene,49274836812022,Default Title,ZYZYZY,67499.00,True,Available,In Stock,https://crepdogcrew.com/products/polene-numero-neuf-mini-edition-textured-black-cherry
https://crepdogcrew.com,9212734341366,polene Cyme Edition Textured Taupe,Cyme Edition,polene,49279184699638,Default Title,CL38705,67999.00,True,Available,In Stock,https://crepdogcrew.com/products/polene-cyme-edition-textured-taupe
https://crepdogcrew.com,9500642410742,Patch Effect T-shirt in Cream [Unisex],Streetweae T-Shirt,Beyond Extremes,51491413655798,S / Cream,,4000.00,True,Available,In Stock,https://crepdogcrew.com/products/patch-effect-t-shirt-in-cream-unisex-by-beyond-extremes
https://crepdogcrew.com,9500642410742,Patch Effect T-shirt in Cream [Unisex],Streetweae T-Shirt,Beyond Extremes,51491413688566,M / Cream,,4000.00,True,Available,In Stock,https://crepdogcrew.com/products/patch-effect-t-shirt-in-cream-unisex-by-beyond-extremes
https://crepdogcrew.com,9500642410742,Patch Effect T-shirt in Cream [Unisex],Streetweae T-Shirt,Beyond Extremes,51491413721334,L / Cream,,4000.00,True,Available,In Stock,https://crepdogcrew.com/products/patch-effect-t-shirt-in-cream-unisex-by-beyond-extremes
https://crepdogcrew.com,9500642410742,Patch Effect T-shirt in Cream [Unisex],Streetweae T-Shirt,Beyond Extremes,51491413754102,XL / Cream,,4000.00,True,Available,In Stock,https://crepdogcrew.com/products/patch-effect-t-shirt-in-cream-unisex-by-beyond-extremes
https://crepdogcrew.com,9500619342070,Kiddish Hope T-shirt [Unisex],Streetweae T-Shirt,Beyond Extremes,51491323773174,S / White,,4500.00,True,Available,In Stock,https://crepdogcrew.com/products/kiddish-hope-t-shirt-unisex-by-beyond-extremes
https://crepdogcrew.com,9500619342070,Kiddish Hope T-shirt [Unisex],Streetweae T-Shirt,Beyond Extremes,51491323805942,M / White,,4500.00,True,Available,In Stock,https://crepdogcrew.com/products/kiddish-hope-t-shirt-unisex-by-beyond-extremes
https://crepdogcrew.com,9500619342070,Kiddish Hope T-shirt [Unisex],Streetweae T-Shirt,Beyond Extremes,51491323838710,L / White,,4500.00,True,Available,In Stock,https://crepdogcrew.com/products/kiddish-hope-t-shirt-unisex-by-beyond-extremes
https://crepdogcrew.com,9500619342070,Kiddish Hope T-shirt [Unisex],Streetweae T-Shirt,Beyond Extremes,51491323871478,XL / White,,4500.00,True,Available,In Stock,https://crepdogcrew.com/products/kiddish-hope-t-shirt-unisex-by-beyond-extremes
https://crepdogcrew.com,9500619079926,Checkered Painter Shirt in Maroon,Streetwear Shirts,Beyond Extremes,51491322855670,S / Maroon,,6500.00,True,Available,In Stock,https://crepdogcrew.com/products/checkered-painter-shirt-in-maroon-by-beyond-extremes
https://crepdogcrew.com,9500619079926,Checkered Painter Shirt in Maroon,Streetwear Shirts,Beyond Extremes,51491322888438,M / Maroon,,6500.00,True,Available,In Stock,https://crepdogcrew.com/products/checkered-painter-shirt-in-maroon-by-beyond-extremes
https://crepdogcrew.com,9500619079926,Checkered Painter Shirt in Maroon,Streetwear Shirts,Beyond Extremes,51491322921206,L / Maroon,,6500.00,True,Available,In Stock,https://crepdogcrew.com/products/checkered-painter-shirt-in-maroon-by-beyond-extremes
https://crepdogcrew.com,9500619079926,Checkered Painter Shirt in Maroon,Streetwear Shirts,Beyond Extremes,51491322953974,XL / Maroon,,6500.00,True,Available,In Stock,https://crepdogcrew.com/products/checkered-painter-shirt-in-maroon-by-beyond-extremes
https://crepdogcrew.com,9500619210998,Checkered Painter Shirt in Green,Streetwear Shirts,Beyond Extremes,51491323314422,S / Green,,6500.00,True,Available,In Stock,https://crepdogcrew.com/products/checkered-painter-shirt-in-green-by-beyond-extremes
https://crepdogcrew.com,9500619210998,Checkered Painter Shirt in Green,Streetwear Shirts,Beyond Extremes,51491323347190,M / Green,,6500.00,True,Available,In Stock,https://crepdogcrew.com/products/checkered-painter-shirt-in-green-by-beyond-extremes
https://crepdogcrew.com,9500619210998,Checkered Painter Shirt in Green,Streetwear Shirts,Beyond Extremes,51491323379958,L / Green,,6500.00,True,Available,In Stock,https://crepdogcrew.com/products/checkered-painter-shirt-in-green-by-beyond-extremes
https://crepdogcrew.com,9500619210998,Checkered Painter Shirt in Green,Streetwear Shirts,Beyond Extremes,51491323412726,XL / Green,,6500.00,True,Available,In Stock,https://crepdogcrew.com/products/checkered-painter-shirt-in-green-by-beyond-extremes
https://crepdogcrew.com,9500563308790,ALL SAINTS DICE TEE BLACK,T Shirts,ALL SAINTS,51490552774902,M,,12499.00,True,Available,In Stock,https://crepdogcrew.com/products/all-saints-dice-tee-black
https://crepdogcrew.com,9500534505718,ANTI SOCIAL SOCIAL CLUB TIGER CAMO BLK BOX HOODIE BLACK,Sweatshirts/Hoodies,ASSC,51490418196726,XL,,9999.00,True,Available,In Stock,https://crepdogcrew.com/products/anti-social-social-club-tiger-camo-blk-box-hoodie-black
https://crepdogcrew.com,9500609282294,ALL SAINTS UNDERGROUND OVERSIZED CREW NECK T-SHIRT EATHER TAUPE,T Shirts,ALL SAINTS,51491309256950,M,,9999.00,True,Available,In Stock,https://crepdogcrew.com/products/all-saints-underground-oversized-crew-neck-t-shirt-eather-taupe
https://crepdogcrew.com,9492268286198,Google Fitbit Air Classic STEPH CURRY (LIMITED EDITION),Air Classic,fitbit,51442774769910,Stephen Curry Rye ( Limited Edition ),CL66723,19999.00,True,Available,In Stock,https://crepdogcrew.com/products/google-fitbit-air-classic-steph-curry
https://crepdogcrew.com,9500545089782,ANTI SOCIAL SOCIAL CLUB MANIAC SHORT SLEEVE TEE BLACK,Sweatshirts/Hoodies,ASSC,51490460139766,XL,,79999.00,True,Available,In Stock,https://crepdogcrew.com/products/anti-social-social-club-maniac-short-sleeve-tee-black
https://crepdogcrew.com,9500531589366,ANTI SOCIAL SOCIAL CLUB COMPLICATED HOODIE BLACK,Sweatshirts/Hoodies,ASSC,51490127839478,L,,10999.00,True,Available,In Stock,https://crepdogcrew.com/products/anti-social-social-club-complicated-hoodie-black
https://crepdogcrew.com,8784614457590,Jordan 1 Low White Black Metallic Gold Swoosh,sneaker shoes,Nike Air Jordan,48184506843382,WHITE / UK 6,CL5426,24999.00,True,Available,In Stock,https://crepdogcrew.com/products/jordan-1-low-white-black-metallic-gold-swoosh
https://crepdogcrew.com,8784614457590,Jordan 1 Low White Black Metallic Gold Swoosh,sneaker shoes,Nike Air Jordan,51490115027190,WHITE / UK 6.5,,21499.00,True,Available,In Stock,https://crepdogcrew.com/products/jordan-1-low-white-black-metallic-gold-swoosh
https://crepdogcrew.com,8784614457590,Jordan 1 Low White Black Metallic Gold Swoosh,sneaker shoes,Nike Air Jordan,51490115059958,WHITE / UK 7,,19999.00,True,Available,In Stock,https://crepdogcrew.com/products/jordan-1-low-white-black-metallic-gold-swoosh
https://crepdogcrew.com,8784614457590,Jordan 1 Low White Black Metallic Gold Swoosh,sneaker shoes,Nike Air Jordan,51490115092726,WHITE / UK 7.5,,18999.00,True,Available,In Stock,https://crepdogcrew.com/products/jordan-1-low-white-black-metallic-gold-swoosh
https://crepdogcrew.com,8784614457590,Jordan 1 Low White Black Metallic Gold Swoosh,sneaker shoes,Nike Air Jordan,51490115125494,WHITE / UK 8,,21999.00,True,Available,In Stock,https://crepdogcrew.com/products/jordan-1-low-white-black-metallic-gold-swoosh
https://crepdogcrew.com,8784614457590,Jordan 1 Low White Black Metallic Gold Swoosh,sneaker shoes,Nike Air Jordan,51490115158262,WHITE / UK 8.5,,18499.00,True,Available,In Stock,https://crepdogcrew.com/products/jordan-1-low-white-black-metallic-gold-swoosh
https://crepdogcrew.com,8784614457590,Jordan 1 Low White Black Metallic Gold Swoosh,sneaker shoes,Nike Air Jordan,51490115191030,WHITE / UK 9,,18999.00,True,Available,In Stock,https://crepdogcrew.com/products/jordan-1-low-white-black-metallic-gold-swoosh
https://crepdogcrew.com,8784614457590,Jordan 1 Low White Black Metallic Gold Swoosh,sneaker shoes,Nike Air Jordan,50133250212086,WHITE / UK 9.5,CL47949,16499.00,True,Available,In Stock,https://crepdogcrew.com/products/jordan-1-low-white-black-metallic-gold-swoosh
https://crepdogcrew.com,8784614457590,Jordan 1 Low White Black Metallic Gold Swoosh,sneaker shoes,Nike Air Jordan,50447772811510,WHITE / UK 10,CL50012,16999.00,True,Available,In Stock,https://crepdogcrew.com/products/jordan-1-low-white-black-metallic-gold-swoosh
https://crepdogcrew.com,8784614457590,Jordan 1 Low White Black Metallic Gold Swoosh,sneaker shoes,Nike Air Jordan,50133250244854,WHITE / UK 11,CL47951,17499.00,True,Available,In Stock,https://crepdogcrew.com/products/jordan-1-low-white-black-metallic-gold-swoosh
https://crepdogcrew.com,9500522414326,CASABLANCA BLUE FOOTBALL SHIRT BLUE,shirts,CASABLANCA,51490037596406,M,,45999.00,True,Available,In Stock,https://crepdogcrew.com/products/casablanca-blue-football-shirt-blue
https://crepdogcrew.com,9500522414326,CASABLANCA BLUE FOOTBALL SHIRT BLUE,shirts,CASABLANCA,51490041004278,L,,45999.00,True,Available,In Stock,https://crepdogcrew.com/products/casablanca-blue-football-shirt-blue
https://crepdogcrew.com,9267481411830,On Running Cloudmonster Ivory Grenadine (W),CLOUDMONSTER,ON,49901037486326,WHITE / UK 4,CL27996,16999.00,False,Sold Out,0 units left (Sold Out),https://crepdogcrew.com/products/on-running-cloudmonster-ivory-grenadine-w
https://crepdogcrew.com,9267481411830,On Running Cloudmonster Ivory Grenadine (W),CLOUDMONSTER,ON,49901037519094,WHITE / UK 4.5,CL27997,16999.00,False,Sold Out,0 units left (Sold Out),https://crepdogcrew.com/products/on-running-cloudmonster-ivory-grenadine-w
https://crepdogcrew.com,9267481411830,On Running Cloudmonster Ivory Grenadine (W),CLOUDMONSTER,ON,49901037551862,WHITE / UK 5,CL27998,16999.00,True,Available,In Stock,https://crepdogcrew.com/products/on-running-cloudmonster-ivory-grenadine-w
https://crepdogcrew.com,9267481411830,On Running Cloudmonster Ivory Grenadine (W),CLOUDMONSTER,ON,49917982671094,WHITE / UK 5.5,CL39962,16999.00,True,Available,In Stock,https://crepdogcrew.com/products/on-running-cloudmonster-ivory-grenadine-w
https://crepdogcrew.com,9267481411830,On Running Cloudmonster Ivory Grenadine (W),CLOUDMONSTER,ON,49917982703862,WHITE / UK 6,CL39963,16999.00,True,Available,In Stock,https://crepdogcrew.com/products/on-running-cloudmonster-ivory-grenadine-w
https://crepdogcrew.com,9267481411830,On Running Cloudmonster Ivory Grenadine (W),CLOUDMONSTER,ON,49917982736630,WHITE / UK 6.5,CL39964,16999.00,False,Sold Out,0 units left (Sold Out),https://crepdogcrew.com/products/on-running-cloudmonster-ivory-grenadine-w
https://crepdogcrew.com,9267481411830,On Running Cloudmonster Ivory Grenadine (W),CLOUDMONSTER,ON,49917982769398,WHITE / UK 7,CL39965,16999.00,False,Sold Out,0 units left (Sold Out),https://crepdogcrew.com/products/on-running-cloudmonster-ivory-grenadine-w
https://crepdogcrew.com,9267481411830,On Running Cloudmonster Ivory Grenadine (W),CLOUDMONSTER,ON,49901037584630,WHITE / UK 7.5,CL27989,16999.00,True,Available,In Stock,https://crepdogcrew.com/products/on-running-cloudmonster-ivory-grenadine-w
https://crepdogcrew.com,9267481411830,On Running Cloudmonster Ivory Grenadine (W),CLOUDMONSTER,ON,49901037125878,WHITE / UK 8,CL27990,16999.00,True,Available,In Stock,https://crepdogcrew.com/products/on-running-cloudmonster-ivory-grenadine-w
https://crepdogcrew.com,7548990914806,Jordan 1 Low Bred Toe,sneaker shoes,Nike Air Jordan,49986071331062,BLACK / UK 6,CL41716,21999.00,True,Available,In Stock,https://crepdogcrew.com/products/jordan-1-low-bred-toe
https://crepdogcrew.com,7548990914806,Jordan 1 Low Bred Toe,sneaker shoes,Nike Air Jordan,50615375495414,BLACK / UK 6.5,CL42381,21999.00,True,Available,In Stock,https://crepdogcrew.com/products/jordan-1-low-bred-toe
https://crepdogcrew.com,7548990914806,Jordan 1 Low Bred Toe,sneaker shoes,Nike Air Jordan,50128031088886,BLACK / UK 7,CL30526,24999.00,True,Available,In Stock,https://crepdogcrew.com/products/jordan-1-low-bred-toe
https://crepdogcrew.com,7548990914806,Jordan 1 Low Bred Toe,sneaker shoes,Nike Air Jordan,50615375528182,BLACK / UK 7.5,CL61663,24999.00,True,Available,In Stock,https://crepdogcrew.com/products/jordan-1-low-bred-toe
https://crepdogcrew.com,7548990914806,Jordan 1 Low Bred Toe,sneaker shoes,Nike Air Jordan,51489986642166,BLACK / UK 8,,17499.00,True,Available,In Stock,https://crepdogcrew.com/products/jordan-1-low-bred-toe
https://crepdogcrew.com,7548990914806,Jordan 1 Low Bred Toe,sneaker shoes,Nike Air Jordan,49095572586742,BLACK / UK 8.5,CL5545,19999.00,True,Available,In Stock,https://crepdogcrew.com/products/jordan-1-low-bred-toe
https://crepdogcrew.com,7548990914806,Jordan 1 Low Bred Toe,sneaker shoes,Nike Air Jordan,50128031056118,BLACK / UK 9,CL5195,19499.00,True,Available,In Stock,https://crepdogcrew.com/products/jordan-1-low-bred-toe
https://crepdogcrew.com,7548990914806,Jordan 1 Low Bred Toe,sneaker shoes,Nike Air Jordan,51489986674934,BLACK / UK 9.5,,15999.00,True,Available,In Stock,https://crepdogcrew.com/products/jordan-1-low-bred-toe
https://crepdogcrew.com,7548990914806,Jordan 1 Low Bred Toe,sneaker shoes,Nike Air Jordan,50615575576822,BLACK / UK 10,CL61881,17499.00,True,Available,In Stock,https://crepdogcrew.com/products/jordan-1-low-bred-toe
https://crepdogcrew.com,7548990914806,Jordan 1 Low Bred Toe,sneaker shoes,Nike Air Jordan,45934586822902,BLACK / UK 11,CL1043,18499.00,True,Available,In Stock,https://crepdogcrew.com/products/jordan-1-low-bred-toe
https://crepdogcrew.com,7548990914806,Jordan 1 Low Bred Toe,sneaker shoes,Nike Air Jordan,46778133315830,BLACK / UK 12,CL1619,22999.00,True,Available,In Stock,https://crepdogcrew.com/products/jordan-1-low-bred-toe
https://crepdogcrew.com,9499982659830,Pack of 2 - CDC Ice Pop Socks Cheesecake Edition,Streetwear Socks,CDC CLOTHING,51487777226998,PACK OF 2 / Blueberry + Reverse Coco,CL,799.00,True,Available,In Stock,https://crepdogcrew.com/products/pack-of-2-cdc-ice-pop-socks-cheesecake-edition
https://crepdogcrew.com,9219488940278,On Running Cloud 6 Navy Stone (W),sneaker shoes,ON,49310532206838,NAVY / UK 3.5,ZYZYZY,16999.00,False,Sold Out,0 units left (Sold Out),https://crepdogcrew.com/products/on-running-cloud-6-navy-stone-w
https://crepdogcrew.com,9219488940278,On Running Cloud 6 Navy Stone (W),sneaker shoes,ON,49310532239606,NAVY / UK 4,ZYZYZY,16999.00,False,Sold Out,0 units left (Sold Out),https://crepdogcrew.com/products/on-running-cloud-6-navy-stone-w
https://crepdogcrew.com,9219488940278,On Running Cloud 6 Navy Stone (W),sneaker shoes,ON,49310532272374,NAVY / UK 4.5,ZYZYZY,16999.00,False,Sold Out,0 units left (Sold Out),https://crepdogcrew.com/products/on-running-cloud-6-navy-stone-w
https://crepdogcrew.com,9219488940278,On Running Cloud 6 Navy Stone (W),sneaker shoes,ON,49310532305142,NAVY / UK 5,ZYZYZY,16999.00,False,Sold Out,0 units left (Sold Out),https://crepdogcrew.com/products/on-running-cloud-6-navy-stone-w
https://crepdogcrew.com,9219488940278,On Running Cloud 6 Navy Stone (W),sneaker shoes,ON,49310532337910,NAVY / UK 5.5,ZYZYZY,16999.00,True,Available,In Stock,https://crepdogcrew.com/products/on-running-cloud-6-navy-stone-w
https://crepdogcrew.com,9219488940278,On Running Cloud 6 Navy Stone (W),sneaker shoes,ON,49310532370678,NAVY / UK 6,ZYZYZY,16999.00,False,Sold Out,0 units left (Sold Out),https://crepdogcrew.com/products/on-running-cloud-6-navy-stone-w
https://crepdogcrew.com,9219488940278,On Running Cloud 6 Navy Stone (W),sneaker shoes,ON,49310532403446,NAVY / UK 6.5,ZYZYZY,16999.00,False,Sold Out,0 units left (Sold Out),https://crepdogcrew.com/products/on-running-cloud-6-navy-stone-w
https://crepdogcrew.com,9219488940278,On Running Cloud 6 Navy Stone (W),sneaker shoes,ON,49310532436214,NAVY / UK 7,ZYZYZY,16999.00,True,Available,In Stock,https://crepdogcrew.com/products/on-running-cloud-6-navy-stone-w
https://crepdogcrew.com,9219488940278,On Running Cloud 6 Navy Stone (W),sneaker shoes,ON,49310532468982,NAVY / UK 7.5,ZYZYZY,16999.00,False,Sold Out,0 units left (Sold Out),https://crepdogcrew.com/products/on-running-cloud-6-navy-stone-w
https://crepdogcrew.com,9219488940278,On Running Cloud 6 Navy Stone (W),sneaker shoes,ON,49310532501750,NAVY / UK 8,ZYZYZY,16999.00,True,Available,In Stock,https://crepdogcrew.com/products/on-running-cloud-6-navy-stone-w
https://crepdogcrew.com,9219488940278,On Running Cloud 6 Navy Stone (W),sneaker shoes,ON,49310532534518,NAVY / UK 8.5,ZYZYZY,16999.00,False,Sold Out,0 units left (Sold Out),https://crepdogcrew.com/products/on-running-cloud-6-navy-stone-w
https://crepdogcrew.com,9219488940278,On Running Cloud 6 Navy Stone (W),sneaker shoes,ON,49310532567286,NAVY / UK 9,ZYZYZY,16999.00,False,Sold Out,0 units left (Sold Out),https://crepdogcrew.com/products/on-running-cloud-6-navy-stone-w
https://crepdogcrew.com,8982994092278,On Running Cloud 5 Waterproof Olive Black,Sneaker Shoes,ON,47836720169206,GREEN / UK 6.5,ZYZYZYZ,17999.00,False,Sold Out,0 units left (Sold Out),https://crepdogcrew.com/products/on-running-cloud-5-waterproof-olive-black
https://crepdogcrew.com,8982994092278,On Running Cloud 5 Waterproof Olive Black,Sneaker Shoes,ON,47836720201974,GREEN / UK 7,ZYZYZYZ,17999.00,False,Sold Out,0 units left (Sold Out),https://crepdogcrew.com/products/on-running-cloud-5-waterproof-olive-black
https://crepdogcrew.com,8982994092278,On Running Cloud 5 Waterproof Olive Black,Sneaker Shoes,ON,47836720234742,GREEN / UK 7.5,ZYZYZYZ,17999.00,False,Sold Out,0 units left (Sold Out),https://crepdogcrew.com/products/on-running-cloud-5-waterproof-olive-black
https://crepdogcrew.com,8982994092278,On Running Cloud 5 Waterproof Olive Black,Sneaker Shoes,ON,47836720267510,GREEN / UK 8,ZYZYZYZ,17999.00,False,Sold Out,0 units left (Sold Out),https://crepdogcrew.com/products/on-running-cloud-5-waterproof-olive-black
https://crepdogcrew.com,8982994092278,On Running Cloud 5 Waterproof Olive Black,Sneaker Shoes,ON,47836720300278,GREEN / UK 8.5,ZYZYZYZ,17999.00,True,Available,In Stock,https://crepdogcrew.com/products/on-running-cloud-5-waterproof-olive-black
https://crepdogcrew.com,8982994092278,On Running Cloud 5 Waterproof Olive Black,Sneaker Shoes,ON,47836720333046,GREEN / UK 9,ZYZYZYZ,17999.00,True,Available,In Stock,https://crepdogcrew.com/products/on-running-cloud-5-waterproof-olive-black
https://crepdogcrew.com,8982994092278,On Running Cloud 5 Waterproof Olive Black,Sneaker Shoes,ON,47836720365814,GREEN / UK 9.5,ZYZYZYZ,17999.00,True,Available,In Stock,https://crepdogcrew.com/products/on-running-cloud-5-waterproof-olive-black
https://crepdogcrew.com,8982994092278,On Running Cloud 5 Waterproof Olive Black,Sneaker Shoes,ON,47836720398582,GREEN / UK 10,ZYZYZYZ,17999.00,True,Available,In Stock,https://crepdogcrew.com/products/on-running-cloud-5-waterproof-olive-black
https://crepdogcrew.com,8982994092278,On Running Cloud 5 Waterproof Olive Black,Sneaker Shoes,ON,47836720431350,GREEN / UK 10.5,ZYZYZYZ,17999.00,True,Available,In Stock,https://crepdogcrew.com/products/on-running-cloud-5-waterproof-olive-black
https://crepdogcrew.com,8982994092278,On Running Cloud 5 Waterproof Olive Black,Sneaker Shoes,ON,47836720464118,GREEN / UK 11,ZYZYZYZ,17999.00,True,Available,In Stock,https://crepdogcrew.com/products/on-running-cloud-5-waterproof-olive-black
https://crepdogcrew.com,8982994092278,On Running Cloud 5 Waterproof Olive Black,Sneaker Shoes,ON,47836720496886,GREEN / UK 11.5,ZYZYZYZ,17999.00,False,Sold Out,0 units left (Sold Out),https://crepdogcrew.com/products/on-running-cloud-5-waterproof-olive-black
https://crepdogcrew.com,8982994092278,On Running Cloud 5 Waterproof Olive Black,Sneaker Shoes,ON,47836720529654,GREEN / UK 12,ZYZYZYZ,17999.00,False,Sold Out,0 units left (Sold Out),https://crepdogcrew.com/products/on-running-cloud-5-waterproof-olive-black
https://crepdogcrew.com,8982994092278,On Running Cloud 5 Waterproof Olive Black,Sneaker Shoes,ON,47836720562422,GREEN / UK 12.5,ZYZYZYZ,17999.00,False,Sold Out,0 units left (Sold Out),https://crepdogcrew.com/products/on-running-cloud-5-waterproof-olive-black
https://crepdogcrew.com,8982994092278,On Running Cloud 5 Waterproof Olive Black,Sneaker Shoes,ON,47836720595190,GREEN / UK 13.5,ZYZYZYZ,17999.00,False,Sold Out,0 units left (Sold Out),https://crepdogcrew.com/products/on-running-cloud-5-waterproof-olive-black
https://crepdogcrew.com,8961136296182,On Running Cloud 5 Waterproof All Black,Sneaker Shoes,ON,51487948734710,BLACK / UK 6.5,,17999.00,True,Available,In Stock,https://crepdogcrew.com/products/on-running-cloud-5-waterproof-all-black
https://crepdogcrew.com,8961136296182,On Running Cloud 5 Waterproof All Black,Sneaker Shoes,ON,51487948767478,BLACK / UK 7,,17999.00,True,Available,In Stock,https://crepdogcrew.com/products/on-running-cloud-5-waterproof-all-black
https://crepdogcrew.com,8961136296182,On Running Cloud 5 Waterproof All Black,Sneaker Shoes,ON,51487948800246,BLACK / UK 7.5,,17999.00,True,Available,In Stock,https://crepdogcrew.com/products/on-running-cloud-5-waterproof-all-black
https://crepdogcrew.com,8961136296182,On Running Cloud 5 Waterproof All Black,Sneaker Shoes,ON,51487948833014,BLACK / UK 8,,17999.00,False,Sold Out,0 units left (Sold Out),https://crepdogcrew.com/products/on-running-cloud-5-waterproof-all-black
https://crepdogcrew.com,8961136296182,On Running Cloud 5 Waterproof All Black,Sneaker Shoes,ON,51487948865782,BLACK / UK 8.5,,17999.00,True,Available,In Stock,https://crepdogcrew.com/products/on-running-cloud-5-waterproof-all-black
https://crepdogcrew.com,8961136296182,On Running Cloud 5 Waterproof All Black,Sneaker Shoes,ON,51487948898550,BLACK / UK 9,,17999.00,True,Available,In Stock,https://crepdogcrew.com/products/on-running-cloud-5-waterproof-all-black
https://crepdogcrew.com,8961136296182,On Running Cloud 5 Waterproof All Black,Sneaker Shoes,ON,48169398829302,BLACK / UK 9.5,,17999.00,True,Available,In Stock,https://crepdogcrew.com/products/on-running-cloud-5-waterproof-all-black
https://crepdogcrew.com,8961136296182,On Running Cloud 5 Waterproof All Black,Sneaker Shoes,ON,51487948931318,BLACK / UK 10,,17999.00,True,Available,In Stock,https://crepdogcrew.com/products/on-running-cloud-5-waterproof-all-black
https://crepdogcrew.com,8961136296182,On Running Cloud 5 Waterproof All Black,Sneaker Shoes,ON,51487948964086,BLACK / UK 10.5,,17999.00,True,Available,In Stock,https://crepdogcrew.com/products/on-running-cloud-5-waterproof-all-black
https://crepdogcrew.com,8961136296182,On Running Cloud 5 Waterproof All Black,Sneaker Shoes,ON,51487948996854,BLACK / UK 11,,17999.00,True,Available,In Stock,https://crepdogcrew.com/products/on-running-cloud-5-waterproof-all-black
https://crepdogcrew.com,8961136296182,On Running Cloud 5 Waterproof All Black,Sneaker Shoes,ON,51487949029622,BLACK / UK 11.5,,17999.00,True,Available,In Stock,https://crepdogcrew.com/products/on-running-cloud-5-waterproof-all-black
https://crepdogcrew.com,9093179769078,Pop Mart Labubu The Monsters Wacky Mart Series Earphone Case,COLLECTIBLES,Pop Mart,48593819762934,Default Title,CL6048,8499.00,True,Available,In Stock,https://crepdogcrew.com/products/pop-mart-labubu-the-monsters-wacky-mart-series-earphone-case
https://crepdogcrew.com,8983577166070,On Running Cloud 6 Waterproof All Black,sneaker shoes,ON,47855941812470,BLACK / UK 6.5,CL24332,17999.00,False,Sold Out,0 units left (Sold Out),https://crepdogcrew.com/products/on-running-cloud-6-waterproof-all-black
https://crepdogcrew.com,8983577166070,On Running Cloud 6 Waterproof All Black,sneaker shoes,ON,49030569787638,BLACK / UK 7,CL24333,17999.00,False,Sold Out,0 units left (Sold Out),https://crepdogcrew.com/products/on-running-cloud-6-waterproof-all-black
https://crepdogcrew.com,8983577166070,On Running Cloud 6 Waterproof All Black,sneaker shoes,ON,49030569820406,BLACK / UK 7.5,CL24334,17999.00,True,Available,In Stock,https://crepdogcrew.com/products/on-running-cloud-6-waterproof-all-black
https://crepdogcrew.com,8983577166070,On Running Cloud 6 Waterproof All Black,sneaker shoes,ON,49030569853174,BLACK / UK 8,CL27816,17999.00,True,Available,In Stock,https://crepdogcrew.com/products/on-running-cloud-6-waterproof-all-black
https://crepdogcrew.com,8983577166070,On Running Cloud 6 Waterproof All Black,sneaker shoes,ON,49030569885942,BLACK / UK 8.5,CL24335,17999.00,True,Available,In Stock,https://crepdogcrew.com/products/on-running-cloud-6-waterproof-all-black
https://crepdogcrew.com,8983577166070,On Running Cloud 6 Waterproof All Black,sneaker shoes,ON,49030569918710,BLACK / UK 9,CL24336,17999.00,True,Available,In Stock,https://crepdogcrew.com/products/on-running-cloud-6-waterproof-all-black
https://crepdogcrew.com,8983577166070,On Running Cloud 6 Waterproof All Black,sneaker shoes,ON,49030569951478,BLACK / UK 9.5,CL24337,17999.00,True,Available,In Stock,https://crepdogcrew.com/products/on-running-cloud-6-waterproof-all-black
https://crepdogcrew.com,8983577166070,On Running Cloud 6 Waterproof All Black,sneaker shoes,ON,49030569984246,BLACK / UK 10,CL27999,17999.00,True,Available,In Stock,https://crepdogcrew.com/products/on-running-cloud-6-waterproof-all-black
https://crepdogcrew.com,8983577166070,On Running Cloud 6 Waterproof All Black,sneaker shoes,ON,49924409786614,BLACK / UK 10.5,CL40169,17999.00,True,Available,In Stock,https://crepdogcrew.com/products/on-running-cloud-6-waterproof-all-black
https://crepdogcrew.com,8983577166070,On Running Cloud 6 Waterproof All Black,sneaker shoes,ON,49030570017014,BLACK / UK 11,CL27758,17999.00,True,Available,In Stock,https://crepdogcrew.com/products/on-running-cloud-6-waterproof-all-black
https://crepdogcrew.com,8983577166070,On Running Cloud 6 Waterproof All Black,sneaker shoes,ON,49924409819382,BLACK / UK 11.5,CL40170,17999.00,True,Available,In Stock,https://crepdogcrew.com/products/on-running-cloud-6-waterproof-all-black
https://crepdogcrew.com,8983577166070,On Running Cloud 6 Waterproof All Black,sneaker shoes,ON,49030570049782,BLACK / UK 12,CL24338,17999.00,False,Sold Out,0 units left (Sold Out),https://crepdogcrew.com/products/on-running-cloud-6-waterproof-all-black
https://crepdogcrew.com,9499854635254,Melted Checkerboard machine made rug,Streetwear Rugs,THE DRIP CO. RUGS,51487572656374,3x2 ft,,2800.00,True,Available,In Stock,https://crepdogcrew.com/products/melted-checkerboard-machine-made-rug
https://crepdogcrew.com,9499854635254,Melted Checkerboard machine made rug,Streetwear Rugs,THE DRIP CO. RUGS,51487572689142,4x2.5 ft,,4500.00,True,Available,In Stock,https://crepdogcrew.com/products/melted-checkerboard-machine-made-rug
https://crepdogcrew.com,9499854635254,Melted Checkerboard machine made rug,Streetwear Rugs,THE DRIP CO. RUGS,51487572721910,5x3 ft,,6200.00,True,Available,In Stock,https://crepdogcrew.com/products/melted-checkerboard-machine-made-rug
https://crepdogcrew.com,9499854635254,Melted Checkerboard machine made rug,Streetwear Rugs,THE DRIP CO. RUGS,51487572754678,6x4 ft,,9500.00,True,Available,In Stock,https://crepdogcrew.com/products/melted-checkerboard-machine-made-rug
https://crepdogcrew.com,9499854536950,Better late than ugly machine made rug,Streetwear Rugs,THE DRIP CO. RUGS,51487572492534,3x2 ft,,2800.00,True,Available,In Stock,https://crepdogcrew.com/products/better-late-than-ugly-machine-made-rug
https://crepdogcrew.com,9499854209270,Billionaire mindset Hand tufted Rug,Streetwear Rugs,THE DRIP CO. RUGS,51487571902710,3x1.25 ft,,2700.00,True,Available,In Stock,https://crepdogcrew.com/products/billionaire-mindset-hand-tufted-rug
https://crepdogcrew.com,9499854209270,Billionaire mindset Hand tufted Rug,Streetwear Rugs,THE DRIP CO. RUGS,51487571935478,4x1.6 ft,,4600.00,True,Available,In Stock,https://crepdogcrew.com/products/billionaire-mindset-hand-tufted-rug
https://crepdogcrew.com,9499854209270,Billionaire mindset Hand tufted Rug,Streetwear Rugs,THE DRIP CO. RUGS,51487571968246,5x2 ft,,7200.00,True,Available,In Stock,https://crepdogcrew.com/products/billionaire-mindset-hand-tufted-rug
https://crepdogcrew.com,9499854405878,OG Gamers Hand Tufted Rug,Streetwear Rugs,THE DRIP CO. RUGS,51487572295926,3x1 ft,,2400.00,True,Available,In Stock,https://crepdogcrew.com/products/og-gamers-hand-tufted-rug
https://crepdogcrew.com,9499854405878,OG Gamers Hand Tufted Rug,Streetwear Rugs,THE DRIP CO. RUGS,51487572328694,4x1.5 ft,,4300.00,True,Available,In Stock,https://crepdogcrew.com/products/og-gamers-hand-tufted-rug
https://crepdogcrew.com,9499854405878,OG Gamers Hand Tufted Rug,Streetwear Rugs,THE DRIP CO. RUGS,51487572361462,5x2 ft,,7200.00,True,Available,In Stock,https://crepdogcrew.com/products/og-gamers-hand-tufted-rug
https://crepdogcrew.com,9499854143734,Manifesting paisa Hand tufted Rug,Streetwear Rugs,THE DRIP CO. RUGS,51487571607798,3x1.9 ft / Grey,,4000.00,True,Available,In Stock,https://crepdogcrew.com/products/manifesting-paisa-hand-tufted-rug
https://crepdogcrew.com,9499854143734,Manifesting paisa Hand tufted Rug,Streetwear Rugs,THE DRIP CO. RUGS,51487571640566,3x1.9 ft / Pink,,4000.00,True,Available,In Stock,https://crepdogcrew.com/products/manifesting-paisa-hand-tufted-rug
https://crepdogcrew.com,9499854143734,Manifesting paisa Hand tufted Rug,Streetwear Rugs,THE DRIP CO. RUGS,51487571673334,4x2.3 ft / Grey,,6600.00,True,Available,In Stock,https://crepdogcrew.com/products/manifesting-paisa-hand-tufted-rug
https://crepdogcrew.com,9499854143734,Manifesting paisa Hand tufted Rug,Streetwear Rugs,THE DRIP CO. RUGS,51487571706102,4x2.3 ft / Pink,,6600.00,True,Available,In Stock,https://crepdogcrew.com/products/manifesting-paisa-hand-tufted-rug
https://crepdogcrew.com,9499854143734,Manifesting paisa Hand tufted Rug,Streetwear Rugs,THE DRIP CO. RUGS,51487571738870,5x2.7 ft / Grey,,9600.00,True,Available,In Stock,https://crepdogcrew.com/products/manifesting-paisa-hand-tufted-rug
https://crepdogcrew.com,9499854143734,Manifesting paisa Hand tufted Rug,Streetwear Rugs,THE DRIP CO. RUGS,51487571771638,5x2.7 ft / Pink,,9600.00,True,Available,In Stock,https://crepdogcrew.com/products/manifesting-paisa-hand-tufted-rug
https://crepdogcrew.com,9499854340342,Gamers don't die Hand Tufted Rug,Streetwear Rugs,THE DRIP CO. RUGS,51487572066550,2x2 ft,,2950.00,True,Available,In Stock,https://crepdogcrew.com/products/gamers-dont-die-hand-tufted-rug
https://crepdogcrew.com,9499854340342,Gamers don't die Hand Tufted Rug,Streetwear Rugs,THE DRIP CO. RUGS,51487572099318,2.5x2.5 ft,,4500.00,True,Available,In Stock,https://crepdogcrew.com/products/gamers-dont-die-hand-tufted-rug
https://crepdogcrew.com,9499854340342,Gamers don't die Hand Tufted Rug,Streetwear Rugs,THE DRIP CO. RUGS,51487572132086,3x3 ft,,6200.00,True,Available,In Stock,https://crepdogcrew.com/products/gamers-dont-die-hand-tufted-rug
https://crepdogcrew.com,9499854340342,Gamers don't die Hand Tufted Rug,Streetwear Rugs,THE DRIP CO. RUGS,51487572164854,4x4 ft,,11500.00,True,Available,In Stock,https://crepdogcrew.com/products/gamers-dont-die-hand-tufted-rug
https://crepdogcrew.com,9499852505334,NOCTURNAL T-SHIRT - GREY,Streetwear T-Shirt,Of The Chaos,51487560040694,S,,2495.00,True,Available,In Stock,https://crepdogcrew.com/products/nocturnal-t-shirt-grey
https://crepdogcrew.com,9499852505334,NOCTURNAL T-SHIRT - GREY,Streetwear T-Shirt,Of The Chaos,51487560073462,M,,2495.00,True,Available,In Stock,https://crepdogcrew.com/products/nocturnal-t-shirt-grey
https://crepdogcrew.com,9499852505334,NOCTURNAL T-SHIRT - GREY,Streetwear T-Shirt,Of The Chaos,51487560106230,L,,2495.00,True,Available,In Stock,https://crepdogcrew.com/products/nocturnal-t-shirt-grey
https://crepdogcrew.com,9499852505334,NOCTURNAL T-SHIRT - GREY,Streetwear T-Shirt,Of The Chaos,51487560138998,XL,,2495.00,True,Available,In Stock,https://crepdogcrew.com/products/nocturnal-t-shirt-grey
https://crepdogcrew.com,9499852505334,NOCTURNAL T-SHIRT - GREY,Streetwear T-Shirt,Of The Chaos,51487560171766,2XL,,2495.00,True,Available,In Stock,https://crepdogcrew.com/products/nocturnal-t-shirt-grey
https://crepdogcrew.com,9499852505334,NOCTURNAL T-SHIRT - GREY,Streetwear T-Shirt,Of The Chaos,51487560204534,XS,,2495.00,True,Available,In Stock,https://crepdogcrew.com/products/nocturnal-t-shirt-grey
https://crepdogcrew.com,9499852570870,SCORPION 2.0 T-SHIRT - NAVY BLUE,Streetwear T-Shirt,Of The Chaos,51487560564982,XS,,2495.00,True,Available,In Stock,https://crepdogcrew.com/products/scorpion-2-0-t-shirt-navy-blue
https://crepdogcrew.com,9499852570870,SCORPION 2.0 T-SHIRT - NAVY BLUE,Streetwear T-Shirt,Of The Chaos,51487560597750,S,,2495.00,True,Available,In Stock,https://crepdogcrew.com/products/scorpion-2-0-t-shirt-navy-blue
https://crepdogcrew.com,9499852570870,SCORPION 2.0 T-SHIRT - NAVY BLUE,Streetwear T-Shirt,Of The Chaos,51487560630518,M,,2495.00,True,Available,In Stock,https://crepdogcrew.com/products/scorpion-2-0-t-shirt-navy-blue
https://crepdogcrew.com,9499852570870,SCORPION 2.0 T-SHIRT - NAVY BLUE,Streetwear T-Shirt,Of The Chaos,51487560663286,L,,2495.00,True,Available,In Stock,https://crepdogcrew.com/products/scorpion-2-0-t-shirt-navy-blue
https://crepdogcrew.com,9499852570870,SCORPION 2.0 T-SHIRT - NAVY BLUE,Streetwear T-Shirt,Of The Chaos,51487560696054,XL,,2495.00,True,Available,In Stock,https://crepdogcrew.com/products/scorpion-2-0-t-shirt-navy-blue
https://crepdogcrew.com,9499852570870,SCORPION 2.0 T-SHIRT - NAVY BLUE,Streetwear T-Shirt,Of The Chaos,51487560728822,2XL,,2495.00,True,Available,In Stock,https://crepdogcrew.com/products/scorpion-2-0-t-shirt-navy-blue
https://crepdogcrew.com,9499852407030,NOCTURNAL T-SHIRT - SMOKE PINE,Streetwear T-Shirt,Of The Chaos,51487559483638,S,,2495.00,True,Available,In Stock,https://crepdogcrew.com/products/nocturnal-t-shirt-smoke-pine
https://crepdogcrew.com,9499852407030,NOCTURNAL T-SHIRT - SMOKE PINE,Streetwear T-Shirt,Of The Chaos,51487559516406,M,,2495.00,True,Available,In Stock,https://crepdogcrew.com/products/nocturnal-t-shirt-smoke-pine
https://crepdogcrew.com,9499852407030,NOCTURNAL T-SHIRT - SMOKE PINE,Streetwear T-Shirt,Of The Chaos,51487559549174,L,,2495.00,True,Available,In Stock,https://crepdogcrew.com/products/nocturnal-t-shirt-smoke-pine
https://crepdogcrew.com,9499852407030,NOCTURNAL T-SHIRT - SMOKE PINE,Streetwear T-Shirt,Of The Chaos,51487559581942,XL,,2495.00,True,Available,In Stock,https://crepdogcrew.com/products/nocturnal-t-shirt-smoke-pine
https://crepdogcrew.com,9499852407030,NOCTURNAL T-SHIRT - SMOKE PINE,Streetwear T-Shirt,Of The Chaos,51487559614710,2XL,,2495.00,True,Available,In Stock,https://crepdogcrew.com/products/nocturnal-t-shirt-smoke-pine
https://crepdogcrew.com,9499852407030,NOCTURNAL T-SHIRT - SMOKE PINE,Streetwear T-Shirt,Of The Chaos,51487559647478,XS,,2495.00,False,Sold Out,0 units left (Sold Out),https://crepdogcrew.com/products/nocturnal-t-shirt-smoke-pine
https://crepdogcrew.com,9499852341494,TRIAL BY FIRE OMBRE T-SHIRT - SAND/BLACK,Streetwear T-Shirt,Of The Chaos,51487559188726,XS,,2995.00,False,Sold Out,0 units left (Sold Out),https://crepdogcrew.com/products/trial-by-fire-ombre-t-shirt-sand-black
https://crepdogcrew.com,9499852341494,TRIAL BY FIRE OMBRE T-SHIRT - SAND/BLACK,Streetwear T-Shirt,Of The Chaos,51487559221494,S,,2995.00,True,Available,In Stock,https://crepdogcrew.com/products/trial-by-fire-ombre-t-shirt-sand-black
https://crepdogcrew.com,9499852341494,TRIAL BY FIRE OMBRE T-SHIRT - SAND/BLACK,Streetwear T-Shirt,Of The Chaos,51487559254262,M,,2995.00,True,Available,In Stock,https://crepdogcrew.com/products/trial-by-fire-ombre-t-shirt-sand-black
https://crepdogcrew.com,9499852341494,TRIAL BY FIRE OMBRE T-SHIRT - SAND/BLACK,Streetwear T-Shirt,Of The Chaos,51487559287030,L,,2995.00,True,Available,In Stock,https://crepdogcrew.com/products/trial-by-fire-ombre-t-shirt-sand-black
https://crepdogcrew.com,9499852341494,TRIAL BY FIRE OMBRE T-SHIRT - SAND/BLACK,Streetwear T-Shirt,Of The Chaos,51487559319798,XL,,2995.00,True,Available,In Stock,https://crepdogcrew.com/products/trial-by-fire-ombre-t-shirt-sand-black
https://crepdogcrew.com,9499852341494,TRIAL BY FIRE OMBRE T-SHIRT - SAND/BLACK,Streetwear T-Shirt,Of The Chaos,51487559352566,2XL,,2995.00,True,Available,In Stock,https://crepdogcrew.com/products/trial-by-fire-ombre-t-shirt-sand-black
https://crepdogcrew.com,9499852341494,TRIAL BY FIRE OMBRE T-SHIRT - SAND/BLACK,Streetwear T-Shirt,Of The Chaos,51487559385334,3XL,,2995.00,False,Sold Out,0 units left (Sold Out),https://crepdogcrew.com/products/trial-by-fire-ombre-t-shirt-sand-black
https://crepdogcrew.com,9499846902006,New Balance 9060 Summer Black Afterglow,Sneaker Shoes,New Balance,51487542771958,BLACK / UK 4,,19999.00,True,Available,In Stock,https://crepdogcrew.com/products/new-balance-9060-summer-black-afterglow
https://crepdogcrew.com,9499846902006,New Balance 9060 Summer Black Afterglow,Sneaker Shoes,New Balance,51487542804726,BLACK / UK 4.5,,19999.00,True,Available,In Stock,https://crepdogcrew.com/products/new-balance-9060-summer-black-afterglow
https://crepdogcrew.com,9499846902006,New Balance 9060 Summer Black Afterglow,Sneaker Shoes,New Balance,51487542837494,BLACK / UK 5,,19999.00,True,Available,In Stock,https://crepdogcrew.com/products/new-balance-9060-summer-black-afterglow
https://crepdogcrew.com,9499846902006,New Balance 9060 Summer Black Afterglow,Sneaker Shoes,New Balance,51487542870262,BLACK / UK 5.5,,19999.00,True,Available,In Stock,https://crepdogcrew.com/products/new-balance-9060-summer-black-afterglow
https://crepdogcrew.com,9499846902006,New Balance 9060 Summer Black Afterglow,Sneaker Shoes,New Balance,51487542903030,BLACK / UK 6,,19999.00,True,Available,In Stock,https://crepdogcrew.com/products/new-balance-9060-summer-black-afterglow
https://crepdogcrew.com,9499846902006,New Balance 9060 Summer Black Afterglow,Sneaker Shoes,New Balance,51487542935798,BLACK / UK 6.5,,19999.00,True,Available,In Stock,https://crepdogcrew.com/products/new-balance-9060-summer-black-afterglow
https://crepdogcrew.com,9499846902006,New Balance 9060 Summer Black Afterglow,Sneaker Shoes,New Balance,51487534055670,BLACK / UK 7,,19999.00,True,Available,In Stock,https://crepdogcrew.com/products/new-balance-9060-summer-black-afterglow
https://crepdogcrew.com,9499846902006,New Balance 9060 Summer Black Afterglow,Sneaker Shoes,New Balance,51487534088438,BLACK / UK 7.5,,19999.00,True,Available,In Stock,https://crepdogcrew.com/products/new-balance-9060-summer-black-afterglow
https://crepdogcrew.com,9499846902006,New Balance 9060 Summer Black Afterglow,Sneaker Shoes,New Balance,51487534121206,BLACK / UK 8,,19999.00,True,Available,In Stock,https://crepdogcrew.com/products/new-balance-9060-summer-black-afterglow
https://crepdogcrew.com,9499846902006,New Balance 9060 Summer Black Afterglow,Sneaker Shoes,New Balance,51487534153974,BLACK / UK 8.5,,19999.00,True,Available,In Stock,https://crepdogcrew.com/products/new-balance-9060-summer-black-afterglow
https://crepdogcrew.com,9499846902006,New Balance 9060 Summer Black Afterglow,Sneaker Shoes,New Balance,51487534186742,BLACK / UK 9,,19999.00,True,Available,In Stock,https://crepdogcrew.com/products/new-balance-9060-summer-black-afterglow
https://crepdogcrew.com,9499846902006,New Balance 9060 Summer Black Afterglow,Sneaker Shoes,New Balance,51487534219510,BLACK / UK 9.5,,19999.00,True,Available,In Stock,https://crepdogcrew.com/products/new-balance-9060-summer-black-afterglow
https://crepdogcrew.com,9499846902006,New Balance 9060 Summer Black Afterglow,Sneaker Shoes,New Balance,51487534252278,BLACK / UK 10.5,,24999.00,True,Available,In Stock,https://crepdogcrew.com/products/new-balance-9060-summer-black-afterglow
https://crepdogcrew.com,9499846902006,New Balance 9060 Summer Black Afterglow,Sneaker Shoes,New Balance,51487542968566,BLACK / UK 11.5,,21999.00,True,Available,In Stock,https://crepdogcrew.com/products/new-balance-9060-summer-black-afterglow
https://crepdogcrew.com,9499848343798,Expandable Length Cargo-Green,Streetwear Pants Trousers,OSMO,51487541821686,28 / Green,,4200.00,True,Available,In Stock,https://crepdogcrew.com/products/expandable-length-cargo-green
https://crepdogcrew.com,9499848343798,Expandable Length Cargo-Green,Streetwear Pants Trousers,OSMO,51487541854454,28 / Black,,4200.00,True,Available,In Stock,https://crepdogcrew.com/products/expandable-length-cargo-green
https://crepdogcrew.com,9499848343798,Expandable Length Cargo-Green,Streetwear Pants Trousers,OSMO,51487541887222,30 / Green,,4200.00,True,Available,In Stock,https://crepdogcrew.com/products/expandable-length-cargo-green
https://crepdogcrew.com,9499848343798,Expandable Length Cargo-Green,Streetwear Pants Trousers,OSMO,51487541919990,30 / Black,,4200.00,True,Available,In Stock,https://crepdogcrew.com/products/expandable-length-cargo-green
https://crepdogcrew.com,9499848343798,Expandable Length Cargo-Green,Streetwear Pants Trousers,OSMO,51487541952758,32 / Green,,4200.00,True,Available,In Stock,https://crepdogcrew.com/products/expandable-length-cargo-green
https://crepdogcrew.com,9499848343798,Expandable Length Cargo-Green,Streetwear Pants Trousers,OSMO,51487541985526,32 / Black,,4200.00,True,Available,In Stock,https://crepdogcrew.com/products/expandable-length-cargo-green
https://crepdogcrew.com,9499848343798,Expandable Length Cargo-Green,Streetwear Pants Trousers,OSMO,51487542018294,34 / Green,,4200.00,True,Available,In Stock,https://crepdogcrew.com/products/expandable-length-cargo-green
https://crepdogcrew.com,9499848343798,Expandable Length Cargo-Green,Streetwear Pants Trousers,OSMO,51487542051062,34 / Black,,4200.00,False,Sold Out,0 units left (Sold Out),https://crepdogcrew.com/products/expandable-length-cargo-green
https://crepdogcrew.com,9499848343798,Expandable Length Cargo-Green,Streetwear Pants Trousers,OSMO,51487542083830,36 / Green,,4200.00,False,Sold Out,0 units left (Sold Out),https://crepdogcrew.com/products/expandable-length-cargo-green
https://crepdogcrew.com,9499848343798,Expandable Length Cargo-Green,Streetwear Pants Trousers,OSMO,51487542116598,36 / Black,,4200.00,False,Sold Out,0 units left (Sold Out),https://crepdogcrew.com/products/expandable-length-cargo-green
https://crepdogcrew.com,9499848311030,Detachable Utility Pocket Cargo,Streetwear Pants Trousers,OSMO,51487541625078,28,,4600.00,True,Available,In Stock,https://crepdogcrew.com/products/detachable-utility-pocket-cargo
https://crepdogcrew.com,9499848311030,Detachable Utility Pocket Cargo,Streetwear Pants Trousers,OSMO,51487541657846,30,,4600.00,True,Available,In Stock,https://crepdogcrew.com/products/detachable-utility-pocket-cargo
https://crepdogcrew.com,9499848311030,Detachable Utility Pocket Cargo,Streetwear Pants Trousers,OSMO,51487541690614,32,,4600.00,True,Available,In Stock,https://crepdogcrew.com/products/detachable-utility-pocket-cargo
https://crepdogcrew.com,9499848311030,Detachable Utility Pocket Cargo,Streetwear Pants Trousers,OSMO,51487541723382,34,,4600.00,True,Available,In Stock,https://crepdogcrew.com/products/detachable-utility-pocket-cargo
https://crepdogcrew.com,9499848311030,Detachable Utility Pocket Cargo,Streetwear Pants Trousers,OSMO,51487541756150,36,,4600.00,False,Sold Out,0 units left (Sold Out),https://crepdogcrew.com/products/detachable-utility-pocket-cargo
https://crepdogcrew.com,9499848278262,Velcro Adjustable Hem cargo,Streetwear Pants Trousers,OSMO,51487541428470,28,,3800.00,True,Available,In Stock,https://crepdogcrew.com/products/velcro-adjustable-hem-cargo
https://crepdogcrew.com,9499848278262,Velcro Adjustable Hem cargo,Streetwear Pants Trousers,OSMO,51487541461238,30,,3800.00,True,Available,In Stock,https://crepdogcrew.com/products/velcro-adjustable-hem-cargo
https://crepdogcrew.com,9499848278262,Velcro Adjustable Hem cargo,Streetwear Pants Trousers,OSMO,51487541494006,32,,3800.00,True,Available,In Stock,https://crepdogcrew.com/products/velcro-adjustable-hem-cargo
https://crepdogcrew.com,9499848278262,Velcro Adjustable Hem cargo,Streetwear Pants Trousers,OSMO,51487541526774,34,,3800.00,True,Available,In Stock,https://crepdogcrew.com/products/velcro-adjustable-hem-cargo
https://crepdogcrew.com,9499848278262,Velcro Adjustable Hem cargo,Streetwear Pants Trousers,OSMO,51487541559542,36,,3800.00,False,Sold Out,0 units left (Sold Out),https://crepdogcrew.com/products/velcro-adjustable-hem-cargo
https://crepdogcrew.com,9499848179958,Expandable Length Cargo,Streetwear Pants Trousers,OSMO,51487540871414,28 / Black,,4200.00,True,Available,In Stock,https://crepdogcrew.com/products/expandable-length-cargo
https://crepdogcrew.com,9499848179958,Expandable Length Cargo,Streetwear Pants Trousers,OSMO,51487540904182,28 / Green,,4200.00,True,Available,In Stock,https://crepdogcrew.com/products/expandable-length-cargo
https://crepdogcrew.com,9499848179958,Expandable Length Cargo,Streetwear Pants Trousers,OSMO,51487540936950,30 / Black,,4200.00,True,Available,In Stock,https://crepdogcrew.com/products/expandable-length-cargo
https://crepdogcrew.com,9499848179958,Expandable Length Cargo,Streetwear Pants Trousers,OSMO,51487540969718,30 / Green,,4200.00,True,Available,In Stock,https://crepdogcrew.com/products/expandable-length-cargo
https://crepdogcrew.com,9499848179958,Expandable Length Cargo,Streetwear Pants Trousers,OSMO,51487541002486,32 / Black,,4200.00,True,Available,In Stock,https://crepdogcrew.com/products/expandable-length-cargo
https://crepdogcrew.com,9499848179958,Expandable Length Cargo,Streetwear Pants Trousers,OSMO,51487541035254,32 / Green,,4200.00,True,Available,In Stock,https://crepdogcrew.com/products/expandable-length-cargo
https://crepdogcrew.com,9499848179958,Expandable Length Cargo,Streetwear Pants Trousers,OSMO,51487541068022,34 / Black,,4200.00,True,Available,In Stock,https://crepdogcrew.com/products/expandable-length-cargo
https://crepdogcrew.com,9499848179958,Expandable Length Cargo,Streetwear Pants Trousers,OSMO,51487541100790,34 / Green,,4200.00,True,Available,In Stock,https://crepdogcrew.com/products/expandable-length-cargo
https://crepdogcrew.com,9499848179958,Expandable Length Cargo,Streetwear Pants Trousers,OSMO,51487541133558,36 / Black,,4200.00,False,Sold Out,0 units left (Sold Out),https://crepdogcrew.com/products/expandable-length-cargo
https://crepdogcrew.com,9499848179958,Expandable Length Cargo,Streetwear Pants Trousers,OSMO,51487541166326,36 / Green,,4200.00,False,Sold Out,0 units left (Sold Out),https://crepdogcrew.com/products/expandable-length-cargo
https://crepdogcrew.com,9499848147190,Velcro Shape Shifter Cargo,Streetwear Pants Trousers,OSMO,51487540642038,28,,4600.00,True,Available,In Stock,https://crepdogcrew.com/products/velcro-shape-shifter-cargo
https://crepdogcrew.com,9499848147190,Velcro Shape Shifter Cargo,Streetwear Pants Trousers,OSMO,51487540674806,30,,4600.00,True,Available,In Stock,https://crepdogcrew.com/products/velcro-shape-shifter-cargo
https://crepdogcrew.com,9499848147190,Velcro Shape Shifter Cargo,Streetwear Pants Trousers,OSMO,51487540707574,32,,4600.00,True,Available,In Stock,https://crepdogcrew.com/products/velcro-shape-shifter-cargo
https://crepdogcrew.com,9499848147190,Velcro Shape Shifter Cargo,Streetwear Pants Trousers,OSMO,51487540740342,34,,4600.00,True,Available,In Stock,https://crepdogcrew.com/products/velcro-shape-shifter-cargo
https://crepdogcrew.com,9499848147190,Velcro Shape Shifter Cargo,Streetwear Pants Trousers,OSMO,51487540773110,36,,4600.00,False,Sold Out,0 units left (Sold Out),https://crepdogcrew.com/products/velcro-shape-shifter-cargo
https://crepdogcrew.com,9499769209078,Coach Lara Mini Satchel Bag,WOMEN BAG,COACH,51487443452150,suede Gold Warm Brown,,15999.00,True,Available,In Stock,https://crepdogcrew.com/products/coach-lara-mini-satchel-bag
https://crepdogcrew.com,9499769209078,Coach Lara Mini Satchel Bag,WOMEN BAG,COACH,51487443484918,nappa leather Gold Lilac,,15999.00,True,Available,In Stock,https://crepdogcrew.com/products/coach-lara-mini-satchel-bag
https://crepdogcrew.com,9499848245494,Snap Button Closure Cargo,Streetwear Pants Trousers,OSMO,51487541231862,28,,3800.00,True,Available,In Stock,https://crepdogcrew.com/products/snap-button-closure-cargo
https://crepdogcrew.com,9499848245494,Snap Button Closure Cargo,Streetwear Pants Trousers,OSMO,51487541264630,30,,3800.00,True,Available,In Stock,https://crepdogcrew.com/products/snap-button-closure-cargo
https://crepdogcrew.com,9499848245494,Snap Button Closure Cargo,Streetwear Pants Trousers,OSMO,51487541297398,32,,3800.00,True,Available,In Stock,https://crepdogcrew.com/products/snap-button-closure-cargo
https://crepdogcrew.com,9499848245494,Snap Button Closure Cargo,Streetwear Pants Trousers,OSMO,51487541330166,34,,3800.00,True,Available,In Stock,https://crepdogcrew.com/products/snap-button-closure-cargo
https://crepdogcrew.com,9499848245494,Snap Button Closure Cargo,Streetwear Pants Trousers,OSMO,51487541362934,36,,3800.00,False,Sold Out,0 units left (Sold Out),https://crepdogcrew.com/products/snap-button-closure-cargo
https://crepdogcrew.com,9499726643446,Coach Elodie Crossbody Bag With Quilting suede Gold Marigold,BAGS,COACH,51487329485046,Default Title,,29999.00,True,Available,In Stock,https://crepdogcrew.com/products/coach-elodie-crossbody-bag-with-quilting-suede-gold-marigold
https://crepdogcrew.com,9499721466102,Nike Ja 4 NY vs. NY,sneaker shoes,Nike,51487315656950,MULTICOLOR / UK 6,,220499.00,False,Sold Out,0 units left (Sold Out),https://crepdogcrew.com/products/nike-ja-4-ny-vs-ny
https://crepdogcrew.com,9499721466102,Nike Ja 4 NY vs. NY,sneaker shoes,Nike,51487315689718,MULTICOLOR / UK 6.5,,220499.00,False,Sold Out,0 units left (Sold Out),https://crepdogcrew.com/products/nike-ja-4-ny-vs-ny
https://crepdogcrew.com,9499721466102,Nike Ja 4 NY vs. NY,sneaker shoes,Nike,51487315722486,MULTICOLOR / UK 7,,76499.00,True,Available,In Stock,https://crepdogcrew.com/products/nike-ja-4-ny-vs-ny
https://crepdogcrew.com,9499721466102,Nike Ja 4 NY vs. NY,sneaker shoes,Nike,51487315755254,MULTICOLOR / UK 7.5,,42999.00,True,Available,In Stock,https://crepdogcrew.com/products/nike-ja-4-ny-vs-ny
https://crepdogcrew.com,9499721466102,Nike Ja 4 NY vs. NY,sneaker shoes,Nike,51487315788022,MULTICOLOR / UK 8,,35499.00,True,Available,In Stock,https://crepdogcrew.com/products/nike-ja-4-ny-vs-ny
https://crepdogcrew.com,9499721466102,Nike Ja 4 NY vs. NY,sneaker shoes,Nike,51487315820790,MULTICOLOR / UK 8.5,,34999.00,True,Available,In Stock,https://crepdogcrew.com/products/nike-ja-4-ny-vs-ny
https://crepdogcrew.com,9499721466102,Nike Ja 4 NY vs. NY,sneaker shoes,Nike,51487315853558,MULTICOLOR / UK 9,,41499.00,True,Available,In Stock,https://crepdogcrew.com/products/nike-ja-4-ny-vs-ny
https://crepdogcrew.com,9499721466102,Nike Ja 4 NY vs. NY,sneaker shoes,Nike,51487315886326,MULTICOLOR / UK 9.5,,42999.00,True,Available,In Stock,https://crepdogcrew.com/products/nike-ja-4-ny-vs-ny
https://crepdogcrew.com,9499721466102,Nike Ja 4 NY vs. NY,sneaker shoes,Nike,51487315919094,MULTICOLOR / UK 10,,35499.00,True,Available,In Stock,https://crepdogcrew.com/products/nike-ja-4-ny-vs-ny
https://crepdogcrew.com,9499721466102,Nike Ja 4 NY vs. NY,sneaker shoes,Nike,51487315951862,MULTICOLOR / UK 11,,33499.00,True,Available,In Stock,https://crepdogcrew.com/products/nike-ja-4-ny-vs-ny
https://crepdogcrew.com,9499721466102,Nike Ja 4 NY vs. NY,sneaker shoes,Nike,51487315984630,MULTICOLOR / UK 12,,34999.00,True,Available,In Stock,https://crepdogcrew.com/products/nike-ja-4-ny-vs-ny
https://crepdogcrew.com,9499652620534,Coach Rowan Large Satchel Bag,BAGS,COACH,51487146836214,signature canvas Gold Walnut Black,,32999.00,True,Available,In Stock,https://crepdogcrew.com/products/coach-rowan-large-satchel-bag
https://crepdogcrew.com,9499652620534,Coach Rowan Large Satchel Bag,BAGS,COACH,51487146868982,suede Gold Warm Brown,,32999.00,True,Available,In Stock,https://crepdogcrew.com/products/coach-rowan-large-satchel-bag
https://crepdogcrew.com,9443900326134,On Running Cloudtilt Tundra Black,sneaker shoes,ON,51176501444854,BLACK / UK 6.5,ZYZYZY,18999.00,False,Sold Out,0 units left (Sold Out),https://crepdogcrew.com/products/on-running-cloudtilt-tundra-black
https://crepdogcrew.com,9443900326134,On Running Cloudtilt Tundra Black,sneaker shoes,ON,51176501477622,BLACK / UK 7,ZYZYZY,18999.00,False,Sold Out,0 units left (Sold Out),https://crepdogcrew.com/products/on-running-cloudtilt-tundra-black
https://crepdogcrew.com,9443900326134,On Running Cloudtilt Tundra Black,sneaker shoes,ON,51176501510390,BLACK / UK 7.5,ZYZYZY,18999.00,False,Sold Out,0 units left (Sold Out),https://crepdogcrew.com/products/on-running-cloudtilt-tundra-black
https://crepdogcrew.com,9443900326134,On Running Cloudtilt Tundra Black,sneaker shoes,ON,51176501543158,BLACK / UK 8,ZYZYZY,18999.00,False,Sold Out,0 units left (Sold Out),https://crepdogcrew.com/products/on-running-cloudtilt-tundra-black
https://crepdogcrew.com,9443900326134,On Running Cloudtilt Tundra Black,sneaker shoes,ON,51176501575926,BLACK / UK 8.5,ZYZYZY,18999.00,True,Available,In Stock,https://crepdogcrew.com/products/on-running-cloudtilt-tundra-black
https://crepdogcrew.com,9443900326134,On Running Cloudtilt Tundra Black,sneaker shoes,ON,51176501608694,BLACK / UK 9,ZYZYZY,18999.00,True,Available,In Stock,https://crepdogcrew.com/products/on-running-cloudtilt-tundra-black
https://crepdogcrew.com,9443900326134,On Running Cloudtilt Tundra Black,sneaker shoes,ON,51176501641462,BLACK / UK 9.5,ZYZYZY,18999.00,False,Sold Out,0 units left (Sold Out),https://crepdogcrew.com/products/on-running-cloudtilt-tundra-black
https://crepdogcrew.com,9443900326134,On Running Cloudtilt Tundra Black,sneaker shoes,ON,51176501674230,BLACK / UK 10,ZYZYZY,18999.00,True,Available,In Stock,https://crepdogcrew.com/products/on-running-cloudtilt-tundra-black
https://crepdogcrew.com,9443900326134,On Running Cloudtilt Tundra Black,sneaker shoes,ON,51176501706998,BLACK / UK 10.5,ZYZYZY,18999.00,False,Sold Out,0 units left (Sold Out),https://crepdogcrew.com/products/on-running-cloudtilt-tundra-black
https://crepdogcrew.com,9443900326134,On Running Cloudtilt Tundra Black,sneaker shoes,ON,51176501739766,BLACK / UK 11,ZYZYZY,18999.00,False,Sold Out,0 units left (Sold Out),https://crepdogcrew.com/products/on-running-cloudtilt-tundra-black
https://crepdogcrew.com,9443900326134,On Running Cloudtilt Tundra Black,sneaker shoes,ON,51176501772534,BLACK / UK 11.5,ZYZYZY,18999.00,False,Sold Out,0 units left (Sold Out),https://crepdogcrew.com/products/on-running-cloudtilt-tundra-black
https://crepdogcrew.com,9443900326134,On Running Cloudtilt Tundra Black,sneaker shoes,ON,51176501805302,BLACK / UK 12,ZYZYZY,18999.00,False,Sold Out,0 units left (Sold Out),https://crepdogcrew.com/products/on-running-cloudtilt-tundra-black
https://crepdogcrew.com,9443900326134,On Running Cloudtilt Tundra Black,sneaker shoes,ON,51176501838070,BLACK / UK 12.5,ZYZYZY,18999.00,False,Sold Out,0 units left (Sold Out),https://crepdogcrew.com/products/on-running-cloudtilt-tundra-black
https://crepdogcrew.com,9443900326134,On Running Cloudtilt Tundra Black,sneaker shoes,ON,51176501870838,BLACK / UK 13.5,ZYZYZY,18999.00,False,Sold Out,0 units left (Sold Out),https://crepdogcrew.com/products/on-running-cloudtilt-tundra-black
https://crepdogcrew.com,8359984595190,Jordan 1 Mid Patent Black White Gold,sneaker shoes,Nike Air Jordan,51487048499446,BLACK / UK 8,,13999.00,True,Available,In Stock,https://crepdogcrew.com/products/jordan-1-mid-patent-black-white-gold
https://crepdogcrew.com,8359984595190,Jordan 1 Mid Patent Black White Gold,sneaker shoes,Nike Air Jordan,51487048532214,BLACK / UK 8.5,,13999.00,True,Available,In Stock,https://crepdogcrew.com/products/jordan-1-mid-patent-black-white-gold
https://crepdogcrew.com,8359984595190,Jordan 1 Mid Patent Black White Gold,sneaker shoes,Nike Air Jordan,51487048564982,BLACK / UK 9,,13999.00,True,Available,In Stock,https://crepdogcrew.com/products/jordan-1-mid-patent-black-white-gold
https://crepdogcrew.com,8359984595190,Jordan 1 Mid Patent Black White Gold,sneaker shoes,Nike Air Jordan,51487048597750,BLACK / UK 9.5,,13999.00,True,Available,In Stock,https://crepdogcrew.com/products/jordan-1-mid-patent-black-white-gold
https://crepdogcrew.com,8359984595190,Jordan 1 Mid Patent Black White Gold,sneaker shoes,Nike Air Jordan,49047905730806,BLACK / UK 10,CL10030,13999.00,True,Available,In Stock,https://crepdogcrew.com/products/jordan-1-mid-patent-black-white-gold
https://crepdogcrew.com,8359984595190,Jordan 1 Mid Patent Black White Gold,sneaker shoes,Nike Air Jordan,49947446116598,BLACK / UK 11,CL10031,13999.00,False,Sold Out,0 units left (Sold Out),https://crepdogcrew.com/products/jordan-1-mid-patent-black-white-gold
https://crepdogcrew.com,9499583709430,Coach Etta Small Flap Shoulder Bag With Floral Applique smooth leather Gold Blush Pink,WOMEN BAG,COACH,51487005343990,Default Title,,29999.00,True,Available,In Stock,https://crepdogcrew.com/products/coach-etta-small-flap-shoulder-bag-with-floral-applique-smooth-leather-gold-blush-pink
https://crepdogcrew.com,9499560247542,Coach Ashton Mini Shoulder Bag In Haircalf Dark Brown Chalk,SHOULDER BAG,COACH,51486937972982,Default Title,,20999.00,True,Available,In Stock,https://crepdogcrew.com/products/coach-ashton-mini-shoulder-bag-in-haircalf-dark-brown-chalk
https://crepdogcrew.com,9499542421750,Coach Rowan Satchel Bag With Pockets In Loved Leather Black Brown,WOMEN BAG,COACH,51486910644470,Default Title,,31999.00,True,Available,In Stock,https://crepdogcrew.com/products/coach-rowan-satchel-bag-with-pockets-in-loved-leather-black-brown
https://crepdogcrew.com,9499530068214,Coach Laurel Shoulder Bag 22 With Pockets In Loved Leather Silver Black Brown,WOMEN BAG,COACH,51486896914678,Default Title,,23999.00,True,Available,In Stock,https://crepdogcrew.com/products/coach-laurel-shoulder-bag-22-with-pockets-in-loved-leather-silver-black-brown
https://crepdogcrew.com,9499515683062,Coach Rowan Bucket Bag With Pocket In Loved Leather Silver Black Brown,WOMEN BAG,COACH,51486878630134,Default Title,,29999.00,True,Available,In Stock,https://crepdogcrew.com/products/coach-rowan-bucket-bag-with-pocket-in-loved-leather
https://crepdogcrew.com,9499501035766,Coach Laurel Shoulder Bag With Pockets In Loved Leather Silver Black Brown,WOMEN BAG,COACH,51486850089206,Default Title,,38499.00,True,Available,In Stock,https://crepdogcrew.com/products/coach-laurel-shoulder-bag-with-pockets-in-loved-leather
https://crepdogcrew.com,9498553057526,Coach Id Billfold Wallet,Men Wallet,COACH,51484775317750,Olive,,11499.00,True,Available,In Stock,https://crepdogcrew.com/products/coach-id-billfold-wallet-in-signature-canvas
https://crepdogcrew.com,9498553057526,Coach Id Billfold Wallet,Men Wallet,COACH,51484775350518,Amber Brown,,11499.00,True,Available,In Stock,https://crepdogcrew.com/products/coach-id-billfold-wallet-in-signature-canvas
https://crepdogcrew.com,9498553057526,Coach Id Billfold Wallet,Men Wallet,COACH,51484775383286,signature canvas Black,,11499.00,True,Available,In Stock,https://crepdogcrew.com/products/coach-id-billfold-wallet-in-signature-canvas
https://crepdogcrew.com,9498553057526,Coach Id Billfold Wallet,Men Wallet,COACH,51484775416054,pebbled leather Deep Blue Multi,,11499.00,True,Available,In Stock,https://crepdogcrew.com/products/coach-id-billfold-wallet-in-signature-canvas
https://crepdogcrew.com,9498553057526,Coach Id Billfold Wallet,Men Wallet,COACH,51484775448822,signature canvas Gunmetal Tan Black,,11499.00,True,Available,In Stock,https://crepdogcrew.com/products/coach-id-billfold-wallet-in-signature-canvas
https://crepdogcrew.com,9498553057526,Coach Id Billfold Wallet,Men Wallet,COACH,51484775481590,signature canvas Gunmetal Charcoal Black,,11499.00,True,Available,In Stock,https://crepdogcrew.com/products/coach-id-billfold-wallet-in-signature-canvas
https://crepdogcrew.com,9498553057526,Coach Id Billfold Wallet,Men Wallet,COACH,51484775514358,signature canvas Ink Blue,,11499.00,True,Available,In Stock,https://crepdogcrew.com/products/coach-id-billfold-wallet-in-signature-canvas
https://crepdogcrew.com,9498553057526,Coach Id Billfold Wallet,Men Wallet,COACH,51484775547126,pebbled leather Black Antique Nickel Black,,11499.00,True,Available,In Stock,https://crepdogcrew.com/products/coach-id-billfold-wallet-in-signature-canvas
https://crepdogcrew.com,9497754960118,ASICS Gel-Kayano 12.1 Vandy The Pink Vanilla,sneaker shoes,ASICS,51475728564470,SILVER / UK 8,ZYZYZY,28499.00,False,Sold Out,0 units left (Sold Out),https://crepdogcrew.com/products/asics-gel-kayano-12-1-vandy-the-pink-vanilla
https://crepdogcrew.com,9497754960118,ASICS Gel-Kayano 12.1 Vandy The Pink Vanilla,sneaker shoes,ASICS,51475729285366,SILVER / UK 9,ZYZYZY,28499.00,True,Available,In Stock,https://crepdogcrew.com/products/asics-gel-kayano-12-1-vandy-the-pink-vanilla
https://crepdogcrew.com,9497754960118,ASICS Gel-Kayano 12.1 Vandy The Pink Vanilla,sneaker shoes,ASICS,51475729318134,SILVER / UK 10,ZYZYZY,28499.00,True,Available,In Stock,https://crepdogcrew.com/products/asics-gel-kayano-12-1-vandy-the-pink-vanilla
https://crepdogcrew.com,9497754960118,ASICS Gel-Kayano 12.1 Vandy The Pink Vanilla,sneaker shoes,ASICS,51475729350902,SILVER / UK 11,ZYZYZY,28499.00,True,Available,In Stock,https://crepdogcrew.com/products/asics-gel-kayano-12-1-vandy-the-pink-vanilla
https://crepdogcrew.com,9223808811254,Coach Nolita 19 In Signature Canvas Gold Walnut Black,WOMEN BAG,COACH,49594850181366,Default Title,CL38687,16999.00,True,Available,In Stock,https://crepdogcrew.com/products/coach-nolita-19-in-signature-canvas-1
https://crepdogcrew.com,9487311372534,FIRST LABOUR T-SHIRT - BLACK,Streetwear T-Shirt,Of The Chaos,51382173106422,XS,CL,2995.00,False,Sold Out,0 units left (Sold Out),https://crepdogcrew.com/products/first-labour-t-shirt-black
https://crepdogcrew.com,9487311372534,FIRST LABOUR T-SHIRT - BLACK,Streetwear T-Shirt,Of The Chaos,51382173139190,S,CL,2995.00,True,Available,In Stock,https://crepdogcrew.com/products/first-labour-t-shirt-black
https://crepdogcrew.com,9487311372534,FIRST LABOUR T-SHIRT - BLACK,Streetwear T-Shirt,Of The Chaos,51382173171958,M,CL,2995.00,True,Available,In Stock,https://crepdogcrew.com/products/first-labour-t-shirt-black
https://crepdogcrew.com,9487311372534,FIRST LABOUR T-SHIRT - BLACK,Streetwear T-Shirt,Of The Chaos,51382173204726,L,CL,2995.00,False,Sold Out,0 units left (Sold Out),https://crepdogcrew.com/products/first-labour-t-shirt-black
https://crepdogcrew.com,9487311372534,FIRST LABOUR T-SHIRT - BLACK,Streetwear T-Shirt,Of The Chaos,51382173237494,XL,CL,2995.00,True,Available,In Stock,https://crepdogcrew.com/products/first-labour-t-shirt-black
https://crepdogcrew.com,9487311372534,FIRST LABOUR T-SHIRT - BLACK,Streetwear T-Shirt,Of The Chaos,51382173270262,2XL,CL,2995.00,True,Available,In Stock,https://crepdogcrew.com/products/first-labour-t-shirt-black
https://crepdogcrew.com,9487311372534,FIRST LABOUR T-SHIRT - BLACK,Streetwear T-Shirt,Of The Chaos,51382173303030,3XL,CL,2995.00,True,Available,In Stock,https://crepdogcrew.com/products/first-labour-t-shirt-black
https://crepdogcrew.com,9494992093430,Onitsuka MEXICO 66 SD JADE,Sneaker Shoes,ONITSUKA,51459093135606,Green / UK 7,,16500.00,True,Available,In Stock,https://crepdogcrew.com/products/onitsuka-mexico-66-sd-jade-jade
https://crepdogcrew.com,9494992093430,Onitsuka MEXICO 66 SD JADE,Sneaker Shoes,ONITSUKA,51459093168374,Green / UK 8,,16500.00,True,Available,In Stock,https://crepdogcrew.com/products/onitsuka-mexico-66-sd-jade-jade
https://crepdogcrew.com,9494992093430,Onitsuka MEXICO 66 SD JADE,Sneaker Shoes,ONITSUKA,51459093201142,Green / UK 9,,16500.00,True,Available,In Stock,https://crepdogcrew.com/products/onitsuka-mexico-66-sd-jade-jade
https://crepdogcrew.com,9494992093430,Onitsuka MEXICO 66 SD JADE,Sneaker Shoes,ONITSUKA,51459093070070,Green / UK 10,,16500.00,True,Available,In Stock,https://crepdogcrew.com/products/onitsuka-mexico-66-sd-jade-jade
https://crepdogcrew.com,9494992093430,Onitsuka MEXICO 66 SD JADE,Sneaker Shoes,ONITSUKA,51459093102838,Green / UK 11,,16500.00,True,Available,In Stock,https://crepdogcrew.com/products/onitsuka-mexico-66-sd-jade-jade
https://crepdogcrew.com,9494993600758,Onitsuka MEXICO 66 VINY OFF-WHITE IRON NAVY,Sneaker Shoes,ONITSUKA,51459101458678,GREY / UK 4,,15500.00,True,Available,In Stock,https://crepdogcrew.com/products/onitsuka-mexico-66-viny-off-white-iron-navy
https://crepdogcrew.com,9494993600758,Onitsuka MEXICO 66 VINY OFF-WHITE IRON NAVY,Sneaker Shoes,ONITSUKA,51459101491446,GREY / UK 5,,15500.00,True,Available,In Stock,https://crepdogcrew.com/products/onitsuka-mexico-66-viny-off-white-iron-navy
https://crepdogcrew.com,9494993600758,Onitsuka MEXICO 66 VINY OFF-WHITE IRON NAVY,Sneaker Shoes,ONITSUKA,51459101524214,GREY / UK 6,,15500.00,True,Available,In Stock,https://crepdogcrew.com/products/onitsuka-mexico-66-viny-off-white-iron-navy
https://crepdogcrew.com,9494993600758,Onitsuka MEXICO 66 VINY OFF-WHITE IRON NAVY,Sneaker Shoes,ONITSUKA,51459101556982,GREY / UK 7,,15500.00,True,Available,In Stock,https://crepdogcrew.com/products/onitsuka-mexico-66-viny-off-white-iron-navy
https://crepdogcrew.com,9494993600758,Onitsuka MEXICO 66 VINY OFF-WHITE IRON NAVY,Sneaker Shoes,ONITSUKA,51459101589750,GREY / UK 8,,15500.00,True,Available,In Stock,https://crepdogcrew.com/products/onitsuka-mexico-66-viny-off-white-iron-navy
https://crepdogcrew.com,9494993600758,Onitsuka MEXICO 66 VINY OFF-WHITE IRON NAVY,Sneaker Shoes,ONITSUKA,51459101393142,GREY / UK 10,,15500.00,True,Available,In Stock,https://crepdogcrew.com/products/onitsuka-mexico-66-viny-off-white-iron-navy
https://crepdogcrew.com,9494993600758,Onitsuka MEXICO 66 VINY OFF-WHITE IRON NAVY,Sneaker Shoes,ONITSUKA,51459101425910,GREY / UK 12,,15500.00,True,Available,In Stock,https://crepdogcrew.com/products/onitsuka-mexico-66-viny-off-white-iron-navy
https://crepdogcrew.com,9494992978166,Onitsuka MEXICO 66 SLIP-ON Black,Sneaker Shoes,ONITSUKA,51459097395446,BLACK / UK 4,,10500.00,True,Available,In Stock,https://crepdogcrew.com/products/onitsuka-mexico-66-slip-on-black
https://crepdogcrew.com,9494992978166,Onitsuka MEXICO 66 SLIP-ON Black,Sneaker Shoes,ONITSUKA,51459097428214,BLACK / UK 5,,10500.00,True,Available,In Stock,https://crepdogcrew.com/products/onitsuka-mexico-66-slip-on-black
https://crepdogcrew.com,9494992978166,Onitsuka MEXICO 66 SLIP-ON Black,Sneaker Shoes,ONITSUKA,51459097460982,BLACK / UK 6,,10500.00,True,Available,In Stock,https://crepdogcrew.com/products/onitsuka-mexico-66-slip-on-black
https://crepdogcrew.com,9494992978166,Onitsuka MEXICO 66 SLIP-ON Black,Sneaker Shoes,ONITSUKA,51459097493750,BLACK / UK 7,,10500.00,True,Available,In Stock,https://crepdogcrew.com/products/onitsuka-mexico-66-slip-on-black
https://crepdogcrew.com,9494992978166,Onitsuka MEXICO 66 SLIP-ON Black,Sneaker Shoes,ONITSUKA,51459097526518,BLACK / UK 9,,10500.00,True,Available,In Stock,https://crepdogcrew.com/products/onitsuka-mexico-66-slip-on-black
https://crepdogcrew.com,9494992978166,Onitsuka MEXICO 66 SLIP-ON Black,Sneaker Shoes,ONITSUKA,51459097362678,BLACK / UK 12,,10500.00,True,Available,In Stock,https://crepdogcrew.com/products/onitsuka-mexico-66-slip-on-black
https://crepdogcrew.com,9494988095734,Onitsuka MEXICO 66 BEIGE,Sneaker Shoes,ONITSUKA,51459066527990,BEIGE / UK 7,,16500.00,True,Available,In Stock,https://crepdogcrew.com/products/onitsuka-mexico-66-beige
https://crepdogcrew.com,9494988095734,Onitsuka MEXICO 66 BEIGE,Sneaker Shoes,ONITSUKA,51459066560758,BEIGE / UK 8,,16500.00,True,Available,In Stock,https://crepdogcrew.com/products/onitsuka-mexico-66-beige
https://crepdogcrew.com,9494988095734,Onitsuka MEXICO 66 BEIGE,Sneaker Shoes,ONITSUKA,51459066593526,BEIGE / UK 9,,16500.00,True,Available,In Stock,https://crepdogcrew.com/products/onitsuka-mexico-66-beige
https://crepdogcrew.com,9494988095734,Onitsuka MEXICO 66 BEIGE,Sneaker Shoes,ONITSUKA,51459066429686,BEIGE / UK 10,,16500.00,True,Available,In Stock,https://crepdogcrew.com/products/onitsuka-mexico-66-beige
https://crepdogcrew.com,9494988095734,Onitsuka MEXICO 66 BEIGE,Sneaker Shoes,ONITSUKA,51459066462454,BEIGE / UK 11,,16500.00,True,Available,In Stock,https://crepdogcrew.com/products/onitsuka-mexico-66-beige
https://crepdogcrew.com,9494988095734,Onitsuka MEXICO 66 BEIGE,Sneaker Shoes,ONITSUKA,51459066495222,BEIGE / UK 12,,16500.00,True,Available,In Stock,https://crepdogcrew.com/products/onitsuka-mexico-66-beige
https://crepdogcrew.com,9494993764598,Onitsuka TOKUTEN BLOSSOM PINK BLACK,Sneaker Shoes,ONITSUKA,51459102048502,PINK / UK 4.5,,12500.00,True,Available,In Stock,https://crepdogcrew.com/products/onitsuka-tokuten-blossom-pink-black
https://crepdogcrew.com,9494993764598,Onitsuka TOKUTEN BLOSSOM PINK BLACK,Sneaker Shoes,ONITSUKA,51459102081270,PINK / UK 5,,12500.00,True,Available,In Stock,https://crepdogcrew.com/products/onitsuka-tokuten-blossom-pink-black
https://crepdogcrew.com,9494993764598,Onitsuka TOKUTEN BLOSSOM PINK BLACK,Sneaker Shoes,ONITSUKA,51459102114038,PINK / UK 9.5,,12500.00,True,Available,In Stock,https://crepdogcrew.com/products/onitsuka-tokuten-blossom-pink-black
https://crepdogcrew.com,9494993764598,Onitsuka TOKUTEN BLOSSOM PINK BLACK,Sneaker Shoes,ONITSUKA,51459101950198,PINK / UK 10,,12500.00,True,Available,In Stock,https://crepdogcrew.com/products/onitsuka-tokuten-blossom-pink-black
https://crepdogcrew.com,9494993764598,Onitsuka TOKUTEN BLOSSOM PINK BLACK,Sneaker Shoes,ONITSUKA,51459101982966,PINK / UK 11,,12500.00,True,Available,In Stock,https://crepdogcrew.com/products/onitsuka-tokuten-blossom-pink-black
https://crepdogcrew.com,9494993764598,Onitsuka TOKUTEN BLOSSOM PINK BLACK,Sneaker Shoes,ONITSUKA,51459102015734,PINK / UK 12,,12500.00,True,Available,In Stock,https://crepdogcrew.com/products/onitsuka-tokuten-blossom-pink-black
https://crepdogcrew.com,9494988849398,Onitsuka MEXICO 66 Cream,Sneaker Shoes,ONITSUKA,51459072164086,BEIGE / UK 4.5,,13500.00,False,Sold Out,0 units left (Sold Out),https://crepdogcrew.com/products/onitsuka-mexico-66-cream-cream
https://crepdogcrew.com,9494988849398,Onitsuka MEXICO 66 Cream,Sneaker Shoes,ONITSUKA,51459072196854,BEIGE / UK 5.5,,13500.00,False,Sold Out,0 units left (Sold Out),https://crepdogcrew.com/products/onitsuka-mexico-66-cream-cream
https://crepdogcrew.com,9494988849398,Onitsuka MEXICO 66 Cream,Sneaker Shoes,ONITSUKA,51459072229622,BEIGE / UK 7.5,,13500.00,False,Sold Out,0 units left (Sold Out),https://crepdogcrew.com/products/onitsuka-mexico-66-cream-cream
https://crepdogcrew.com,9494988849398,Onitsuka MEXICO 66 Cream,Sneaker Shoes,ONITSUKA,51459072262390,BEIGE / UK 8,,11500.00,True,Available,In Stock,https://crepdogcrew.com/products/onitsuka-mexico-66-cream-cream
https://crepdogcrew.com,9494988849398,Onitsuka MEXICO 66 Cream,Sneaker Shoes,ONITSUKA,51459072131318,BEIGE / UK 10,,11500.00,True,Available,In Stock,https://crepdogcrew.com/products/onitsuka-mexico-66-cream-cream
https://crepdogcrew.com,9494988325110,Onitsuka MEXICO 66 Black,Sneaker Shoes,ONITSUKA,51459067412726,Black / UK 4,,12500.00,True,Available,In Stock,https://crepdogcrew.com/products/onitsuka-mexico-66-black
https://crepdogcrew.com,9494988325110,Onitsuka MEXICO 66 Black,Sneaker Shoes,ONITSUKA,51459067445494,Black / UK 5,,12500.00,True,Available,In Stock,https://crepdogcrew.com/products/onitsuka-mexico-66-black
https://crepdogcrew.com,9494988325110,Onitsuka MEXICO 66 Black,Sneaker Shoes,ONITSUKA,51459067478262,Black / UK 5.5,,12500.00,True,Available,In Stock,https://crepdogcrew.com/products/onitsuka-mexico-66-black
https://crepdogcrew.com,9494988325110,Onitsuka MEXICO 66 Black,Sneaker Shoes,ONITSUKA,51459067511030,Black / UK 6,,12500.00,True,Available,In Stock,https://crepdogcrew.com/products/onitsuka-mexico-66-black
https://crepdogcrew.com,9494988325110,Onitsuka MEXICO 66 Black,Sneaker Shoes,ONITSUKA,51459067543798,Black / UK 6.5,,12500.00,True,Available,In Stock,https://crepdogcrew.com/products/onitsuka-mexico-66-black
https://crepdogcrew.com,9494988325110,Onitsuka MEXICO 66 Black,Sneaker Shoes,ONITSUKA,51459067576566,Black / UK 7,,12500.00,True,Available,In Stock,https://crepdogcrew.com/products/onitsuka-mexico-66-black
https://crepdogcrew.com,9494988325110,Onitsuka MEXICO 66 Black,Sneaker Shoes,ONITSUKA,51459067609334,Black / UK 7.5,,12500.00,True,Available,In Stock,https://crepdogcrew.com/products/onitsuka-mexico-66-black
https://crepdogcrew.com,9494988325110,Onitsuka MEXICO 66 Black,Sneaker Shoes,ONITSUKA,51459067379958,Black / UK 12,,12500.00,True,Available,In Stock,https://crepdogcrew.com/products/onitsuka-mexico-66-black
https://crepdogcrew.com,9494988194038,Onitsuka MEXICO 66 Birch,Sneaker Shoes,ONITSUKA,51459066855670,Beige / UK 5,,16500.00,True,Available,In Stock,https://crepdogcrew.com/products/onitsuka-mexico-66-birch-birch
https://crepdogcrew.com,9494988194038,Onitsuka MEXICO 66 Birch,Sneaker Shoes,ONITSUKA,51459066888438,Beige / UK 5.5,,16500.00,True,Available,In Stock,https://crepdogcrew.com/products/onitsuka-mexico-66-birch-birch
https://crepdogcrew.com,9494988194038,Onitsuka MEXICO 66 Birch,Sneaker Shoes,ONITSUKA,51459066921206,Beige / UK 6,,16500.00,True,Available,In Stock,https://crepdogcrew.com/products/onitsuka-mexico-66-birch-birch
https://crepdogcrew.com,9494988194038,Onitsuka MEXICO 66 Birch,Sneaker Shoes,ONITSUKA,51459066953974,Beige / UK 7,,16500.00,True,Available,In Stock,https://crepdogcrew.com/products/onitsuka-mexico-66-birch-birch
https://crepdogcrew.com,9494988194038,Onitsuka MEXICO 66 Birch,Sneaker Shoes,ONITSUKA,51459066986742,Beige / UK 8,,16500.00,True,Available,In Stock,https://crepdogcrew.com/products/onitsuka-mexico-66-birch-birch
https://crepdogcrew.com,9494988194038,Onitsuka MEXICO 66 Birch,Sneaker Shoes,ONITSUKA,51459067019510,Beige / UK 9,,16500.00,True,Available,In Stock,https://crepdogcrew.com/products/onitsuka-mexico-66-birch-birch
https://crepdogcrew.com,9494988194038,Onitsuka MEXICO 66 Birch,Sneaker Shoes,ONITSUKA,51459066757366,Beige / UK 10,,16500.00,True,Available,In Stock,https://crepdogcrew.com/products/onitsuka-mexico-66-birch-birch
https://crepdogcrew.com,9494988194038,Onitsuka MEXICO 66 Birch,Sneaker Shoes,ONITSUKA,51459066790134,Beige / UK 11,,16500.00,True,Available,In Stock,https://crepdogcrew.com/products/onitsuka-mexico-66-birch-birch
https://crepdogcrew.com,9494988194038,Onitsuka MEXICO 66 Birch,Sneaker Shoes,ONITSUKA,51459066822902,Beige / UK 12,,16500.00,True,Available,In Stock,https://crepdogcrew.com/products/onitsuka-mexico-66-birch-birch
https://crepdogcrew.com,9494988980470,Onitsuka MEXICO 66 CRYSTAL PINK COTTON CANDY,Sneaker Shoes,ONITSUKA,51459072786678,PINK / UK 4,,14500.00,True,Available,In Stock,https://crepdogcrew.com/products/onitsuka-mexico-66-crystal-pink-cotton-candy
https://crepdogcrew.com,9494988980470,Onitsuka MEXICO 66 CRYSTAL PINK COTTON CANDY,Sneaker Shoes,ONITSUKA,51459072819446,PINK / UK 4.5,,14500.00,True,Available,In Stock,https://crepdogcrew.com/products/onitsuka-mexico-66-crystal-pink-cotton-candy
https://crepdogcrew.com,9494988980470,Onitsuka MEXICO 66 CRYSTAL PINK COTTON CANDY,Sneaker Shoes,ONITSUKA,51459072852214,PINK / UK 5,,14500.00,True,Available,In Stock,https://crepdogcrew.com/products/onitsuka-mexico-66-crystal-pink-cotton-candy
https://crepdogcrew.com,9494988980470,Onitsuka MEXICO 66 CRYSTAL PINK COTTON CANDY,Sneaker Shoes,ONITSUKA,51459072884982,PINK / UK 8,,14500.00,True,Available,In Stock,https://crepdogcrew.com/products/onitsuka-mexico-66-crystal-pink-cotton-candy
https://crepdogcrew.com,9494988980470,Onitsuka MEXICO 66 CRYSTAL PINK COTTON CANDY,Sneaker Shoes,ONITSUKA,51459072917750,PINK / UK 9,,14500.00,True,Available,In Stock,https://crepdogcrew.com/products/onitsuka-mexico-66-crystal-pink-cotton-candy
https://crepdogcrew.com,9494988980470,Onitsuka MEXICO 66 CRYSTAL PINK COTTON CANDY,Sneaker Shoes,ONITSUKA,51459072688374,PINK / UK 10,,14500.00,True,Available,In Stock,https://crepdogcrew.com/products/onitsuka-mexico-66-crystal-pink-cotton-candy
https://crepdogcrew.com,9494988980470,Onitsuka MEXICO 66 CRYSTAL PINK COTTON CANDY,Sneaker Shoes,ONITSUKA,51459072721142,PINK / UK 11,,14500.00,True,Available,In Stock,https://crepdogcrew.com/products/onitsuka-mexico-66-crystal-pink-cotton-candy
https://crepdogcrew.com,9494988980470,Onitsuka MEXICO 66 CRYSTAL PINK COTTON CANDY,Sneaker Shoes,ONITSUKA,51459072753910,PINK / UK 12,,14500.00,True,Available,In Stock,https://crepdogcrew.com/products/onitsuka-mexico-66-crystal-pink-cotton-candy
https://crepdogcrew.com,9494988652790,Onitsuka MEXICO 66 CHUNK Black Piedmont Grey,Sneaker Shoes,ONITSUKA,51459071246582,Black / UK 4,,17500.00,True,Available,In Stock,https://crepdogcrew.com/products/onitsuka-mexico-66-chunk-black-piedmont-grey
https://crepdogcrew.com,9494988652790,Onitsuka MEXICO 66 CHUNK Black Piedmont Grey,Sneaker Shoes,ONITSUKA,51459071279350,Black / UK 5,,17500.00,True,Available,In Stock,https://crepdogcrew.com/products/onitsuka-mexico-66-chunk-black-piedmont-grey
https://crepdogcrew.com,9494988652790,Onitsuka MEXICO 66 CHUNK Black Piedmont Grey,Sneaker Shoes,ONITSUKA,51459071312118,Black / UK 5.5,,17500.00,True,Available,In Stock,https://crepdogcrew.com/products/onitsuka-mexico-66-chunk-black-piedmont-grey
https://crepdogcrew.com,9494988652790,Onitsuka MEXICO 66 CHUNK Black Piedmont Grey,Sneaker Shoes,ONITSUKA,51459071344886,Black / UK 6,,17500.00,True,Available,In Stock,https://crepdogcrew.com/products/onitsuka-mexico-66-chunk-black-piedmont-grey
https://crepdogcrew.com,9494988652790,Onitsuka MEXICO 66 CHUNK Black Piedmont Grey,Sneaker Shoes,ONITSUKA,51459071377654,Black / UK 7,,17500.00,True,Available,In Stock,https://crepdogcrew.com/products/onitsuka-mexico-66-chunk-black-piedmont-grey
https://crepdogcrew.com,9494988652790,Onitsuka MEXICO 66 CHUNK Black Piedmont Grey,Sneaker Shoes,ONITSUKA,51459071410422,Black / UK 8,,17500.00,True,Available,In Stock,https://crepdogcrew.com/products/onitsuka-mexico-66-chunk-black-piedmont-grey
https://crepdogcrew.com,9494988652790,Onitsuka MEXICO 66 CHUNK Black Piedmont Grey,Sneaker Shoes,ONITSUKA,51459071443190,Black / UK 9,,17500.00,True,Available,In Stock,https://crepdogcrew.com/products/onitsuka-mexico-66-chunk-black-piedmont-grey
https://crepdogcrew.com,9494988652790,Onitsuka MEXICO 66 CHUNK Black Piedmont Grey,Sneaker Shoes,ONITSUKA,51459071181046,Black / UK 10,,17500.00,True,Available,In Stock,https://crepdogcrew.com/products/onitsuka-mexico-66-chunk-black-piedmont-grey
https://crepdogcrew.com,9494988652790,Onitsuka MEXICO 66 CHUNK Black Piedmont Grey,Sneaker Shoes,ONITSUKA,51459071213814,Black / UK 11,,17500.00,True,Available,In Stock,https://crepdogcrew.com/products/onitsuka-mexico-66-chunk-black-piedmont-grey
https://crepdogcrew.com,9494993895670,Onitsuka TOKUTEN Pure Silver Cream,Sneaker Shoes,ONITSUKA,51459102671094,SILVER / UK 4,,13500.00,True,Available,In Stock,https://crepdogcrew.com/products/onitsuka-tokuten-pure-silver-cream
https://crepdogcrew.com,9494993895670,Onitsuka TOKUTEN Pure Silver Cream,Sneaker Shoes,ONITSUKA,51459102703862,SILVER / UK 5,,13500.00,True,Available,In Stock,https://crepdogcrew.com/products/onitsuka-tokuten-pure-silver-cream
https://crepdogcrew.com,9494993895670,Onitsuka TOKUTEN Pure Silver Cream,Sneaker Shoes,ONITSUKA,51459102736630,SILVER / UK 8,,13500.00,True,Available,In Stock,https://crepdogcrew.com/products/onitsuka-tokuten-pure-silver-cream
https://crepdogcrew.com,9494993895670,Onitsuka TOKUTEN Pure Silver Cream,Sneaker Shoes,ONITSUKA,51459102769398,SILVER / UK 9,,13500.00,True,Available,In Stock,https://crepdogcrew.com/products/onitsuka-tokuten-pure-silver-cream
https://crepdogcrew.com,9494993895670,Onitsuka TOKUTEN Pure Silver Cream,Sneaker Shoes,ONITSUKA,51459102802166,SILVER / UK 9.5,,13500.00,True,Available,In Stock,https://crepdogcrew.com/products/onitsuka-tokuten-pure-silver-cream
https://crepdogcrew.com,9494993895670,Onitsuka TOKUTEN Pure Silver Cream,Sneaker Shoes,ONITSUKA,51459102572790,SILVER / UK 10,,13500.00,True,Available,In Stock,https://crepdogcrew.com/products/onitsuka-tokuten-pure-silver-cream
https://crepdogcrew.com,9494993895670,Onitsuka TOKUTEN Pure Silver Cream,Sneaker Shoes,ONITSUKA,51459102605558,SILVER / UK 10.5,,13500.00,True,Available,In Stock,https://crepdogcrew.com/products/onitsuka-tokuten-pure-silver-cream
https://crepdogcrew.com,9494993895670,Onitsuka TOKUTEN Pure Silver Cream,Sneaker Shoes,ONITSUKA,51459102638326,SILVER / UK 12,,13500.00,True,Available,In Stock,https://crepdogcrew.com/products/onitsuka-tokuten-pure-silver-cream
https://crepdogcrew.com,9494988488950,Onitsuka MEXICO 66 BOXING BLACK BLOSSON PINK,Sneaker Shoes,ONITSUKA,51459070230774,Black / UK 4,,22000.00,True,Available,In Stock,https://crepdogcrew.com/products/onitsuka-mexico-66-boxing-black-blosson-pink
https://crepdogcrew.com,9494988488950,Onitsuka MEXICO 66 BOXING BLACK BLOSSON PINK,Sneaker Shoes,ONITSUKA,51459070263542,Black / UK 5,,22000.00,True,Available,In Stock,https://crepdogcrew.com/products/onitsuka-mexico-66-boxing-black-blosson-pink
https://crepdogcrew.com,9494988488950,Onitsuka MEXICO 66 BOXING BLACK BLOSSON PINK,Sneaker Shoes,ONITSUKA,51459070296310,Black / UK 6,,22000.00,True,Available,In Stock,https://crepdogcrew.com/products/onitsuka-mexico-66-boxing-black-blosson-pink
https://crepdogcrew.com,9494988488950,Onitsuka MEXICO 66 BOXING BLACK BLOSSON PINK,Sneaker Shoes,ONITSUKA,51459070329078,Black / UK 7,,22000.00,True,Available,In Stock,https://crepdogcrew.com/products/onitsuka-mexico-66-boxing-black-blosson-pink
https://crepdogcrew.com,9494988488950,Onitsuka MEXICO 66 BOXING BLACK BLOSSON PINK,Sneaker Shoes,ONITSUKA,51459070361846,Black / UK 8,,22000.00,True,Available,In Stock,https://crepdogcrew.com/products/onitsuka-mexico-66-boxing-black-blosson-pink
https://crepdogcrew.com,9494988488950,Onitsuka MEXICO 66 BOXING BLACK BLOSSON PINK,Sneaker Shoes,ONITSUKA,51459070394614,Black / UK 9,,22000.00,True,Available,In Stock,https://crepdogcrew.com/products/onitsuka-mexico-66-boxing-black-blosson-pink
https://crepdogcrew.com,9494988488950,Onitsuka MEXICO 66 BOXING BLACK BLOSSON PINK,Sneaker Shoes,ONITSUKA,51459070132470,Black / UK 10,,22000.00,True,Available,In Stock,https://crepdogcrew.com/products/onitsuka-mexico-66-boxing-black-blosson-pink
https://crepdogcrew.com,9494988488950,Onitsuka MEXICO 66 BOXING BLACK BLOSSON PINK,Sneaker Shoes,ONITSUKA,51459070165238,Black / UK 11,,22000.00,True,Available,In Stock,https://crepdogcrew.com/products/onitsuka-mexico-66-boxing-black-blosson-pink
https://crepdogcrew.com,9494988488950,Onitsuka MEXICO 66 BOXING BLACK BLOSSON PINK,Sneaker Shoes,ONITSUKA,51459070198006,Black / UK 12,,22000.00,True,Available,In Stock,https://crepdogcrew.com/products/onitsuka-mexico-66-boxing-black-blosson-pink
https://crepdogcrew.com,9494993830134,Onitsuka TOKUTEN Piedmont Grey Metropolis,Sneaker Shoes,ONITSUKA,51459102408950,GREY / UK 4,,12500.00,True,Available,In Stock,https://crepdogcrew.com/products/onitsuka-tokuten-piedmont-grey-metropolis
https://crepdogcrew.com,9494993830134,Onitsuka TOKUTEN Piedmont Grey Metropolis,Sneaker Shoes,ONITSUKA,51459102441718,GREY / UK 5,,12500.00,True,Available,In Stock,https://crepdogcrew.com/products/onitsuka-tokuten-piedmont-grey-metropolis
https://crepdogcrew.com,9494993830134,Onitsuka TOKUTEN Piedmont Grey Metropolis,Sneaker Shoes,ONITSUKA,51459102474486,GREY / UK 8,,12500.00,True,Available,In Stock,https://crepdogcrew.com/products/onitsuka-tokuten-piedmont-grey-metropolis
https://crepdogcrew.com,9494993830134,Onitsuka TOKUTEN Piedmont Grey Metropolis,Sneaker Shoes,ONITSUKA,51459102507254,GREY / UK 9,,12500.00,True,Available,In Stock,https://crepdogcrew.com/products/onitsuka-tokuten-piedmont-grey-metropolis
https://crepdogcrew.com,9494993830134,Onitsuka TOKUTEN Piedmont Grey Metropolis,Sneaker Shoes,ONITSUKA,51459102310646,GREY / UK 10,,12500.00,True,Available,In Stock,https://crepdogcrew.com/products/onitsuka-tokuten-piedmont-grey-metropolis
https://crepdogcrew.com,9494993830134,Onitsuka TOKUTEN Piedmont Grey Metropolis,Sneaker Shoes,ONITSUKA,51459102343414,GREY / UK 11,,12500.00,True,Available,In Stock,https://crepdogcrew.com/products/onitsuka-tokuten-piedmont-grey-metropolis
https://crepdogcrew.com,9494993830134,Onitsuka TOKUTEN Piedmont Grey Metropolis,Sneaker Shoes,ONITSUKA,51459102376182,GREY / UK 12,,12500.00,True,Available,In Stock,https://crepdogcrew.com/products/onitsuka-tokuten-piedmont-grey-metropolis
https://crepdogcrew.com,9494993797366,Onitsuka TOKUTEN CRYSTAL PINK CREAM,Sneaker Shoes,ONITSUKA,51459102212342,BLUE / UK 4,,12500.00,True,Available,In Stock,https://crepdogcrew.com/products/onitsuka-tokuten-crystal-pink-cream
https://crepdogcrew.com,9494993797366,Onitsuka TOKUTEN CRYSTAL PINK CREAM,Sneaker Shoes,ONITSUKA,51459102245110,BLUE / UK 8.5,,12500.00,True,Available,In Stock,https://crepdogcrew.com/products/onitsuka-tokuten-crystal-pink-cream
https://crepdogcrew.com,9494993797366,Onitsuka TOKUTEN CRYSTAL PINK CREAM,Sneaker Shoes,ONITSUKA,51459102277878,BLUE / UK 9.5,,12500.00,True,Available,In Stock,https://crepdogcrew.com/products/onitsuka-tokuten-crystal-pink-cream
https://crepdogcrew.com,9494993797366,Onitsuka TOKUTEN CRYSTAL PINK CREAM,Sneaker Shoes,ONITSUKA,51459102146806,BLUE / UK 10.5,,12500.00,True,Available,In Stock,https://crepdogcrew.com/products/onitsuka-tokuten-crystal-pink-cream
https://crepdogcrew.com,9494993797366,Onitsuka TOKUTEN CRYSTAL PINK CREAM,Sneaker Shoes,ONITSUKA,51459102179574,BLUE / UK 11,,12500.00,True,Available,In Stock,https://crepdogcrew.com/products/onitsuka-tokuten-crystal-pink-cream
https://crepdogcrew.com,9494993699062,Onitsuka TOKUTEN Black Cotton Candy,Sneaker Shoes,ONITSUKA,51459101786358,BLACK / UK 6,,12500.00,True,Available,In Stock,https://crepdogcrew.com/products/onitsuka-tokuten-black-cotton-candy
https://crepdogcrew.com,9494993699062,Onitsuka TOKUTEN Black Cotton Candy,Sneaker Shoes,ONITSUKA,51459101819126,BLACK / UK 8,,12500.00,True,Available,In Stock,https://crepdogcrew.com/products/onitsuka-tokuten-black-cotton-candy
https://crepdogcrew.com,9494993699062,Onitsuka TOKUTEN Black Cotton Candy,Sneaker Shoes,ONITSUKA,51459101851894,BLACK / UK 9,,12500.00,True,Available,In Stock,https://crepdogcrew.com/products/onitsuka-tokuten-black-cotton-candy
https://crepdogcrew.com,9494993699062,Onitsuka TOKUTEN Black Cotton Candy,Sneaker Shoes,ONITSUKA,51459101884662,BLACK / UK 9.5,,12500.00,True,Available,In Stock,https://crepdogcrew.com/products/onitsuka-tokuten-black-cotton-candy
https://crepdogcrew.com,9494993699062,Onitsuka TOKUTEN Black Cotton Candy,Sneaker Shoes,ONITSUKA,51459101655286,BLACK / UK 10,,12500.00,True,Available,In Stock,https://crepdogcrew.com/products/onitsuka-tokuten-black-cotton-candy
https://crepdogcrew.com,9494993699062,Onitsuka TOKUTEN Black Cotton Candy,Sneaker Shoes,ONITSUKA,51459101688054,BLACK / UK 10.5,,12500.00,True,Available,In Stock,https://crepdogcrew.com/products/onitsuka-tokuten-black-cotton-candy
https://crepdogcrew.com,9494993699062,Onitsuka TOKUTEN Black Cotton Candy,Sneaker Shoes,ONITSUKA,51459101720822,BLACK / UK 11,,12500.00,True,Available,In Stock,https://crepdogcrew.com/products/onitsuka-tokuten-black-cotton-candy
https://crepdogcrew.com,9494993699062,Onitsuka TOKUTEN Black Cotton Candy,Sneaker Shoes,ONITSUKA,51459101753590,BLACK / UK 12,,12500.00,True,Available,In Stock,https://crepdogcrew.com/products/onitsuka-tokuten-black-cotton-candy
https://crepdogcrew.com,9494993436918,Onitsuka MEXICO 66 TGRS Black Black,Sneaker Shoes,ONITSUKA,51459100442870,BLACK / UK 5,,13500.00,True,Available,In Stock,https://crepdogcrew.com/products/onitsuka-mexico-66-tgrs-black-black
https://crepdogcrew.com,9494993436918,Onitsuka MEXICO 66 TGRS Black Black,Sneaker Shoes,ONITSUKA,51459100475638,BLACK / UK 5.5,,13500.00,True,Available,In Stock,https://crepdogcrew.com/products/onitsuka-mexico-66-tgrs-black-black
https://crepdogcrew.com,9494993436918,Onitsuka MEXICO 66 TGRS Black Black,Sneaker Shoes,ONITSUKA,51459100508406,BLACK / UK 6,,13500.00,True,Available,In Stock,https://crepdogcrew.com/products/onitsuka-mexico-66-tgrs-black-black
https://crepdogcrew.com,9494993436918,Onitsuka MEXICO 66 TGRS Black Black,Sneaker Shoes,ONITSUKA,51459100541174,BLACK / UK 6.5,,13500.00,True,Available,In Stock,https://crepdogcrew.com/products/onitsuka-mexico-66-tgrs-black-black
https://crepdogcrew.com,9494988751094,Onitsuka MEXICO 66 CHUNK White Piedmont Grey,Sneaker Shoes,ONITSUKA,51459071607030,white / UK 4,,17500.00,True,Available,In Stock,https://crepdogcrew.com/products/onitsuka-mexico-66-chunk-white-piedmont-grey
https://crepdogcrew.com,9494988751094,Onitsuka MEXICO 66 CHUNK White Piedmont Grey,Sneaker Shoes,ONITSUKA,51459071639798,white / UK 4.5,,17500.00,True,Available,In Stock,https://crepdogcrew.com/products/onitsuka-mexico-66-chunk-white-piedmont-grey
https://crepdogcrew.com,9494988751094,Onitsuka MEXICO 66 CHUNK White Piedmont Grey,Sneaker Shoes,ONITSUKA,51459071672566,white / UK 5,,17500.00,True,Available,In Stock,https://crepdogcrew.com/products/onitsuka-mexico-66-chunk-white-piedmont-grey
https://crepdogcrew.com,9494988751094,Onitsuka MEXICO 66 CHUNK White Piedmont Grey,Sneaker Shoes,ONITSUKA,51459071705334,white / UK 6,,17500.00,True,Available,In Stock,https://crepdogcrew.com/products/onitsuka-mexico-66-chunk-white-piedmont-grey
https://crepdogcrew.com,9494988751094,Onitsuka MEXICO 66 CHUNK White Piedmont Grey,Sneaker Shoes,ONITSUKA,51459071738102,white / UK 7,,17500.00,True,Available,In Stock,https://crepdogcrew.com/products/onitsuka-mexico-66-chunk-white-piedmont-grey
https://crepdogcrew.com,9494988751094,Onitsuka MEXICO 66 CHUNK White Piedmont Grey,Sneaker Shoes,ONITSUKA,51459071770870,white / UK 8,,17500.00,True,Available,In Stock,https://crepdogcrew.com/products/onitsuka-mexico-66-chunk-white-piedmont-grey
https://crepdogcrew.com,9494988751094,Onitsuka MEXICO 66 CHUNK White Piedmont Grey,Sneaker Shoes,ONITSUKA,51459071803638,white / UK 9,,17500.00,True,Available,In Stock,https://crepdogcrew.com/products/onitsuka-mexico-66-chunk-white-piedmont-grey
https://crepdogcrew.com,9494988751094,Onitsuka MEXICO 66 CHUNK White Piedmont Grey,Sneaker Shoes,ONITSUKA,51459071574262,white / UK 10,,17500.00,True,Available,In Stock,https://crepdogcrew.com/products/onitsuka-mexico-66-chunk-white-piedmont-grey
https://crepdogcrew.com,9494993338614,Onitsuka MEXICO 66 SLIP.ON PINK WHITE,Sneaker Shoes,ONITSUKA,51459099656438,WHITE / UK 4,,11500.00,True,Available,In Stock,https://crepdogcrew.com/products/onitsuka-mexico-66-slip-on-pink-white
https://crepdogcrew.com,9494993338614,Onitsuka MEXICO 66 SLIP.ON PINK WHITE,Sneaker Shoes,ONITSUKA,51459099689206,WHITE / UK 4.5,,11500.00,True,Available,In Stock,https://crepdogcrew.com/products/onitsuka-mexico-66-slip-on-pink-white
https://crepdogcrew.com,9494993338614,Onitsuka MEXICO 66 SLIP.ON PINK WHITE,Sneaker Shoes,ONITSUKA,51459099721974,WHITE / UK 5,,11500.00,True,Available,In Stock,https://crepdogcrew.com/products/onitsuka-mexico-66-slip-on-pink-white
https://crepdogcrew.com,9494993338614,Onitsuka MEXICO 66 SLIP.ON PINK WHITE,Sneaker Shoes,ONITSUKA,51459099754742,WHITE / UK 5.5,,11500.00,True,Available,In Stock,https://crepdogcrew.com/products/onitsuka-mexico-66-slip-on-pink-white
https://crepdogcrew.com,9494993338614,Onitsuka MEXICO 66 SLIP.ON PINK WHITE,Sneaker Shoes,ONITSUKA,51459099787510,WHITE / UK 6,,11500.00,True,Available,In Stock,https://crepdogcrew.com/products/onitsuka-mexico-66-slip-on-pink-white
https://crepdogcrew.com,9494993338614,Onitsuka MEXICO 66 SLIP.ON PINK WHITE,Sneaker Shoes,ONITSUKA,51459099820278,WHITE / UK 6.5,,11500.00,True,Available,In Stock,https://crepdogcrew.com/products/onitsuka-mexico-66-slip-on-pink-white
https://crepdogcrew.com,9494993338614,Onitsuka MEXICO 66 SLIP.ON PINK WHITE,Sneaker Shoes,ONITSUKA,51459099853046,WHITE / UK 7.5,,11500.00,True,Available,In Stock,https://crepdogcrew.com/products/onitsuka-mexico-66-slip-on-pink-white
https://crepdogcrew.com,9494993338614,Onitsuka MEXICO 66 SLIP.ON PINK WHITE,Sneaker Shoes,ONITSUKA,51459099885814,WHITE / UK 8,,11500.00,True,Available,In Stock,https://crepdogcrew.com/products/onitsuka-mexico-66-slip-on-pink-white
https://crepdogcrew.com,9494993338614,Onitsuka MEXICO 66 SLIP.ON PINK WHITE,Sneaker Shoes,ONITSUKA,51459099918582,WHITE / UK 8.5,,11500.00,True,Available,In Stock,https://crepdogcrew.com/products/onitsuka-mexico-66-slip-on-pink-white
https://crepdogcrew.com,9494993338614,Onitsuka MEXICO 66 SLIP.ON PINK WHITE,Sneaker Shoes,ONITSUKA,51459099951350,WHITE / UK 9,,11500.00,True,Available,In Stock,https://crepdogcrew.com/products/onitsuka-mexico-66-slip-on-pink-white
https://crepdogcrew.com,9494993338614,Onitsuka MEXICO 66 SLIP.ON PINK WHITE,Sneaker Shoes,ONITSUKA,51459099558134,WHITE / UK 10,,11500.00,True,Available,In Stock,https://crepdogcrew.com/products/onitsuka-mexico-66-slip-on-pink-white
https://crepdogcrew.com,9494993338614,Onitsuka MEXICO 66 SLIP.ON PINK WHITE,Sneaker Shoes,ONITSUKA,51459099590902,WHITE / UK 11,,11500.00,True,Available,In Stock,https://crepdogcrew.com/products/onitsuka-mexico-66-slip-on-pink-white
https://crepdogcrew.com,9494993338614,Onitsuka MEXICO 66 SLIP.ON PINK WHITE,Sneaker Shoes,ONITSUKA,51459099623670,WHITE / UK 12,,11500.00,True,Available,In Stock,https://crepdogcrew.com/products/onitsuka-mexico-66-slip-on-pink-white
https://crepdogcrew.com,9494991208694,Onitsuka MEXICO 66 PURE GOLD BLACK,Sneaker Shoes,ONITSUKA,51459088580854,Gold / UK 4,,12500.00,True,Available,In Stock,https://crepdogcrew.com/products/onitsuka-mexico-66-pure-gold-black
https://crepdogcrew.com,9494991208694,Onitsuka MEXICO 66 PURE GOLD BLACK,Sneaker Shoes,ONITSUKA,51459088613622,Gold / UK 4.5,,12500.00,True,Available,In Stock,https://crepdogcrew.com/products/onitsuka-mexico-66-pure-gold-black
https://crepdogcrew.com,9494991208694,Onitsuka MEXICO 66 PURE GOLD BLACK,Sneaker Shoes,ONITSUKA,51459088646390,Gold / UK 5,,12500.00,True,Available,In Stock,https://crepdogcrew.com/products/onitsuka-mexico-66-pure-gold-black
https://crepdogcrew.com,9494991208694,Onitsuka MEXICO 66 PURE GOLD BLACK,Sneaker Shoes,ONITSUKA,51459088679158,Gold / UK 5.5,,12500.00,True,Available,In Stock,https://crepdogcrew.com/products/onitsuka-mexico-66-pure-gold-black
https://crepdogcrew.com,9494991208694,Onitsuka MEXICO 66 PURE GOLD BLACK,Sneaker Shoes,ONITSUKA,51459088711926,Gold / UK 6.5,,12500.00,True,Available,In Stock,https://crepdogcrew.com/products/onitsuka-mexico-66-pure-gold-black
https://crepdogcrew.com,9494991208694,Onitsuka MEXICO 66 PURE GOLD BLACK,Sneaker Shoes,ONITSUKA,51459088744694,Gold / UK 7,,12500.00,True,Available,In Stock,https://crepdogcrew.com/products/onitsuka-mexico-66-pure-gold-black
https://crepdogcrew.com,9494991208694,Onitsuka MEXICO 66 PURE GOLD BLACK,Sneaker Shoes,ONITSUKA,51459088777462,Gold / UK 8,,12500.00,True,Available,In Stock,https://crepdogcrew.com/products/onitsuka-mexico-66-pure-gold-black
https://crepdogcrew.com,9494991208694,Onitsuka MEXICO 66 PURE GOLD BLACK,Sneaker Shoes,ONITSUKA,51459088810230,Gold / UK 8.5,,12500.00,True,Available,In Stock,https://crepdogcrew.com/products/onitsuka-mexico-66-pure-gold-black
https://crepdogcrew.com,9494991208694,Onitsuka MEXICO 66 PURE GOLD BLACK,Sneaker Shoes,ONITSUKA,51459088842998,Gold / UK 9,,12500.00,True,Available,In Stock,https://crepdogcrew.com/products/onitsuka-mexico-66-pure-gold-black
https://crepdogcrew.com,9494991208694,Onitsuka MEXICO 66 PURE GOLD BLACK,Sneaker Shoes,ONITSUKA,51459088515318,Gold / UK 10,,12500.00,True,Available,In Stock,https://crepdogcrew.com/products/onitsuka-mexico-66-pure-gold-black
https://crepdogcrew.com,9494991208694,Onitsuka MEXICO 66 PURE GOLD BLACK,Sneaker Shoes,ONITSUKA,51459088548086,Gold / UK 11,,12500.00,True,Available,In Stock,https://crepdogcrew.com/products/onitsuka-mexico-66-pure-gold-black
https://crepdogcrew.com,9494990881014,Onitsuka MEXICO 66 PARATY IVORY CREAM,Sneaker Shoes,ONITSUKA,51459085992182,Beige / UK 4,,10500.00,True,Available,In Stock,https://crepdogcrew.com/products/onitsuka-mexico-66-paraty-ivory-cream
https://crepdogcrew.com,9494990881014,Onitsuka MEXICO 66 PARATY IVORY CREAM,Sneaker Shoes,ONITSUKA,51459086024950,Beige / UK 4.5,,10500.00,True,Available,In Stock,https://crepdogcrew.com/products/onitsuka-mexico-66-paraty-ivory-cream
https://crepdogcrew.com,9494990881014,Onitsuka MEXICO 66 PARATY IVORY CREAM,Sneaker Shoes,ONITSUKA,51459086057718,Beige / UK 5,,10500.00,True,Available,In Stock,https://crepdogcrew.com/products/onitsuka-mexico-66-paraty-ivory-cream
https://crepdogcrew.com,9494990881014,Onitsuka MEXICO 66 PARATY IVORY CREAM,Sneaker Shoes,ONITSUKA,51459086090486,Beige / UK 6,,10500.00,True,Available,In Stock,https://crepdogcrew.com/products/onitsuka-mexico-66-paraty-ivory-cream
https://crepdogcrew.com,9494990881014,Onitsuka MEXICO 66 PARATY IVORY CREAM,Sneaker Shoes,ONITSUKA,51459086123254,Beige / UK 6.5,,10500.00,True,Available,In Stock,https://crepdogcrew.com/products/onitsuka-mexico-66-paraty-ivory-cream
https://crepdogcrew.com,9494990881014,Onitsuka MEXICO 66 PARATY IVORY CREAM,Sneaker Shoes,ONITSUKA,51459086156022,Beige / UK 7,,10500.00,True,Available,In Stock,https://crepdogcrew.com/products/onitsuka-mexico-66-paraty-ivory-cream
https://crepdogcrew.com,9494990881014,Onitsuka MEXICO 66 PARATY IVORY CREAM,Sneaker Shoes,ONITSUKA,51459086188790,Beige / UK 8,,10500.00,True,Available,In Stock,https://crepdogcrew.com/products/onitsuka-mexico-66-paraty-ivory-cream
https://crepdogcrew.com,9494990881014,Onitsuka MEXICO 66 PARATY IVORY CREAM,Sneaker Shoes,ONITSUKA,51459086221558,Beige / UK 9,,10500.00,True,Available,In Stock,https://crepdogcrew.com/products/onitsuka-mexico-66-paraty-ivory-cream
https://crepdogcrew.com,9494990881014,Onitsuka MEXICO 66 PARATY IVORY CREAM,Sneaker Shoes,ONITSUKA,51459085893878,Beige / UK 10,,10500.00,True,Available,In Stock,https://crepdogcrew.com/products/onitsuka-mexico-66-paraty-ivory-cream
https://crepdogcrew.com,9494990881014,Onitsuka MEXICO 66 PARATY IVORY CREAM,Sneaker Shoes,ONITSUKA,51459085926646,Beige / UK 11,,10500.00,True,Available,In Stock,https://crepdogcrew.com/products/onitsuka-mexico-66-paraty-ivory-cream
https://crepdogcrew.com,9494990881014,Onitsuka MEXICO 66 PARATY IVORY CREAM,Sneaker Shoes,ONITSUKA,51459085959414,Beige / UK 12,,10500.00,True,Available,In Stock,https://crepdogcrew.com/products/onitsuka-mexico-66-paraty-ivory-cream
https://crepdogcrew.com,9494993567990,Onitsuka MEXICO 66 VIN MINERAL BROWN CREAM,Sneaker Shoes,ONITSUKA,51459101262070,YELLOW / UK 4,,13000.00,True,Available,In Stock,https://crepdogcrew.com/products/onitsuka-mexico-66-vin-mineral-brown-cream
https://crepdogcrew.com,9494993567990,Onitsuka MEXICO 66 VIN MINERAL BROWN CREAM,Sneaker Shoes,ONITSUKA,51459101294838,YELLOW / UK 5,,13000.00,True,Available,In Stock,https://crepdogcrew.com/products/onitsuka-mexico-66-vin-mineral-brown-cream
https://crepdogcrew.com,9494993567990,Onitsuka MEXICO 66 VIN MINERAL BROWN CREAM,Sneaker Shoes,ONITSUKA,51459101327606,YELLOW / UK 6,,13000.00,True,Available,In Stock,https://crepdogcrew.com/products/onitsuka-mexico-66-vin-mineral-brown-cream
https://crepdogcrew.com,9494993567990,Onitsuka MEXICO 66 VIN MINERAL BROWN CREAM,Sneaker Shoes,ONITSUKA,51459101360374,YELLOW / UK 9,,13000.00,True,Available,In Stock,https://crepdogcrew.com/products/onitsuka-mexico-66-vin-mineral-brown-cream
https://crepdogcrew.com,9494993567990,Onitsuka MEXICO 66 VIN MINERAL BROWN CREAM,Sneaker Shoes,ONITSUKA,51459101196534,YELLOW / UK 11,,13000.00,True,Available,In Stock,https://crepdogcrew.com/products/onitsuka-mexico-66-vin-mineral-brown-cream
https://crepdogcrew.com,9494993567990,Onitsuka MEXICO 66 VIN MINERAL BROWN CREAM,Sneaker Shoes,ONITSUKA,51459101229302,YELLOW / UK 12,,13000.00,True,Available,In Stock,https://crepdogcrew.com/products/onitsuka-mexico-66-vin-mineral-brown-cream
https://crepdogcrew.com,9494991339766,Onitsuka MEXICO 66 SABOT Black Black,Sneaker Shoes,ONITSUKA,51459089498358,Black / UK 5.5,,13500.00,True,Available,In Stock,https://crepdogcrew.com/products/onitsuka-mexico-66-sabot-black-black
https://crepdogcrew.com,9494991339766,Onitsuka MEXICO 66 SABOT Black Black,Sneaker Shoes,ONITSUKA,51459089531126,Black / UK 6,,13500.00,True,Available,In Stock,https://crepdogcrew.com/products/onitsuka-mexico-66-sabot-black-black
https://crepdogcrew.com,9494991339766,Onitsuka MEXICO 66 SABOT Black Black,Sneaker Shoes,ONITSUKA,51459089563894,Black / UK 7,,13500.00,True,Available,In Stock,https://crepdogcrew.com/products/onitsuka-mexico-66-sabot-black-black
https://crepdogcrew.com,9494991339766,Onitsuka MEXICO 66 SABOT Black Black,Sneaker Shoes,ONITSUKA,51459089596662,Black / UK 8,,13500.00,True,Available,In Stock,https://crepdogcrew.com/products/onitsuka-mexico-66-sabot-black-black
https://crepdogcrew.com,9494991339766,Onitsuka MEXICO 66 SABOT Black Black,Sneaker Shoes,ONITSUKA,51459089629430,Black / UK 9,,13500.00,True,Available,In Stock,https://crepdogcrew.com/products/onitsuka-mexico-66-sabot-black-black
https://crepdogcrew.com,9494991339766,Onitsuka MEXICO 66 SABOT Black Black,Sneaker Shoes,ONITSUKA,51459089432822,Black / UK 10,,13500.00,True,Available,In Stock,https://crepdogcrew.com/products/onitsuka-mexico-66-sabot-black-black
https://crepdogcrew.com,9494991339766,Onitsuka MEXICO 66 SABOT Black Black,Sneaker Shoes,ONITSUKA,51459089465590,Black / UK 12,,13500.00,True,Available,In Stock,https://crepdogcrew.com/products/onitsuka-mexico-66-sabot-black-black
https://crepdogcrew.com,9494991306998,Onitsuka MEXICO 66 RUST ORANGE RUST ORANGE,Sneaker Shoes,ONITSUKA,51459089203446,Orange / UK 4,,14500.00,True,Available,In Stock,https://crepdogcrew.com/products/onitsuka-mexico-66-rust-orange-rust-orange
https://crepdogcrew.com,9494991306998,Onitsuka MEXICO 66 RUST ORANGE RUST ORANGE,Sneaker Shoes,ONITSUKA,51459089236214,Orange / UK 4.5,,14500.00,True,Available,In Stock,https://crepdogcrew.com/products/onitsuka-mexico-66-rust-orange-rust-orange
https://crepdogcrew.com,9494991306998,Onitsuka MEXICO 66 RUST ORANGE RUST ORANGE,Sneaker Shoes,ONITSUKA,51459089268982,Orange / UK 5,,14500.00,True,Available,In Stock,https://crepdogcrew.com/products/onitsuka-mexico-66-rust-orange-rust-orange
https://crepdogcrew.com,9494991306998,Onitsuka MEXICO 66 RUST ORANGE RUST ORANGE,Sneaker Shoes,ONITSUKA,51459089301750,Orange / UK 5.5,,14500.00,True,Available,In Stock,https://crepdogcrew.com/products/onitsuka-mexico-66-rust-orange-rust-orange
https://crepdogcrew.com,9494991306998,Onitsuka MEXICO 66 RUST ORANGE RUST ORANGE,Sneaker Shoes,ONITSUKA,51459089334518,Orange / UK 6,,14500.00,True,Available,In Stock,https://crepdogcrew.com/products/onitsuka-mexico-66-rust-orange-rust-orange
https://crepdogcrew.com,9494991306998,Onitsuka MEXICO 66 RUST ORANGE RUST ORANGE,Sneaker Shoes,ONITSUKA,51459089367286,Orange / UK 6.5,,14500.00,True,Available,In Stock,https://crepdogcrew.com/products/onitsuka-mexico-66-rust-orange-rust-orange
https://crepdogcrew.com,9494991306998,Onitsuka MEXICO 66 RUST ORANGE RUST ORANGE,Sneaker Shoes,ONITSUKA,51459089400054,Orange / UK 7,,14500.00,True,Available,In Stock,https://crepdogcrew.com/products/onitsuka-mexico-66-rust-orange-rust-orange
https://crepdogcrew.com,9494991306998,Onitsuka MEXICO 66 RUST ORANGE RUST ORANGE,Sneaker Shoes,ONITSUKA,51459089170678,Orange / UK 10.5,,14500.00,True,Available,In Stock,https://crepdogcrew.com/products/onitsuka-mexico-66-rust-orange-rust-orange
https://crepdogcrew.com,9494990651638,Onitsuka MEXICO 66 PARATY BIRCH IVORY,Sneaker Shoes,ONITSUKA,51459084976374,Beige / UK 6,,13500.00,True,Available,In Stock,https://crepdogcrew.com/products/onitsuka-mexico-66-paraty-birch-ivory
https://crepdogcrew.com,9494990651638,Onitsuka MEXICO 66 PARATY BIRCH IVORY,Sneaker Shoes,ONITSUKA,51459085009142,Beige / UK 7,,13500.00,True,Available,In Stock,https://crepdogcrew.com/products/onitsuka-mexico-66-paraty-birch-ivory
https://crepdogcrew.com,9494990651638,Onitsuka MEXICO 66 PARATY BIRCH IVORY,Sneaker Shoes,ONITSUKA,51459085041910,Beige / UK 8,,13500.00,True,Available,In Stock,https://crepdogcrew.com/products/onitsuka-mexico-66-paraty-birch-ivory
https://crepdogcrew.com,9494990651638,Onitsuka MEXICO 66 PARATY BIRCH IVORY,Sneaker Shoes,ONITSUKA,51459085074678,Beige / UK 9,,13500.00,True,Available,In Stock,https://crepdogcrew.com/products/onitsuka-mexico-66-paraty-birch-ivory
https://crepdogcrew.com,9494990651638,Onitsuka MEXICO 66 PARATY BIRCH IVORY,Sneaker Shoes,ONITSUKA,51459084910838,Beige / UK 10,,13500.00,True,Available,In Stock,https://crepdogcrew.com/products/onitsuka-mexico-66-paraty-birch-ivory
https://crepdogcrew.com,9494990651638,Onitsuka MEXICO 66 PARATY BIRCH IVORY,Sneaker Shoes,ONITSUKA,51459084943606,Beige / UK 12,,13500.00,True,Available,In Stock,https://crepdogcrew.com/products/onitsuka-mexico-66-paraty-birch-ivory
https://crepdogcrew.com,9494993469686,Onitsuka MEXICO 66 VIN DUSTY STEPPE STEEPLE GREY,Sneaker Shoes,ONITSUKA,51459100737782,GREY / UK 4,,13000.00,True,Available,In Stock,https://crepdogcrew.com/products/onitsuka-mexico-66-vin-dusty-steppe-steeple-grey
https://crepdogcrew.com,9494993469686,Onitsuka MEXICO 66 VIN DUSTY STEPPE STEEPLE GREY,Sneaker Shoes,ONITSUKA,51459100770550,GREY / UK 5,,13000.00,True,Available,In Stock,https://crepdogcrew.com/products/onitsuka-mexico-66-vin-dusty-steppe-steeple-grey
https://crepdogcrew.com,9494993469686,Onitsuka MEXICO 66 VIN DUSTY STEPPE STEEPLE GREY,Sneaker Shoes,ONITSUKA,51459100803318,GREY / UK 7,,13000.00,True,Available,In Stock,https://crepdogcrew.com/products/onitsuka-mexico-66-vin-dusty-steppe-steeple-grey
https://crepdogcrew.com,9494993469686,Onitsuka MEXICO 66 VIN DUSTY STEPPE STEEPLE GREY,Sneaker Shoes,ONITSUKA,51459100836086,GREY / UK 8,,13000.00,True,Available,In Stock,https://crepdogcrew.com/products/onitsuka-mexico-66-vin-dusty-steppe-steeple-grey
https://crepdogcrew.com,9494993469686,Onitsuka MEXICO 66 VIN DUSTY STEPPE STEEPLE GREY,Sneaker Shoes,ONITSUKA,51459100868854,GREY / UK 9,,13000.00,True,Available,In Stock,https://crepdogcrew.com/products/onitsuka-mexico-66-vin-dusty-steppe-steeple-grey
https://crepdogcrew.com,9494993469686,Onitsuka MEXICO 66 VIN DUSTY STEPPE STEEPLE GREY,Sneaker Shoes,ONITSUKA,51459100901622,GREY / UK 9.5,,13000.00,True,Available,In Stock,https://crepdogcrew.com/products/onitsuka-mexico-66-vin-dusty-steppe-steeple-grey
https://crepdogcrew.com,9494993469686,Onitsuka MEXICO 66 VIN DUSTY STEPPE STEEPLE GREY,Sneaker Shoes,ONITSUKA,51459100573942,GREY / UK 10,,13000.00,True,Available,In Stock,https://crepdogcrew.com/products/onitsuka-mexico-66-vin-dusty-steppe-steeple-grey
https://crepdogcrew.com,9494993469686,Onitsuka MEXICO 66 VIN DUSTY STEPPE STEEPLE GREY,Sneaker Shoes,ONITSUKA,51459100606710,GREY / UK 10.5,,13000.00,True,Available,In Stock,https://crepdogcrew.com/products/onitsuka-mexico-66-vin-dusty-steppe-steeple-grey
https://crepdogcrew.com,9494993469686,Onitsuka MEXICO 66 VIN DUSTY STEPPE STEEPLE GREY,Sneaker Shoes,ONITSUKA,51459100639478,GREY / UK 11,,13000.00,True,Available,In Stock,https://crepdogcrew.com/products/onitsuka-mexico-66-vin-dusty-steppe-steeple-grey
https://crepdogcrew.com,9494993469686,Onitsuka MEXICO 66 VIN DUSTY STEPPE STEEPLE GREY,Sneaker Shoes,ONITSUKA,51459100672246,GREY / UK 11.5,,13000.00,True,Available,In Stock,https://crepdogcrew.com/products/onitsuka-mexico-66-vin-dusty-steppe-steeple-grey
https://crepdogcrew.com,9494993469686,Onitsuka MEXICO 66 VIN DUSTY STEPPE STEEPLE GREY,Sneaker Shoes,ONITSUKA,51459100705014,GREY / UK 12,,13000.00,True,Available,In Stock,https://crepdogcrew.com/products/onitsuka-mexico-66-vin-dusty-steppe-steeple-grey
https://crepdogcrew.com,9494993076470,Onitsuka MEXICO 66 SLIP-ON OYSTER GREY WHITE,Sneaker Shoes,ONITSUKA,51459097854198,GREY / UK 4,,11500.00,True,Available,In Stock,https://crepdogcrew.com/products/onitsuka-mexico-66-slip-on-oyster-grey-white
https://crepdogcrew.com,9494993076470,Onitsuka MEXICO 66 SLIP-ON OYSTER GREY WHITE,Sneaker Shoes,ONITSUKA,51459097886966,GREY / UK 4.5,,11500.00,True,Available,In Stock,https://crepdogcrew.com/products/onitsuka-mexico-66-slip-on-oyster-grey-white
https://crepdogcrew.com,9494993076470,Onitsuka MEXICO 66 SLIP-ON OYSTER GREY WHITE,Sneaker Shoes,ONITSUKA,51459097919734,GREY / UK 5,,11500.00,True,Available,In Stock,https://crepdogcrew.com/products/onitsuka-mexico-66-slip-on-oyster-grey-white
https://crepdogcrew.com,9494993076470,Onitsuka MEXICO 66 SLIP-ON OYSTER GREY WHITE,Sneaker Shoes,ONITSUKA,51459097952502,GREY / UK 6,,11500.00,True,Available,In Stock,https://crepdogcrew.com/products/onitsuka-mexico-66-slip-on-oyster-grey-white
https://crepdogcrew.com,9494993076470,Onitsuka MEXICO 66 SLIP-ON OYSTER GREY WHITE,Sneaker Shoes,ONITSUKA,51459097985270,GREY / UK 7,,11500.00,True,Available,In Stock,https://crepdogcrew.com/products/onitsuka-mexico-66-slip-on-oyster-grey-white
https://crepdogcrew.com,9494993076470,Onitsuka MEXICO 66 SLIP-ON OYSTER GREY WHITE,Sneaker Shoes,ONITSUKA,51459097788662,GREY / UK 12,,11500.00,True,Available,In Stock,https://crepdogcrew.com/products/onitsuka-mexico-66-slip-on-oyster-grey-white
https://crepdogcrew.com,9494993076470,Onitsuka MEXICO 66 SLIP-ON OYSTER GREY WHITE,Sneaker Shoes,ONITSUKA,51459097821430,GREY / UK 12.5,,11500.00,True,Available,In Stock,https://crepdogcrew.com/products/onitsuka-mexico-66-slip-on-oyster-grey-white
https://crepdogcrew.com,9494992519414,Onitsuka MEXICO 66 SD PF White,Sneaker Shoes,ONITSUKA,51459094970614,white / UK 8,,18500.00,True,Available,In Stock,https://crepdogcrew.com/products/onitsuka-mexico-66-sd-pf-white-white
https://crepdogcrew.com,9494992519414,Onitsuka MEXICO 66 SD PF White,Sneaker Shoes,ONITSUKA,51459095003382,white / UK 9,,18500.00,True,Available,In Stock,https://crepdogcrew.com/products/onitsuka-mexico-66-sd-pf-white-white
https://crepdogcrew.com,9494992519414,Onitsuka MEXICO 66 SD PF White,Sneaker Shoes,ONITSUKA,51459094872310,white / UK 10,,18500.00,True,Available,In Stock,https://crepdogcrew.com/products/onitsuka-mexico-66-sd-pf-white-white
https://crepdogcrew.com,9494992519414,Onitsuka MEXICO 66 SD PF White,Sneaker Shoes,ONITSUKA,51459094905078,white / UK 11,,18500.00,True,Available,In Stock,https://crepdogcrew.com/products/onitsuka-mexico-66-sd-pf-white-white
https://crepdogcrew.com,9494992519414,Onitsuka MEXICO 66 SD PF White,Sneaker Shoes,ONITSUKA,51459094937846,white / UK 12,,18500.00,True,Available,In Stock,https://crepdogcrew.com/products/onitsuka-mexico-66-sd-pf-white-white
https://crepdogcrew.com,9494991012086,Onitsuka MEXICO 66 PF CAMEL BEIGE COTTON CANDY,Sneaker Shoes,ONITSUKA,51459087204598,Beige / UK 4,,16500.00,True,Available,In Stock,https://crepdogcrew.com/products/onitsuka-mexico-66-pf-camel-beige-cotton-candy
https://crepdogcrew.com,9494991012086,Onitsuka MEXICO 66 PF CAMEL BEIGE COTTON CANDY,Sneaker Shoes,ONITSUKA,51459087237366,Beige / UK 5,,16500.00,True,Available,In Stock,https://crepdogcrew.com/products/onitsuka-mexico-66-pf-camel-beige-cotton-candy
https://crepdogcrew.com,9494991012086,Onitsuka MEXICO 66 PF CAMEL BEIGE COTTON CANDY,Sneaker Shoes,ONITSUKA,51459087270134,Beige / UK 5.5,,16500.00,True,Available,In Stock,https://crepdogcrew.com/products/onitsuka-mexico-66-pf-camel-beige-cotton-candy
https://crepdogcrew.com,9494991012086,Onitsuka MEXICO 66 PF CAMEL BEIGE COTTON CANDY,Sneaker Shoes,ONITSUKA,51459087302902,Beige / UK 6,,16500.00,True,Available,In Stock,https://crepdogcrew.com/products/onitsuka-mexico-66-pf-camel-beige-cotton-candy
https://crepdogcrew.com,9494991012086,Onitsuka MEXICO 66 PF CAMEL BEIGE COTTON CANDY,Sneaker Shoes,ONITSUKA,51459087335670,Beige / UK 7,,16500.00,True,Available,In Stock,https://crepdogcrew.com/products/onitsuka-mexico-66-pf-camel-beige-cotton-candy
https://crepdogcrew.com,9494991012086,Onitsuka MEXICO 66 PF CAMEL BEIGE COTTON CANDY,Sneaker Shoes,ONITSUKA,51459087368438,Beige / UK 7.5,,16500.00,True,Available,In Stock,https://crepdogcrew.com/products/onitsuka-mexico-66-pf-camel-beige-cotton-candy
https://crepdogcrew.com,9494991012086,Onitsuka MEXICO 66 PF CAMEL BEIGE COTTON CANDY,Sneaker Shoes,ONITSUKA,51459087401206,Beige / UK 8,,16500.00,True,Available,In Stock,https://crepdogcrew.com/products/onitsuka-mexico-66-pf-camel-beige-cotton-candy
https://crepdogcrew.com,9494991012086,Onitsuka MEXICO 66 PF CAMEL BEIGE COTTON CANDY,Sneaker Shoes,ONITSUKA,51459087433974,Beige / UK 9,,16500.00,True,Available,In Stock,https://crepdogcrew.com/products/onitsuka-mexico-66-pf-camel-beige-cotton-candy
https://crepdogcrew.com,9494991012086,Onitsuka MEXICO 66 PF CAMEL BEIGE COTTON CANDY,Sneaker Shoes,ONITSUKA,51459087106294,Beige / UK 10,,16500.00,True,Available,In Stock,https://crepdogcrew.com/products/onitsuka-mexico-66-pf-camel-beige-cotton-candy
https://crepdogcrew.com,9494991012086,Onitsuka MEXICO 66 PF CAMEL BEIGE COTTON CANDY,Sneaker Shoes,ONITSUKA,51459087139062,Beige / UK 11,,16500.00,True,Available,In Stock,https://crepdogcrew.com/products/onitsuka-mexico-66-pf-camel-beige-cotton-candy
https://crepdogcrew.com,9494991012086,Onitsuka MEXICO 66 PF CAMEL BEIGE COTTON CANDY,Sneaker Shoes,ONITSUKA,51459087171830,Beige / UK 12,,16500.00,True,Available,In Stock,https://crepdogcrew.com/products/onitsuka-mexico-66-pf-camel-beige-cotton-candy
https://crepdogcrew.com,9494993305846,Onitsuka MEXICO 66 SLIP.ON GREEN CREAM,Sneaker Shoes,ONITSUKA,51459099295990,Green / UK 4,,11500.00,True,Available,In Stock,https://crepdogcrew.com/products/onitsuka-mexico-66-slip-on-green-cream
https://crepdogcrew.com,9494993305846,Onitsuka MEXICO 66 SLIP.ON GREEN CREAM,Sneaker Shoes,ONITSUKA,51459099328758,Green / UK 4.5,,11500.00,True,Available,In Stock,https://crepdogcrew.com/products/onitsuka-mexico-66-slip-on-green-cream
https://crepdogcrew.com,9494993305846,Onitsuka MEXICO 66 SLIP.ON GREEN CREAM,Sneaker Shoes,ONITSUKA,51459099361526,Green / UK 5,,11500.00,True,Available,In Stock,https://crepdogcrew.com/products/onitsuka-mexico-66-slip-on-green-cream
https://crepdogcrew.com,9494993305846,Onitsuka MEXICO 66 SLIP.ON GREEN CREAM,Sneaker Shoes,ONITSUKA,51459099394294,Green / UK 5.5,,11500.00,True,Available,In Stock,https://crepdogcrew.com/products/onitsuka-mexico-66-slip-on-green-cream
https://crepdogcrew.com,9494993305846,Onitsuka MEXICO 66 SLIP.ON GREEN CREAM,Sneaker Shoes,ONITSUKA,51459099427062,Green / UK 6,,11500.00,True,Available,In Stock,https://crepdogcrew.com/products/onitsuka-mexico-66-slip-on-green-cream
https://crepdogcrew.com,9494993305846,Onitsuka MEXICO 66 SLIP.ON GREEN CREAM,Sneaker Shoes,ONITSUKA,51459099459830,Green / UK 7,,11500.00,True,Available,In Stock,https://crepdogcrew.com/products/onitsuka-mexico-66-slip-on-green-cream
https://crepdogcrew.com,9494993305846,Onitsuka MEXICO 66 SLIP.ON GREEN CREAM,Sneaker Shoes,ONITSUKA,51459099492598,Green / UK 7.5,,11500.00,True,Available,In Stock,https://crepdogcrew.com/products/onitsuka-mexico-66-slip-on-green-cream
https://crepdogcrew.com,9494993305846,Onitsuka MEXICO 66 SLIP.ON GREEN CREAM,Sneaker Shoes,ONITSUKA,51459099525366,Green / UK 8.5,,11500.00,True,Available,In Stock,https://crepdogcrew.com/products/onitsuka-mexico-66-slip-on-green-cream
https://crepdogcrew.com,9494993305846,Onitsuka MEXICO 66 SLIP.ON GREEN CREAM,Sneaker Shoes,ONITSUKA,51459099230454,Green / UK 10,,11500.00,True,Available,In Stock,https://crepdogcrew.com/products/onitsuka-mexico-66-slip-on-green-cream
https://crepdogcrew.com,9494993305846,Onitsuka MEXICO 66 SLIP.ON GREEN CREAM,Sneaker Shoes,ONITSUKA,51459099263222,Green / UK 11,,11500.00,True,Available,In Stock,https://crepdogcrew.com/products/onitsuka-mexico-66-slip-on-green-cream
https://crepdogcrew.com,9494993502454,Onitsuka MEXICO 66 VIN GREY FLOSS VIBRANT YELLOW,Sneaker Shoes,ONITSUKA,51459100999926,GREY / UK 4,,13000.00,True,Available,In Stock,https://crepdogcrew.com/products/onitsuka-mexico-66-vin-grey-floss-vibrant-yellow
https://crepdogcrew.com,9494993502454,Onitsuka MEXICO 66 VIN GREY FLOSS VIBRANT YELLOW,Sneaker Shoes,ONITSUKA,51459101032694,GREY / UK 5,,13000.00,True,Available,In Stock,https://crepdogcrew.com/products/onitsuka-mexico-66-vin-grey-floss-vibrant-yellow
https://crepdogcrew.com,9494993502454,Onitsuka MEXICO 66 VIN GREY FLOSS VIBRANT YELLOW,Sneaker Shoes,ONITSUKA,51459101065462,GREY / UK 7,,13000.00,True,Available,In Stock,https://crepdogcrew.com/products/onitsuka-mexico-66-vin-grey-floss-vibrant-yellow
https://crepdogcrew.com,9494993502454,Onitsuka MEXICO 66 VIN GREY FLOSS VIBRANT YELLOW,Sneaker Shoes,ONITSUKA,51459101098230,GREY / UK 7.5,,13000.00,True,Available,In Stock,https://crepdogcrew.com/products/onitsuka-mexico-66-vin-grey-floss-vibrant-yellow
https://crepdogcrew.com,9494993502454,Onitsuka MEXICO 66 VIN GREY FLOSS VIBRANT YELLOW,Sneaker Shoes,ONITSUKA,51459101130998,GREY / UK 8,,13000.00,True,Available,In Stock,https://crepdogcrew.com/products/onitsuka-mexico-66-vin-grey-floss-vibrant-yellow
https://crepdogcrew.com,9494993502454,Onitsuka MEXICO 66 VIN GREY FLOSS VIBRANT YELLOW,Sneaker Shoes,ONITSUKA,51459100934390,GREY / UK 11,,13000.00,True,Available,In Stock,https://crepdogcrew.com/products/onitsuka-mexico-66-vin-grey-floss-vibrant-yellow
https://crepdogcrew.com,9494993502454,Onitsuka MEXICO 66 VIN GREY FLOSS VIBRANT YELLOW,Sneaker Shoes,ONITSUKA,51459100967158,GREY / UK 11.5,,13000.00,True,Available,In Stock,https://crepdogcrew.com/products/onitsuka-mexico-66-vin-grey-floss-vibrant-yellow
https://crepdogcrew.com,9494989996278,Onitsuka MEXICO 66 GOLF BLACK DRAGON FRUIT,Sneaker Shoes,ONITSUKA,51459078979830,Black / UK 4,,27500.00,True,Available,In Stock,https://crepdogcrew.com/products/onitsuka-mexico-66-golf-black-dragon-fruit
https://crepdogcrew.com,9494989996278,Onitsuka MEXICO 66 GOLF BLACK DRAGON FRUIT,Sneaker Shoes,ONITSUKA,51459079012598,Black / UK 5,,27500.00,True,Available,In Stock,https://crepdogcrew.com/products/onitsuka-mexico-66-golf-black-dragon-fruit
https://crepdogcrew.com,9494989996278,Onitsuka MEXICO 66 GOLF BLACK DRAGON FRUIT,Sneaker Shoes,ONITSUKA,51459079045366,Black / UK 5.5,,27500.00,True,Available,In Stock,https://crepdogcrew.com/products/onitsuka-mexico-66-golf-black-dragon-fruit
https://crepdogcrew.com,9494989996278,Onitsuka MEXICO 66 GOLF BLACK DRAGON FRUIT,Sneaker Shoes,ONITSUKA,51459079078134,Black / UK 8.5,,27500.00,True,Available,In Stock,https://crepdogcrew.com/products/onitsuka-mexico-66-golf-black-dragon-fruit
https://crepdogcrew.com,9494989996278,Onitsuka MEXICO 66 GOLF BLACK DRAGON FRUIT,Sneaker Shoes,ONITSUKA,51459079110902,Black / UK 9.5,,27500.00,True,Available,In Stock,https://crepdogcrew.com/products/onitsuka-mexico-66-golf-black-dragon-fruit
https://crepdogcrew.com,9494989996278,Onitsuka MEXICO 66 GOLF BLACK DRAGON FRUIT,Sneaker Shoes,ONITSUKA,51459078947062,Black / UK 10.5,,27500.00,True,Available,In Stock,https://crepdogcrew.com/products/onitsuka-mexico-66-golf-black-dragon-fruit
https://crepdogcrew.com,9494989340918,Onitsuka MEXICO 66 DELEGATION DARK BROWN CREAM,Sneaker Shoes,ONITSUKA,51459075375350,Brown / UK 5.5,,17500.00,True,Available,In Stock,https://crepdogcrew.com/products/onitsuka-mexico-66-delegation-dark-brown-cream
https://crepdogcrew.com,9494989340918,Onitsuka MEXICO 66 DELEGATION DARK BROWN CREAM,Sneaker Shoes,ONITSUKA,51459075408118,Brown / UK 6,,17500.00,True,Available,In Stock,https://crepdogcrew.com/products/onitsuka-mexico-66-delegation-dark-brown-cream
https://crepdogcrew.com,9494989340918,Onitsuka MEXICO 66 DELEGATION DARK BROWN CREAM,Sneaker Shoes,ONITSUKA,51459075440886,Brown / UK 7,,17500.00,True,Available,In Stock,https://crepdogcrew.com/products/onitsuka-mexico-66-delegation-dark-brown-cream
https://crepdogcrew.com,9494989340918,Onitsuka MEXICO 66 DELEGATION DARK BROWN CREAM,Sneaker Shoes,ONITSUKA,51459075309814,Brown / UK 11,,17500.00,True,Available,In Stock,https://crepdogcrew.com/products/onitsuka-mexico-66-delegation-dark-brown-cream
https://crepdogcrew.com,9494989340918,Onitsuka MEXICO 66 DELEGATION DARK BROWN CREAM,Sneaker Shoes,ONITSUKA,51459075342582,Brown / UK 12,,17500.00,True,Available,In Stock,https://crepdogcrew.com/products/onitsuka-mexico-66-delegation-dark-brown-cream
https://crepdogcrew.com,9494993043702,Onitsuka MEXICO 66 SLIP-ON DARK BROWN DARK BROWN,Sneaker Shoes,ONITSUKA,51459097657590,BROWN / UK 4,,11500.00,True,Available,In Stock,https://crepdogcrew.com/products/onitsuka-mexico-66-slip-on-dark-brown-dark-brown
https://crepdogcrew.com,9494993043702,Onitsuka MEXICO 66 SLIP-ON DARK BROWN DARK BROWN,Sneaker Shoes,ONITSUKA,51459097690358,BROWN / UK 5,,11500.00,True,Available,In Stock,https://crepdogcrew.com/products/onitsuka-mexico-66-slip-on-dark-brown-dark-brown
https://crepdogcrew.com,9494993043702,Onitsuka MEXICO 66 SLIP-ON DARK BROWN DARK BROWN,Sneaker Shoes,ONITSUKA,51459097723126,BROWN / UK 6.5,,11500.00,True,Available,In Stock,https://crepdogcrew.com/products/onitsuka-mexico-66-slip-on-dark-brown-dark-brown
https://crepdogcrew.com,9494993043702,Onitsuka MEXICO 66 SLIP-ON DARK BROWN DARK BROWN,Sneaker Shoes,ONITSUKA,51459097755894,BROWN / UK 8,,11500.00,True,Available,In Stock,https://crepdogcrew.com/products/onitsuka-mexico-66-slip-on-dark-brown-dark-brown
https://crepdogcrew.com,9494993043702,Onitsuka MEXICO 66 SLIP-ON DARK BROWN DARK BROWN,Sneaker Shoes,ONITSUKA,51459097592054,BROWN / UK 11,,11500.00,True,Available,In Stock,https://crepdogcrew.com/products/onitsuka-mexico-66-slip-on-dark-brown-dark-brown
https://crepdogcrew.com,9494993043702,Onitsuka MEXICO 66 SLIP-ON DARK BROWN DARK BROWN,Sneaker Shoes,ONITSUKA,51459097624822,BROWN / UK 12,,11500.00,True,Available,In Stock,https://crepdogcrew.com/products/onitsuka-mexico-66-slip-on-dark-brown-dark-brown
https://crepdogcrew.com,9494992486646,Onitsuka MEXICO 66 SD PF White Lagoon,Sneaker Shoes,ONITSUKA,51459094774006,white / UK 7,,17500.00,True,Available,In Stock,https://crepdogcrew.com/products/onitsuka-mexico-66-sd-pf-white-lagoon
https://crepdogcrew.com,9494992486646,Onitsuka MEXICO 66 SD PF White Lagoon,Sneaker Shoes,ONITSUKA,51459094806774,white / UK 7.5,,17500.00,True,Available,In Stock,https://crepdogcrew.com/products/onitsuka-mexico-66-sd-pf-white-lagoon
https://crepdogcrew.com,9494992486646,Onitsuka MEXICO 66 SD PF White Lagoon,Sneaker Shoes,ONITSUKA,51459094839542,white / UK 9,,17500.00,True,Available,In Stock,https://crepdogcrew.com/products/onitsuka-mexico-66-sd-pf-white-lagoon
https://crepdogcrew.com,9494992486646,Onitsuka MEXICO 66 SD PF White Lagoon,Sneaker Shoes,ONITSUKA,51459094708470,white / UK 11,,17500.00,True,Available,In Stock,https://crepdogcrew.com/products/onitsuka-mexico-66-sd-pf-white-lagoon
https://crepdogcrew.com,9494992486646,Onitsuka MEXICO 66 SD PF White Lagoon,Sneaker Shoes,ONITSUKA,51459094741238,white / UK 12,,17500.00,True,Available,In Stock,https://crepdogcrew.com/products/onitsuka-mexico-66-sd-pf-white-lagoon
https://crepdogcrew.com,9494993207542,Onitsuka MEXICO 66 SLIP.ON DIGITAL LAVENDER CREAM,Sneaker Shoes,ONITSUKA,51459098476790,Purple / UK 6,,11500.00,True,Available,In Stock,https://crepdogcrew.com/products/onitsuka-mexico-66-slip-on-digital-lavender-cream
https://crepdogcrew.com,9494993207542,Onitsuka MEXICO 66 SLIP.ON DIGITAL LAVENDER CREAM,Sneaker Shoes,ONITSUKA,51459098509558,Purple / UK 7,,11500.00,True,Available,In Stock,https://crepdogcrew.com/products/onitsuka-mexico-66-slip-on-digital-lavender-cream
https://crepdogcrew.com,9494993207542,Onitsuka MEXICO 66 SLIP.ON DIGITAL LAVENDER CREAM,Sneaker Shoes,ONITSUKA,51459098542326,Purple / UK 8,,11500.00,True,Available,In Stock,https://crepdogcrew.com/products/onitsuka-mexico-66-slip-on-digital-lavender-cream
https://crepdogcrew.com,9494993207542,Onitsuka MEXICO 66 SLIP.ON DIGITAL LAVENDER CREAM,Sneaker Shoes,ONITSUKA,51459098575094,Purple / UK 8.5,,11500.00,True,Available,In Stock,https://crepdogcrew.com/products/onitsuka-mexico-66-slip-on-digital-lavender-cream
https://crepdogcrew.com,9494993207542,Onitsuka MEXICO 66 SLIP.ON DIGITAL LAVENDER CREAM,Sneaker Shoes,ONITSUKA,51459098607862,Purple / UK 9,,11500.00,True,Available,In Stock,https://crepdogcrew.com/products/onitsuka-mexico-66-slip-on-digital-lavender-cream
https://crepdogcrew.com,9494993207542,Onitsuka MEXICO 66 SLIP.ON DIGITAL LAVENDER CREAM,Sneaker Shoes,ONITSUKA,51459098411254,Purple / UK 10,,11500.00,True,Available,In Stock,https://crepdogcrew.com/products/onitsuka-mexico-66-slip-on-digital-lavender-cream
https://crepdogcrew.com,9494993207542,Onitsuka MEXICO 66 SLIP.ON DIGITAL LAVENDER CREAM,Sneaker Shoes,ONITSUKA,51459098444022,Purple / UK 11,,11500.00,True,Available,In Stock,https://crepdogcrew.com/products/onitsuka-mexico-66-slip-on-digital-lavender-cream
https://crepdogcrew.com,9494989111542,Onitsuka MEXICO 66 DELEGATION BARELY ROSE CREAM,Sneaker Shoes,ONITSUKA,51459073310966,Pink / UK 4,,17500.00,True,Available,In Stock,https://crepdogcrew.com/products/onitsuka-mexico-66-delegation-barely-rose-cream
https://crepdogcrew.com,9494989111542,Onitsuka MEXICO 66 DELEGATION BARELY ROSE CREAM,Sneaker Shoes,ONITSUKA,51459073343734,Pink / UK 4.5,,17500.00,True,Available,In Stock,https://crepdogcrew.com/products/onitsuka-mexico-66-delegation-barely-rose-cream
https://crepdogcrew.com,9494989111542,Onitsuka MEXICO 66 DELEGATION BARELY ROSE CREAM,Sneaker Shoes,ONITSUKA,51459073376502,Pink / UK 5.5,,17500.00,True,Available,In Stock,https://crepdogcrew.com/products/onitsuka-mexico-66-delegation-barely-rose-cream
https://crepdogcrew.com,9494989111542,Onitsuka MEXICO 66 DELEGATION BARELY ROSE CREAM,Sneaker Shoes,ONITSUKA,51459073409270,Pink / UK 6.5,,17500.00,True,Available,In Stock,https://crepdogcrew.com/products/onitsuka-mexico-66-delegation-barely-rose-cream
https://crepdogcrew.com,9494989111542,Onitsuka MEXICO 66 DELEGATION BARELY ROSE CREAM,Sneaker Shoes,ONITSUKA,51459073442038,Pink / UK 7,,17500.00,True,Available,In Stock,https://crepdogcrew.com/products/onitsuka-mexico-66-delegation-barely-rose-cream
https://crepdogcrew.com,9494989111542,Onitsuka MEXICO 66 DELEGATION BARELY ROSE CREAM,Sneaker Shoes,ONITSUKA,51459073474806,Pink / UK 7.5,,17500.00,True,Available,In Stock,https://crepdogcrew.com/products/onitsuka-mexico-66-delegation-barely-rose-cream
https://crepdogcrew.com,9494989111542,Onitsuka MEXICO 66 DELEGATION BARELY ROSE CREAM,Sneaker Shoes,ONITSUKA,51459073507574,Pink / UK 8,,17500.00,True,Available,In Stock,https://crepdogcrew.com/products/onitsuka-mexico-66-delegation-barely-rose-cream
https://crepdogcrew.com,9494989111542,Onitsuka MEXICO 66 DELEGATION BARELY ROSE CREAM,Sneaker Shoes,ONITSUKA,51459073540342,Pink / UK 9,,17500.00,True,Available,In Stock,https://crepdogcrew.com/products/onitsuka-mexico-66-delegation-barely-rose-cream
https://crepdogcrew.com,9494989111542,Onitsuka MEXICO 66 DELEGATION BARELY ROSE CREAM,Sneaker Shoes,ONITSUKA,51459073212662,Pink / UK 10,,17500.00,True,Available,In Stock,https://crepdogcrew.com/products/onitsuka-mexico-66-delegation-barely-rose-cream
https://crepdogcrew.com,9494989111542,Onitsuka MEXICO 66 DELEGATION BARELY ROSE CREAM,Sneaker Shoes,ONITSUKA,51459073245430,Pink / UK 11,,17500.00,True,Available,In Stock,https://crepdogcrew.com/products/onitsuka-mexico-66-delegation-barely-rose-cream
https://crepdogcrew.com,9494989111542,Onitsuka MEXICO 66 DELEGATION BARELY ROSE CREAM,Sneaker Shoes,ONITSUKA,51459073278198,Pink / UK 12,,17500.00,True,Available,In Stock,https://crepdogcrew.com/products/onitsuka-mexico-66-delegation-barely-rose-cream
https://crepdogcrew.com,9494992683254,Onitsuka MEXICO 66 SD SPRUCE GREEN MINERAL BEIGE,Sneaker Shoes,ONITSUKA,51459095658742,Green / UK 5,,19000.00,True,Available,In Stock,https://crepdogcrew.com/products/onitsuka-mexico-66-sd-spruce-green-mineral-beige
https://crepdogcrew.com,9494992683254,Onitsuka MEXICO 66 SD SPRUCE GREEN MINERAL BEIGE,Sneaker Shoes,ONITSUKA,51459095691510,Green / UK 6,,19000.00,True,Available,In Stock,https://crepdogcrew.com/products/onitsuka-mexico-66-sd-spruce-green-mineral-beige
https://crepdogcrew.com,9494992683254,Onitsuka MEXICO 66 SD SPRUCE GREEN MINERAL BEIGE,Sneaker Shoes,ONITSUKA,51459095724278,Green / UK 7,,19000.00,True,Available,In Stock,https://crepdogcrew.com/products/onitsuka-mexico-66-sd-spruce-green-mineral-beige
https://crepdogcrew.com,9494992683254,Onitsuka MEXICO 66 SD SPRUCE GREEN MINERAL BEIGE,Sneaker Shoes,ONITSUKA,51459095757046,Green / UK 8,,19000.00,True,Available,In Stock,https://crepdogcrew.com/products/onitsuka-mexico-66-sd-spruce-green-mineral-beige
https://crepdogcrew.com,9494992683254,Onitsuka MEXICO 66 SD SPRUCE GREEN MINERAL BEIGE,Sneaker Shoes,ONITSUKA,51459095789814,Green / UK 9,,19000.00,True,Available,In Stock,https://crepdogcrew.com/products/onitsuka-mexico-66-sd-spruce-green-mineral-beige
https://crepdogcrew.com,9494992683254,Onitsuka MEXICO 66 SD SPRUCE GREEN MINERAL BEIGE,Sneaker Shoes,ONITSUKA,51459095560438,Green / UK 10,,19000.00,True,Available,In Stock,https://crepdogcrew.com/products/onitsuka-mexico-66-sd-spruce-green-mineral-beige
https://crepdogcrew.com,9494992683254,Onitsuka MEXICO 66 SD SPRUCE GREEN MINERAL BEIGE,Sneaker Shoes,ONITSUKA,51459095593206,Green / UK 11,,19000.00,True,Available,In Stock,https://crepdogcrew.com/products/onitsuka-mexico-66-sd-spruce-green-mineral-beige
https://crepdogcrew.com,9494992683254,Onitsuka MEXICO 66 SD SPRUCE GREEN MINERAL BEIGE,Sneaker Shoes,ONITSUKA,51459095625974,Green / UK 12,,19000.00,True,Available,In Stock,https://crepdogcrew.com/products/onitsuka-mexico-66-sd-spruce-green-mineral-beige
https://crepdogcrew.com,9494990979318,Onitsuka MEXICO 66 PARATY OATMEAL GINGER PEACH,Sneaker Shoes,ONITSUKA,51459086942454,Beige / UK 4,,10500.00,True,Available,In Stock,https://crepdogcrew.com/products/onitsuka-mexico-66-paraty-oatmeal-ginger-peach
https://crepdogcrew.com,9494990979318,Onitsuka MEXICO 66 PARATY OATMEAL GINGER PEACH,Sneaker Shoes,ONITSUKA,51459086975222,Beige / UK 4.5,,10500.00,True,Available,In Stock,https://crepdogcrew.com/products/onitsuka-mexico-66-paraty-oatmeal-ginger-peach
https://crepdogcrew.com,9494990979318,Onitsuka MEXICO 66 PARATY OATMEAL GINGER PEACH,Sneaker Shoes,ONITSUKA,51459087007990,Beige / UK 7.5,,10500.00,True,Available,In Stock,https://crepdogcrew.com/products/onitsuka-mexico-66-paraty-oatmeal-ginger-peach
https://crepdogcrew.com,9494990979318,Onitsuka MEXICO 66 PARATY OATMEAL GINGER PEACH,Sneaker Shoes,ONITSUKA,51459087040758,Beige / UK 8,,10500.00,True,Available,In Stock,https://crepdogcrew.com/products/onitsuka-mexico-66-paraty-oatmeal-ginger-peach
https://crepdogcrew.com,9494990979318,Onitsuka MEXICO 66 PARATY OATMEAL GINGER PEACH,Sneaker Shoes,ONITSUKA,51459087073526,Beige / UK 9,,10500.00,True,Available,In Stock,https://crepdogcrew.com/products/onitsuka-mexico-66-paraty-oatmeal-ginger-peach
https://crepdogcrew.com,9494990979318,Onitsuka MEXICO 66 PARATY OATMEAL GINGER PEACH,Sneaker Shoes,ONITSUKA,51459086844150,Beige / UK 10,,10500.00,True,Available,In Stock,https://crepdogcrew.com/products/onitsuka-mexico-66-paraty-oatmeal-ginger-peach
https://crepdogcrew.com,9494990979318,Onitsuka MEXICO 66 PARATY OATMEAL GINGER PEACH,Sneaker Shoes,ONITSUKA,51459086876918,Beige / UK 11,,10500.00,True,Available,In Stock,https://crepdogcrew.com/products/onitsuka-mexico-66-paraty-oatmeal-ginger-peach
https://crepdogcrew.com,9494990979318,Onitsuka MEXICO 66 PARATY OATMEAL GINGER PEACH,Sneaker Shoes,ONITSUKA,51459086909686,Beige / UK 12,,10500.00,True,Available,In Stock,https://crepdogcrew.com/products/onitsuka-mexico-66-paraty-oatmeal-ginger-peach
https://crepdogcrew.com,9494991044854,Onitsuka MEXICO 66 PF Pure Silver Cream,Sneaker Shoes,ONITSUKA,51459087565046,Silver / UK 4,,16500.00,True,Available,In Stock,https://crepdogcrew.com/products/onitsuka-mexico-66-pf-pure-silver-cream
https://crepdogcrew.com,9494991044854,Onitsuka MEXICO 66 PF Pure Silver Cream,Sneaker Shoes,ONITSUKA,51459087597814,Silver / UK 4.5,,16500.00,True,Available,In Stock,https://crepdogcrew.com/products/onitsuka-mexico-66-pf-pure-silver-cream
https://crepdogcrew.com,9494991044854,Onitsuka MEXICO 66 PF Pure Silver Cream,Sneaker Shoes,ONITSUKA,51459087630582,Silver / UK 5.5,,16500.00,True,Available,In Stock,https://crepdogcrew.com/products/onitsuka-mexico-66-pf-pure-silver-cream
https://crepdogcrew.com,9494991044854,Onitsuka MEXICO 66 PF Pure Silver Cream,Sneaker Shoes,ONITSUKA,51459087663350,Silver / UK 9,,16500.00,True,Available,In Stock,https://crepdogcrew.com/products/onitsuka-mexico-66-pf-pure-silver-cream
https://crepdogcrew.com,9494991044854,Onitsuka MEXICO 66 PF Pure Silver Cream,Sneaker Shoes,ONITSUKA,51459087466742,Silver / UK 10,,16500.00,True,Available,In Stock,https://crepdogcrew.com/products/onitsuka-mexico-66-pf-pure-silver-cream
https://crepdogcrew.com,9494991044854,Onitsuka MEXICO 66 PF Pure Silver Cream,Sneaker Shoes,ONITSUKA,51459087499510,Silver / UK 11,,16500.00,True,Available,In Stock,https://crepdogcrew.com/products/onitsuka-mexico-66-pf-pure-silver-cream
https://crepdogcrew.com,9494991044854,Onitsuka MEXICO 66 PF Pure Silver Cream,Sneaker Shoes,ONITSUKA,51459087532278,Silver / UK 12,,16500.00,True,Available,In Stock,https://crepdogcrew.com/products/onitsuka-mexico-66-pf-pure-silver-cream
https://crepdogcrew.com,9494990455030,Onitsuka MEXICO 66 GUNMETAL BLACK,Sneaker Shoes,ONITSUKA,51459083010294,Black / UK 5,,12500.00,True,Available,In Stock,https://crepdogcrew.com/products/onitsuka-mexico-66-gunmetal-black
https://crepdogcrew.com,9494990455030,Onitsuka MEXICO 66 GUNMETAL BLACK,Sneaker Shoes,ONITSUKA,51459083043062,Black / UK 6,,12500.00,True,Available,In Stock,https://crepdogcrew.com/products/onitsuka-mexico-66-gunmetal-black
https://crepdogcrew.com,9494990455030,Onitsuka MEXICO 66 GUNMETAL BLACK,Sneaker Shoes,ONITSUKA,51459083075830,Black / UK 7,,12500.00,True,Available,In Stock,https://crepdogcrew.com/products/onitsuka-mexico-66-gunmetal-black
https://crepdogcrew.com,9494990455030,Onitsuka MEXICO 66 GUNMETAL BLACK,Sneaker Shoes,ONITSUKA,51459083108598,Black / UK 9,,12500.00,True,Available,In Stock,https://crepdogcrew.com/products/onitsuka-mexico-66-gunmetal-black
https://crepdogcrew.com,9494990455030,Onitsuka MEXICO 66 GUNMETAL BLACK,Sneaker Shoes,ONITSUKA,51459083141366,Black / UK 9.5,,12500.00,True,Available,In Stock,https://crepdogcrew.com/products/onitsuka-mexico-66-gunmetal-black
https://crepdogcrew.com,9494990455030,Onitsuka MEXICO 66 GUNMETAL BLACK,Sneaker Shoes,ONITSUKA,51459082944758,Black / UK 11,,12500.00,True,Available,In Stock,https://crepdogcrew.com/products/onitsuka-mexico-66-gunmetal-black
https://crepdogcrew.com,9494990455030,Onitsuka MEXICO 66 GUNMETAL BLACK,Sneaker Shoes,ONITSUKA,51459082977526,Black / UK 12,,12500.00,True,Available,In Stock,https://crepdogcrew.com/products/onitsuka-mexico-66-gunmetal-black
https://crepdogcrew.com,9494993109238,Onitsuka MEXICO 66 SLIP-ON White Ginger Peach,Sneaker Shoes,ONITSUKA,51459098116342,white / UK 8,,10500.00,True,Available,In Stock,https://crepdogcrew.com/products/onitsuka-mexico-66-slip-on-white-ginger-peach
https://crepdogcrew.com,9494993109238,Onitsuka MEXICO 66 SLIP-ON White Ginger Peach,Sneaker Shoes,ONITSUKA,51459098149110,white / UK 9,,10500.00,True,Available,In Stock,https://crepdogcrew.com/products/onitsuka-mexico-66-slip-on-white-ginger-peach
https://crepdogcrew.com,9494993109238,Onitsuka MEXICO 66 SLIP-ON White Ginger Peach,Sneaker Shoes,ONITSUKA,51459098018038,white / UK 10,,10500.00,True,Available,In Stock,https://crepdogcrew.com/products/onitsuka-mexico-66-slip-on-white-ginger-peach
https://crepdogcrew.com,9494993109238,Onitsuka MEXICO 66 SLIP-ON White Ginger Peach,Sneaker Shoes,ONITSUKA,51459098050806,white / UK 11,,10500.00,True,Available,In Stock,https://crepdogcrew.com/products/onitsuka-mexico-66-slip-on-white-ginger-peach
https://crepdogcrew.com,9494993109238,Onitsuka MEXICO 66 SLIP-ON White Ginger Peach,Sneaker Shoes,ONITSUKA,51459098083574,white / UK 12,,10500.00,True,Available,In Stock,https://crepdogcrew.com/products/onitsuka-mexico-66-slip-on-white-ginger-peach
https://crepdogcrew.com,9494993273078,Onitsuka MEXICO 66 SLIP.ON GINGER PEACH CREAM,Sneaker Shoes,ONITSUKA,51459098771702,PINK / UK 4,,13500.00,True,Available,In Stock,https://crepdogcrew.com/products/onitsuka-mexico-66-slip-on-ginger-peach-cream
https://crepdogcrew.com,9494993273078,Onitsuka MEXICO 66 SLIP.ON GINGER PEACH CREAM,Sneaker Shoes,ONITSUKA,51459098804470,PINK / UK 4.5,,13500.00,True,Available,In Stock,https://crepdogcrew.com/products/onitsuka-mexico-66-slip-on-ginger-peach-cream
https://crepdogcrew.com,9494993273078,Onitsuka MEXICO 66 SLIP.ON GINGER PEACH CREAM,Sneaker Shoes,ONITSUKA,51459098837238,PINK / UK 5,,13500.00,True,Available,In Stock,https://crepdogcrew.com/products/onitsuka-mexico-66-slip-on-ginger-peach-cream
https://crepdogcrew.com,9494993273078,Onitsuka MEXICO 66 SLIP.ON GINGER PEACH CREAM,Sneaker Shoes,ONITSUKA,51459098870006,PINK / UK 6,,13500.00,True,Available,In Stock,https://crepdogcrew.com/products/onitsuka-mexico-66-slip-on-ginger-peach-cream
https://crepdogcrew.com,9494993273078,Onitsuka MEXICO 66 SLIP.ON GINGER PEACH CREAM,Sneaker Shoes,ONITSUKA,51459098902774,PINK / UK 6.5,,13500.00,True,Available,In Stock,https://crepdogcrew.com/products/onitsuka-mexico-66-slip-on-ginger-peach-cream
https://crepdogcrew.com,9494993273078,Onitsuka MEXICO 66 SLIP.ON GINGER PEACH CREAM,Sneaker Shoes,ONITSUKA,51459098935542,PINK / UK 8,,13500.00,True,Available,In Stock,https://crepdogcrew.com/products/onitsuka-mexico-66-slip-on-ginger-peach-cream
https://crepdogcrew.com,9494993273078,Onitsuka MEXICO 66 SLIP.ON GINGER PEACH CREAM,Sneaker Shoes,ONITSUKA,51459098968310,PINK / UK 8.5,,13500.00,True,Available,In Stock,https://crepdogcrew.com/products/onitsuka-mexico-66-slip-on-ginger-peach-cream
https://crepdogcrew.com,9494993273078,Onitsuka MEXICO 66 SLIP.ON GINGER PEACH CREAM,Sneaker Shoes,ONITSUKA,51459099001078,PINK / UK 9,,13500.00,True,Available,In Stock,https://crepdogcrew.com/products/onitsuka-mexico-66-slip-on-ginger-peach-cream
https://crepdogcrew.com,9494993273078,Onitsuka MEXICO 66 SLIP.ON GINGER PEACH CREAM,Sneaker Shoes,ONITSUKA,51459098673398,PINK / UK 10,,13500.00,True,Available,In Stock,https://crepdogcrew.com/products/onitsuka-mexico-66-slip-on-ginger-peach-cream
https://crepdogcrew.com,9494993273078,Onitsuka MEXICO 66 SLIP.ON GINGER PEACH CREAM,Sneaker Shoes,ONITSUKA,51459098706166,PINK / UK 11,,13500.00,True,Available,In Stock,https://crepdogcrew.com/products/onitsuka-mexico-66-slip-on-ginger-peach-cream
https://crepdogcrew.com,9494993273078,Onitsuka MEXICO 66 SLIP.ON GINGER PEACH CREAM,Sneaker Shoes,ONITSUKA,51459098738934,PINK / UK 12,,13500.00,True,Available,In Stock,https://crepdogcrew.com/products/onitsuka-mexico-66-slip-on-ginger-peach-cream
https://crepdogcrew.com,9494992060662,Onitsuka MEXICO 66 SD GREY FLOSS GREY FLOSS,Sneaker Shoes,ONITSUKA,51459092938998,Grey / UK 6,,19000.00,True,Available,In Stock,https://crepdogcrew.com/products/onitsuka-mexico-66-sd-grey-floss-grey-floss
https://crepdogcrew.com,9494992060662,Onitsuka MEXICO 66 SD GREY FLOSS GREY FLOSS,Sneaker Shoes,ONITSUKA,51459092971766,Grey / UK 7,,19000.00,True,Available,In Stock,https://crepdogcrew.com/products/onitsuka-mexico-66-sd-grey-floss-grey-floss
https://crepdogcrew.com,9494992060662,Onitsuka MEXICO 66 SD GREY FLOSS GREY FLOSS,Sneaker Shoes,ONITSUKA,51459093004534,Grey / UK 8,,19000.00,True,Available,In Stock,https://crepdogcrew.com/products/onitsuka-mexico-66-sd-grey-floss-grey-floss
https://crepdogcrew.com,9494992060662,Onitsuka MEXICO 66 SD GREY FLOSS GREY FLOSS,Sneaker Shoes,ONITSUKA,51459093037302,Grey / UK 9,,19000.00,True,Available,In Stock,https://crepdogcrew.com/products/onitsuka-mexico-66-sd-grey-floss-grey-floss
https://crepdogcrew.com,9494992060662,Onitsuka MEXICO 66 SD GREY FLOSS GREY FLOSS,Sneaker Shoes,ONITSUKA,51459092840694,Grey / UK 10,,19000.00,True,Available,In Stock,https://crepdogcrew.com/products/onitsuka-mexico-66-sd-grey-floss-grey-floss
https://crepdogcrew.com,9494992060662,Onitsuka MEXICO 66 SD GREY FLOSS GREY FLOSS,Sneaker Shoes,ONITSUKA,51459092873462,Grey / UK 11,,19000.00,True,Available,In Stock,https://crepdogcrew.com/products/onitsuka-mexico-66-sd-grey-floss-grey-floss
https://crepdogcrew.com,9494992060662,Onitsuka MEXICO 66 SD GREY FLOSS GREY FLOSS,Sneaker Shoes,ONITSUKA,51459092906230,Grey / UK 12,,19000.00,True,Available,In Stock,https://crepdogcrew.com/products/onitsuka-mexico-66-sd-grey-floss-grey-floss
https://crepdogcrew.com,9494991634678,Onitsuka MEXICO 66 SABOT NATURAL CREAM,Sneaker Shoes,ONITSUKA,51459090907382,Beige / UK 7,,13500.00,True,Available,In Stock,https://crepdogcrew.com/products/onitsuka-mexico-66-sabot-natural-cream
https://crepdogcrew.com,9494991634678,Onitsuka MEXICO 66 SABOT NATURAL CREAM,Sneaker Shoes,ONITSUKA,51459090940150,Beige / UK 8,,13500.00,True,Available,In Stock,https://crepdogcrew.com/products/onitsuka-mexico-66-sabot-natural-cream
https://crepdogcrew.com,9494991634678,Onitsuka MEXICO 66 SABOT NATURAL CREAM,Sneaker Shoes,ONITSUKA,51459090972918,Beige / UK 9,,13500.00,True,Available,In Stock,https://crepdogcrew.com/products/onitsuka-mexico-66-sabot-natural-cream
https://crepdogcrew.com,9494991634678,Onitsuka MEXICO 66 SABOT NATURAL CREAM,Sneaker Shoes,ONITSUKA,51459090809078,Beige / UK 10,,13500.00,True,Available,In Stock,https://crepdogcrew.com/products/onitsuka-mexico-66-sabot-natural-cream
https://crepdogcrew.com,9494991634678,Onitsuka MEXICO 66 SABOT NATURAL CREAM,Sneaker Shoes,ONITSUKA,51459090841846,Beige / UK 11,,13500.00,True,Available,In Stock,https://crepdogcrew.com/products/onitsuka-mexico-66-sabot-natural-cream
https://crepdogcrew.com,9494991634678,Onitsuka MEXICO 66 SABOT NATURAL CREAM,Sneaker Shoes,ONITSUKA,51459090874614,Beige / UK 12,,13500.00,True,Available,In Stock,https://crepdogcrew.com/products/onitsuka-mexico-66-sabot-natural-cream
https://crepdogcrew.com,9494990618870,Onitsuka MEXICO 66 PARATY BIRCH CREAM,Sneaker Shoes,ONITSUKA,51459084517622,Ivory / UK 4,,11500.00,True,Available,In Stock,https://crepdogcrew.com/products/onitsuka-mexico-66-paraty-birch-cream
https://crepdogcrew.com,9494990618870,Onitsuka MEXICO 66 PARATY BIRCH CREAM,Sneaker Shoes,ONITSUKA,51459084550390,Ivory / UK 5,,11500.00,True,Available,In Stock,https://crepdogcrew.com/products/onitsuka-mexico-66-paraty-birch-cream
https://crepdogcrew.com,9494990618870,Onitsuka MEXICO 66 PARATY BIRCH CREAM,Sneaker Shoes,ONITSUKA,51459084583158,Ivory / UK 5.5,,11500.00,True,Available,In Stock,https://crepdogcrew.com/products/onitsuka-mexico-66-paraty-birch-cream
https://crepdogcrew.com,9494990618870,Onitsuka MEXICO 66 PARATY BIRCH CREAM,Sneaker Shoes,ONITSUKA,51459084615926,Ivory / UK 6,,11500.00,True,Available,In Stock,https://crepdogcrew.com/products/onitsuka-mexico-66-paraty-birch-cream
https://crepdogcrew.com,9494990618870,Onitsuka MEXICO 66 PARATY BIRCH CREAM,Sneaker Shoes,ONITSUKA,51459084648694,Ivory / UK 6.5,,11500.00,True,Available,In Stock,https://crepdogcrew.com/products/onitsuka-mexico-66-paraty-birch-cream
https://crepdogcrew.com,9494990618870,Onitsuka MEXICO 66 PARATY BIRCH CREAM,Sneaker Shoes,ONITSUKA,51459084681462,Ivory / UK 7,,11500.00,True,Available,In Stock,https://crepdogcrew.com/products/onitsuka-mexico-66-paraty-birch-cream
https://crepdogcrew.com,9494990618870,Onitsuka MEXICO 66 PARATY BIRCH CREAM,Sneaker Shoes,ONITSUKA,51459084714230,Ivory / UK 8,,11500.00,False,Sold Out,0 units left (Sold Out),https://crepdogcrew.com/products/onitsuka-mexico-66-paraty-birch-cream
https://crepdogcrew.com,9494990618870,Onitsuka MEXICO 66 PARATY BIRCH CREAM,Sneaker Shoes,ONITSUKA,51459084746998,Ivory / UK 8.5,,11500.00,True,Available,In Stock,https://crepdogcrew.com/products/onitsuka-mexico-66-paraty-birch-cream
https://crepdogcrew.com,9494990618870,Onitsuka MEXICO 66 PARATY BIRCH CREAM,Sneaker Shoes,ONITSUKA,51459084779766,Ivory / UK 9,,11500.00,True,Available,In Stock,https://crepdogcrew.com/products/onitsuka-mexico-66-paraty-birch-cream
https://crepdogcrew.com,9494990618870,Onitsuka MEXICO 66 PARATY BIRCH CREAM,Sneaker Shoes,ONITSUKA,51459084353782,Ivory / UK 10,,11500.00,True,Available,In Stock,https://crepdogcrew.com/products/onitsuka-mexico-66-paraty-birch-cream
https://crepdogcrew.com,9494990618870,Onitsuka MEXICO 66 PARATY BIRCH CREAM,Sneaker Shoes,ONITSUKA,51459084386550,Ivory / UK 10.5,,11500.00,True,Available,In Stock,https://crepdogcrew.com/products/onitsuka-mexico-66-paraty-birch-cream
https://crepdogcrew.com,9494990618870,Onitsuka MEXICO 66 PARATY BIRCH CREAM,Sneaker Shoes,ONITSUKA,51459084419318,Ivory / UK 11,,11500.00,True,Available,In Stock,https://crepdogcrew.com/products/onitsuka-mexico-66-paraty-birch-cream
https://crepdogcrew.com,9494990618870,Onitsuka MEXICO 66 PARATY BIRCH CREAM,Sneaker Shoes,ONITSUKA,51459084452086,Ivory / UK 11.5,,11500.00,True,Available,In Stock,https://crepdogcrew.com/products/onitsuka-mexico-66-paraty-birch-cream
https://crepdogcrew.com,9494990618870,Onitsuka MEXICO 66 PARATY BIRCH CREAM,Sneaker Shoes,ONITSUKA,51459084484854,Ivory / UK 12,,11500.00,True,Available,In Stock,https://crepdogcrew.com/products/onitsuka-mexico-66-paraty-birch-cream
https://crepdogcrew.com,9494990782710,Onitsuka MEXICO 66 PARATY CRYSTAL PINK OFF-WHITE,Sneaker Shoes,ONITSUKA,51459085730038,Pink / UK 4.5,,12000.00,True,Available,In Stock,https://crepdogcrew.com/products/onitsuka-mexico-66-paraty-crystal-pink-off-white
https://crepdogcrew.com,9494990782710,Onitsuka MEXICO 66 PARATY CRYSTAL PINK OFF-WHITE,Sneaker Shoes,ONITSUKA,51459085762806,Pink / UK 5.5,,12000.00,True,Available,In Stock,https://crepdogcrew.com/products/onitsuka-mexico-66-paraty-crystal-pink-off-white
https://crepdogcrew.com,9494990782710,Onitsuka MEXICO 66 PARATY CRYSTAL PINK OFF-WHITE,Sneaker Shoes,ONITSUKA,51459085795574,Pink / UK 9,,12000.00,True,Available,In Stock,https://crepdogcrew.com/products/onitsuka-mexico-66-paraty-crystal-pink-off-white
https://crepdogcrew.com,9494990782710,Onitsuka MEXICO 66 PARATY CRYSTAL PINK OFF-WHITE,Sneaker Shoes,ONITSUKA,51459085631734,Pink / UK 10,,12000.00,True,Available,In Stock,https://crepdogcrew.com/products/onitsuka-mexico-66-paraty-crystal-pink-off-white
https://crepdogcrew.com,9494990782710,Onitsuka MEXICO 66 PARATY CRYSTAL PINK OFF-WHITE,Sneaker Shoes,ONITSUKA,51459085664502,Pink / UK 11,,12000.00,True,Available,In Stock,https://crepdogcrew.com/products/onitsuka-mexico-66-paraty-crystal-pink-off-white
https://crepdogcrew.com,9494990782710,Onitsuka MEXICO 66 PARATY CRYSTAL PINK OFF-WHITE,Sneaker Shoes,ONITSUKA,51459085697270,Pink / UK 12,,12000.00,True,Available,In Stock,https://crepdogcrew.com/products/onitsuka-mexico-66-paraty-crystal-pink-off-white
https://crepdogcrew.com,9494990749942,Onitsuka MEXICO 66 PARATY Cream,Sneaker Shoes,ONITSUKA,51459085533430,white / UK 4,,11500.00,True,Available,In Stock,https://crepdogcrew.com/products/onitsuka-mexico-66-paraty-cream-cream
https://crepdogcrew.com,9494990749942,Onitsuka MEXICO 66 PARATY Cream,Sneaker Shoes,ONITSUKA,51459085566198,white / UK 5.5,,11500.00,True,Available,In Stock,https://crepdogcrew.com/products/onitsuka-mexico-66-paraty-cream-cream
https://crepdogcrew.com,9494990749942,Onitsuka MEXICO 66 PARATY Cream,Sneaker Shoes,ONITSUKA,51459085598966,white / UK 8,,11500.00,True,Available,In Stock,https://crepdogcrew.com/products/onitsuka-mexico-66-paraty-cream-cream
https://crepdogcrew.com,9494990749942,Onitsuka MEXICO 66 PARATY Cream,Sneaker Shoes,ONITSUKA,51459085467894,white / UK 10,,11500.00,True,Available,In Stock,https://crepdogcrew.com/products/onitsuka-mexico-66-paraty-cream-cream
https://crepdogcrew.com,9494990749942,Onitsuka MEXICO 66 PARATY Cream,Sneaker Shoes,ONITSUKA,51459085500662,white / UK 11,,11500.00,True,Available,In Stock,https://crepdogcrew.com/products/onitsuka-mexico-66-paraty-cream-cream
https://crepdogcrew.com,9494989897974,Onitsuka MEXICO 66 Gold White,Sneaker Shoes,ONITSUKA,51459078357238,white / UK 10,,12500.00,True,Available,In Stock,https://crepdogcrew.com/products/onitsuka-mexico-66-gold-white
https://crepdogcrew.com,9494989897974,Onitsuka MEXICO 66 Gold White,Sneaker Shoes,ONITSUKA,51459078390006,white / UK 13,,12500.00,True,Available,In Stock,https://crepdogcrew.com/products/onitsuka-mexico-66-gold-white
https://crepdogcrew.com,9494989897974,Onitsuka MEXICO 66 Gold White,Sneaker Shoes,ONITSUKA,51459078422774,white / UK 4,,12500.00,True,Available,In Stock,https://crepdogcrew.com/products/onitsuka-mexico-66-gold-white
https://crepdogcrew.com,9494989897974,Onitsuka MEXICO 66 Gold White,Sneaker Shoes,ONITSUKA,51459078455542,white / UK 4.5,,12500.00,True,Available,In Stock,https://crepdogcrew.com/products/onitsuka-mexico-66-gold-white
https://crepdogcrew.com,9494989897974,Onitsuka MEXICO 66 Gold White,Sneaker Shoes,ONITSUKA,51459078488310,white / UK 5,,12500.00,True,Available,In Stock,https://crepdogcrew.com/products/onitsuka-mexico-66-gold-white
https://crepdogcrew.com,9494989897974,Onitsuka MEXICO 66 Gold White,Sneaker Shoes,ONITSUKA,51459078521078,white / UK 5.5,,12500.00,True,Available,In Stock,https://crepdogcrew.com/products/onitsuka-mexico-66-gold-white
https://crepdogcrew.com,9494989897974,Onitsuka MEXICO 66 Gold White,Sneaker Shoes,ONITSUKA,51459078553846,white / UK 6.5,,12500.00,True,Available,In Stock,https://crepdogcrew.com/products/onitsuka-mexico-66-gold-white
https://crepdogcrew.com,9494989897974,Onitsuka MEXICO 66 Gold White,Sneaker Shoes,ONITSUKA,51459078586614,white / UK 7.5,,12500.00,True,Available,In Stock,https://crepdogcrew.com/products/onitsuka-mexico-66-gold-white
https://crepdogcrew.com,9494989897974,Onitsuka MEXICO 66 Gold White,Sneaker Shoes,ONITSUKA,51459078619382,white / UK 8.5,,12500.00,True,Available,In Stock,https://crepdogcrew.com/products/onitsuka-mexico-66-gold-white
https://crepdogcrew.com,9494989897974,Onitsuka MEXICO 66 Gold White,Sneaker Shoes,ONITSUKA,51459078652150,white / UK 9,,12500.00,True,Available,In Stock,https://crepdogcrew.com/products/onitsuka-mexico-66-gold-white
https://crepdogcrew.com,9494992945398,Onitsuka MEXICO 66 SLIP-ON BIRCH WOOD CREPE,Sneaker Shoes,ONITSUKA,51459097297142,BEIGE / UK 4,,13500.00,True,Available,In Stock,https://crepdogcrew.com/products/onitsuka-mexico-66-slip-on-birch-wood-crepe
https://crepdogcrew.com,9494992945398,Onitsuka MEXICO 66 SLIP-ON BIRCH WOOD CREPE,Sneaker Shoes,ONITSUKA,51459097329910,BEIGE / UK 5,,13500.00,True,Available,In Stock,https://crepdogcrew.com/products/onitsuka-mexico-66-slip-on-birch-wood-crepe
https://crepdogcrew.com,9494992945398,Onitsuka MEXICO 66 SLIP-ON BIRCH WOOD CREPE,Sneaker Shoes,ONITSUKA,51459097198838,BEIGE / UK 11,,13500.00,True,Available,In Stock,https://crepdogcrew.com/products/onitsuka-mexico-66-slip-on-birch-wood-crepe
https://crepdogcrew.com,9494992945398,Onitsuka MEXICO 66 SLIP-ON BIRCH WOOD CREPE,Sneaker Shoes,ONITSUKA,51459097231606,BEIGE / UK 11.5,,13500.00,True,Available,In Stock,https://crepdogcrew.com/products/onitsuka-mexico-66-slip-on-birch-wood-crepe
https://crepdogcrew.com,9494992945398,Onitsuka MEXICO 66 SLIP-ON BIRCH WOOD CREPE,Sneaker Shoes,ONITSUKA,51459097264374,BEIGE / UK 12,,13500.00,True,Available,In Stock,https://crepdogcrew.com/products/onitsuka-mexico-66-slip-on-birch-wood-crepe
https://crepdogcrew.com,9494991470838,Onitsuka MEXICO 66 SABOT DARK BROWN DARK BROWN,Sneaker Shoes,ONITSUKA,51459090120950,Brown / UK 5.5,,13500.00,True,Available,In Stock,https://crepdogcrew.com/products/onitsuka-mexico-66-sabot-dark-brown-dark-brown
https://crepdogcrew.com,9494991470838,Onitsuka MEXICO 66 SABOT DARK BROWN DARK BROWN,Sneaker Shoes,ONITSUKA,51459090153718,Brown / UK 7,,13500.00,True,Available,In Stock,https://crepdogcrew.com/products/onitsuka-mexico-66-sabot-dark-brown-dark-brown
https://crepdogcrew.com,9494991470838,Onitsuka MEXICO 66 SABOT DARK BROWN DARK BROWN,Sneaker Shoes,ONITSUKA,51459090186486,Brown / UK 8,,13500.00,True,Available,In Stock,https://crepdogcrew.com/products/onitsuka-mexico-66-sabot-dark-brown-dark-brown
https://crepdogcrew.com,9494991470838,Onitsuka MEXICO 66 SABOT DARK BROWN DARK BROWN,Sneaker Shoes,ONITSUKA,51459090055414,Brown / UK 10,,13500.00,True,Available,In Stock,https://crepdogcrew.com/products/onitsuka-mexico-66-sabot-dark-brown-dark-brown
https://crepdogcrew.com,9494991470838,Onitsuka MEXICO 66 SABOT DARK BROWN DARK BROWN,Sneaker Shoes,ONITSUKA,51459090088182,Brown / UK 11,,13500.00,True,Available,In Stock,https://crepdogcrew.com/products/onitsuka-mexico-66-sabot-dark-brown-dark-brown
https://crepdogcrew.com,9494990323958,Onitsuka MEXICO 66 GOLF PURE SILVER PURE SILVER,Sneaker Shoes,ONITSUKA,51459081142518,Silver / UK 4,,27500.00,True,Available,In Stock,https://crepdogcrew.com/products/onitsuka-mexico-66-golf-pure-silver-pure-silver
https://crepdogcrew.com,9494990323958,Onitsuka MEXICO 66 GOLF PURE SILVER PURE SILVER,Sneaker Shoes,ONITSUKA,51459081175286,Silver / UK 5,,27500.00,True,Available,In Stock,https://crepdogcrew.com/products/onitsuka-mexico-66-golf-pure-silver-pure-silver
https://crepdogcrew.com,9494990323958,Onitsuka MEXICO 66 GOLF PURE SILVER PURE SILVER,Sneaker Shoes,ONITSUKA,51459081208054,Silver / UK 7,,27500.00,True,Available,In Stock,https://crepdogcrew.com/products/onitsuka-mexico-66-golf-pure-silver-pure-silver
https://crepdogcrew.com,9494990323958,Onitsuka MEXICO 66 GOLF PURE SILVER PURE SILVER,Sneaker Shoes,ONITSUKA,51459081240822,Silver / UK 9,,27500.00,True,Available,In Stock,https://crepdogcrew.com/products/onitsuka-mexico-66-golf-pure-silver-pure-silver
https://crepdogcrew.com,9494990323958,Onitsuka MEXICO 66 GOLF PURE SILVER PURE SILVER,Sneaker Shoes,ONITSUKA,51459081273590,Silver / UK 9.5,,27500.00,True,Available,In Stock,https://crepdogcrew.com/products/onitsuka-mexico-66-golf-pure-silver-pure-silver
https://crepdogcrew.com,9494990323958,Onitsuka MEXICO 66 GOLF PURE SILVER PURE SILVER,Sneaker Shoes,ONITSUKA,51459081109750,Silver / UK 10,,27500.00,True,Available,In Stock,https://crepdogcrew.com/products/onitsuka-mexico-66-golf-pure-silver-pure-silver
https://crepdogcrew.com,9494990684406,Onitsuka MEXICO 66 PARATY BLACK CREAM,Sneaker Shoes,ONITSUKA,51459085205750,Black / UK 4.5,,11500.00,True,Available,In Stock,https://crepdogcrew.com/products/onitsuka-mexico-66-paraty-black-cream
https://crepdogcrew.com,9494990684406,Onitsuka MEXICO 66 PARATY BLACK CREAM,Sneaker Shoes,ONITSUKA,51459085238518,Black / UK 5,,11500.00,True,Available,In Stock,https://crepdogcrew.com/products/onitsuka-mexico-66-paraty-black-cream
https://crepdogcrew.com,9494990684406,Onitsuka MEXICO 66 PARATY BLACK CREAM,Sneaker Shoes,ONITSUKA,51459085271286,Black / UK 5.5,,11500.00,True,Available,In Stock,https://crepdogcrew.com/products/onitsuka-mexico-66-paraty-black-cream
https://crepdogcrew.com,9494990684406,Onitsuka MEXICO 66 PARATY BLACK CREAM,Sneaker Shoes,ONITSUKA,51459085304054,Black / UK 6,,11500.00,True,Available,In Stock,https://crepdogcrew.com/products/onitsuka-mexico-66-paraty-black-cream
https://crepdogcrew.com,9494990684406,Onitsuka MEXICO 66 PARATY BLACK CREAM,Sneaker Shoes,ONITSUKA,51459085336822,Black / UK 6.5,,11500.00,True,Available,In Stock,https://crepdogcrew.com/products/onitsuka-mexico-66-paraty-black-cream
https://crepdogcrew.com,9494990684406,Onitsuka MEXICO 66 PARATY BLACK CREAM,Sneaker Shoes,ONITSUKA,51459085369590,Black / UK 7,,11500.00,True,Available,In Stock,https://crepdogcrew.com/products/onitsuka-mexico-66-paraty-black-cream
https://crepdogcrew.com,9494990684406,Onitsuka MEXICO 66 PARATY BLACK CREAM,Sneaker Shoes,ONITSUKA,51459085402358,Black / UK 8,,11500.00,True,Available,In Stock,https://crepdogcrew.com/products/onitsuka-mexico-66-paraty-black-cream
https://crepdogcrew.com,9494990684406,Onitsuka MEXICO 66 PARATY BLACK CREAM,Sneaker Shoes,ONITSUKA,51459085107446,Black / UK 10.5,,11500.00,True,Available,In Stock,https://crepdogcrew.com/products/onitsuka-mexico-66-paraty-black-cream
https://crepdogcrew.com,9494990684406,Onitsuka MEXICO 66 PARATY BLACK CREAM,Sneaker Shoes,ONITSUKA,51459085140214,Black / UK 11,,11500.00,True,Available,In Stock,https://crepdogcrew.com/products/onitsuka-mexico-66-paraty-black-cream
https://crepdogcrew.com,9494990684406,Onitsuka MEXICO 66 PARATY BLACK CREAM,Sneaker Shoes,ONITSUKA,51459085172982,Black / UK 12,,11500.00,True,Available,In Stock,https://crepdogcrew.com/products/onitsuka-mexico-66-paraty-black-cream
https://crepdogcrew.com,9494992912630,Onitsuka MEXICO 66 SD Yellow Black,Sneaker Shoes,ONITSUKA,51459097067766,YELLOW / UK 6,,16500.00,True,Available,In Stock,https://crepdogcrew.com/products/onitsuka-mexico-66-sd-yellow-black
https://crepdogcrew.com,9494992912630,Onitsuka MEXICO 66 SD Yellow Black,Sneaker Shoes,ONITSUKA,51459097100534,YELLOW / UK 7,,16500.00,True,Available,In Stock,https://crepdogcrew.com/products/onitsuka-mexico-66-sd-yellow-black
https://crepdogcrew.com,9494992912630,Onitsuka MEXICO 66 SD Yellow Black,Sneaker Shoes,ONITSUKA,51459097133302,YELLOW / UK 8,,16500.00,True,Available,In Stock,https://crepdogcrew.com/products/onitsuka-mexico-66-sd-yellow-black
https://crepdogcrew.com,9494992912630,Onitsuka MEXICO 66 SD Yellow Black,Sneaker Shoes,ONITSUKA,51459097166070,YELLOW / UK 9,,16500.00,True,Available,In Stock,https://crepdogcrew.com/products/onitsuka-mexico-66-sd-yellow-black
https://crepdogcrew.com,9494992912630,Onitsuka MEXICO 66 SD Yellow Black,Sneaker Shoes,ONITSUKA,51459096969462,YELLOW / UK 10,,16500.00,True,Available,In Stock,https://crepdogcrew.com/products/onitsuka-mexico-66-sd-yellow-black
https://crepdogcrew.com,9494992912630,Onitsuka MEXICO 66 SD Yellow Black,Sneaker Shoes,ONITSUKA,51459097002230,YELLOW / UK 11,,16500.00,True,Available,In Stock,https://crepdogcrew.com/products/onitsuka-mexico-66-sd-yellow-black
https://crepdogcrew.com,9494992912630,Onitsuka MEXICO 66 SD Yellow Black,Sneaker Shoes,ONITSUKA,51459097034998,YELLOW / UK 12,,16500.00,True,Available,In Stock,https://crepdogcrew.com/products/onitsuka-mexico-66-sd-yellow-black
https://crepdogcrew.com,9494992322806,Onitsuka MEXICO 66 SD PARATY WARM BEIGE WARM BEIGE,Sneaker Shoes,ONITSUKA,51459094184182,Grey / UK 5,,17500.00,True,Available,In Stock,https://crepdogcrew.com/products/onitsuka-mexico-66-sd-paraty-warm-beige-warm-beige
https://crepdogcrew.com,9494992322806,Onitsuka MEXICO 66 SD PARATY WARM BEIGE WARM BEIGE,Sneaker Shoes,ONITSUKA,51459094216950,Grey / UK 6,,17500.00,True,Available,In Stock,https://crepdogcrew.com/products/onitsuka-mexico-66-sd-paraty-warm-beige-warm-beige
https://crepdogcrew.com,9494992322806,Onitsuka MEXICO 66 SD PARATY WARM BEIGE WARM BEIGE,Sneaker Shoes,ONITSUKA,51459094249718,Grey / UK 7,,17500.00,True,Available,In Stock,https://crepdogcrew.com/products/onitsuka-mexico-66-sd-paraty-warm-beige-warm-beige
https://crepdogcrew.com,9494992322806,Onitsuka MEXICO 66 SD PARATY WARM BEIGE WARM BEIGE,Sneaker Shoes,ONITSUKA,51459094282486,Grey / UK 8,,17500.00,True,Available,In Stock,https://crepdogcrew.com/products/onitsuka-mexico-66-sd-paraty-warm-beige-warm-beige
https://crepdogcrew.com,9494992322806,Onitsuka MEXICO 66 SD PARATY WARM BEIGE WARM BEIGE,Sneaker Shoes,ONITSUKA,51459094315254,Grey / UK 9,,17500.00,True,Available,In Stock,https://crepdogcrew.com/products/onitsuka-mexico-66-sd-paraty-warm-beige-warm-beige
https://crepdogcrew.com,9494992322806,Onitsuka MEXICO 66 SD PARATY WARM BEIGE WARM BEIGE,Sneaker Shoes,ONITSUKA,51459094085878,Grey / UK 10,,17500.00,True,Available,In Stock,https://crepdogcrew.com/products/onitsuka-mexico-66-sd-paraty-warm-beige-warm-beige
https://crepdogcrew.com,9494992322806,Onitsuka MEXICO 66 SD PARATY WARM BEIGE WARM BEIGE,Sneaker Shoes,ONITSUKA,51459094118646,Grey / UK 11,,17500.00,True,Available,In Stock,https://crepdogcrew.com/products/onitsuka-mexico-66-sd-paraty-warm-beige-warm-beige
https://crepdogcrew.com,9494992322806,Onitsuka MEXICO 66 SD PARATY WARM BEIGE WARM BEIGE,Sneaker Shoes,ONITSUKA,51459094151414,Grey / UK 12,,17500.00,True,Available,In Stock,https://crepdogcrew.com/products/onitsuka-mexico-66-sd-paraty-warm-beige-warm-beige
https://crepdogcrew.com,9494989275382,Onitsuka MEXICO 66 DELEGATION CAMEL BEIGE CREAM,Sneaker Shoes,ONITSUKA,51459074457846,Beige / UK 5.5,,17500.00,True,Available,In Stock,https://crepdogcrew.com/products/onitsuka-mexico-66-delegation-camel-beige-cream
https://crepdogcrew.com,9494989275382,Onitsuka MEXICO 66 DELEGATION CAMEL BEIGE CREAM,Sneaker Shoes,ONITSUKA,51459074490614,Beige / UK 7,,17500.00,True,Available,In Stock,https://crepdogcrew.com/products/onitsuka-mexico-66-delegation-camel-beige-cream
https://crepdogcrew.com,9494989275382,Onitsuka MEXICO 66 DELEGATION CAMEL BEIGE CREAM,Sneaker Shoes,ONITSUKA,51459074523382,Beige / UK 8,,17500.00,True,Available,In Stock,https://crepdogcrew.com/products/onitsuka-mexico-66-delegation-camel-beige-cream
https://crepdogcrew.com,9494989275382,Onitsuka MEXICO 66 DELEGATION CAMEL BEIGE CREAM,Sneaker Shoes,ONITSUKA,51459074359542,Beige / UK 10,,17500.00,True,Available,In Stock,https://crepdogcrew.com/products/onitsuka-mexico-66-delegation-camel-beige-cream
https://crepdogcrew.com,9494989275382,Onitsuka MEXICO 66 DELEGATION CAMEL BEIGE CREAM,Sneaker Shoes,ONITSUKA,51459074392310,Beige / UK 11,,17500.00,True,Available,In Stock,https://crepdogcrew.com/products/onitsuka-mexico-66-delegation-camel-beige-cream
https://crepdogcrew.com,9494989275382,Onitsuka MEXICO 66 DELEGATION CAMEL BEIGE CREAM,Sneaker Shoes,ONITSUKA,51459074425078,Beige / UK 12,,17500.00,True,Available,In Stock,https://crepdogcrew.com/products/onitsuka-mexico-66-delegation-camel-beige-cream
https://crepdogcrew.com,9494990192886,Onitsuka MEXICO 66 GOLF Off-White,Sneaker Shoes,ONITSUKA,51459080650998,Gold / UK 4,,27500.00,True,Available,In Stock,https://crepdogcrew.com/products/onitsuka-mexico-66-golf-off-white-off-white
https://crepdogcrew.com,9494990192886,Onitsuka MEXICO 66 GOLF Off-White,Sneaker Shoes,ONITSUKA,51459080683766,Gold / UK 4.5,,27500.00,True,Available,In Stock,https://crepdogcrew.com/products/onitsuka-mexico-66-golf-off-white-off-white
https://crepdogcrew.com,9494990192886,Onitsuka MEXICO 66 GOLF Off-White,Sneaker Shoes,ONITSUKA,51459080716534,Gold / UK 5,,27500.00,True,Available,In Stock,https://crepdogcrew.com/products/onitsuka-mexico-66-golf-off-white-off-white
https://crepdogcrew.com,9494990192886,Onitsuka MEXICO 66 GOLF Off-White,Sneaker Shoes,ONITSUKA,51459080749302,Gold / UK 6,,27500.00,True,Available,In Stock,https://crepdogcrew.com/products/onitsuka-mexico-66-golf-off-white-off-white
https://crepdogcrew.com,9494990192886,Onitsuka MEXICO 66 GOLF Off-White,Sneaker Shoes,ONITSUKA,51459080782070,Gold / UK 6.5,,27500.00,True,Available,In Stock,https://crepdogcrew.com/products/onitsuka-mexico-66-golf-off-white-off-white
https://crepdogcrew.com,9494990192886,Onitsuka MEXICO 66 GOLF Off-White,Sneaker Shoes,ONITSUKA,51459080814838,Gold / UK 7.5,,27500.00,True,Available,In Stock,https://crepdogcrew.com/products/onitsuka-mexico-66-golf-off-white-off-white
https://crepdogcrew.com,9494990192886,Onitsuka MEXICO 66 GOLF Off-White,Sneaker Shoes,ONITSUKA,51459080847606,Gold / UK 8,,27500.00,True,Available,In Stock,https://crepdogcrew.com/products/onitsuka-mexico-66-golf-off-white-off-white
https://crepdogcrew.com,9494990192886,Onitsuka MEXICO 66 GOLF Off-White,Sneaker Shoes,ONITSUKA,51459080880374,Gold / UK 8.5,,27500.00,True,Available,In Stock,https://crepdogcrew.com/products/onitsuka-mexico-66-golf-off-white-off-white
https://crepdogcrew.com,9494990192886,Onitsuka MEXICO 66 GOLF Off-White,Sneaker Shoes,ONITSUKA,51459080585462,Gold / UK 11,,27500.00,True,Available,In Stock,https://crepdogcrew.com/products/onitsuka-mexico-66-golf-off-white-off-white
https://crepdogcrew.com,9494990192886,Onitsuka MEXICO 66 GOLF Off-White,Sneaker Shoes,ONITSUKA,51459080618230,Gold / UK 11.5,,27500.00,True,Available,In Stock,https://crepdogcrew.com/products/onitsuka-mexico-66-golf-off-white-off-white
https://crepdogcrew.com,9494992781558,Onitsuka MEXICO 66 SD White Pure Silver,Sneaker Shoes,ONITSUKA,51459096346870,white / UK 4,,17500.00,True,Available,In Stock,https://crepdogcrew.com/products/onitsuka-mexico-66-sd-white-pure-silver
https://crepdogcrew.com,9494992781558,Onitsuka MEXICO 66 SD White Pure Silver,Sneaker Shoes,ONITSUKA,51459096379638,white / UK 4.5,,17500.00,True,Available,In Stock,https://crepdogcrew.com/products/onitsuka-mexico-66-sd-white-pure-silver
https://crepdogcrew.com,9494992781558,Onitsuka MEXICO 66 SD White Pure Silver,Sneaker Shoes,ONITSUKA,51459096412406,white / UK 5,,17500.00,True,Available,In Stock,https://crepdogcrew.com/products/onitsuka-mexico-66-sd-white-pure-silver
https://crepdogcrew.com,9494992781558,Onitsuka MEXICO 66 SD White Pure Silver,Sneaker Shoes,ONITSUKA,51459096445174,white / UK 8,,17500.00,True,Available,In Stock,https://crepdogcrew.com/products/onitsuka-mexico-66-sd-white-pure-silver
https://crepdogcrew.com,9494992781558,Onitsuka MEXICO 66 SD White Pure Silver,Sneaker Shoes,ONITSUKA,51459096477942,white / UK 8.5,,17500.00,True,Available,In Stock,https://crepdogcrew.com/products/onitsuka-mexico-66-sd-white-pure-silver
https://crepdogcrew.com,9494992781558,Onitsuka MEXICO 66 SD White Pure Silver,Sneaker Shoes,ONITSUKA,51459096510710,white / UK 9,,17500.00,True,Available,In Stock,https://crepdogcrew.com/products/onitsuka-mexico-66-sd-white-pure-silver
https://crepdogcrew.com,9494992781558,Onitsuka MEXICO 66 SD White Pure Silver,Sneaker Shoes,ONITSUKA,51459096248566,white / UK 10,,17500.00,True,Available,In Stock,https://crepdogcrew.com/products/onitsuka-mexico-66-sd-white-pure-silver
https://crepdogcrew.com,9494992781558,Onitsuka MEXICO 66 SD White Pure Silver,Sneaker Shoes,ONITSUKA,51459096281334,white / UK 11,,17500.00,True,Available,In Stock,https://crepdogcrew.com/products/onitsuka-mexico-66-sd-white-pure-silver
https://crepdogcrew.com,9494992781558,Onitsuka MEXICO 66 SD White Pure Silver,Sneaker Shoes,ONITSUKA,51459096314102,white / UK 12,,17500.00,True,Available,In Stock,https://crepdogcrew.com/products/onitsuka-mexico-66-sd-white-pure-silver
https://crepdogcrew.com,9494991765750,Onitsuka MEXICO 66 SD Black White,Sneaker Shoes,ONITSUKA,51459091529974,Black / UK 4,,16500.00,True,Available,In Stock,https://crepdogcrew.com/products/onitsuka-mexico-66-sd-black-white
https://crepdogcrew.com,9494991765750,Onitsuka MEXICO 66 SD Black White,Sneaker Shoes,ONITSUKA,51459091562742,Black / UK 5,,16500.00,True,Available,In Stock,https://crepdogcrew.com/products/onitsuka-mexico-66-sd-black-white
https://crepdogcrew.com,9494991765750,Onitsuka MEXICO 66 SD Black White,Sneaker Shoes,ONITSUKA,51459091595510,Black / UK 7,,16500.00,True,Available,In Stock,https://crepdogcrew.com/products/onitsuka-mexico-66-sd-black-white
https://crepdogcrew.com,9494991765750,Onitsuka MEXICO 66 SD Black White,Sneaker Shoes,ONITSUKA,51459091628278,Black / UK 9,,16500.00,True,Available,In Stock,https://crepdogcrew.com/products/onitsuka-mexico-66-sd-black-white
https://crepdogcrew.com,9494991765750,Onitsuka MEXICO 66 SD Black White,Sneaker Shoes,ONITSUKA,51459091398902,Black / UK 10,,16500.00,True,Available,In Stock,https://crepdogcrew.com/products/onitsuka-mexico-66-sd-black-white
https://crepdogcrew.com,9494991765750,Onitsuka MEXICO 66 SD Black White,Sneaker Shoes,ONITSUKA,51459091431670,Black / UK 11,,16500.00,True,Available,In Stock,https://crepdogcrew.com/products/onitsuka-mexico-66-sd-black-white
https://crepdogcrew.com,9494991765750,Onitsuka MEXICO 66 SD Black White,Sneaker Shoes,ONITSUKA,51459091464438,Black / UK 11.5,,16500.00,True,Available,In Stock,https://crepdogcrew.com/products/onitsuka-mexico-66-sd-black-white
https://crepdogcrew.com,9494991765750,Onitsuka MEXICO 66 SD Black White,Sneaker Shoes,ONITSUKA,51459091497206,Black / UK 12,,16500.00,True,Available,In Stock,https://crepdogcrew.com/products/onitsuka-mexico-66-sd-black-white
https://crepdogcrew.com,9494992027894,Onitsuka MEXICO 66 SD Graphite Grey Graphite Grey,Sneaker Shoes,ONITSUKA,51459092644086,GREY / UK 5,,19000.00,True,Available,In Stock,https://crepdogcrew.com/products/onitsuka-mexico-66-sd-graphite-grey-graphite-grey
https://crepdogcrew.com,9494992027894,Onitsuka MEXICO 66 SD Graphite Grey Graphite Grey,Sneaker Shoes,ONITSUKA,51459092676854,GREY / UK 5.5,,19000.00,True,Available,In Stock,https://crepdogcrew.com/products/onitsuka-mexico-66-sd-graphite-grey-graphite-grey
https://crepdogcrew.com,9494992027894,Onitsuka MEXICO 66 SD Graphite Grey Graphite Grey,Sneaker Shoes,ONITSUKA,51459092709622,GREY / UK 6,,19000.00,True,Available,In Stock,https://crepdogcrew.com/products/onitsuka-mexico-66-sd-graphite-grey-graphite-grey
https://crepdogcrew.com,9494992027894,Onitsuka MEXICO 66 SD Graphite Grey Graphite Grey,Sneaker Shoes,ONITSUKA,51459092742390,GREY / UK 7,,19000.00,True,Available,In Stock,https://crepdogcrew.com/products/onitsuka-mexico-66-sd-graphite-grey-graphite-grey
https://crepdogcrew.com,9494992027894,Onitsuka MEXICO 66 SD Graphite Grey Graphite Grey,Sneaker Shoes,ONITSUKA,51459092775158,GREY / UK 8,,19000.00,True,Available,In Stock,https://crepdogcrew.com/products/onitsuka-mexico-66-sd-graphite-grey-graphite-grey
https://crepdogcrew.com,9494992027894,Onitsuka MEXICO 66 SD Graphite Grey Graphite Grey,Sneaker Shoes,ONITSUKA,51459092807926,GREY / UK 9,,19000.00,True,Available,In Stock,https://crepdogcrew.com/products/onitsuka-mexico-66-sd-graphite-grey-graphite-grey
https://crepdogcrew.com,9494992027894,Onitsuka MEXICO 66 SD Graphite Grey Graphite Grey,Sneaker Shoes,ONITSUKA,51459092545782,GREY / UK 10,,19000.00,True,Available,In Stock,https://crepdogcrew.com/products/onitsuka-mexico-66-sd-graphite-grey-graphite-grey
https://crepdogcrew.com,9494992027894,Onitsuka MEXICO 66 SD Graphite Grey Graphite Grey,Sneaker Shoes,ONITSUKA,51459092578550,GREY / UK 11,,19000.00,True,Available,In Stock,https://crepdogcrew.com/products/onitsuka-mexico-66-sd-graphite-grey-graphite-grey
https://crepdogcrew.com,9494992027894,Onitsuka MEXICO 66 SD Graphite Grey Graphite Grey,Sneaker Shoes,ONITSUKA,51459092611318,GREY / UK 12,,19000.00,True,Available,In Stock,https://crepdogcrew.com/products/onitsuka-mexico-66-sd-graphite-grey-graphite-grey
https://crepdogcrew.com,9494989799670,Onitsuka MEXICO 66 DRIVING LICORICE BROWN,Sneaker Shoes,ONITSUKA,51459078029558,Brown / UK 6,,22500.00,True,Available,In Stock,https://crepdogcrew.com/products/onitsuka-mexico-66-driving-licorice-brown-licorice-brown
https://crepdogcrew.com,9494989799670,Onitsuka MEXICO 66 DRIVING LICORICE BROWN,Sneaker Shoes,ONITSUKA,51459078062326,Brown / UK 7,,22500.00,True,Available,In Stock,https://crepdogcrew.com/products/onitsuka-mexico-66-driving-licorice-brown-licorice-brown
https://crepdogcrew.com,9494989799670,Onitsuka MEXICO 66 DRIVING LICORICE BROWN,Sneaker Shoes,ONITSUKA,51459078095094,Brown / UK 8,,22500.00,True,Available,In Stock,https://crepdogcrew.com/products/onitsuka-mexico-66-driving-licorice-brown-licorice-brown
https://crepdogcrew.com,9494989799670,Onitsuka MEXICO 66 DRIVING LICORICE BROWN,Sneaker Shoes,ONITSUKA,51459078127862,Brown / UK 9,,22500.00,True,Available,In Stock,https://crepdogcrew.com/products/onitsuka-mexico-66-driving-licorice-brown-licorice-brown
https://crepdogcrew.com,9494989799670,Onitsuka MEXICO 66 DRIVING LICORICE BROWN,Sneaker Shoes,ONITSUKA,51459077964022,Brown / UK 11,,22500.00,True,Available,In Stock,https://crepdogcrew.com/products/onitsuka-mexico-66-driving-licorice-brown-licorice-brown
https://crepdogcrew.com,9494989799670,Onitsuka MEXICO 66 DRIVING LICORICE BROWN,Sneaker Shoes,ONITSUKA,51459077996790,Brown / UK 12,,22500.00,True,Available,In Stock,https://crepdogcrew.com/products/onitsuka-mexico-66-driving-licorice-brown-licorice-brown
https://crepdogcrew.com,9494992584950,Onitsuka MEXICO 66 SD PURE SILVER PURE SILVER,Sneaker Shoes,ONITSUKA,51459095232758,MULTI / UK 7,,18500.00,True,Available,In Stock,https://crepdogcrew.com/products/onitsuka-mexico-66-sd-pure-silver-pure-silver
https://crepdogcrew.com,9494992584950,Onitsuka MEXICO 66 SD PURE SILVER PURE SILVER,Sneaker Shoes,ONITSUKA,51459095265526,MULTI / UK 9,,18500.00,True,Available,In Stock,https://crepdogcrew.com/products/onitsuka-mexico-66-sd-pure-silver-pure-silver
https://crepdogcrew.com,9494992584950,Onitsuka MEXICO 66 SD PURE SILVER PURE SILVER,Sneaker Shoes,ONITSUKA,51459095298294,MULTI / UK 9.5,,18500.00,True,Available,In Stock,https://crepdogcrew.com/products/onitsuka-mexico-66-sd-pure-silver-pure-silver
https://crepdogcrew.com,9494992584950,Onitsuka MEXICO 66 SD PURE SILVER PURE SILVER,Sneaker Shoes,ONITSUKA,51459095101686,MULTI / UK 10,,18500.00,True,Available,In Stock,https://crepdogcrew.com/products/onitsuka-mexico-66-sd-pure-silver-pure-silver
https://crepdogcrew.com,9494992584950,Onitsuka MEXICO 66 SD PURE SILVER PURE SILVER,Sneaker Shoes,ONITSUKA,51459095134454,MULTI / UK 10.5,,18500.00,True,Available,In Stock,https://crepdogcrew.com/products/onitsuka-mexico-66-sd-pure-silver-pure-silver
https://crepdogcrew.com,9494992584950,Onitsuka MEXICO 66 SD PURE SILVER PURE SILVER,Sneaker Shoes,ONITSUKA,51459095167222,MULTI / UK 11,,18500.00,True,Available,In Stock,https://crepdogcrew.com/products/onitsuka-mexico-66-sd-pure-silver-pure-silver
https://crepdogcrew.com,9494992584950,Onitsuka MEXICO 66 SD PURE SILVER PURE SILVER,Sneaker Shoes,ONITSUKA,51459095199990,MULTI / UK 12,,18500.00,True,Available,In Stock,https://crepdogcrew.com/products/onitsuka-mexico-66-sd-pure-silver-pure-silver
https://crepdogcrew.com,9494992158966,Onitsuka MEXICO 66 SD METROPOLIS CREAM,Sneaker Shoes,ONITSUKA,51459093299446,BLACK / UK 4,,17500.00,True,Available,In Stock,https://crepdogcrew.com/products/onitsuka-mexico-66-sd-metropolis-cream
https://crepdogcrew.com,9494992158966,Onitsuka MEXICO 66 SD METROPOLIS CREAM,Sneaker Shoes,ONITSUKA,51459093332214,BLACK / UK 5,,17500.00,True,Available,In Stock,https://crepdogcrew.com/products/onitsuka-mexico-66-sd-metropolis-cream
https://crepdogcrew.com,9494992158966,Onitsuka MEXICO 66 SD METROPOLIS CREAM,Sneaker Shoes,ONITSUKA,51459093364982,BLACK / UK 5.5,,17500.00,True,Available,In Stock,https://crepdogcrew.com/products/onitsuka-mexico-66-sd-metropolis-cream
https://crepdogcrew.com,9494992158966,Onitsuka MEXICO 66 SD METROPOLIS CREAM,Sneaker Shoes,ONITSUKA,51459093397750,BLACK / UK 6,,17500.00,True,Available,In Stock,https://crepdogcrew.com/products/onitsuka-mexico-66-sd-metropolis-cream
https://crepdogcrew.com,9494992158966,Onitsuka MEXICO 66 SD METROPOLIS CREAM,Sneaker Shoes,ONITSUKA,51459093430518,BLACK / UK 6.5,,17500.00,True,Available,In Stock,https://crepdogcrew.com/products/onitsuka-mexico-66-sd-metropolis-cream
https://crepdogcrew.com,9494992158966,Onitsuka MEXICO 66 SD METROPOLIS CREAM,Sneaker Shoes,ONITSUKA,51459093463286,BLACK / UK 7,,17500.00,True,Available,In Stock,https://crepdogcrew.com/products/onitsuka-mexico-66-sd-metropolis-cream
https://crepdogcrew.com,9494992158966,Onitsuka MEXICO 66 SD METROPOLIS CREAM,Sneaker Shoes,ONITSUKA,51459093266678,BLACK / UK 12,,17500.00,True,Available,In Stock,https://crepdogcrew.com/products/onitsuka-mexico-66-sd-metropolis-cream
https://crepdogcrew.com,9494991667446,Onitsuka MEXICO 66 SABOT Pure Silver Cream,Sneaker Shoes,ONITSUKA,51459091071222,Silver / UK 7.5,,13500.00,True,Available,In Stock,https://crepdogcrew.com/products/onitsuka-mexico-66-sabot-pure-silver-cream
https://crepdogcrew.com,9494991667446,Onitsuka MEXICO 66 SABOT Pure Silver Cream,Sneaker Shoes,ONITSUKA,51459091103990,Silver / UK 8,,13500.00,True,Available,In Stock,https://crepdogcrew.com/products/onitsuka-mexico-66-sabot-pure-silver-cream
https://crepdogcrew.com,9494991667446,Onitsuka MEXICO 66 SABOT Pure Silver Cream,Sneaker Shoes,ONITSUKA,51459091136758,Silver / UK 9,,13500.00,True,Available,In Stock,https://crepdogcrew.com/products/onitsuka-mexico-66-sabot-pure-silver-cream
https://crepdogcrew.com,9494991667446,Onitsuka MEXICO 66 SABOT Pure Silver Cream,Sneaker Shoes,ONITSUKA,51459091005686,Silver / UK 10,,13500.00,True,Available,In Stock,https://crepdogcrew.com/products/onitsuka-mexico-66-sabot-pure-silver-cream
https://crepdogcrew.com,9494991667446,Onitsuka MEXICO 66 SABOT Pure Silver Cream,Sneaker Shoes,ONITSUKA,51459091038454,Silver / UK 11,,13500.00,True,Available,In Stock,https://crepdogcrew.com/products/onitsuka-mexico-66-sabot-pure-silver-cream
https://crepdogcrew.com,9494990094582,Onitsuka MEXICO 66 GOLF Black White,Sneaker Shoes,ONITSUKA,51459079897334,Black / UK 4,,27500.00,True,Available,In Stock,https://crepdogcrew.com/products/onitsuka-mexico-66-golf-black-white
https://crepdogcrew.com,9494990094582,Onitsuka MEXICO 66 GOLF Black White,Sneaker Shoes,ONITSUKA,51459079930102,Black / UK 4.5,,27500.00,True,Available,In Stock,https://crepdogcrew.com/products/onitsuka-mexico-66-golf-black-white
https://crepdogcrew.com,9494990094582,Onitsuka MEXICO 66 GOLF Black White,Sneaker Shoes,ONITSUKA,51459079962870,Black / UK 5,,27500.00,True,Available,In Stock,https://crepdogcrew.com/products/onitsuka-mexico-66-golf-black-white
https://crepdogcrew.com,9494990094582,Onitsuka MEXICO 66 GOLF Black White,Sneaker Shoes,ONITSUKA,51459079995638,Black / UK 6,,27500.00,True,Available,In Stock,https://crepdogcrew.com/products/onitsuka-mexico-66-golf-black-white
https://crepdogcrew.com,9494990094582,Onitsuka MEXICO 66 GOLF Black White,Sneaker Shoes,ONITSUKA,51459079831798,Black / UK 11.5,,27500.00,True,Available,In Stock,https://crepdogcrew.com/products/onitsuka-mexico-66-golf-black-white
https://crepdogcrew.com,9494990094582,Onitsuka MEXICO 66 GOLF Black White,Sneaker Shoes,ONITSUKA,51459079864566,Black / UK 12,,27500.00,True,Available,In Stock,https://crepdogcrew.com/products/onitsuka-mexico-66-golf-black-white
https://crepdogcrew.com,9494993371382,Onitsuka MEXICO 66 SLIP.ON Yellow White,Sneaker Shoes,ONITSUKA,51459100082422,YELLOW / UK 4,,11500.00,True,Available,In Stock,https://crepdogcrew.com/products/onitsuka-mexico-66-slip-on-yellow-white
https://crepdogcrew.com,9494993371382,Onitsuka MEXICO 66 SLIP.ON Yellow White,Sneaker Shoes,ONITSUKA,51459100115190,YELLOW / UK 4.5,,11500.00,True,Available,In Stock,https://crepdogcrew.com/products/onitsuka-mexico-66-slip-on-yellow-white
https://crepdogcrew.com,9494993371382,Onitsuka MEXICO 66 SLIP.ON Yellow White,Sneaker Shoes,ONITSUKA,51459100147958,YELLOW / UK 5,,11500.00,True,Available,In Stock,https://crepdogcrew.com/products/onitsuka-mexico-66-slip-on-yellow-white
https://crepdogcrew.com,9494993371382,Onitsuka MEXICO 66 SLIP.ON Yellow White,Sneaker Shoes,ONITSUKA,51459100180726,YELLOW / UK 5.5,,11500.00,True,Available,In Stock,https://crepdogcrew.com/products/onitsuka-mexico-66-slip-on-yellow-white
https://crepdogcrew.com,9494993371382,Onitsuka MEXICO 66 SLIP.ON Yellow White,Sneaker Shoes,ONITSUKA,51459100213494,YELLOW / UK 6,,11500.00,True,Available,In Stock,https://crepdogcrew.com/products/onitsuka-mexico-66-slip-on-yellow-white
https://crepdogcrew.com,9494993371382,Onitsuka MEXICO 66 SLIP.ON Yellow White,Sneaker Shoes,ONITSUKA,51459100246262,YELLOW / UK 7,,11500.00,True,Available,In Stock,https://crepdogcrew.com/products/onitsuka-mexico-66-slip-on-yellow-white
https://crepdogcrew.com,9494993371382,Onitsuka MEXICO 66 SLIP.ON Yellow White,Sneaker Shoes,ONITSUKA,51459100279030,YELLOW / UK 7.5,,11500.00,True,Available,In Stock,https://crepdogcrew.com/products/onitsuka-mexico-66-slip-on-yellow-white
https://crepdogcrew.com,9494993371382,Onitsuka MEXICO 66 SLIP.ON Yellow White,Sneaker Shoes,ONITSUKA,51459100311798,YELLOW / UK 8,,11500.00,True,Available,In Stock,https://crepdogcrew.com/products/onitsuka-mexico-66-slip-on-yellow-white
https://crepdogcrew.com,9494993371382,Onitsuka MEXICO 66 SLIP.ON Yellow White,Sneaker Shoes,ONITSUKA,51459100344566,YELLOW / UK 8.5,,11500.00,True,Available,In Stock,https://crepdogcrew.com/products/onitsuka-mexico-66-slip-on-yellow-white
https://crepdogcrew.com,9494993371382,Onitsuka MEXICO 66 SLIP.ON Yellow White,Sneaker Shoes,ONITSUKA,51459100377334,YELLOW / UK 9,,11500.00,True,Available,In Stock,https://crepdogcrew.com/products/onitsuka-mexico-66-slip-on-yellow-white
https://crepdogcrew.com,9494993371382,Onitsuka MEXICO 66 SLIP.ON Yellow White,Sneaker Shoes,ONITSUKA,51459099984118,YELLOW / UK 10,,11500.00,True,Available,In Stock,https://crepdogcrew.com/products/onitsuka-mexico-66-slip-on-yellow-white
https://crepdogcrew.com,9494993371382,Onitsuka MEXICO 66 SLIP.ON Yellow White,Sneaker Shoes,ONITSUKA,51459100016886,YELLOW / UK 11,,11500.00,True,Available,In Stock,https://crepdogcrew.com/products/onitsuka-mexico-66-slip-on-yellow-white
https://crepdogcrew.com,9494993371382,Onitsuka MEXICO 66 SLIP.ON Yellow White,Sneaker Shoes,ONITSUKA,51459100049654,YELLOW / UK 12,,11500.00,True,Available,In Stock,https://crepdogcrew.com/products/onitsuka-mexico-66-slip-on-yellow-white
https://crepdogcrew.com,9494992617718,Onitsuka MEXICO 66 SD SLIP-ON Oyster Grey Oyster Grey,Sneaker Shoes,ONITSUKA,51459095429366,GREY / UK 5,,16500.00,True,Available,In Stock,https://crepdogcrew.com/products/onitsuka-mexico-66-sd-slip-on-oyster-grey-oyster-grey
https://crepdogcrew.com,9494992617718,Onitsuka MEXICO 66 SD SLIP-ON Oyster Grey Oyster Grey,Sneaker Shoes,ONITSUKA,51459095462134,GREY / UK 6,,16500.00,True,Available,In Stock,https://crepdogcrew.com/products/onitsuka-mexico-66-sd-slip-on-oyster-grey-oyster-grey
https://crepdogcrew.com,9494992617718,Onitsuka MEXICO 66 SD SLIP-ON Oyster Grey Oyster Grey,Sneaker Shoes,ONITSUKA,51459095494902,GREY / UK 9,,16500.00,True,Available,In Stock,https://crepdogcrew.com/products/onitsuka-mexico-66-sd-slip-on-oyster-grey-oyster-grey
https://crepdogcrew.com,9494992617718,Onitsuka MEXICO 66 SD SLIP-ON Oyster Grey Oyster Grey,Sneaker Shoes,ONITSUKA,51459095331062,GREY / UK 10,,16500.00,True,Available,In Stock,https://crepdogcrew.com/products/onitsuka-mexico-66-sd-slip-on-oyster-grey-oyster-grey
https://crepdogcrew.com,9494992617718,Onitsuka MEXICO 66 SD SLIP-ON Oyster Grey Oyster Grey,Sneaker Shoes,ONITSUKA,51459095363830,GREY / UK 11,,16500.00,True,Available,In Stock,https://crepdogcrew.com/products/onitsuka-mexico-66-sd-slip-on-oyster-grey-oyster-grey
https://crepdogcrew.com,9494992617718,Onitsuka MEXICO 66 SD SLIP-ON Oyster Grey Oyster Grey,Sneaker Shoes,ONITSUKA,51459095396598,GREY / UK 12,,16500.00,True,Available,In Stock,https://crepdogcrew.com/products/onitsuka-mexico-66-sd-slip-on-oyster-grey-oyster-grey
https://crepdogcrew.com,9494991929590,Onitsuka MEXICO 66 SD GINGER PEACH CREAM,Sneaker Shoes,ONITSUKA,51459092250870,RED / UK 4,,17500.00,True,Available,In Stock,https://crepdogcrew.com/products/onitsuka-mexico-66-sd-ginger-peach-cream
https://crepdogcrew.com,9494991929590,Onitsuka MEXICO 66 SD GINGER PEACH CREAM,Sneaker Shoes,ONITSUKA,51459092283638,RED / UK 5,,17500.00,True,Available,In Stock,https://crepdogcrew.com/products/onitsuka-mexico-66-sd-ginger-peach-cream
https://crepdogcrew.com,9494991929590,Onitsuka MEXICO 66 SD GINGER PEACH CREAM,Sneaker Shoes,ONITSUKA,51459092316406,RED / UK 5.5,,17500.00,True,Available,In Stock,https://crepdogcrew.com/products/onitsuka-mexico-66-sd-ginger-peach-cream
https://crepdogcrew.com,9494991929590,Onitsuka MEXICO 66 SD GINGER PEACH CREAM,Sneaker Shoes,ONITSUKA,51459092349174,RED / UK 6,,17500.00,True,Available,In Stock,https://crepdogcrew.com/products/onitsuka-mexico-66-sd-ginger-peach-cream
https://crepdogcrew.com,9494991929590,Onitsuka MEXICO 66 SD GINGER PEACH CREAM,Sneaker Shoes,ONITSUKA,51459092381942,RED / UK 6.5,,17500.00,True,Available,In Stock,https://crepdogcrew.com/products/onitsuka-mexico-66-sd-ginger-peach-cream
https://crepdogcrew.com,9494991929590,Onitsuka MEXICO 66 SD GINGER PEACH CREAM,Sneaker Shoes,ONITSUKA,51459092414710,RED / UK 7,,17500.00,True,Available,In Stock,https://crepdogcrew.com/products/onitsuka-mexico-66-sd-ginger-peach-cream
https://crepdogcrew.com,9494991929590,Onitsuka MEXICO 66 SD GINGER PEACH CREAM,Sneaker Shoes,ONITSUKA,51459092185334,RED / UK 10,,17500.00,True,Available,In Stock,https://crepdogcrew.com/products/onitsuka-mexico-66-sd-ginger-peach-cream
https://crepdogcrew.com,9494991929590,Onitsuka MEXICO 66 SD GINGER PEACH CREAM,Sneaker Shoes,ONITSUKA,51459092218102,RED / UK 11,,17500.00,True,Available,In Stock,https://crepdogcrew.com/products/onitsuka-mexico-66-sd-ginger-peach-cream
https://crepdogcrew.com,9494992290038,Onitsuka MEXICO 66 SD PARATY IVORY,Sneaker Shoes,ONITSUKA,51459093922038,white / UK 5,,17500.00,True,Available,In Stock,https://crepdogcrew.com/products/onitsuka-mexico-66-sd-paraty-ivory
https://crepdogcrew.com,9494992290038,Onitsuka MEXICO 66 SD PARATY IVORY,Sneaker Shoes,ONITSUKA,51459093954806,white / UK 6,,17500.00,True,Available,In Stock,https://crepdogcrew.com/products/onitsuka-mexico-66-sd-paraty-ivory
https://crepdogcrew.com,9494992290038,Onitsuka MEXICO 66 SD PARATY IVORY,Sneaker Shoes,ONITSUKA,51459093987574,white / UK 7,,17500.00,True,Available,In Stock,https://crepdogcrew.com/products/onitsuka-mexico-66-sd-paraty-ivory
https://crepdogcrew.com,9494992290038,Onitsuka MEXICO 66 SD PARATY IVORY,Sneaker Shoes,ONITSUKA,51459094020342,white / UK 8,,17500.00,True,Available,In Stock,https://crepdogcrew.com/products/onitsuka-mexico-66-sd-paraty-ivory
https://crepdogcrew.com,9494992290038,Onitsuka MEXICO 66 SD PARATY IVORY,Sneaker Shoes,ONITSUKA,51459094053110,white / UK 9,,17500.00,True,Available,In Stock,https://crepdogcrew.com/products/onitsuka-mexico-66-sd-paraty-ivory
https://crepdogcrew.com,9494992290038,Onitsuka MEXICO 66 SD PARATY IVORY,Sneaker Shoes,ONITSUKA,51459093823734,white / UK 10,,17500.00,True,Available,In Stock,https://crepdogcrew.com/products/onitsuka-mexico-66-sd-paraty-ivory
https://crepdogcrew.com,9494992290038,Onitsuka MEXICO 66 SD PARATY IVORY,Sneaker Shoes,ONITSUKA,51459093856502,white / UK 11,,17500.00,True,Available,In Stock,https://crepdogcrew.com/products/onitsuka-mexico-66-sd-paraty-ivory
https://crepdogcrew.com,9494992290038,Onitsuka MEXICO 66 SD PARATY IVORY,Sneaker Shoes,ONITSUKA,51459093889270,white / UK 12,,17500.00,True,Available,In Stock,https://crepdogcrew.com/products/onitsuka-mexico-66-sd-paraty-ivory
https://crepdogcrew.com,9494991536374,Onitsuka MEXICO 66 SABOT IRON NAVY CREAM,Sneaker Shoes,ONITSUKA,51459090546934,Blue / UK 4,,13500.00,True,Available,In Stock,https://crepdogcrew.com/products/onitsuka-mexico-66-sabot-iron-navy-cream
https://crepdogcrew.com,9494991536374,Onitsuka MEXICO 66 SABOT IRON NAVY CREAM,Sneaker Shoes,ONITSUKA,51459090579702,Blue / UK 5,,13500.00,True,Available,In Stock,https://crepdogcrew.com/products/onitsuka-mexico-66-sabot-iron-navy-cream
https://crepdogcrew.com,9494991536374,Onitsuka MEXICO 66 SABOT IRON NAVY CREAM,Sneaker Shoes,ONITSUKA,51459090612470,Blue / UK 6,,13500.00,True,Available,In Stock,https://crepdogcrew.com/products/onitsuka-mexico-66-sabot-iron-navy-cream
https://crepdogcrew.com,9494991536374,Onitsuka MEXICO 66 SABOT IRON NAVY CREAM,Sneaker Shoes,ONITSUKA,51459090645238,Blue / UK 7,,13500.00,True,Available,In Stock,https://crepdogcrew.com/products/onitsuka-mexico-66-sabot-iron-navy-cream
https://crepdogcrew.com,9494991536374,Onitsuka MEXICO 66 SABOT IRON NAVY CREAM,Sneaker Shoes,ONITSUKA,51459090678006,Blue / UK 8,,13500.00,True,Available,In Stock,https://crepdogcrew.com/products/onitsuka-mexico-66-sabot-iron-navy-cream
https://crepdogcrew.com,9494991536374,Onitsuka MEXICO 66 SABOT IRON NAVY CREAM,Sneaker Shoes,ONITSUKA,51459090514166,Blue / UK 10,,13500.00,True,Available,In Stock,https://crepdogcrew.com/products/onitsuka-mexico-66-sabot-iron-navy-cream
https://crepdogcrew.com,9494992453878,Onitsuka MEXICO 66 SD PF PURE SILVER PURE SILVER,Sneaker Shoes,ONITSUKA,51459094577398,Silver / UK 4,,13000.00,True,Available,In Stock,https://crepdogcrew.com/products/onitsuka-mexico-66-sd-pf-pure-silver-pure-silver
https://crepdogcrew.com,9494992453878,Onitsuka MEXICO 66 SD PF PURE SILVER PURE SILVER,Sneaker Shoes,ONITSUKA,51459094610166,Silver / UK 5,,13000.00,True,Available,In Stock,https://crepdogcrew.com/products/onitsuka-mexico-66-sd-pf-pure-silver-pure-silver
https://crepdogcrew.com,9494992453878,Onitsuka MEXICO 66 SD PF PURE SILVER PURE SILVER,Sneaker Shoes,ONITSUKA,51459094642934,Silver / UK 8,,13000.00,True,Available,In Stock,https://crepdogcrew.com/products/onitsuka-mexico-66-sd-pf-pure-silver-pure-silver
https://crepdogcrew.com,9494992453878,Onitsuka MEXICO 66 SD PF PURE SILVER PURE SILVER,Sneaker Shoes,ONITSUKA,51459094675702,Silver / UK 9,,13000.00,True,Available,In Stock,https://crepdogcrew.com/products/onitsuka-mexico-66-sd-pf-pure-silver-pure-silver
https://crepdogcrew.com,9494992453878,Onitsuka MEXICO 66 SD PF PURE SILVER PURE SILVER,Sneaker Shoes,ONITSUKA,51459094544630,Silver / UK 10,,13000.00,True,Available,In Stock,https://crepdogcrew.com/products/onitsuka-mexico-66-sd-pf-pure-silver-pure-silver
https://crepdogcrew.com,9494992716022,Onitsuka MEXICO 66 SD VIN CLAY CANYON CREAM,Sneaker Shoes,ONITSUKA,51459095986422,Brown / UK 4,,18500.00,True,Available,In Stock,https://crepdogcrew.com/products/onitsuka-mexico-66-sd-vin-clay-canyon-cream
https://crepdogcrew.com,9494992716022,Onitsuka MEXICO 66 SD VIN CLAY CANYON CREAM,Sneaker Shoes,ONITSUKA,51459096019190,Brown / UK 5.5,,18500.00,False,Sold Out,0 units left (Sold Out),https://crepdogcrew.com/products/onitsuka-mexico-66-sd-vin-clay-canyon-cream
https://crepdogcrew.com,9494992716022,Onitsuka MEXICO 66 SD VIN CLAY CANYON CREAM,Sneaker Shoes,ONITSUKA,51459096051958,Brown / UK 6.5,,18500.00,True,Available,In Stock,https://crepdogcrew.com/products/onitsuka-mexico-66-sd-vin-clay-canyon-cream
https://crepdogcrew.com,9494992716022,Onitsuka MEXICO 66 SD VIN CLAY CANYON CREAM,Sneaker Shoes,ONITSUKA,51459096084726,Brown / UK 7,,18500.00,True,Available,In Stock,https://crepdogcrew.com/products/onitsuka-mexico-66-sd-vin-clay-canyon-cream
https://crepdogcrew.com,9494992716022,Onitsuka MEXICO 66 SD VIN CLAY CANYON CREAM,Sneaker Shoes,ONITSUKA,51459096117494,Brown / UK 7.5,,18500.00,True,Available,In Stock,https://crepdogcrew.com/products/onitsuka-mexico-66-sd-vin-clay-canyon-cream
https://crepdogcrew.com,9494992716022,Onitsuka MEXICO 66 SD VIN CLAY CANYON CREAM,Sneaker Shoes,ONITSUKA,51459096150262,Brown / UK 8,,18500.00,True,Available,In Stock,https://crepdogcrew.com/products/onitsuka-mexico-66-sd-vin-clay-canyon-cream
https://crepdogcrew.com,9494992716022,Onitsuka MEXICO 66 SD VIN CLAY CANYON CREAM,Sneaker Shoes,ONITSUKA,51459096183030,Brown / UK 8.5,,18500.00,True,Available,In Stock,https://crepdogcrew.com/products/onitsuka-mexico-66-sd-vin-clay-canyon-cream
https://crepdogcrew.com,9494992716022,Onitsuka MEXICO 66 SD VIN CLAY CANYON CREAM,Sneaker Shoes,ONITSUKA,51459095953654,Brown / UK 12,,18500.00,True,Available,In Stock,https://crepdogcrew.com/products/onitsuka-mexico-66-sd-vin-clay-canyon-cream
https://crepdogcrew.com,9494990553334,Onitsuka MEXICO 66 Oyster Grey Oyster Grey,Sneaker Shoes,ONITSUKA,51459083731190,Grey / UK 4,,16500.00,True,Available,In Stock,https://crepdogcrew.com/products/onitsuka-mexico-66-oyster-grey-oyster-grey
https://crepdogcrew.com,9494990553334,Onitsuka MEXICO 66 Oyster Grey Oyster Grey,Sneaker Shoes,ONITSUKA,51459083763958,Grey / UK 5,,16500.00,True,Available,In Stock,https://crepdogcrew.com/products/onitsuka-mexico-66-oyster-grey-oyster-grey
https://crepdogcrew.com,9494990553334,Onitsuka MEXICO 66 Oyster Grey Oyster Grey,Sneaker Shoes,ONITSUKA,51459083796726,Grey / UK 5.5,,16500.00,True,Available,In Stock,https://crepdogcrew.com/products/onitsuka-mexico-66-oyster-grey-oyster-grey
https://crepdogcrew.com,9494990553334,Onitsuka MEXICO 66 Oyster Grey Oyster Grey,Sneaker Shoes,ONITSUKA,51459083829494,Grey / UK 6,,16500.00,True,Available,In Stock,https://crepdogcrew.com/products/onitsuka-mexico-66-oyster-grey-oyster-grey
https://crepdogcrew.com,9494990553334,Onitsuka MEXICO 66 Oyster Grey Oyster Grey,Sneaker Shoes,ONITSUKA,51459083862262,Grey / UK 8,,16500.00,True,Available,In Stock,https://crepdogcrew.com/products/onitsuka-mexico-66-oyster-grey-oyster-grey
https://crepdogcrew.com,9494990553334,Onitsuka MEXICO 66 Oyster Grey Oyster Grey,Sneaker Shoes,ONITSUKA,51459083895030,Grey / UK 9,,16500.00,True,Available,In Stock,https://crepdogcrew.com/products/onitsuka-mexico-66-oyster-grey-oyster-grey
https://crepdogcrew.com,9494990553334,Onitsuka MEXICO 66 Oyster Grey Oyster Grey,Sneaker Shoes,ONITSUKA,51459083632886,Grey / UK 10,,16500.00,True,Available,In Stock,https://crepdogcrew.com/products/onitsuka-mexico-66-oyster-grey-oyster-grey
https://crepdogcrew.com,9494990553334,Onitsuka MEXICO 66 Oyster Grey Oyster Grey,Sneaker Shoes,ONITSUKA,51459083665654,Grey / UK 11,,16500.00,True,Available,In Stock,https://crepdogcrew.com/products/onitsuka-mexico-66-oyster-grey-oyster-grey
https://crepdogcrew.com,9494990553334,Onitsuka MEXICO 66 Oyster Grey Oyster Grey,Sneaker Shoes,ONITSUKA,51459083698422,Grey / UK 12,,16500.00,True,Available,In Stock,https://crepdogcrew.com/products/onitsuka-mexico-66-oyster-grey-oyster-grey
https://crepdogcrew.com,9494990389494,Onitsuka MEXICO 66 Green Green,Sneaker Shoes,ONITSUKA,51459082027254,Green / UK 4,,14500.00,True,Available,In Stock,https://crepdogcrew.com/products/onitsuka-mexico-66-green-green
https://crepdogcrew.com,9494990389494,Onitsuka MEXICO 66 Green Green,Sneaker Shoes,ONITSUKA,51459082060022,Green / UK 4.5,,14500.00,True,Available,In Stock,https://crepdogcrew.com/products/onitsuka-mexico-66-green-green
https://crepdogcrew.com,9494990389494,Onitsuka MEXICO 66 Green Green,Sneaker Shoes,ONITSUKA,51459082092790,Green / UK 5,,14500.00,True,Available,In Stock,https://crepdogcrew.com/products/onitsuka-mexico-66-green-green
https://crepdogcrew.com,9494990389494,Onitsuka MEXICO 66 Green Green,Sneaker Shoes,ONITSUKA,51459082125558,Green / UK 5.5,,14500.00,True,Available,In Stock,https://crepdogcrew.com/products/onitsuka-mexico-66-green-green
https://crepdogcrew.com,9494990389494,Onitsuka MEXICO 66 Green Green,Sneaker Shoes,ONITSUKA,51459082158326,Green / UK 6,,14500.00,True,Available,In Stock,https://crepdogcrew.com/products/onitsuka-mexico-66-green-green
https://crepdogcrew.com,9494990389494,Onitsuka MEXICO 66 Green Green,Sneaker Shoes,ONITSUKA,51459082191094,Green / UK 6.5,,14500.00,True,Available,In Stock,https://crepdogcrew.com/products/onitsuka-mexico-66-green-green
https://crepdogcrew.com,9494990389494,Onitsuka MEXICO 66 Green Green,Sneaker Shoes,ONITSUKA,51459082223862,Green / UK 7,,14500.00,True,Available,In Stock,https://crepdogcrew.com/products/onitsuka-mexico-66-green-green
https://crepdogcrew.com,9494989668598,Onitsuka MEXICO 66 DRIED HERB OFF-WHITE,Sneaker Shoes,ONITSUKA,51459077341430,white / UK 4,,14500.00,True,Available,In Stock,https://crepdogcrew.com/products/onitsuka-mexico-66-dried-herb-off-white
https://crepdogcrew.com,9494989668598,Onitsuka MEXICO 66 DRIED HERB OFF-WHITE,Sneaker Shoes,ONITSUKA,51459077374198,white / UK 4.5,,14500.00,True,Available,In Stock,https://crepdogcrew.com/products/onitsuka-mexico-66-dried-herb-off-white
https://crepdogcrew.com,9494989668598,Onitsuka MEXICO 66 DRIED HERB OFF-WHITE,Sneaker Shoes,ONITSUKA,51459077406966,white / UK 5,,14500.00,True,Available,In Stock,https://crepdogcrew.com/products/onitsuka-mexico-66-dried-herb-off-white
https://crepdogcrew.com,9494989668598,Onitsuka MEXICO 66 DRIED HERB OFF-WHITE,Sneaker Shoes,ONITSUKA,51459077439734,white / UK 5.5,,14500.00,True,Available,In Stock,https://crepdogcrew.com/products/onitsuka-mexico-66-dried-herb-off-white
https://crepdogcrew.com,9494989668598,Onitsuka MEXICO 66 DRIED HERB OFF-WHITE,Sneaker Shoes,ONITSUKA,51459077472502,white / UK 8,,14500.00,True,Available,In Stock,https://crepdogcrew.com/products/onitsuka-mexico-66-dried-herb-off-white
https://crepdogcrew.com,9494989668598,Onitsuka MEXICO 66 DRIED HERB OFF-WHITE,Sneaker Shoes,ONITSUKA,51459077505270,white / UK 9,,14500.00,True,Available,In Stock,https://crepdogcrew.com/products/onitsuka-mexico-66-dried-herb-off-white
https://crepdogcrew.com,9494989668598,Onitsuka MEXICO 66 DRIED HERB OFF-WHITE,Sneaker Shoes,ONITSUKA,51459077275894,white / UK 10,,14500.00,True,Available,In Stock,https://crepdogcrew.com/products/onitsuka-mexico-66-dried-herb-off-white
https://crepdogcrew.com,9494989668598,Onitsuka MEXICO 66 DRIED HERB OFF-WHITE,Sneaker Shoes,ONITSUKA,51459077308662,white / UK 12,,14500.00,True,Available,In Stock,https://crepdogcrew.com/products/onitsuka-mexico-66-dried-herb-off-white
https://crepdogcrew.com,9494992224502,Onitsuka MEXICO 66 SD Metropolis Metropolis,Sneaker Shoes,ONITSUKA,51459093627126,GREY / UK 5,,16500.00,True,Available,In Stock,https://crepdogcrew.com/products/onitsuka-mexico-66-sd-metropolis-metropolis
https://crepdogcrew.com,9494992224502,Onitsuka MEXICO 66 SD Metropolis Metropolis,Sneaker Shoes,ONITSUKA,51459093659894,GREY / UK 6,,16500.00,True,Available,In Stock,https://crepdogcrew.com/products/onitsuka-mexico-66-sd-metropolis-metropolis
https://crepdogcrew.com,9494992224502,Onitsuka MEXICO 66 SD Metropolis Metropolis,Sneaker Shoes,ONITSUKA,51459093692662,GREY / UK 7,,16500.00,True,Available,In Stock,https://crepdogcrew.com/products/onitsuka-mexico-66-sd-metropolis-metropolis
https://crepdogcrew.com,9494992224502,Onitsuka MEXICO 66 SD Metropolis Metropolis,Sneaker Shoes,ONITSUKA,51459093725430,GREY / UK 8,,16500.00,True,Available,In Stock,https://crepdogcrew.com/products/onitsuka-mexico-66-sd-metropolis-metropolis
https://crepdogcrew.com,9494992224502,Onitsuka MEXICO 66 SD Metropolis Metropolis,Sneaker Shoes,ONITSUKA,51459093758198,GREY / UK 9,,16500.00,True,Available,In Stock,https://crepdogcrew.com/products/onitsuka-mexico-66-sd-metropolis-metropolis
https://crepdogcrew.com,9494992224502,Onitsuka MEXICO 66 SD Metropolis Metropolis,Sneaker Shoes,ONITSUKA,51459093528822,GREY / UK 10,,16500.00,True,Available,In Stock,https://crepdogcrew.com/products/onitsuka-mexico-66-sd-metropolis-metropolis
https://crepdogcrew.com,9494992224502,Onitsuka MEXICO 66 SD Metropolis Metropolis,Sneaker Shoes,ONITSUKA,51459093561590,GREY / UK 11,,16500.00,True,Available,In Stock,https://crepdogcrew.com/products/onitsuka-mexico-66-sd-metropolis-metropolis
https://crepdogcrew.com,9494992224502,Onitsuka MEXICO 66 SD Metropolis Metropolis,Sneaker Shoes,ONITSUKA,51459093594358,GREY / UK 12,,16500.00,True,Available,In Stock,https://crepdogcrew.com/products/onitsuka-mexico-66-sd-metropolis-metropolis
https://crepdogcrew.com,9494989570294,Onitsuka MEXICO 66 DELEGATION VANILLA CREAM,Sneaker Shoes,ONITSUKA,51459076882678,Beige / UK 5,,17500.00,True,Available,In Stock,https://crepdogcrew.com/products/onitsuka-mexico-66-delegation-vanilla-cream
https://crepdogcrew.com,9494989570294,Onitsuka MEXICO 66 DELEGATION VANILLA CREAM,Sneaker Shoes,ONITSUKA,51459076915446,Beige / UK 5.5,,17500.00,True,Available,In Stock,https://crepdogcrew.com/products/onitsuka-mexico-66-delegation-vanilla-cream
https://crepdogcrew.com,9494989570294,Onitsuka MEXICO 66 DELEGATION VANILLA CREAM,Sneaker Shoes,ONITSUKA,51459076948214,Beige / UK 8,,17500.00,True,Available,In Stock,https://crepdogcrew.com/products/onitsuka-mexico-66-delegation-vanilla-cream
https://crepdogcrew.com,9494989570294,Onitsuka MEXICO 66 DELEGATION VANILLA CREAM,Sneaker Shoes,ONITSUKA,51459076784374,Beige / UK 11,,17500.00,True,Available,In Stock,https://crepdogcrew.com/products/onitsuka-mexico-66-delegation-vanilla-cream
https://crepdogcrew.com,9494989570294,Onitsuka MEXICO 66 DELEGATION VANILLA CREAM,Sneaker Shoes,ONITSUKA,51459076817142,Beige / UK 11.5,,17500.00,True,Available,In Stock,https://crepdogcrew.com/products/onitsuka-mexico-66-delegation-vanilla-cream
https://crepdogcrew.com,9494989570294,Onitsuka MEXICO 66 DELEGATION VANILLA CREAM,Sneaker Shoes,ONITSUKA,51459076849910,Beige / UK 12,,17500.00,True,Available,In Stock,https://crepdogcrew.com/products/onitsuka-mexico-66-delegation-vanilla-cream
https://crepdogcrew.com,9494993174774,Onitsuka MEXICO 66 SLIP-ON White Tricolor,Sneaker Shoes,ONITSUKA,51459098280182,white / UK 4,,10500.00,True,Available,In Stock,https://crepdogcrew.com/products/onitsuka-mexico-66-slip-on-white-tricolor
https://crepdogcrew.com,9494993174774,Onitsuka MEXICO 66 SLIP-ON White Tricolor,Sneaker Shoes,ONITSUKA,51459098312950,white / UK 7,,10500.00,True,Available,In Stock,https://crepdogcrew.com/products/onitsuka-mexico-66-slip-on-white-tricolor
https://crepdogcrew.com,9494993174774,Onitsuka MEXICO 66 SLIP-ON White Tricolor,Sneaker Shoes,ONITSUKA,51459098345718,white / UK 8,,10500.00,True,Available,In Stock,https://crepdogcrew.com/products/onitsuka-mexico-66-slip-on-white-tricolor
https://crepdogcrew.com,9494993174774,Onitsuka MEXICO 66 SLIP-ON White Tricolor,Sneaker Shoes,ONITSUKA,51459098378486,white / UK 9,,10500.00,True,Available,In Stock,https://crepdogcrew.com/products/onitsuka-mexico-66-slip-on-white-tricolor
https://crepdogcrew.com,9494993174774,Onitsuka MEXICO 66 SLIP-ON White Tricolor,Sneaker Shoes,ONITSUKA,51459098214646,white / UK 10,,10500.00,True,Available,In Stock,https://crepdogcrew.com/products/onitsuka-mexico-66-slip-on-white-tricolor
https://crepdogcrew.com,9494993174774,Onitsuka MEXICO 66 SLIP-ON White Tricolor,Sneaker Shoes,ONITSUKA,51459098247414,white / UK 12,,10500.00,True,Available,In Stock,https://crepdogcrew.com/products/onitsuka-mexico-66-slip-on-white-tricolor
https://crepdogcrew.com,9494992814326,Onitsuka MEXICO 66 SD White Rose Gold,Sneaker Shoes,ONITSUKA,51459096707318,white / UK 4,,17500.00,True,Available,In Stock,https://crepdogcrew.com/products/onitsuka-mexico-66-sd-white-rose-gold
https://crepdogcrew.com,9494992814326,Onitsuka MEXICO 66 SD White Rose Gold,Sneaker Shoes,ONITSUKA,51459096740086,white / UK 4.5,,17500.00,True,Available,In Stock,https://crepdogcrew.com/products/onitsuka-mexico-66-sd-white-rose-gold
https://crepdogcrew.com,9494992814326,Onitsuka MEXICO 66 SD White Rose Gold,Sneaker Shoes,ONITSUKA,51459096772854,white / UK 7,,17500.00,True,Available,In Stock,https://crepdogcrew.com/products/onitsuka-mexico-66-sd-white-rose-gold
https://crepdogcrew.com,9494992814326,Onitsuka MEXICO 66 SD White Rose Gold,Sneaker Shoes,ONITSUKA,51459096805622,white / UK 7.5,,17500.00,True,Available,In Stock,https://crepdogcrew.com/products/onitsuka-mexico-66-sd-white-rose-gold
https://crepdogcrew.com,9494992814326,Onitsuka MEXICO 66 SD White Rose Gold,Sneaker Shoes,ONITSUKA,51459096838390,white / UK 8,,17500.00,True,Available,In Stock,https://crepdogcrew.com/products/onitsuka-mexico-66-sd-white-rose-gold
https://crepdogcrew.com,9494992814326,Onitsuka MEXICO 66 SD White Rose Gold,Sneaker Shoes,ONITSUKA,51459096871158,white / UK 8.5,,17500.00,True,Available,In Stock,https://crepdogcrew.com/products/onitsuka-mexico-66-sd-white-rose-gold
https://crepdogcrew.com,9494992814326,Onitsuka MEXICO 66 SD White Rose Gold,Sneaker Shoes,ONITSUKA,51459096903926,white / UK 9,,17500.00,True,Available,In Stock,https://crepdogcrew.com/products/onitsuka-mexico-66-sd-white-rose-gold
https://crepdogcrew.com,9494992814326,Onitsuka MEXICO 66 SD White Rose Gold,Sneaker Shoes,ONITSUKA,51459096609014,white / UK 10,,17500.00,True,Available,In Stock,https://crepdogcrew.com/products/onitsuka-mexico-66-sd-white-rose-gold
https://crepdogcrew.com,9494992814326,Onitsuka MEXICO 66 SD White Rose Gold,Sneaker Shoes,ONITSUKA,51459096641782,white / UK 11,,17500.00,True,Available,In Stock,https://crepdogcrew.com/products/onitsuka-mexico-66-sd-white-rose-gold
https://crepdogcrew.com,9494992814326,Onitsuka MEXICO 66 SD White Rose Gold,Sneaker Shoes,ONITSUKA,51459096674550,white / UK 12,,17500.00,True,Available,In Stock,https://crepdogcrew.com/products/onitsuka-mexico-66-sd-white-rose-gold
https://crepdogcrew.com,9494991831286,Onitsuka MEXICO 66 SD Cream White,Sneaker Shoes,ONITSUKA,51459091759350,BEIGE / UK 4,,16500.00,True,Available,In Stock,https://crepdogcrew.com/products/onitsuka-mexico-66-sd-cream-white
https://crepdogcrew.com,9494991831286,Onitsuka MEXICO 66 SD Cream White,Sneaker Shoes,ONITSUKA,51459091792118,BEIGE / UK 8,,16500.00,True,Available,In Stock,https://crepdogcrew.com/products/onitsuka-mexico-66-sd-cream-white
https://crepdogcrew.com,9494991831286,Onitsuka MEXICO 66 SD Cream White,Sneaker Shoes,ONITSUKA,51459091661046,BEIGE / UK 10,,16500.00,True,Available,In Stock,https://crepdogcrew.com/products/onitsuka-mexico-66-sd-cream-white
https://crepdogcrew.com,9494991831286,Onitsuka MEXICO 66 SD Cream White,Sneaker Shoes,ONITSUKA,51459091693814,BEIGE / UK 11,,16500.00,True,Available,In Stock,https://crepdogcrew.com/products/onitsuka-mexico-66-sd-cream-white
https://crepdogcrew.com,9494991831286,Onitsuka MEXICO 66 SD Cream White,Sneaker Shoes,ONITSUKA,51459091726582,BEIGE / UK 12,,16500.00,True,Available,In Stock,https://crepdogcrew.com/products/onitsuka-mexico-66-sd-cream-white
https://crepdogcrew.com,9494991372534,Onitsuka MEXICO 66 SABOT CRYSTAL PINK CREAM,Sneaker Shoes,ONITSUKA,51459089760502,Pink / UK 4,,13500.00,True,Available,In Stock,https://crepdogcrew.com/products/onitsuka-mexico-66-sabot-crystal-pink-cream
https://crepdogcrew.com,9494991372534,Onitsuka MEXICO 66 SABOT CRYSTAL PINK CREAM,Sneaker Shoes,ONITSUKA,51459089793270,Pink / UK 4.5,,13500.00,True,Available,In Stock,https://crepdogcrew.com/products/onitsuka-mexico-66-sabot-crystal-pink-cream
https://crepdogcrew.com,9494991372534,Onitsuka MEXICO 66 SABOT CRYSTAL PINK CREAM,Sneaker Shoes,ONITSUKA,51459089826038,Pink / UK 5,,13500.00,True,Available,In Stock,https://crepdogcrew.com/products/onitsuka-mexico-66-sabot-crystal-pink-cream
https://crepdogcrew.com,9494991372534,Onitsuka MEXICO 66 SABOT CRYSTAL PINK CREAM,Sneaker Shoes,ONITSUKA,51459089858806,Pink / UK 5.5,,13500.00,True,Available,In Stock,https://crepdogcrew.com/products/onitsuka-mexico-66-sabot-crystal-pink-cream
https://crepdogcrew.com,9494991372534,Onitsuka MEXICO 66 SABOT CRYSTAL PINK CREAM,Sneaker Shoes,ONITSUKA,51459089891574,Pink / UK 6,,13500.00,True,Available,In Stock,https://crepdogcrew.com/products/onitsuka-mexico-66-sabot-crystal-pink-cream
https://crepdogcrew.com,9494991372534,Onitsuka MEXICO 66 SABOT CRYSTAL PINK CREAM,Sneaker Shoes,ONITSUKA,51459089924342,Pink / UK 6.5,,13500.00,True,Available,In Stock,https://crepdogcrew.com/products/onitsuka-mexico-66-sabot-crystal-pink-cream
https://crepdogcrew.com,9494991372534,Onitsuka MEXICO 66 SABOT CRYSTAL PINK CREAM,Sneaker Shoes,ONITSUKA,51459089957110,Pink / UK 8,,13500.00,True,Available,In Stock,https://crepdogcrew.com/products/onitsuka-mexico-66-sabot-crystal-pink-cream
https://crepdogcrew.com,9494991372534,Onitsuka MEXICO 66 SABOT CRYSTAL PINK CREAM,Sneaker Shoes,ONITSUKA,51459089662198,Pink / UK 10,,13500.00,True,Available,In Stock,https://crepdogcrew.com/products/onitsuka-mexico-66-sabot-crystal-pink-cream
https://crepdogcrew.com,9494991372534,Onitsuka MEXICO 66 SABOT CRYSTAL PINK CREAM,Sneaker Shoes,ONITSUKA,51459089694966,Pink / UK 11,,13500.00,True,Available,In Stock,https://crepdogcrew.com/products/onitsuka-mexico-66-sabot-crystal-pink-cream
https://crepdogcrew.com,9494991372534,Onitsuka MEXICO 66 SABOT CRYSTAL PINK CREAM,Sneaker Shoes,ONITSUKA,51459089727734,Pink / UK 12,,13500.00,True,Available,In Stock,https://crepdogcrew.com/products/onitsuka-mexico-66-sabot-crystal-pink-cream
https://crepdogcrew.com,9494992388342,Onitsuka MEXICO 66 SD PF Cream White,Sneaker Shoes,ONITSUKA,51459094446326,BEIGE / UK 7,,17500.00,True,Available,In Stock,https://crepdogcrew.com/products/onitsuka-mexico-66-sd-pf-cream-white
https://crepdogcrew.com,9494992388342,Onitsuka MEXICO 66 SD PF Cream White,Sneaker Shoes,ONITSUKA,51459094479094,BEIGE / UK 8,,17500.00,True,Available,In Stock,https://crepdogcrew.com/products/onitsuka-mexico-66-sd-pf-cream-white
https://crepdogcrew.com,9494992388342,Onitsuka MEXICO 66 SD PF Cream White,Sneaker Shoes,ONITSUKA,51459094348022,BEIGE / UK 10,,17500.00,True,Available,In Stock,https://crepdogcrew.com/products/onitsuka-mexico-66-sd-pf-cream-white
https://crepdogcrew.com,9494992388342,Onitsuka MEXICO 66 SD PF Cream White,Sneaker Shoes,ONITSUKA,51459094380790,BEIGE / UK 11,,17500.00,True,Available,In Stock,https://crepdogcrew.com/products/onitsuka-mexico-66-sd-pf-cream-white
https://crepdogcrew.com,9494992388342,Onitsuka MEXICO 66 SD PF Cream White,Sneaker Shoes,ONITSUKA,51459094413558,BEIGE / UK 12,,17500.00,True,Available,In Stock,https://crepdogcrew.com/products/onitsuka-mexico-66-sd-pf-cream-white
https://crepdogcrew.com,9494991896822,Onitsuka MEXICO 66 SD DESERT CAMP CREAM,Sneaker Shoes,ONITSUKA,51459091955958,GOLD / UK 4,,17500.00,True,Available,In Stock,https://crepdogcrew.com/products/onitsuka-mexico-66-sd-desert-camp-cream
https://crepdogcrew.com,9494991896822,Onitsuka MEXICO 66 SD DESERT CAMP CREAM,Sneaker Shoes,ONITSUKA,51459091988726,GOLD / UK 5,,17500.00,True,Available,In Stock,https://crepdogcrew.com/products/onitsuka-mexico-66-sd-desert-camp-cream
https://crepdogcrew.com,9494991896822,Onitsuka MEXICO 66 SD DESERT CAMP CREAM,Sneaker Shoes,ONITSUKA,51459092021494,GOLD / UK 5.5,,17500.00,True,Available,In Stock,https://crepdogcrew.com/products/onitsuka-mexico-66-sd-desert-camp-cream
https://crepdogcrew.com,9494991896822,Onitsuka MEXICO 66 SD DESERT CAMP CREAM,Sneaker Shoes,ONITSUKA,51459092054262,GOLD / UK 6,,17500.00,True,Available,In Stock,https://crepdogcrew.com/products/onitsuka-mexico-66-sd-desert-camp-cream
https://crepdogcrew.com,9494991896822,Onitsuka MEXICO 66 SD DESERT CAMP CREAM,Sneaker Shoes,ONITSUKA,51459092087030,GOLD / UK 7,,17500.00,True,Available,In Stock,https://crepdogcrew.com/products/onitsuka-mexico-66-sd-desert-camp-cream
https://crepdogcrew.com,9494991896822,Onitsuka MEXICO 66 SD DESERT CAMP CREAM,Sneaker Shoes,ONITSUKA,51459092119798,GOLD / UK 7.5,,17500.00,True,Available,In Stock,https://crepdogcrew.com/products/onitsuka-mexico-66-sd-desert-camp-cream
https://crepdogcrew.com,9494991896822,Onitsuka MEXICO 66 SD DESERT CAMP CREAM,Sneaker Shoes,ONITSUKA,51459092152566,GOLD / UK 8,,17500.00,True,Available,In Stock,https://crepdogcrew.com/products/onitsuka-mexico-66-sd-desert-camp-cream
https://crepdogcrew.com,9494991896822,Onitsuka MEXICO 66 SD DESERT CAMP CREAM,Sneaker Shoes,ONITSUKA,51459091857654,GOLD / UK 10,,17500.00,True,Available,In Stock,https://crepdogcrew.com/products/onitsuka-mexico-66-sd-desert-camp-cream
https://crepdogcrew.com,9494991896822,Onitsuka MEXICO 66 SD DESERT CAMP CREAM,Sneaker Shoes,ONITSUKA,51459091890422,GOLD / UK 11,,17500.00,True,Available,In Stock,https://crepdogcrew.com/products/onitsuka-mexico-66-sd-desert-camp-cream
https://crepdogcrew.com,9494991896822,Onitsuka MEXICO 66 SD DESERT CAMP CREAM,Sneaker Shoes,ONITSUKA,51459091923190,GOLD / UK 12,,17500.00,True,Available,In Stock,https://crepdogcrew.com/products/onitsuka-mexico-66-sd-desert-camp-cream
https://crepdogcrew.com,9494991241462,Onitsuka MEXICO 66 ROSE GOLD CREAM,Sneaker Shoes,ONITSUKA,51459088941302,Pink / UK 4,,12500.00,True,Available,In Stock,https://crepdogcrew.com/products/onitsuka-mexico-66-rose-gold-cream
https://crepdogcrew.com,9494991241462,Onitsuka MEXICO 66 ROSE GOLD CREAM,Sneaker Shoes,ONITSUKA,51459088974070,Pink / UK 4.5,,12500.00,True,Available,In Stock,https://crepdogcrew.com/products/onitsuka-mexico-66-rose-gold-cream
https://crepdogcrew.com,9494991241462,Onitsuka MEXICO 66 ROSE GOLD CREAM,Sneaker Shoes,ONITSUKA,51459089006838,Pink / UK 5,,12500.00,True,Available,In Stock,https://crepdogcrew.com/products/onitsuka-mexico-66-rose-gold-cream
https://crepdogcrew.com,9494991241462,Onitsuka MEXICO 66 ROSE GOLD CREAM,Sneaker Shoes,ONITSUKA,51459089039606,Pink / UK 8,,12500.00,True,Available,In Stock,https://crepdogcrew.com/products/onitsuka-mexico-66-rose-gold-cream
https://crepdogcrew.com,9494991241462,Onitsuka MEXICO 66 ROSE GOLD CREAM,Sneaker Shoes,ONITSUKA,51459089072374,Pink / UK 8.5,,12500.00,True,Available,In Stock,https://crepdogcrew.com/products/onitsuka-mexico-66-rose-gold-cream
https://crepdogcrew.com,9494991241462,Onitsuka MEXICO 66 ROSE GOLD CREAM,Sneaker Shoes,ONITSUKA,51459089105142,Pink / UK 9,,12500.00,True,Available,In Stock,https://crepdogcrew.com/products/onitsuka-mexico-66-rose-gold-cream
https://crepdogcrew.com,9494991241462,Onitsuka MEXICO 66 ROSE GOLD CREAM,Sneaker Shoes,ONITSUKA,51459088875766,Pink / UK 11,,12500.00,True,Available,In Stock,https://crepdogcrew.com/products/onitsuka-mexico-66-rose-gold-cream
https://crepdogcrew.com,9494991241462,Onitsuka MEXICO 66 ROSE GOLD CREAM,Sneaker Shoes,ONITSUKA,51459088908534,Pink / UK 12,,12500.00,True,Available,In Stock,https://crepdogcrew.com/products/onitsuka-mexico-66-rose-gold-cream
https://crepdogcrew.com,9494991732982,Onitsuka MEXICO 66 SD Birch Silver,Sneaker Shoes,ONITSUKA,51459091267830,Beige / UK 5,,16500.00,False,Sold Out,0 units left (Sold Out),https://crepdogcrew.com/products/onitsuka-mexico-66-sd-birch-silver
https://crepdogcrew.com,9494991732982,Onitsuka MEXICO 66 SD Birch Silver,Sneaker Shoes,ONITSUKA,51459091300598,Beige / UK 6,,16500.00,True,Available,In Stock,https://crepdogcrew.com/products/onitsuka-mexico-66-sd-birch-silver
https://crepdogcrew.com,9494991732982,Onitsuka MEXICO 66 SD Birch Silver,Sneaker Shoes,ONITSUKA,51459091333366,Beige / UK 8,,16500.00,True,Available,In Stock,https://crepdogcrew.com/products/onitsuka-mexico-66-sd-birch-silver
https://crepdogcrew.com,9494991732982,Onitsuka MEXICO 66 SD Birch Silver,Sneaker Shoes,ONITSUKA,51459091366134,Beige / UK 9,,16500.00,True,Available,In Stock,https://crepdogcrew.com/products/onitsuka-mexico-66-sd-birch-silver
https://crepdogcrew.com,9494991732982,Onitsuka MEXICO 66 SD Birch Silver,Sneaker Shoes,ONITSUKA,51459091202294,Beige / UK 10,,16500.00,True,Available,In Stock,https://crepdogcrew.com/products/onitsuka-mexico-66-sd-birch-silver
https://crepdogcrew.com,9494991732982,Onitsuka MEXICO 66 SD Birch Silver,Sneaker Shoes,ONITSUKA,51459091235062,Beige / UK 12,,16500.00,True,Available,In Stock,https://crepdogcrew.com/products/onitsuka-mexico-66-sd-birch-silver
https://crepdogcrew.com,9494991143158,Onitsuka MEXICO 66 PINK,Sneaker Shoes,ONITSUKA,51459088056566,Pink / UK 10,,14500.00,True,Available,In Stock,https://crepdogcrew.com/products/onitsuka-mexico-66-pink-pink
https://crepdogcrew.com,9494991143158,Onitsuka MEXICO 66 PINK,Sneaker Shoes,ONITSUKA,51459088089334,Pink / UK 10.5,,14500.00,True,Available,In Stock,https://crepdogcrew.com/products/onitsuka-mexico-66-pink-pink
https://crepdogcrew.com,9494991143158,Onitsuka MEXICO 66 PINK,Sneaker Shoes,ONITSUKA,51459088122102,Pink / UK 11,,14500.00,True,Available,In Stock,https://crepdogcrew.com/products/onitsuka-mexico-66-pink-pink
https://crepdogcrew.com,9494991143158,Onitsuka MEXICO 66 PINK,Sneaker Shoes,ONITSUKA,51459088154870,Pink / UK 4,,14500.00,True,Available,In Stock,https://crepdogcrew.com/products/onitsuka-mexico-66-pink-pink
https://crepdogcrew.com,9494991143158,Onitsuka MEXICO 66 PINK,Sneaker Shoes,ONITSUKA,51459088187638,Pink / UK 4.5,,14500.00,True,Available,In Stock,https://crepdogcrew.com/products/onitsuka-mexico-66-pink-pink
https://crepdogcrew.com,9494991143158,Onitsuka MEXICO 66 PINK,Sneaker Shoes,ONITSUKA,51459088220406,Pink / UK 5,,14500.00,True,Available,In Stock,https://crepdogcrew.com/products/onitsuka-mexico-66-pink-pink
https://crepdogcrew.com,9494991143158,Onitsuka MEXICO 66 PINK,Sneaker Shoes,ONITSUKA,51459088253174,Pink / UK 6,,14500.00,True,Available,In Stock,https://crepdogcrew.com/products/onitsuka-mexico-66-pink-pink
https://crepdogcrew.com,9494991143158,Onitsuka MEXICO 66 PINK,Sneaker Shoes,ONITSUKA,51459088285942,Pink / UK 6.5,,14500.00,True,Available,In Stock,https://crepdogcrew.com/products/onitsuka-mexico-66-pink-pink
https://crepdogcrew.com,9494991143158,Onitsuka MEXICO 66 PINK,Sneaker Shoes,ONITSUKA,51459088318710,Pink / UK 7,,14500.00,True,Available,In Stock,https://crepdogcrew.com/products/onitsuka-mexico-66-pink-pink
https://crepdogcrew.com,9494991143158,Onitsuka MEXICO 66 PINK,Sneaker Shoes,ONITSUKA,51459088351478,Pink / UK 7.5,,14500.00,True,Available,In Stock,https://crepdogcrew.com/products/onitsuka-mexico-66-pink-pink
https://crepdogcrew.com,9494991143158,Onitsuka MEXICO 66 PINK,Sneaker Shoes,ONITSUKA,51459088384246,Pink / UK 8,,14500.00,True,Available,In Stock,https://crepdogcrew.com/products/onitsuka-mexico-66-pink-pink
https://crepdogcrew.com,9494991143158,Onitsuka MEXICO 66 PINK,Sneaker Shoes,ONITSUKA,51459088417014,Pink / UK 8.5,,14500.00,True,Available,In Stock,https://crepdogcrew.com/products/onitsuka-mexico-66-pink-pink
https://crepdogcrew.com,9494991143158,Onitsuka MEXICO 66 PINK,Sneaker Shoes,ONITSUKA,51459088449782,Pink / UK 9,,14500.00,True,Available,In Stock,https://crepdogcrew.com/products/onitsuka-mexico-66-pink-pink
https://crepdogcrew.com,9494991110390,Onitsuka MEXICO 66 PF RED SNAPPER ARCTIC BLUE,Sneaker Shoes,ONITSUKA,51459087827190,Red / UK 4,,16500.00,True,Available,In Stock,https://crepdogcrew.com/products/onitsuka-mexico-66-pf-red-snapper-arctic-blue
https://crepdogcrew.com,9494991110390,Onitsuka MEXICO 66 PF RED SNAPPER ARCTIC BLUE,Sneaker Shoes,ONITSUKA,51459087859958,Red / UK 5,,16500.00,True,Available,In Stock,https://crepdogcrew.com/products/onitsuka-mexico-66-pf-red-snapper-arctic-blue
https://crepdogcrew.com,9494991110390,Onitsuka MEXICO 66 PF RED SNAPPER ARCTIC BLUE,Sneaker Shoes,ONITSUKA,51459087892726,Red / UK 5.5,,16500.00,True,Available,In Stock,https://crepdogcrew.com/products/onitsuka-mexico-66-pf-red-snapper-arctic-blue
https://crepdogcrew.com,9494991110390,Onitsuka MEXICO 66 PF RED SNAPPER ARCTIC BLUE,Sneaker Shoes,ONITSUKA,51459087925494,Red / UK 6,,16500.00,True,Available,In Stock,https://crepdogcrew.com/products/onitsuka-mexico-66-pf-red-snapper-arctic-blue
https://crepdogcrew.com,9494991110390,Onitsuka MEXICO 66 PF RED SNAPPER ARCTIC BLUE,Sneaker Shoes,ONITSUKA,51459087958262,Red / UK 7,,16500.00,True,Available,In Stock,https://crepdogcrew.com/products/onitsuka-mexico-66-pf-red-snapper-arctic-blue
https://crepdogcrew.com,9494991110390,Onitsuka MEXICO 66 PF RED SNAPPER ARCTIC BLUE,Sneaker Shoes,ONITSUKA,51459087991030,Red / UK 7.5,,16500.00,True,Available,In Stock,https://crepdogcrew.com/products/onitsuka-mexico-66-pf-red-snapper-arctic-blue
https://crepdogcrew.com,9494991110390,Onitsuka MEXICO 66 PF RED SNAPPER ARCTIC BLUE,Sneaker Shoes,ONITSUKA,51459088023798,Red / UK 9,,16500.00,True,Available,In Stock,https://crepdogcrew.com/products/onitsuka-mexico-66-pf-red-snapper-arctic-blue
https://crepdogcrew.com,9494991110390,Onitsuka MEXICO 66 PF RED SNAPPER ARCTIC BLUE,Sneaker Shoes,ONITSUKA,51459087728886,Red / UK 10,,16500.00,True,Available,In Stock,https://crepdogcrew.com/products/onitsuka-mexico-66-pf-red-snapper-arctic-blue
https://crepdogcrew.com,9494991110390,Onitsuka MEXICO 66 PF RED SNAPPER ARCTIC BLUE,Sneaker Shoes,ONITSUKA,51459087761654,Red / UK 11,,16500.00,True,Available,In Stock,https://crepdogcrew.com/products/onitsuka-mexico-66-pf-red-snapper-arctic-blue
https://crepdogcrew.com,9494991110390,Onitsuka MEXICO 66 PF RED SNAPPER ARCTIC BLUE,Sneaker Shoes,ONITSUKA,51459087794422,Red / UK 12,,16500.00,True,Available,In Stock,https://crepdogcrew.com/products/onitsuka-mexico-66-pf-red-snapper-arctic-blue
https://crepdogcrew.com,9494989471990,Onitsuka MEXICO 66 DELEGATION PINE GREEN CREAM,Sneaker Shoes,ONITSUKA,51459076129014,Green / UK 5.5,,17500.00,True,Available,In Stock,https://crepdogcrew.com/products/onitsuka-mexico-66-delegation-pine-green-cream
https://crepdogcrew.com,9494989471990,Onitsuka MEXICO 66 DELEGATION PINE GREEN CREAM,Sneaker Shoes,ONITSUKA,51459076161782,Green / UK 6.5,,17500.00,True,Available,In Stock,https://crepdogcrew.com/products/onitsuka-mexico-66-delegation-pine-green-cream
https://crepdogcrew.com,9494989471990,Onitsuka MEXICO 66 DELEGATION PINE GREEN CREAM,Sneaker Shoes,ONITSUKA,51459076194550,Green / UK 7.5,,17500.00,True,Available,In Stock,https://crepdogcrew.com/products/onitsuka-mexico-66-delegation-pine-green-cream
https://crepdogcrew.com,9494989471990,Onitsuka MEXICO 66 DELEGATION PINE GREEN CREAM,Sneaker Shoes,ONITSUKA,51459076227318,Green / UK 8.5,,17500.00,True,Available,In Stock,https://crepdogcrew.com/products/onitsuka-mexico-66-delegation-pine-green-cream
https://crepdogcrew.com,9494989471990,Onitsuka MEXICO 66 DELEGATION PINE GREEN CREAM,Sneaker Shoes,ONITSUKA,51459076260086,Green / UK 9.5,,17500.00,True,Available,In Stock,https://crepdogcrew.com/products/onitsuka-mexico-66-delegation-pine-green-cream
https://crepdogcrew.com,9494989471990,Onitsuka MEXICO 66 DELEGATION PINE GREEN CREAM,Sneaker Shoes,ONITSUKA,51459076096246,Green / UK 12,,17500.00,True,Available,In Stock,https://crepdogcrew.com/products/onitsuka-mexico-66-delegation-pine-green-cream
https://crepdogcrew.com,9494990913782,Onitsuka MEXICO 66 PARATY MINERAL BEIGE CARRIER GREY,Sneaker Shoes,ONITSUKA,51459086680310,Beige / UK 4,,10500.00,True,Available,In Stock,https://crepdogcrew.com/products/onitsuka-mexico-66-paraty-mineral-beige-carrier-grey
https://crepdogcrew.com,9494990913782,Onitsuka MEXICO 66 PARATY MINERAL BEIGE CARRIER GREY,Sneaker Shoes,ONITSUKA,51459086713078,Beige / UK 5,,10500.00,True,Available,In Stock,https://crepdogcrew.com/products/onitsuka-mexico-66-paraty-mineral-beige-carrier-grey
https://crepdogcrew.com,9494990913782,Onitsuka MEXICO 66 PARATY MINERAL BEIGE CARRIER GREY,Sneaker Shoes,ONITSUKA,51459086745846,Beige / UK 7,,10500.00,True,Available,In Stock,https://crepdogcrew.com/products/onitsuka-mexico-66-paraty-mineral-beige-carrier-grey
https://crepdogcrew.com,9494990913782,Onitsuka MEXICO 66 PARATY MINERAL BEIGE CARRIER GREY,Sneaker Shoes,ONITSUKA,51459086778614,Beige / UK 8,,10500.00,True,Available,In Stock,https://crepdogcrew.com/products/onitsuka-mexico-66-paraty-mineral-beige-carrier-grey
https://crepdogcrew.com,9494990913782,Onitsuka MEXICO 66 PARATY MINERAL BEIGE CARRIER GREY,Sneaker Shoes,ONITSUKA,51459086582006,Beige / UK 10,,10500.00,True,Available,In Stock,https://crepdogcrew.com/products/onitsuka-mexico-66-paraty-mineral-beige-carrier-grey
https://crepdogcrew.com,9494990913782,Onitsuka MEXICO 66 PARATY MINERAL BEIGE CARRIER GREY,Sneaker Shoes,ONITSUKA,51459086614774,Beige / UK 11,,10500.00,True,Available,In Stock,https://crepdogcrew.com/products/onitsuka-mexico-66-paraty-mineral-beige-carrier-grey
https://crepdogcrew.com,9494990913782,Onitsuka MEXICO 66 PARATY MINERAL BEIGE CARRIER GREY,Sneaker Shoes,ONITSUKA,51459086647542,Beige / UK 12,,10500.00,True,Available,In Stock,https://crepdogcrew.com/products/onitsuka-mexico-66-paraty-mineral-beige-carrier-grey
https://crepdogcrew.com,9494988587254,Onitsuka MEXICO 66 BOXING PURE SILVER OFF-WHITE,Sneaker Shoes,ONITSUKA,51459070656758,Silver / UK 4,,22000.00,True,Available,In Stock,https://crepdogcrew.com/products/onitsuka-mexico-66-boxing-pure-silver-off-white
https://crepdogcrew.com,9494988587254,Onitsuka MEXICO 66 BOXING PURE SILVER OFF-WHITE,Sneaker Shoes,ONITSUKA,51459070689526,Silver / UK 5,,22000.00,True,Available,In Stock,https://crepdogcrew.com/products/onitsuka-mexico-66-boxing-pure-silver-off-white
https://crepdogcrew.com,9494988587254,Onitsuka MEXICO 66 BOXING PURE SILVER OFF-WHITE,Sneaker Shoes,ONITSUKA,51459070722294,Silver / UK 6,,22000.00,True,Available,In Stock,https://crepdogcrew.com/products/onitsuka-mexico-66-boxing-pure-silver-off-white
https://crepdogcrew.com,9494988587254,Onitsuka MEXICO 66 BOXING PURE SILVER OFF-WHITE,Sneaker Shoes,ONITSUKA,51459070755062,Silver / UK 7,,22000.00,True,Available,In Stock,https://crepdogcrew.com/products/onitsuka-mexico-66-boxing-pure-silver-off-white
https://crepdogcrew.com,9494988587254,Onitsuka MEXICO 66 BOXING PURE SILVER OFF-WHITE,Sneaker Shoes,ONITSUKA,51459070787830,Silver / UK 8,,22000.00,True,Available,In Stock,https://crepdogcrew.com/products/onitsuka-mexico-66-boxing-pure-silver-off-white
https://crepdogcrew.com,9494988587254,Onitsuka MEXICO 66 BOXING PURE SILVER OFF-WHITE,Sneaker Shoes,ONITSUKA,51459070820598,Silver / UK 9,,22000.00,True,Available,In Stock,https://crepdogcrew.com/products/onitsuka-mexico-66-boxing-pure-silver-off-white
https://crepdogcrew.com,9494988587254,Onitsuka MEXICO 66 BOXING PURE SILVER OFF-WHITE,Sneaker Shoes,ONITSUKA,51459070558454,Silver / UK 10,,22000.00,True,Available,In Stock,https://crepdogcrew.com/products/onitsuka-mexico-66-boxing-pure-silver-off-white
https://crepdogcrew.com,9494988587254,Onitsuka MEXICO 66 BOXING PURE SILVER OFF-WHITE,Sneaker Shoes,ONITSUKA,51459070591222,Silver / UK 11,,22000.00,True,Available,In Stock,https://crepdogcrew.com/products/onitsuka-mexico-66-boxing-pure-silver-off-white
https://crepdogcrew.com,9494988587254,Onitsuka MEXICO 66 BOXING PURE SILVER OFF-WHITE,Sneaker Shoes,ONITSUKA,51459070623990,Silver / UK 12,,22000.00,True,Available,In Stock,https://crepdogcrew.com/products/onitsuka-mexico-66-boxing-pure-silver-off-white
https://crepdogcrew.com,9498486604022,Sneakare FoamX All In One Sneaker Cleaner 50ml & Microfiber Towel,SNEAKER CARE,Sneakare,51482752712950,Default Title,,449.00,True,Available,In Stock,https://crepdogcrew.com/products/sneakare-foamx-all-in-one-sneaker-cleaner-50ml-microfiber-towel
https://crepdogcrew.com,9498486112502,Sneakare Suede & Nubuck Master Kit,SNEAKER CARE,Sneakare,51482748911862,Default Title,,549.00,True,Available,In Stock,https://crepdogcrew.com/products/sneakare-suede-nubuck-master-kit
https://crepdogcrew.com,9498483359990,Sneakare Complete Suede & Nubuck Shoe Cleaning Kit,SNEAKER CARE,Sneakare,51482741866742,Default Title,,899.00,True,Available,In Stock,https://crepdogcrew.com/products/sneakare-complete-suede-nubuck-shoe-cleaning-kit
https://crepdogcrew.com,9497690865910,Gucci Lace Up Boot Maxi GG Camel,Sneaker Shoes,Gucci,51474721997046,BLACK / UK 11,CL68762,75999.00,True,Available,In Stock,https://crepdogcrew.com/products/gucci-lace-up-boot-maxi-gg-camel
https://crepdogcrew.com,9497649873142,Kantha Kiddish Cap 1*1,Streetwear Cap,Beyond Extremes,51474415419638,One Size / Yellow,,8000.00,True,Available,In Stock,https://crepdogcrew.com/products/kantha-kiddish-cap-1-1-by-beyond-extremes
https://crepdogcrew.com,9497649807606,Kantha Farm Cap 1*1,Streetwear Cap,Beyond Extremes,51474415386870,One Size / Black,,8000.00,True,Available,In Stock,https://crepdogcrew.com/products/kantha-farm-cap-1-1-by-beyond-extremes
https://crepdogcrew.com,9497649742070,Kantha Atelier Cap 1*1,Streetwear Cap,Beyond Extremes,51474414502134,One Size / Black,,8000.00,True,Available,In Stock,https://crepdogcrew.com/products/kantha-atelier-cap-by-beyond-extremes
https://crepdogcrew.com,9497649545462,Migration T-shirt 1*1 [Size L],Streetwear T-Shirt,Beyond Extremes,51474413715702,L / Purple,,12500.00,True,Available,In Stock,https://crepdogcrew.com/products/migration-t-shirt-1-1-size-l-by-beyond-extremes
https://crepdogcrew.com,9497649348854,Fly Fly T-shirt 1*1 [Size M],Streetwear T-Shirt,Beyond Extremes,51474412863734,M / Dark Green,,18000.00,True,Available,In Stock,https://crepdogcrew.com/products/fly-fly-t-shirt-1-1-size-m-by-beyond-extremes
https://crepdogcrew.com,9497648955638,Elephant T-shirt 1*1 [Size M],Streetwear T-Shirt,Beyond Extremes,51474411618550,M / Dark Green,,28000.00,False,Sold Out,0 units left (Sold Out),https://crepdogcrew.com/products/elephant-t-shirt-1-1-size-m-by-beyond-extremes
https://crepdogcrew.com,9497649119478,Toy Car T-shirt 1*1 [Size M],Streetwear T-Shirt,Beyond Extremes,51474412044534,M / Dark Green,,25000.00,True,Available,In Stock,https://crepdogcrew.com/products/toy-car-t-shirt-1-1-size-m-by-beyond-extremes
https://crepdogcrew.com,9497648890102,Insane Lines T-shirt 1*1 [Size M],Streetwear T-Shirt,Beyond Extremes,51474411585782,M / Sky Blue,,25000.00,True,Available,In Stock,https://crepdogcrew.com/products/insane-lines-t-shirt-1-1-size-m-by-beyond-extremes
https://crepdogcrew.com,9497648824566,GrandMa T-shirt 1*1 [Size M],Streetwear T-Shirt,Beyond Extremes,51474410930422,M / Purple,,12500.00,True,Available,In Stock,https://crepdogcrew.com/products/grandma-t-shirt-1-1-size-m-by-beyond-extremes
https://crepdogcrew.com,9497577816310,On Running Cloudswift Amp Pearl Biscuit (W),Sneaker Shoes,ON,51473869668598,BEIGE / UK 4.5,,21999.00,True,Available,In Stock,https://crepdogcrew.com/products/on-running-cloudswift-amp-pearl-biscuit-w
https://crepdogcrew.com,9497577816310,On Running Cloudswift Amp Pearl Biscuit (W),Sneaker Shoes,ON,51473869701366,BEIGE / UK 5,,21999.00,True,Available,In Stock,https://crepdogcrew.com/products/on-running-cloudswift-amp-pearl-biscuit-w
https://crepdogcrew.com,9497577816310,On Running Cloudswift Amp Pearl Biscuit (W),Sneaker Shoes,ON,51473869734134,BEIGE / UK 5.5,,21999.00,True,Available,In Stock,https://crepdogcrew.com/products/on-running-cloudswift-amp-pearl-biscuit-w
https://crepdogcrew.com,9497577816310,On Running Cloudswift Amp Pearl Biscuit (W),Sneaker Shoes,ON,51473869766902,BEIGE / UK 6,,21999.00,True,Available,In Stock,https://crepdogcrew.com/products/on-running-cloudswift-amp-pearl-biscuit-w
https://crepdogcrew.com,9497577816310,On Running Cloudswift Amp Pearl Biscuit (W),Sneaker Shoes,ON,51473869799670,BEIGE / UK 6.5,,21999.00,True,Available,In Stock,https://crepdogcrew.com/products/on-running-cloudswift-amp-pearl-biscuit-w
https://crepdogcrew.com,9497577816310,On Running Cloudswift Amp Pearl Biscuit (W),Sneaker Shoes,ON,51473869832438,BEIGE / UK 7,,21999.00,True,Available,In Stock,https://crepdogcrew.com/products/on-running-cloudswift-amp-pearl-biscuit-w
https://crepdogcrew.com,9497577816310,On Running Cloudswift Amp Pearl Biscuit (W),Sneaker Shoes,ON,51473869865206,BEIGE / UK 7.5,,21999.00,True,Available,In Stock,https://crepdogcrew.com/products/on-running-cloudswift-amp-pearl-biscuit-w
https://crepdogcrew.com,9497577816310,On Running Cloudswift Amp Pearl Biscuit (W),Sneaker Shoes,ON,51473869897974,BEIGE / UK 8,,21999.00,True,Available,In Stock,https://crepdogcrew.com/products/on-running-cloudswift-amp-pearl-biscuit-w
https://crepdogcrew.com,9497577816310,On Running Cloudswift Amp Pearl Biscuit (W),Sneaker Shoes,ON,51473869930742,BEIGE / UK 8.5,,21999.00,True,Available,In Stock,https://crepdogcrew.com/products/on-running-cloudswift-amp-pearl-biscuit-w
https://crepdogcrew.com,9497577816310,On Running Cloudswift Amp Pearl Biscuit (W),Sneaker Shoes,ON,51473869963510,BEIGE / UK 9,,21999.00,True,Available,In Stock,https://crepdogcrew.com/products/on-running-cloudswift-amp-pearl-biscuit-w
https://crepdogcrew.com,9497577816310,On Running Cloudswift Amp Pearl Biscuit (W),Sneaker Shoes,ON,51473869996278,BEIGE / UK 9.5,,21999.00,True,Available,In Stock,https://crepdogcrew.com/products/on-running-cloudswift-amp-pearl-biscuit-w
https://crepdogcrew.com,9497577816310,On Running Cloudswift Amp Pearl Biscuit (W),Sneaker Shoes,ON,51473870029046,BEIGE / UK 10,,21999.00,True,Available,In Stock,https://crepdogcrew.com/products/on-running-cloudswift-amp-pearl-biscuit-w
https://crepdogcrew.com,9497577816310,On Running Cloudswift Amp Pearl Biscuit (W),Sneaker Shoes,ON,51473870061814,BEIGE / UK 10.5,,21999.00,True,Available,In Stock,https://crepdogcrew.com/products/on-running-cloudswift-amp-pearl-biscuit-w
https://crepdogcrew.com,9497576505590,On Running Cloudswift Amp Black Silver (W),Sneaker Shoes,ON,51473844142326,BLACK / UK 4.5,,21999.00,True,Available,In Stock,https://crepdogcrew.com/products/on-running-cloudswift-amp-black-silver-w
https://crepdogcrew.com,9497576505590,On Running Cloudswift Amp Black Silver (W),Sneaker Shoes,ON,51473844175094,BLACK / UK 5,,21999.00,True,Available,In Stock,https://crepdogcrew.com/products/on-running-cloudswift-amp-black-silver-w
https://crepdogcrew.com,9497576505590,On Running Cloudswift Amp Black Silver (W),Sneaker Shoes,ON,51473844207862,BLACK / UK 5.5,,21999.00,True,Available,In Stock,https://crepdogcrew.com/products/on-running-cloudswift-amp-black-silver-w
https://crepdogcrew.com,9497576505590,On Running Cloudswift Amp Black Silver (W),Sneaker Shoes,ON,51473844240630,BLACK / UK 6,,21999.00,True,Available,In Stock,https://crepdogcrew.com/products/on-running-cloudswift-amp-black-silver-w
https://crepdogcrew.com,9497576505590,On Running Cloudswift Amp Black Silver (W),Sneaker Shoes,ON,51473844273398,BLACK / UK 6.5,,21999.00,True,Available,In Stock,https://crepdogcrew.com/products/on-running-cloudswift-amp-black-silver-w
https://crepdogcrew.com,9497576505590,On Running Cloudswift Amp Black Silver (W),Sneaker Shoes,ON,51473844306166,BLACK / UK 7,,21999.00,True,Available,In Stock,https://crepdogcrew.com/products/on-running-cloudswift-amp-black-silver-w
https://crepdogcrew.com,9497576505590,On Running Cloudswift Amp Black Silver (W),Sneaker Shoes,ON,51473844338934,BLACK / UK 7.5,,21999.00,True,Available,In Stock,https://crepdogcrew.com/products/on-running-cloudswift-amp-black-silver-w
https://crepdogcrew.com,9497576505590,On Running Cloudswift Amp Black Silver (W),Sneaker Shoes,ON,51473844371702,BLACK / UK 8,,21999.00,True,Available,In Stock,https://crepdogcrew.com/products/on-running-cloudswift-amp-black-silver-w
https://crepdogcrew.com,9497576505590,On Running Cloudswift Amp Black Silver (W),Sneaker Shoes,ON,51473844404470,BLACK / UK 8.5,,21999.00,True,Available,In Stock,https://crepdogcrew.com/products/on-running-cloudswift-amp-black-silver-w
https://crepdogcrew.com,9497576505590,On Running Cloudswift Amp Black Silver (W),Sneaker Shoes,ON,51473844437238,BLACK / UK 9,,21999.00,True,Available,In Stock,https://crepdogcrew.com/products/on-running-cloudswift-amp-black-silver-w
https://crepdogcrew.com,9497576505590,On Running Cloudswift Amp Black Silver (W),Sneaker Shoes,ON,51473844470006,BLACK / UK 9.5,,21999.00,True,Available,In Stock,https://crepdogcrew.com/products/on-running-cloudswift-amp-black-silver-w
https://crepdogcrew.com,9497576505590,On Running Cloudswift Amp Black Silver (W),Sneaker Shoes,ON,51473844502774,BLACK / UK 10,,21999.00,True,Available,In Stock,https://crepdogcrew.com/products/on-running-cloudswift-amp-black-silver-w
https://crepdogcrew.com,9497576505590,On Running Cloudswift Amp Black Silver (W),Sneaker Shoes,ON,51473844535542,BLACK / UK 10.5,,21999.00,True,Available,In Stock,https://crepdogcrew.com/products/on-running-cloudswift-amp-black-silver-w
https://crepdogcrew.com,9497648693494,Workshop T-shirt 1*1 [Size M],Streetwear T-Shirt,Beyond Extremes,51474410897654,M / Dark Green,,18000.00,True,Available,In Stock,https://crepdogcrew.com/products/workshop-t-shirt-1-1-size-m-by-beyond-extremes
https://crepdogcrew.com,9497569689846,On Running Cloudswift Amp Black Salt (W),Sneaker Shoes,ON,51473762910454,GREY / UK 4.5,,21999.00,True,Available,In Stock,https://crepdogcrew.com/products/on-running-cloudswift-amp-black-salt-w
https://crepdogcrew.com,9497569689846,On Running Cloudswift Amp Black Salt (W),Sneaker Shoes,ON,51473762943222,GREY / UK 5,,21999.00,True,Available,In Stock,https://crepdogcrew.com/products/on-running-cloudswift-amp-black-salt-w
https://crepdogcrew.com,9497569689846,On Running Cloudswift Amp Black Salt (W),Sneaker Shoes,ON,51473762975990,GREY / UK 5.5,,21999.00,True,Available,In Stock,https://crepdogcrew.com/products/on-running-cloudswift-amp-black-salt-w
https://crepdogcrew.com,9497569689846,On Running Cloudswift Amp Black Salt (W),Sneaker Shoes,ON,51473763008758,GREY / UK 6,,21999.00,True,Available,In Stock,https://crepdogcrew.com/products/on-running-cloudswift-amp-black-salt-w
https://crepdogcrew.com,9497569689846,On Running Cloudswift Amp Black Salt (W),Sneaker Shoes,ON,51473763041526,GREY / UK 6.5,,21999.00,True,Available,In Stock,https://crepdogcrew.com/products/on-running-cloudswift-amp-black-salt-w
https://crepdogcrew.com,9497569689846,On Running Cloudswift Amp Black Salt (W),Sneaker Shoes,ON,51473763074294,GREY / UK 7,,21999.00,True,Available,In Stock,https://crepdogcrew.com/products/on-running-cloudswift-amp-black-salt-w
https://crepdogcrew.com,9497569689846,On Running Cloudswift Amp Black Salt (W),Sneaker Shoes,ON,51473763107062,GREY / UK 7.5,,21999.00,True,Available,In Stock,https://crepdogcrew.com/products/on-running-cloudswift-amp-black-salt-w
https://crepdogcrew.com,9497569689846,On Running Cloudswift Amp Black Salt (W),Sneaker Shoes,ON,51473763139830,GREY / UK 8,,21999.00,True,Available,In Stock,https://crepdogcrew.com/products/on-running-cloudswift-amp-black-salt-w
https://crepdogcrew.com,9497569689846,On Running Cloudswift Amp Black Salt (W),Sneaker Shoes,ON,51473763172598,GREY / UK 8.5,,21999.00,True,Available,In Stock,https://crepdogcrew.com/products/on-running-cloudswift-amp-black-salt-w
https://crepdogcrew.com,9497569689846,On Running Cloudswift Amp Black Salt (W),Sneaker Shoes,ON,51473763205366,GREY / UK 9,,21999.00,True,Available,In Stock,https://crepdogcrew.com/products/on-running-cloudswift-amp-black-salt-w
https://crepdogcrew.com,9497569689846,On Running Cloudswift Amp Black Salt (W),Sneaker Shoes,ON,51473763238134,GREY / UK 9.5,,21999.00,True,Available,In Stock,https://crepdogcrew.com/products/on-running-cloudswift-amp-black-salt-w
https://crepdogcrew.com,9497569689846,On Running Cloudswift Amp Black Salt (W),Sneaker Shoes,ON,51473763270902,GREY / UK 10,,21999.00,True,Available,In Stock,https://crepdogcrew.com/products/on-running-cloudswift-amp-black-salt-w
https://crepdogcrew.com,9497569689846,On Running Cloudswift Amp Black Salt (W),Sneaker Shoes,ON,51473763303670,GREY / UK 10.5,,21999.00,True,Available,In Stock,https://crepdogcrew.com/products/on-running-cloudswift-amp-black-salt-w
https://crepdogcrew.com,9497560613110,On Running Cloudswift Amp All White (W),Sneaker Shoes,ON,51473619058934,WHITE / UK 4.5,,21999.00,True,Available,In Stock,https://crepdogcrew.com/products/on-running-cloudswift-amp-white
https://crepdogcrew.com,9497560613110,On Running Cloudswift Amp All White (W),Sneaker Shoes,ON,51473619091702,WHITE / UK 5,,21999.00,True,Available,In Stock,https://crepdogcrew.com/products/on-running-cloudswift-amp-white
https://crepdogcrew.com,9497560613110,On Running Cloudswift Amp All White (W),Sneaker Shoes,ON,51473619124470,WHITE / UK 5.5,,21999.00,True,Available,In Stock,https://crepdogcrew.com/products/on-running-cloudswift-amp-white
https://crepdogcrew.com,9497560613110,On Running Cloudswift Amp All White (W),Sneaker Shoes,ON,51473619157238,WHITE / UK 6,,21999.00,True,Available,In Stock,https://crepdogcrew.com/products/on-running-cloudswift-amp-white
https://crepdogcrew.com,9497560613110,On Running Cloudswift Amp All White (W),Sneaker Shoes,ON,51473619190006,WHITE / UK 6.5,,21999.00,True,Available,In Stock,https://crepdogcrew.com/products/on-running-cloudswift-amp-white
https://crepdogcrew.com,9497560613110,On Running Cloudswift Amp All White (W),Sneaker Shoes,ON,51473619222774,WHITE / UK 7,,21999.00,True,Available,In Stock,https://crepdogcrew.com/products/on-running-cloudswift-amp-white
https://crepdogcrew.com,9497560613110,On Running Cloudswift Amp All White (W),Sneaker Shoes,ON,51473619255542,WHITE / UK 7.5,,21999.00,True,Available,In Stock,https://crepdogcrew.com/products/on-running-cloudswift-amp-white
https://crepdogcrew.com,9497560613110,On Running Cloudswift Amp All White (W),Sneaker Shoes,ON,51473619288310,WHITE / UK 8,,21999.00,True,Available,In Stock,https://crepdogcrew.com/products/on-running-cloudswift-amp-white
https://crepdogcrew.com,9497560613110,On Running Cloudswift Amp All White (W),Sneaker Shoes,ON,51473619321078,WHITE / UK 8.5,,21999.00,True,Available,In Stock,https://crepdogcrew.com/products/on-running-cloudswift-amp-white
https://crepdogcrew.com,9497560613110,On Running Cloudswift Amp All White (W),Sneaker Shoes,ON,51473619353846,WHITE / UK 9,,21999.00,True,Available,In Stock,https://crepdogcrew.com/products/on-running-cloudswift-amp-white
https://crepdogcrew.com,9497560613110,On Running Cloudswift Amp All White (W),Sneaker Shoes,ON,51473619386614,WHITE / UK 9.5,,21999.00,True,Available,In Stock,https://crepdogcrew.com/products/on-running-cloudswift-amp-white
https://crepdogcrew.com,9497560613110,On Running Cloudswift Amp All White (W),Sneaker Shoes,ON,51473619419382,WHITE / UK 10,,21999.00,True,Available,In Stock,https://crepdogcrew.com/products/on-running-cloudswift-amp-white
https://crepdogcrew.com,9497560613110,On Running Cloudswift Amp All White (W),Sneaker Shoes,ON,51473619452150,WHITE / UK 10.5,,21999.00,True,Available,In Stock,https://crepdogcrew.com/products/on-running-cloudswift-amp-white
https://crepdogcrew.com,9497555402998,On Running Cloudswift Amp Sand Desert (W),Sneaker Shoes,ON,51473535107318,BEIGE / UK 4.5,,16499.00,True,Available,In Stock,https://crepdogcrew.com/products/on-running-cloudswift-amp-sand-desert
https://crepdogcrew.com,9497555402998,On Running Cloudswift Amp Sand Desert (W),Sneaker Shoes,ON,51473535140086,BEIGE / UK 5,,16499.00,True,Available,In Stock,https://crepdogcrew.com/products/on-running-cloudswift-amp-sand-desert
https://crepdogcrew.com,9497555402998,On Running Cloudswift Amp Sand Desert (W),Sneaker Shoes,ON,51473535172854,BEIGE / UK 5.5,,16499.00,True,Available,In Stock,https://crepdogcrew.com/products/on-running-cloudswift-amp-sand-desert
https://crepdogcrew.com,9497555402998,On Running Cloudswift Amp Sand Desert (W),Sneaker Shoes,ON,51473535205622,BEIGE / UK 6,,16499.00,True,Available,In Stock,https://crepdogcrew.com/products/on-running-cloudswift-amp-sand-desert
https://crepdogcrew.com,9497555402998,On Running Cloudswift Amp Sand Desert (W),Sneaker Shoes,ON,51473535238390,BEIGE / UK 6.5,,16499.00,True,Available,In Stock,https://crepdogcrew.com/products/on-running-cloudswift-amp-sand-desert
https://crepdogcrew.com,9497555402998,On Running Cloudswift Amp Sand Desert (W),Sneaker Shoes,ON,51473535271158,BEIGE / UK 7,,16499.00,True,Available,In Stock,https://crepdogcrew.com/products/on-running-cloudswift-amp-sand-desert
https://crepdogcrew.com,9497555402998,On Running Cloudswift Amp Sand Desert (W),Sneaker Shoes,ON,51473535303926,BEIGE / UK 7.5,,16499.00,True,Available,In Stock,https://crepdogcrew.com/products/on-running-cloudswift-amp-sand-desert
https://crepdogcrew.com,9497555402998,On Running Cloudswift Amp Sand Desert (W),Sneaker Shoes,ON,51473535336694,BEIGE / UK 8,,16499.00,True,Available,In Stock,https://crepdogcrew.com/products/on-running-cloudswift-amp-sand-desert
https://crepdogcrew.com,9497555402998,On Running Cloudswift Amp Sand Desert (W),Sneaker Shoes,ON,51473535369462,BEIGE / UK 8.5,,16499.00,True,Available,In Stock,https://crepdogcrew.com/products/on-running-cloudswift-amp-sand-desert
https://crepdogcrew.com,9497555402998,On Running Cloudswift Amp Sand Desert (W),Sneaker Shoes,ON,51473535402230,BEIGE / UK 9,,16499.00,True,Available,In Stock,https://crepdogcrew.com/products/on-running-cloudswift-amp-sand-desert
https://crepdogcrew.com,9497555402998,On Running Cloudswift Amp Sand Desert (W),Sneaker Shoes,ON,51473535434998,BEIGE / UK 9.5,,16499.00,True,Available,In Stock,https://crepdogcrew.com/products/on-running-cloudswift-amp-sand-desert
https://crepdogcrew.com,9497555402998,On Running Cloudswift Amp Sand Desert (W),Sneaker Shoes,ON,51473535467766,BEIGE / UK 10,,16499.00,True,Available,In Stock,https://crepdogcrew.com/products/on-running-cloudswift-amp-sand-desert
https://crepdogcrew.com,9497555402998,On Running Cloudswift Amp Sand Desert (W),Sneaker Shoes,ON,51473535500534,BEIGE / UK 10.5,,16499.00,True,Available,In Stock,https://crepdogcrew.com/products/on-running-cloudswift-amp-sand-desert
https://crepdogcrew.com,9497548128502,On Running Cloudswift Amp All Black (W),Sneaker Shoes,ON,51473359798518,BLACK / UK 4.5,,21999.00,True,Available,In Stock,https://crepdogcrew.com/products/on-running-cloudswift-amp-black
https://crepdogcrew.com,9497548128502,On Running Cloudswift Amp All Black (W),Sneaker Shoes,ON,51473359831286,BLACK / UK 5,,21999.00,True,Available,In Stock,https://crepdogcrew.com/products/on-running-cloudswift-amp-black
https://crepdogcrew.com,9497548128502,On Running Cloudswift Amp All Black (W),Sneaker Shoes,ON,51473359864054,BLACK / UK 5.5,,21999.00,True,Available,In Stock,https://crepdogcrew.com/products/on-running-cloudswift-amp-black
https://crepdogcrew.com,9497548128502,On Running Cloudswift Amp All Black (W),Sneaker Shoes,ON,51473505321206,BLACK / UK 6,,21999.00,True,Available,In Stock,https://crepdogcrew.com/products/on-running-cloudswift-amp-black
https://crepdogcrew.com,9497548128502,On Running Cloudswift Amp All Black (W),Sneaker Shoes,ON,51473359470838,BLACK / UK 6.5,,21999.00,True,Available,In Stock,https://crepdogcrew.com/products/on-running-cloudswift-amp-black
https://crepdogcrew.com,9497548128502,On Running Cloudswift Amp All Black (W),Sneaker Shoes,ON,51473359503606,BLACK / UK 7,,21999.00,True,Available,In Stock,https://crepdogcrew.com/products/on-running-cloudswift-amp-black
https://crepdogcrew.com,9497548128502,On Running Cloudswift Amp All Black (W),Sneaker Shoes,ON,51473359536374,BLACK / UK 7.5,,21999.00,True,Available,In Stock,https://crepdogcrew.com/products/on-running-cloudswift-amp-black
https://crepdogcrew.com,9497548128502,On Running Cloudswift Amp All Black (W),Sneaker Shoes,ON,51473359569142,BLACK / UK 8,,21999.00,True,Available,In Stock,https://crepdogcrew.com/products/on-running-cloudswift-amp-black
https://crepdogcrew.com,9497548128502,On Running Cloudswift Amp All Black (W),Sneaker Shoes,ON,51473359601910,BLACK / UK 8.5,,21999.00,True,Available,In Stock,https://crepdogcrew.com/products/on-running-cloudswift-amp-black
https://crepdogcrew.com,9497548128502,On Running Cloudswift Amp All Black (W),Sneaker Shoes,ON,51473359634678,BLACK / UK 9,,21999.00,True,Available,In Stock,https://crepdogcrew.com/products/on-running-cloudswift-amp-black
https://crepdogcrew.com,9497548128502,On Running Cloudswift Amp All Black (W),Sneaker Shoes,ON,51473359667446,BLACK / UK 9.5,,21999.00,True,Available,In Stock,https://crepdogcrew.com/products/on-running-cloudswift-amp-black
https://crepdogcrew.com,9497548128502,On Running Cloudswift Amp All Black (W),Sneaker Shoes,ON,51473359700214,BLACK / UK 10,,21999.00,True,Available,In Stock,https://crepdogcrew.com/products/on-running-cloudswift-amp-black
https://crepdogcrew.com,9497548128502,On Running Cloudswift Amp All Black (W),Sneaker Shoes,ON,51473359732982,BLACK / UK 10.5,,21999.00,True,Available,In Stock,https://crepdogcrew.com/products/on-running-cloudswift-amp-black
https://crepdogcrew.com,9353856942326,adidas Purechill Slide Black Cloud White,Sneaker Shoes,ADIDAS,50550120906998,BLACK / UK 6,CL9912,4499.00,True,Available,In Stock,https://crepdogcrew.com/products/adidas-purechill-slides-black-cloud-white
https://crepdogcrew.com,9353856942326,adidas Purechill Slide Black Cloud White,Sneaker Shoes,ADIDAS,50550120939766,BLACK / UK 7,CL24929,4499.00,True,Available,In Stock,https://crepdogcrew.com/products/adidas-purechill-slides-black-cloud-white
https://crepdogcrew.com,9353856942326,adidas Purechill Slide Black Cloud White,Sneaker Shoes,ADIDAS,50550120972534,BLACK / UK 8,CL24930,4499.00,True,Available,In Stock,https://crepdogcrew.com/products/adidas-purechill-slides-black-cloud-white
https://crepdogcrew.com,9353856942326,adidas Purechill Slide Black Cloud White,Sneaker Shoes,ADIDAS,50550121005302,BLACK / UK 9,CL24932,4499.00,True,Available,In Stock,https://crepdogcrew.com/products/adidas-purechill-slides-black-cloud-white
https://crepdogcrew.com,9353856942326,adidas Purechill Slide Black Cloud White,Sneaker Shoes,ADIDAS,50550121038070,BLACK / UK 10,CL42341,4499.00,True,Available,In Stock,https://crepdogcrew.com/products/adidas-purechill-slides-black-cloud-white
https://crepdogcrew.com,9353856942326,adidas Purechill Slide Black Cloud White,Sneaker Shoes,ADIDAS,50550121070838,BLACK / UK 11,CL27692,4499.00,False,Sold Out,0 units left (Sold Out),https://crepdogcrew.com/products/adidas-purechill-slides-black-cloud-white
https://crepdogcrew.com,9353856942326,adidas Purechill Slide Black Cloud White,Sneaker Shoes,ADIDAS,50550121103606,BLACK / UK 12,CL27910,4499.00,False,Sold Out,0 units left (Sold Out),https://crepdogcrew.com/products/adidas-purechill-slides-black-cloud-white
https://crepdogcrew.com,9496855675126,adidas Purechill Slide Grey Two Black Grey One,Sneaker Shoes,ADIDAS,51468245205238,GREY / UK 5,,4499.00,True,Available,In Stock,https://crepdogcrew.com/products/adidas-purechill-slides-grey-two-black-grey-one
https://crepdogcrew.com,9496855675126,adidas Purechill Slide Grey Two Black Grey One,Sneaker Shoes,ADIDAS,51468245238006,GREY / UK 6,,4499.00,True,Available,In Stock,https://crepdogcrew.com/products/adidas-purechill-slides-grey-two-black-grey-one
https://crepdogcrew.com,9496855675126,adidas Purechill Slide Grey Two Black Grey One,Sneaker Shoes,ADIDAS,51468245270774,GREY / UK 7,,4499.00,True,Available,In Stock,https://crepdogcrew.com/products/adidas-purechill-slides-grey-two-black-grey-one
https://crepdogcrew.com,9496855675126,adidas Purechill Slide Grey Two Black Grey One,Sneaker Shoes,ADIDAS,51468245303542,GREY / UK 8,,4499.00,True,Available,In Stock,https://crepdogcrew.com/products/adidas-purechill-slides-grey-two-black-grey-one
https://crepdogcrew.com,9496855675126,adidas Purechill Slide Grey Two Black Grey One,Sneaker Shoes,ADIDAS,51468245336310,GREY / UK 9,,4499.00,False,Sold Out,0 units left (Sold Out),https://crepdogcrew.com/products/adidas-purechill-slides-grey-two-black-grey-one
https://crepdogcrew.com,9496855675126,adidas Purechill Slide Grey Two Black Grey One,Sneaker Shoes,ADIDAS,51468245369078,GREY / UK 10,,4499.00,True,Available,In Stock,https://crepdogcrew.com/products/adidas-purechill-slides-grey-two-black-grey-one
https://crepdogcrew.com,9496855675126,adidas Purechill Slide Grey Two Black Grey One,Sneaker Shoes,ADIDAS,51468245401846,GREY / UK 11,,4499.00,False,Sold Out,0 units left (Sold Out),https://crepdogcrew.com/products/adidas-purechill-slides-grey-two-black-grey-one
https://crepdogcrew.com,9496855675126,adidas Purechill Slide Grey Two Black Grey One,Sneaker Shoes,ADIDAS,51468245434614,GREY / UK 12,,4499.00,False,Sold Out,0 units left (Sold Out),https://crepdogcrew.com/products/adidas-purechill-slides-grey-two-black-grey-one
https://crepdogcrew.com,9396415267062,adidas Purechill SLIDE Solar Turbo,Sneaker Shoes,ADIDAS,51468449874166,PINK / UK 3,,4499.00,True,Available,In Stock,https://crepdogcrew.com/products/adidas-purechill-runner-khaki-three
https://crepdogcrew.com,9396415267062,adidas Purechill SLIDE Solar Turbo,Sneaker Shoes,ADIDAS,51018959388918,PINK / UK 4,,4499.00,True,Available,In Stock,https://crepdogcrew.com/products/adidas-purechill-runner-khaki-three
https://crepdogcrew.com,9396415267062,adidas Purechill SLIDE Solar Turbo,Sneaker Shoes,ADIDAS,50689108869366,PINK / UK 5,,4499.00,True,Available,In Stock,https://crepdogcrew.com/products/adidas-purechill-runner-khaki-three
https://crepdogcrew.com,9396415267062,adidas Purechill SLIDE Solar Turbo,Sneaker Shoes,ADIDAS,50689108902134,PINK / UK 6,,4499.00,True,Available,In Stock,https://crepdogcrew.com/products/adidas-purechill-runner-khaki-three
https://crepdogcrew.com,9396415267062,adidas Purechill SLIDE Solar Turbo,Sneaker Shoes,ADIDAS,50689108934902,PINK / UK 7,,4499.00,True,Available,In Stock,https://crepdogcrew.com/products/adidas-purechill-runner-khaki-three
https://crepdogcrew.com,9396415267062,adidas Purechill SLIDE Solar Turbo,Sneaker Shoes,ADIDAS,51468449906934,PINK / UK 8,,4499.00,True,Available,In Stock,https://crepdogcrew.com/products/adidas-purechill-runner-khaki-three
https://crepdogcrew.com,9396415267062,adidas Purechill SLIDE Solar Turbo,Sneaker Shoes,ADIDAS,51468449939702,PINK / UK 9,,4499.00,True,Available,In Stock,https://crepdogcrew.com/products/adidas-purechill-runner-khaki-three
https://crepdogcrew.com,9396415267062,adidas Purechill SLIDE Solar Turbo,Sneaker Shoes,ADIDAS,51468449972470,PINK / UK 10,,4499.00,True,Available,In Stock,https://crepdogcrew.com/products/adidas-purechill-runner-khaki-three
https://crepdogcrew.com,9396415267062,adidas Purechill SLIDE Solar Turbo,Sneaker Shoes,ADIDAS,51468450005238,PINK / UK 11,,4499.00,False,Sold Out,0 units left (Sold Out),https://crepdogcrew.com/products/adidas-purechill-runner-khaki-three
https://crepdogcrew.com,9396415267062,adidas Purechill SLIDE Solar Turbo,Sneaker Shoes,ADIDAS,51468450038006,PINK / UK 12,,4499.00,False,Sold Out,0 units left (Sold Out),https://crepdogcrew.com/products/adidas-purechill-runner-khaki-three
https://crepdogcrew.com,9492254228726,Nike Vomero Premium Black Bright Crimson,sneaker shoes,NIKE RUNNING,51442651726070,BLACK / UK 6,,36999.00,True,Available,In Stock,https://crepdogcrew.com/products/nike-vomero-premium-black-bright-crimson
https://crepdogcrew.com,9492254228726,Nike Vomero Premium Black Bright Crimson,sneaker shoes,NIKE RUNNING,51442651758838,BLACK / UK 6.5,,33499.00,True,Available,In Stock,https://crepdogcrew.com/products/nike-vomero-premium-black-bright-crimson
https://crepdogcrew.com,9492254228726,Nike Vomero Premium Black Bright Crimson,sneaker shoes,NIKE RUNNING,51442651791606,BLACK / UK 7,,32999.00,True,Available,In Stock,https://crepdogcrew.com/products/nike-vomero-premium-black-bright-crimson
https://crepdogcrew.com,9492254228726,Nike Vomero Premium Black Bright Crimson,sneaker shoes,NIKE RUNNING,51442651824374,BLACK / UK 7.5,,33499.00,True,Available,In Stock,https://crepdogcrew.com/products/nike-vomero-premium-black-bright-crimson
https://crepdogcrew.com,9492254228726,Nike Vomero Premium Black Bright Crimson,sneaker shoes,NIKE RUNNING,51442651857142,BLACK / UK 8,,32999.00,True,Available,In Stock,https://crepdogcrew.com/products/nike-vomero-premium-black-bright-crimson
https://crepdogcrew.com,9492254228726,Nike Vomero Premium Black Bright Crimson,sneaker shoes,NIKE RUNNING,51442651889910,BLACK / UK 8.5,,31499.00,True,Available,In Stock,https://crepdogcrew.com/products/nike-vomero-premium-black-bright-crimson
https://crepdogcrew.com,9492254228726,Nike Vomero Premium Black Bright Crimson,sneaker shoes,NIKE RUNNING,51442651922678,BLACK / UK 9,,31499.00,True,Available,In Stock,https://crepdogcrew.com/products/nike-vomero-premium-black-bright-crimson
https://crepdogcrew.com,9492254228726,Nike Vomero Premium Black Bright Crimson,sneaker shoes,NIKE RUNNING,51442651955446,BLACK / UK 9.5,,32999.00,True,Available,In Stock,https://crepdogcrew.com/products/nike-vomero-premium-black-bright-crimson
https://crepdogcrew.com,9492254228726,Nike Vomero Premium Black Bright Crimson,sneaker shoes,NIKE RUNNING,51442651988214,BLACK / UK 10,,34499.00,True,Available,In Stock,https://crepdogcrew.com/products/nike-vomero-premium-black-bright-crimson
https://crepdogcrew.com,9492254228726,Nike Vomero Premium Black Bright Crimson,sneaker shoes,NIKE RUNNING,51442652020982,BLACK / UK 11,,32999.00,True,Available,In Stock,https://crepdogcrew.com/products/nike-vomero-premium-black-bright-crimson
https://crepdogcrew.com,9492254228726,Nike Vomero Premium Black Bright Crimson,sneaker shoes,NIKE RUNNING,51442652053750,BLACK / UK 12,,34999.00,True,Available,In Stock,https://crepdogcrew.com/products/nike-vomero-premium-black-bright-crimson
https://crepdogcrew.com,9496869273846,Basic Deep Purple Tee,,DEADBEAR,51468273451254,XXXS,,2790.00,True,Available,In Stock,https://crepdogcrew.com/products/basic-deep-purple-tee
https://crepdogcrew.com,9496869273846,Basic Deep Purple Tee,,DEADBEAR,51468273484022,XXS,,2790.00,True,Available,In Stock,https://crepdogcrew.com/products/basic-deep-purple-tee
https://crepdogcrew.com,9496869273846,Basic Deep Purple Tee,,DEADBEAR,51468273516790,XS,,2790.00,True,Available,In Stock,https://crepdogcrew.com/products/basic-deep-purple-tee
https://crepdogcrew.com,9496869273846,Basic Deep Purple Tee,,DEADBEAR,51468273549558,S,,2790.00,True,Available,In Stock,https://crepdogcrew.com/products/basic-deep-purple-tee
https://crepdogcrew.com,9496869273846,Basic Deep Purple Tee,,DEADBEAR,51468273582326,M,,2790.00,True,Available,In Stock,https://crepdogcrew.com/products/basic-deep-purple-tee
https://crepdogcrew.com,9496869273846,Basic Deep Purple Tee,,DEADBEAR,51468273615094,L,,2790.00,True,Available,In Stock,https://crepdogcrew.com/products/basic-deep-purple-tee
https://crepdogcrew.com,9496869273846,Basic Deep Purple Tee,,DEADBEAR,51468273647862,XL,,2790.00,True,Available,In Stock,https://crepdogcrew.com/products/basic-deep-purple-tee
https://crepdogcrew.com,9496869273846,Basic Deep Purple Tee,,DEADBEAR,51468273680630,XXL,,2790.00,True,Available,In Stock,https://crepdogcrew.com/products/basic-deep-purple-tee
https://crepdogcrew.com,9496869273846,Basic Deep Purple Tee,,DEADBEAR,51468273713398,XXXL,,2790.00,True,Available,In Stock,https://crepdogcrew.com/products/basic-deep-purple-tee
https://crepdogcrew.com,9039253602550,Gully Tee Royal Blue,Streetwear T-Shirt,DEADBEAR,48319030264054,XXXS,CL62602,2990.00,True,Available,In Stock,https://crepdogcrew.com/products/gully-tee-royal-blue-by-deadbear
https://crepdogcrew.com,9039253602550,Gully Tee Royal Blue,Streetwear T-Shirt,DEADBEAR,48319030296822,XXS,CL62603,2990.00,True,Available,In Stock,https://crepdogcrew.com/products/gully-tee-royal-blue-by-deadbear
https://crepdogcrew.com,9039253602550,Gully Tee Royal Blue,Streetwear T-Shirt,DEADBEAR,48319030329590,XS,CL62604,2990.00,True,Available,In Stock,https://crepdogcrew.com/products/gully-tee-royal-blue-by-deadbear
https://crepdogcrew.com,9039253602550,Gully Tee Royal Blue,Streetwear T-Shirt,DEADBEAR,48319030362358,S,CL62605,2990.00,True,Available,In Stock,https://crepdogcrew.com/products/gully-tee-royal-blue-by-deadbear
https://crepdogcrew.com,9039253602550,Gully Tee Royal Blue,Streetwear T-Shirt,DEADBEAR,48319030395126,M,CL62606,2990.00,True,Available,In Stock,https://crepdogcrew.com/products/gully-tee-royal-blue-by-deadbear
https://crepdogcrew.com,9039253602550,Gully Tee Royal Blue,Streetwear T-Shirt,DEADBEAR,48319030427894,L,CL62607,2990.00,True,Available,In Stock,https://crepdogcrew.com/products/gully-tee-royal-blue-by-deadbear
https://crepdogcrew.com,9039253602550,Gully Tee Royal Blue,Streetwear T-Shirt,DEADBEAR,48319030460662,XL,CL62608,2990.00,True,Available,In Stock,https://crepdogcrew.com/products/gully-tee-royal-blue-by-deadbear
https://crepdogcrew.com,9039253602550,Gully Tee Royal Blue,Streetwear T-Shirt,DEADBEAR,48319030493430,XXL,CL62609,2990.00,True,Available,In Stock,https://crepdogcrew.com/products/gully-tee-royal-blue-by-deadbear
https://crepdogcrew.com,9039253602550,Gully Tee Royal Blue,Streetwear T-Shirt,DEADBEAR,48319030526198,XXXL,CL62610,2990.00,True,Available,In Stock,https://crepdogcrew.com/products/gully-tee-royal-blue-by-deadbear
https://crepdogcrew.com,9497494651126,Gucci Blue & Purple GG Backpack,BAGS,Gucci Accessories,51472232612086,Default Title,CL68761,154999.00,True,Available,In Stock,https://crepdogcrew.com/products/gucci-blue-purple-gg-backpack
https://crepdogcrew.com,9496869306614,Waffle Tank Washed Grey,,DEADBEAR,51468273778934,XXXS,,2990.00,True,Available,In Stock,https://crepdogcrew.com/products/waffle-tank-washed-grey
https://crepdogcrew.com,9496869306614,Waffle Tank Washed Grey,,DEADBEAR,51468273811702,XXS,,2990.00,True,Available,In Stock,https://crepdogcrew.com/products/waffle-tank-washed-grey
https://crepdogcrew.com,9496869306614,Waffle Tank Washed Grey,,DEADBEAR,51468273844470,XS,,2990.00,True,Available,In Stock,https://crepdogcrew.com/products/waffle-tank-washed-grey
https://crepdogcrew.com,9496869306614,Waffle Tank Washed Grey,,DEADBEAR,51468273877238,S,,2990.00,True,Available,In Stock,https://crepdogcrew.com/products/waffle-tank-washed-grey
https://crepdogcrew.com,9496869306614,Waffle Tank Washed Grey,,DEADBEAR,51468273910006,M,,2990.00,True,Available,In Stock,https://crepdogcrew.com/products/waffle-tank-washed-grey
https://crepdogcrew.com,9496869306614,Waffle Tank Washed Grey,,DEADBEAR,51468273942774,L,,2990.00,True,Available,In Stock,https://crepdogcrew.com/products/waffle-tank-washed-grey
https://crepdogcrew.com,9496869306614,Waffle Tank Washed Grey,,DEADBEAR,51468273975542,XL,,2990.00,True,Available,In Stock,https://crepdogcrew.com/products/waffle-tank-washed-grey
https://crepdogcrew.com,9496869306614,Waffle Tank Washed Grey,,DEADBEAR,51468274008310,XXL,,2990.00,True,Available,In Stock,https://crepdogcrew.com/products/waffle-tank-washed-grey
https://crepdogcrew.com,9496869306614,Waffle Tank Washed Grey,,DEADBEAR,51468274041078,XXXL,,2990.00,True,Available,In Stock,https://crepdogcrew.com/products/waffle-tank-washed-grey
https://crepdogcrew.com,9039253537014,Gully Tee Black,Streetwear T-Shirt,DEADBEAR,48319029510390,XXXS,CL62584,2990.00,True,Available,In Stock,https://crepdogcrew.com/products/gully-tee-black-by-deadbear
https://crepdogcrew.com,9039253537014,Gully Tee Black,Streetwear T-Shirt,DEADBEAR,48319029543158,XXS,CL62585,2990.00,True,Available,In Stock,https://crepdogcrew.com/products/gully-tee-black-by-deadbear
https://crepdogcrew.com,9039253537014,Gully Tee Black,Streetwear T-Shirt,DEADBEAR,48319029575926,XS,CL62586,2990.00,True,Available,In Stock,https://crepdogcrew.com/products/gully-tee-black-by-deadbear
https://crepdogcrew.com,9039253537014,Gully Tee Black,Streetwear T-Shirt,DEADBEAR,48319029608694,S,CL62587,2990.00,True,Available,In Stock,https://crepdogcrew.com/products/gully-tee-black-by-deadbear
https://crepdogcrew.com,9039253537014,Gully Tee Black,Streetwear T-Shirt,DEADBEAR,48319029641462,M,CL62588,2990.00,True,Available,In Stock,https://crepdogcrew.com/products/gully-tee-black-by-deadbear
https://crepdogcrew.com,9039253537014,Gully Tee Black,Streetwear T-Shirt,DEADBEAR,48319029674230,L,CL62589,2990.00,True,Available,In Stock,https://crepdogcrew.com/products/gully-tee-black-by-deadbear
https://crepdogcrew.com,9039253537014,Gully Tee Black,Streetwear T-Shirt,DEADBEAR,48319029706998,XL,CL62590,2990.00,True,Available,In Stock,https://crepdogcrew.com/products/gully-tee-black-by-deadbear
https://crepdogcrew.com,9039253537014,Gully Tee Black,Streetwear T-Shirt,DEADBEAR,48319029739766,XXL,CL62591,2990.00,True,Available,In Stock,https://crepdogcrew.com/products/gully-tee-black-by-deadbear
https://crepdogcrew.com,9039253537014,Gully Tee Black,Streetwear T-Shirt,DEADBEAR,48319029772534,XXXL,CL62592,2990.00,True,Available,In Stock,https://crepdogcrew.com/products/gully-tee-black-by-deadbear
https://crepdogcrew.com,9120740901110,Still Line - Blue Pinstripe,Streetwear Shirts,Y*All,48880708026614,XS,CL59077,1749.00,False,Sold Out,0 units left (Sold Out),https://crepdogcrew.com/products/still-line-blue-pinstripe-by-yall
https://crepdogcrew.com,9120740901110,Still Line - Blue Pinstripe,Streetwear Shirts,Y*All,48880708059382,S,CL59075,1749.00,False,Sold Out,0 units left (Sold Out),https://crepdogcrew.com/products/still-line-blue-pinstripe-by-yall
https://crepdogcrew.com,9120740901110,Still Line - Blue Pinstripe,Streetwear Shirts,Y*All,48880708092150,M,CL32641,1749.00,False,Sold Out,0 units left (Sold Out),https://crepdogcrew.com/products/still-line-blue-pinstripe-by-yall
https://crepdogcrew.com,9120740901110,Still Line - Blue Pinstripe,Streetwear Shirts,Y*All,48880708124918,L,CL59074,1749.00,False,Sold Out,0 units left (Sold Out),https://crepdogcrew.com/products/still-line-blue-pinstripe-by-yall
https://crepdogcrew.com,9120740901110,Still Line - Blue Pinstripe,Streetwear Shirts,Y*All,48880708157686,XL,CL59076,1749.00,False,Sold Out,0 units left (Sold Out),https://crepdogcrew.com/products/still-line-blue-pinstripe-by-yall
https://crepdogcrew.com,9120740901110,Still Line - Blue Pinstripe,Streetwear Shirts,Y*All,48880708190454,XXL,CL59078,1749.00,False,Sold Out,0 units left (Sold Out),https://crepdogcrew.com/products/still-line-blue-pinstripe-by-yall
https://crepdogcrew.com,8901651235062,STANLEY TUMBLER Mug FlowState Neon Green 40 Oz,FlowState,STANLEY,49078563307766,40 OZ,CL6224,5999.00,True,Available,In Stock,https://crepdogcrew.com/products/stanley-tumbler-mug-neon-green-40-oz
https://crepdogcrew.com,9496888410358,adidas Adistar Jellyfish Pharrell Williams Crystal Sand,sneaker shoes,ADIDAS,51468373459190,White / UK 6,,39999.00,True,Available,In Stock,https://crepdogcrew.com/products/adidas-adistar-jellyfish-pharrell-williams-crystal-sand
https://crepdogcrew.com,9496888410358,adidas Adistar Jellyfish Pharrell Williams Crystal Sand,sneaker shoes,ADIDAS,51468373491958,White / UK 7,,39999.00,True,Available,In Stock,https://crepdogcrew.com/products/adidas-adistar-jellyfish-pharrell-williams-crystal-sand
https://crepdogcrew.com,9496888410358,adidas Adistar Jellyfish Pharrell Williams Crystal Sand,sneaker shoes,ADIDAS,51468373524726,White / UK 8,,39999.00,True,Available,In Stock,https://crepdogcrew.com/products/adidas-adistar-jellyfish-pharrell-williams-crystal-sand
https://crepdogcrew.com,9496888410358,adidas Adistar Jellyfish Pharrell Williams Crystal Sand,sneaker shoes,ADIDAS,51468373557494,White / UK 9,,39999.00,False,Sold Out,0 units left (Sold Out),https://crepdogcrew.com/products/adidas-adistar-jellyfish-pharrell-williams-crystal-sand
https://crepdogcrew.com,9496888410358,adidas Adistar Jellyfish Pharrell Williams Crystal Sand,sneaker shoes,ADIDAS,51468373590262,White / UK 10,,39999.00,True,Available,In Stock,https://crepdogcrew.com/products/adidas-adistar-jellyfish-pharrell-williams-crystal-sand
https://crepdogcrew.com,9413832900854,CARGO TYPE -3 - DIM BLACK,Streetwear Pants Trousers,Warping Theories,50863512158454,28,CL,4990.00,True,Available,In Stock,https://crepdogcrew.com/products/cargo-type-3-dim-black
https://crepdogcrew.com,9413832900854,CARGO TYPE -3 - DIM BLACK,Streetwear Pants Trousers,Warping Theories,50863512191222,30,CL,4990.00,False,Sold Out,0 units left (Sold Out),https://crepdogcrew.com/products/cargo-type-3-dim-black
https://crepdogcrew.com,9413832900854,CARGO TYPE -3 - DIM BLACK,Streetwear Pants Trousers,Warping Theories,50863512223990,32,CL,4990.00,False,Sold Out,0 units left (Sold Out),https://crepdogcrew.com/products/cargo-type-3-dim-black
https://crepdogcrew.com,9413832900854,CARGO TYPE -3 - DIM BLACK,Streetwear Pants Trousers,Warping Theories,50863512256758,34,CL,4990.00,False,Sold Out,0 units left (Sold Out),https://crepdogcrew.com/products/cargo-type-3-dim-black
https://crepdogcrew.com,9413832900854,CARGO TYPE -3 - DIM BLACK,Streetwear Pants Trousers,Warping Theories,50863512289526,36,CL,4990.00,False,Sold Out,0 units left (Sold Out),https://crepdogcrew.com/products/cargo-type-3-dim-black
https://crepdogcrew.com,9413833162998,CARGO TYPE - 2 - SQUID INK,Streetwear Pants Trousers,Warping Theories,50863471788278,28,CL,4990.00,True,Available,In Stock,https://crepdogcrew.com/products/cargo-type-2-squid-ink
https://crepdogcrew.com,9413833162998,CARGO TYPE - 2 - SQUID INK,Streetwear Pants Trousers,Warping Theories,50863471821046,30,CL,4990.00,False,Sold Out,0 units left (Sold Out),https://crepdogcrew.com/products/cargo-type-2-squid-ink
https://crepdogcrew.com,9413833162998,CARGO TYPE - 2 - SQUID INK,Streetwear Pants Trousers,Warping Theories,50863471853814,32,CL,4990.00,False,Sold Out,0 units left (Sold Out),https://crepdogcrew.com/products/cargo-type-2-squid-ink
https://crepdogcrew.com,9413833162998,CARGO TYPE - 2 - SQUID INK,Streetwear Pants Trousers,Warping Theories,50863471886582,34,CL,4990.00,False,Sold Out,0 units left (Sold Out),https://crepdogcrew.com/products/cargo-type-2-squid-ink
https://crepdogcrew.com,9413833162998,CARGO TYPE - 2 - SQUID INK,Streetwear Pants Trousers,Warping Theories,50863471919350,36,CL,4990.00,False,Sold Out,0 units left (Sold Out),https://crepdogcrew.com/products/cargo-type-2-squid-ink
https://crepdogcrew.com,9219541270774,genesis wide leg sweatpants,Streetwear Pants Trousers,EVEMEN,49665400176886,XS / cloud blue,CL54649,3190.00,True,Available,In Stock,https://crepdogcrew.com/products/genesis-wide-leg-sweatpants-2-by-evemen
https://crepdogcrew.com,9219541270774,genesis wide leg sweatpants,Streetwear Pants Trousers,EVEMEN,49665400209654,XS / black,CL42010,3190.00,True,Available,In Stock,https://crepdogcrew.com/products/genesis-wide-leg-sweatpants-2-by-evemen
https://crepdogcrew.com,9219541270774,genesis wide leg sweatpants,Streetwear Pants Trousers,EVEMEN,49665400242422,S / cloud blue,CL54647,3190.00,True,Available,In Stock,https://crepdogcrew.com/products/genesis-wide-leg-sweatpants-2-by-evemen
https://crepdogcrew.com,9219541270774,genesis wide leg sweatpants,Streetwear Pants Trousers,EVEMEN,49665400275190,S / black,CL42012,3190.00,True,Available,In Stock,https://crepdogcrew.com/products/genesis-wide-leg-sweatpants-2-by-evemen
https://crepdogcrew.com,9219541270774,genesis wide leg sweatpants,Streetwear Pants Trousers,EVEMEN,49665400307958,M / cloud blue,CL54646,3190.00,True,Available,In Stock,https://crepdogcrew.com/products/genesis-wide-leg-sweatpants-2-by-evemen
https://crepdogcrew.com,9219541270774,genesis wide leg sweatpants,Streetwear Pants Trousers,EVEMEN,49665400340726,M / black,CL42014,3190.00,True,Available,In Stock,https://crepdogcrew.com/products/genesis-wide-leg-sweatpants-2-by-evemen
https://crepdogcrew.com,9219541270774,genesis wide leg sweatpants,Streetwear Pants Trousers,EVEMEN,49665400373494,L / cloud blue,CL54645,3190.00,True,Available,In Stock,https://crepdogcrew.com/products/genesis-wide-leg-sweatpants-2-by-evemen
https://crepdogcrew.com,9219541270774,genesis wide leg sweatpants,Streetwear Pants Trousers,EVEMEN,49665400406262,L / black,CL42016,3190.00,True,Available,In Stock,https://crepdogcrew.com/products/genesis-wide-leg-sweatpants-2-by-evemen
https://crepdogcrew.com,9219541270774,genesis wide leg sweatpants,Streetwear Pants Trousers,EVEMEN,49665400439030,XL / cloud blue,CL54648,3190.00,True,Available,In Stock,https://crepdogcrew.com/products/genesis-wide-leg-sweatpants-2-by-evemen
https://crepdogcrew.com,9219541270774,genesis wide leg sweatpants,Streetwear Pants Trousers,EVEMEN,49665400471798,XL / black,CL42018,3190.00,True,Available,In Stock,https://crepdogcrew.com/products/genesis-wide-leg-sweatpants-2-by-evemen
https://crepdogcrew.com,9219541270774,genesis wide leg sweatpants,Streetwear Pants Trousers,EVEMEN,49311699730678,XS / grey,CL42019,3190.00,True,Available,In Stock,https://crepdogcrew.com/products/genesis-wide-leg-sweatpants-2-by-evemen
https://crepdogcrew.com,9219541270774,genesis wide leg sweatpants,Streetwear Pants Trousers,EVEMEN,49311699763446,S / grey,CL42020,3190.00,True,Available,In Stock,https://crepdogcrew.com/products/genesis-wide-leg-sweatpants-2-by-evemen
https://crepdogcrew.com,9219541270774,genesis wide leg sweatpants,Streetwear Pants Trousers,EVEMEN,49311699796214,M / grey,CL42021,3190.00,True,Available,In Stock,https://crepdogcrew.com/products/genesis-wide-leg-sweatpants-2-by-evemen
https://crepdogcrew.com,9219541270774,genesis wide leg sweatpants,Streetwear Pants Trousers,EVEMEN,49311699828982,L / grey,CL42022,3190.00,True,Available,In Stock,https://crepdogcrew.com/products/genesis-wide-leg-sweatpants-2-by-evemen
https://crepdogcrew.com,9219541270774,genesis wide leg sweatpants,Streetwear Pants Trousers,EVEMEN,49940173881590,XL / grey,CL42023,3190.00,True,Available,In Stock,https://crepdogcrew.com/products/genesis-wide-leg-sweatpants-2-by-evemen
https://crepdogcrew.com,9219540189430,genesis boxy zip through hoodie,Streetwear Sweatshirt Hoodies,EVEMEN,49311641272566,XS / black,CL20985,3999.00,True,Available,In Stock,https://crepdogcrew.com/products/genesis-boxy-zip-through-hoodie-by-evemen
https://crepdogcrew.com,9219540189430,genesis boxy zip through hoodie,Streetwear Sweatshirt Hoodies,EVEMEN,49311641305334,S / black,CL21080,3999.00,True,Available,In Stock,https://crepdogcrew.com/products/genesis-boxy-zip-through-hoodie-by-evemen
https://crepdogcrew.com,9219540189430,genesis boxy zip through hoodie,Streetwear Sweatshirt Hoodies,EVEMEN,49311641338102,M / black,CL21200,3999.00,True,Available,In Stock,https://crepdogcrew.com/products/genesis-boxy-zip-through-hoodie-by-evemen
https://crepdogcrew.com,9219540189430,genesis boxy zip through hoodie,Streetwear Sweatshirt Hoodies,EVEMEN,49311641370870,L / black,CL21210,3999.00,True,Available,In Stock,https://crepdogcrew.com/products/genesis-boxy-zip-through-hoodie-by-evemen
https://crepdogcrew.com,9219540189430,genesis boxy zip through hoodie,Streetwear Sweatshirt Hoodies,EVEMEN,49311641403638,XL / black,CL21428,3999.00,True,Available,In Stock,https://crepdogcrew.com/products/genesis-boxy-zip-through-hoodie-by-evemen
https://crepdogcrew.com,9219540189430,genesis boxy zip through hoodie,Streetwear Sweatshirt Hoodies,EVEMEN,49667918037238,XS / grey,CL21037,3999.00,False,Sold Out,0 units left (Sold Out),https://crepdogcrew.com/products/genesis-boxy-zip-through-hoodie-by-evemen
https://crepdogcrew.com,9219540189430,genesis boxy zip through hoodie,Streetwear Sweatshirt Hoodies,EVEMEN,49667918102774,S / grey,CL21118,3999.00,False,Sold Out,0 units left (Sold Out),https://crepdogcrew.com/products/genesis-boxy-zip-through-hoodie-by-evemen
https://crepdogcrew.com,9219540189430,genesis boxy zip through hoodie,Streetwear Sweatshirt Hoodies,EVEMEN,49667918168310,M / grey,CL21208,3999.00,False,Sold Out,0 units left (Sold Out),https://crepdogcrew.com/products/genesis-boxy-zip-through-hoodie-by-evemen
https://crepdogcrew.com,9219540189430,genesis boxy zip through hoodie,Streetwear Sweatshirt Hoodies,EVEMEN,49667918233846,L / grey,CL21398,3999.00,False,Sold Out,0 units left (Sold Out),https://crepdogcrew.com/products/genesis-boxy-zip-through-hoodie-by-evemen
https://crepdogcrew.com,9219540189430,genesis boxy zip through hoodie,Streetwear Sweatshirt Hoodies,EVEMEN,49667918299382,XL / grey,CL21430,3999.00,False,Sold Out,0 units left (Sold Out),https://crepdogcrew.com/products/genesis-boxy-zip-through-hoodie-by-evemen
https://crepdogcrew.com,9219540189430,genesis boxy zip through hoodie,Streetwear Sweatshirt Hoodies,EVEMEN,49883271823606,XS / cloud blue,CL20885,3999.00,False,Sold Out,0 units left (Sold Out),https://crepdogcrew.com/products/genesis-boxy-zip-through-hoodie-by-evemen
https://crepdogcrew.com,9219540189430,genesis boxy zip through hoodie,Streetwear Sweatshirt Hoodies,EVEMEN,49883271856374,S / cloud blue,CL20903,3999.00,False,Sold Out,0 units left (Sold Out),https://crepdogcrew.com/products/genesis-boxy-zip-through-hoodie-by-evemen
https://crepdogcrew.com,9219540189430,genesis boxy zip through hoodie,Streetwear Sweatshirt Hoodies,EVEMEN,49883271889142,M / cloud blue,CL20904,3999.00,False,Sold Out,0 units left (Sold Out),https://crepdogcrew.com/products/genesis-boxy-zip-through-hoodie-by-evemen
https://crepdogcrew.com,9219540189430,genesis boxy zip through hoodie,Streetwear Sweatshirt Hoodies,EVEMEN,49883271921910,L / cloud blue,CL20907,3999.00,False,Sold Out,0 units left (Sold Out),https://crepdogcrew.com/products/genesis-boxy-zip-through-hoodie-by-evemen
https://crepdogcrew.com,9219540189430,genesis boxy zip through hoodie,Streetwear Sweatshirt Hoodies,EVEMEN,49883271954678,XL / cloud blue,CL20982,3999.00,False,Sold Out,0 units left (Sold Out),https://crepdogcrew.com/products/genesis-boxy-zip-through-hoodie-by-evemen
https://crepdogcrew.com,9219540779254,genesis wide leg sweatpants,Streetwear Pants Trousers,EVEMEN,49311674204406,XS / cloud blue,CL54649,3190.00,True,Available,In Stock,https://crepdogcrew.com/products/genesis-wide-leg-sweatpants-by-evemen
https://crepdogcrew.com,9219540779254,genesis wide leg sweatpants,Streetwear Pants Trousers,EVEMEN,49311674237174,S / cloud blue,CL54647,3190.00,True,Available,In Stock,https://crepdogcrew.com/products/genesis-wide-leg-sweatpants-by-evemen
https://crepdogcrew.com,9219540779254,genesis wide leg sweatpants,Streetwear Pants Trousers,EVEMEN,49311674269942,M / cloud blue,CL54646,3190.00,True,Available,In Stock,https://crepdogcrew.com/products/genesis-wide-leg-sweatpants-by-evemen
https://crepdogcrew.com,9219540779254,genesis wide leg sweatpants,Streetwear Pants Trousers,EVEMEN,49311674302710,L / cloud blue,CL54645,3190.00,True,Available,In Stock,https://crepdogcrew.com/products/genesis-wide-leg-sweatpants-by-evemen
https://crepdogcrew.com,9219540779254,genesis wide leg sweatpants,Streetwear Pants Trousers,EVEMEN,49311674335478,XL / cloud blue,CL54648,3190.00,True,Available,In Stock,https://crepdogcrew.com/products/genesis-wide-leg-sweatpants-by-evemen
https://crepdogcrew.com,9219540779254,genesis wide leg sweatpants,Streetwear Pants Trousers,EVEMEN,49708414468342,XS / grey,CL42019,3190.00,True,Available,In Stock,https://crepdogcrew.com/products/genesis-wide-leg-sweatpants-by-evemen
https://crepdogcrew.com,9219540779254,genesis wide leg sweatpants,Streetwear Pants Trousers,EVEMEN,49708414501110,S / grey,CL42020,3190.00,True,Available,In Stock,https://crepdogcrew.com/products/genesis-wide-leg-sweatpants-by-evemen
https://crepdogcrew.com,9219540779254,genesis wide leg sweatpants,Streetwear Pants Trousers,EVEMEN,49708414533878,M / grey,CL42021,3190.00,True,Available,In Stock,https://crepdogcrew.com/products/genesis-wide-leg-sweatpants-by-evemen
https://crepdogcrew.com,9219540779254,genesis wide leg sweatpants,Streetwear Pants Trousers,EVEMEN,49708414566646,L / grey,CL42022,3190.00,True,Available,In Stock,https://crepdogcrew.com/products/genesis-wide-leg-sweatpants-by-evemen
https://crepdogcrew.com,9219540779254,genesis wide leg sweatpants,Streetwear Pants Trousers,EVEMEN,49708414599414,XL / grey,CL42023,3190.00,True,Available,In Stock,https://crepdogcrew.com/products/genesis-wide-leg-sweatpants-by-evemen
https://crepdogcrew.com,9219540779254,genesis wide leg sweatpants,Streetwear Pants Trousers,EVEMEN,49708414632182,XS / black,CL42010,3190.00,True,Available,In Stock,https://crepdogcrew.com/products/genesis-wide-leg-sweatpants-by-evemen
https://crepdogcrew.com,9219540779254,genesis wide leg sweatpants,Streetwear Pants Trousers,EVEMEN,49708414664950,S / black,CL42012,3190.00,True,Available,In Stock,https://crepdogcrew.com/products/genesis-wide-leg-sweatpants-by-evemen
https://crepdogcrew.com,9219540779254,genesis wide leg sweatpants,Streetwear Pants Trousers,EVEMEN,49708414697718,M / black,CL42014,3190.00,True,Available,In Stock,https://crepdogcrew.com/products/genesis-wide-leg-sweatpants-by-evemen
https://crepdogcrew.com,9219540779254,genesis wide leg sweatpants,Streetwear Pants Trousers,EVEMEN,49708414730486,L / black,CL42016,3190.00,True,Available,In Stock,https://crepdogcrew.com/products/genesis-wide-leg-sweatpants-by-evemen
https://crepdogcrew.com,9219540779254,genesis wide leg sweatpants,Streetwear Pants Trousers,EVEMEN,49708414763254,XL / black,CL42018,3190.00,True,Available,In Stock,https://crepdogcrew.com/products/genesis-wide-leg-sweatpants-by-evemen
https://crepdogcrew.com,9266204049654,Genesis Boxy zip through hoodie,Streetwear Sweatshirt Hoodies,EVEMEN,49896515010806,XS / Cobalt blue,CL21823,3999.00,True,Available,In Stock,https://crepdogcrew.com/products/genesis-boxy-zip-through-hoodie-cobalt-blue-by-evemen
https://crepdogcrew.com,9266204049654,Genesis Boxy zip through hoodie,Streetwear Sweatshirt Hoodies,EVEMEN,49896515043574,S / Cobalt blue,CL21840,3999.00,True,Available,In Stock,https://crepdogcrew.com/products/genesis-boxy-zip-through-hoodie-cobalt-blue-by-evemen
https://crepdogcrew.com,9266204049654,Genesis Boxy zip through hoodie,Streetwear Sweatshirt Hoodies,EVEMEN,49896515076342,M / Cobalt blue,CL21842,3999.00,True,Available,In Stock,https://crepdogcrew.com/products/genesis-boxy-zip-through-hoodie-cobalt-blue-by-evemen
https://crepdogcrew.com,9266204049654,Genesis Boxy zip through hoodie,Streetwear Sweatshirt Hoodies,EVEMEN,49896515109110,L / Cobalt blue,CL21843,3999.00,True,Available,In Stock,https://crepdogcrew.com/products/genesis-boxy-zip-through-hoodie-cobalt-blue-by-evemen
https://crepdogcrew.com,9266204049654,Genesis Boxy zip through hoodie,Streetwear Sweatshirt Hoodies,EVEMEN,49896515141878,XL / Cobalt blue,CL21844,3999.00,True,Available,In Stock,https://crepdogcrew.com/products/genesis-boxy-zip-through-hoodie-cobalt-blue-by-evemen
https://crepdogcrew.com,9254333907190,Genesis zip through hoodie,Streetwear Sweatshirt Hoodies,EVEMEN,49855081283830,XS / rust,CL41903,3999.00,True,Available,In Stock,https://crepdogcrew.com/products/genesis-zip-through-hoodie-rust-by-evemen
https://crepdogcrew.com,9254333907190,Genesis zip through hoodie,Streetwear Sweatshirt Hoodies,EVEMEN,49855100453110,M / rust,CL41904,3999.00,True,Available,In Stock,https://crepdogcrew.com/products/genesis-zip-through-hoodie-rust-by-evemen
https://crepdogcrew.com,9254333907190,Genesis zip through hoodie,Streetwear Sweatshirt Hoodies,EVEMEN,49855100485878,S / rust,CL41905,3999.00,True,Available,In Stock,https://crepdogcrew.com/products/genesis-zip-through-hoodie-rust-by-evemen
https://crepdogcrew.com,9254333907190,Genesis zip through hoodie,Streetwear Sweatshirt Hoodies,EVEMEN,49855100518646,L / rust,CL41906,3999.00,True,Available,In Stock,https://crepdogcrew.com/products/genesis-zip-through-hoodie-rust-by-evemen
https://crepdogcrew.com,9254333907190,Genesis zip through hoodie,Streetwear Sweatshirt Hoodies,EVEMEN,49855100551414,XL / rust,CL41907,3999.00,True,Available,In Stock,https://crepdogcrew.com/products/genesis-zip-through-hoodie-rust-by-evemen
https://crepdogcrew.com,9266204082422,Genesis boxy zip through hoodie,Streetwear Sweatshirt Hoodies,EVEMEN,49896515469558,XS / Peach,CL21459,3999.00,True,Available,In Stock,https://crepdogcrew.com/products/genesis-boxy-zip-through-hoodie-peach-by-evemen
https://crepdogcrew.com,9266204082422,Genesis boxy zip through hoodie,Streetwear Sweatshirt Hoodies,EVEMEN,49896515502326,S / Peach,CL21475,3999.00,True,Available,In Stock,https://crepdogcrew.com/products/genesis-boxy-zip-through-hoodie-peach-by-evemen
https://crepdogcrew.com,9266204082422,Genesis boxy zip through hoodie,Streetwear Sweatshirt Hoodies,EVEMEN,49896515535094,M / Peach,CL21493,3999.00,True,Available,In Stock,https://crepdogcrew.com/products/genesis-boxy-zip-through-hoodie-peach-by-evemen
https://crepdogcrew.com,9266204082422,Genesis boxy zip through hoodie,Streetwear Sweatshirt Hoodies,EVEMEN,49896515567862,L / Peach,CL21701,3999.00,True,Available,In Stock,https://crepdogcrew.com/products/genesis-boxy-zip-through-hoodie-peach-by-evemen
https://crepdogcrew.com,9266204082422,Genesis boxy zip through hoodie,Streetwear Sweatshirt Hoodies,EVEMEN,49896515600630,XL / Peach,CL21821,3999.00,True,Available,In Stock,https://crepdogcrew.com/products/genesis-boxy-zip-through-hoodie-peach-by-evemen
https://crepdogcrew.com,9394316443894,Patch polo t-shirt,Streetwear T-Shirt,EVEMEN,50684495692022,XXS / red washed,CL65302,3290.00,True,Available,In Stock,https://crepdogcrew.com/products/patch-polo-t-shirt-red-washed-by-evemen
https://crepdogcrew.com,9394316443894,Patch polo t-shirt,Streetwear T-Shirt,EVEMEN,50684495724790,XS / red washed,CL65303,3290.00,True,Available,In Stock,https://crepdogcrew.com/products/patch-polo-t-shirt-red-washed-by-evemen
https://crepdogcrew.com,9394316443894,Patch polo t-shirt,Streetwear T-Shirt,EVEMEN,50684495757558,S / red washed,CL65308,3290.00,True,Available,In Stock,https://crepdogcrew.com/products/patch-polo-t-shirt-red-washed-by-evemen
https://crepdogcrew.com,9394316443894,Patch polo t-shirt,Streetwear T-Shirt,EVEMEN,50684495790326,M / red washed,CL65304,3290.00,True,Available,In Stock,https://crepdogcrew.com/products/patch-polo-t-shirt-red-washed-by-evemen
https://crepdogcrew.com,9394316443894,Patch polo t-shirt,Streetwear T-Shirt,EVEMEN,50684495823094,L / red washed,CL65305,3290.00,True,Available,In Stock,https://crepdogcrew.com/products/patch-polo-t-shirt-red-washed-by-evemen
https://crepdogcrew.com,9394316443894,Patch polo t-shirt,Streetwear T-Shirt,EVEMEN,50684495855862,XL / red washed,CL65307,3290.00,True,Available,In Stock,https://crepdogcrew.com/products/patch-polo-t-shirt-red-washed-by-evemen
https://crepdogcrew.com,9394316443894,Patch polo t-shirt,Streetwear T-Shirt,EVEMEN,50684495888630,XXL / red washed,CL65309,3290.00,False,Sold Out,0 units left (Sold Out),https://crepdogcrew.com/products/patch-polo-t-shirt-red-washed-by-evemen
https://crepdogcrew.com,9496476942582,Gully Tee Brown,Streetwear T-Shirt,DEADBEAR,51467068440822,XXXS,CL,2990.00,True,Available,In Stock,https://crepdogcrew.com/products/gully-tee-brown
https://crepdogcrew.com,9496476942582,Gully Tee Brown,Streetwear T-Shirt,DEADBEAR,51467068473590,XXS,CL,2990.00,True,Available,In Stock,https://crepdogcrew.com/products/gully-tee-brown
https://crepdogcrew.com,9496476942582,Gully Tee Brown,Streetwear T-Shirt,DEADBEAR,51467068506358,XS,CL,2990.00,True,Available,In Stock,https://crepdogcrew.com/products/gully-tee-brown
https://crepdogcrew.com,9496476942582,Gully Tee Brown,Streetwear T-Shirt,DEADBEAR,51467068539126,S,CL,2990.00,True,Available,In Stock,https://crepdogcrew.com/products/gully-tee-brown
https://crepdogcrew.com,9496476942582,Gully Tee Brown,Streetwear T-Shirt,DEADBEAR,51467068571894,M,CL,2990.00,True,Available,In Stock,https://crepdogcrew.com/products/gully-tee-brown
https://crepdogcrew.com,9496476942582,Gully Tee Brown,Streetwear T-Shirt,DEADBEAR,51467068604662,L,CL,2990.00,True,Available,In Stock,https://crepdogcrew.com/products/gully-tee-brown
https://crepdogcrew.com,9496476942582,Gully Tee Brown,Streetwear T-Shirt,DEADBEAR,51467068637430,XL,CL,2990.00,True,Available,In Stock,https://crepdogcrew.com/products/gully-tee-brown
https://crepdogcrew.com,9496476942582,Gully Tee Brown,Streetwear T-Shirt,DEADBEAR,51467068670198,XXL,CL,2990.00,True,Available,In Stock,https://crepdogcrew.com/products/gully-tee-brown
https://crepdogcrew.com,9496476942582,Gully Tee Brown,Streetwear T-Shirt,DEADBEAR,51467068702966,XXXL,CL,2990.00,True,Available,In Stock,https://crepdogcrew.com/products/gully-tee-brown
https://crepdogcrew.com,9496476909814,Gully Tee Navy,Streetwear T-Shirt,DEADBEAR,51467068080374,XXXS,CL,2990.00,True,Available,In Stock,https://crepdogcrew.com/products/gully-tee-navy
https://crepdogcrew.com,9496476909814,Gully Tee Navy,Streetwear T-Shirt,DEADBEAR,51467068113142,XXS,CL,2990.00,False,Sold Out,0 units left (Sold Out),https://crepdogcrew.com/products/gully-tee-navy
https://crepdogcrew.com,9496476909814,Gully Tee Navy,Streetwear T-Shirt,DEADBEAR,51467068145910,XS,CL,2990.00,True,Available,In Stock,https://crepdogcrew.com/products/gully-tee-navy
https://crepdogcrew.com,9496476909814,Gully Tee Navy,Streetwear T-Shirt,DEADBEAR,51467068178678,S,CL,2990.00,True,Available,In Stock,https://crepdogcrew.com/products/gully-tee-navy
https://crepdogcrew.com,9496476909814,Gully Tee Navy,Streetwear T-Shirt,DEADBEAR,51467068211446,M,CL,2990.00,True,Available,In Stock,https://crepdogcrew.com/products/gully-tee-navy
https://crepdogcrew.com,9496476909814,Gully Tee Navy,Streetwear T-Shirt,DEADBEAR,51467068244214,L,CL,2990.00,True,Available,In Stock,https://crepdogcrew.com/products/gully-tee-navy
https://crepdogcrew.com,9496476909814,Gully Tee Navy,Streetwear T-Shirt,DEADBEAR,51467068276982,XL,CL,2990.00,True,Available,In Stock,https://crepdogcrew.com/products/gully-tee-navy
https://crepdogcrew.com,9496476909814,Gully Tee Navy,Streetwear T-Shirt,DEADBEAR,51467068309750,XXL,CL,2990.00,True,Available,In Stock,https://crepdogcrew.com/products/gully-tee-navy
https://crepdogcrew.com,9496476909814,Gully Tee Navy,Streetwear T-Shirt,DEADBEAR,51467068342518,XXXL,CL,2990.00,True,Available,In Stock,https://crepdogcrew.com/products/gully-tee-navy
https://crepdogcrew.com,9496457806070,"Elephant T-shirt [Size- ""L""]",Streetwear T-shirt,Beyond Extremes,51466938155254,L / Dual Tone,CL,25000.00,False,Sold Out,0 units left (Sold Out),https://crepdogcrew.com/products/elephant-t-shirt-size-l
https://crepdogcrew.com,9496452301046,No Badges t-shirt,Streetwear T-Shirt,BOMAACHI,51466897326326,XXXS,,4999.00,False,Sold Out,0 units left (Sold Out),https://crepdogcrew.com/products/no-badges-t-shirt
https://crepdogcrew.com,9496452301046,No Badges t-shirt,Streetwear T-Shirt,BOMAACHI,51466897359094,XXS,,4999.00,False,Sold Out,0 units left (Sold Out),https://crepdogcrew.com/products/no-badges-t-shirt
https://crepdogcrew.com,9496452301046,No Badges t-shirt,Streetwear T-Shirt,BOMAACHI,51466897391862,XS,,4999.00,False,Sold Out,0 units left (Sold Out),https://crepdogcrew.com/products/no-badges-t-shirt
https://crepdogcrew.com,9496452301046,No Badges t-shirt,Streetwear T-Shirt,BOMAACHI,51466897424630,S,,4999.00,False,Sold Out,0 units left (Sold Out),https://crepdogcrew.com/products/no-badges-t-shirt
https://crepdogcrew.com,9496452301046,No Badges t-shirt,Streetwear T-Shirt,BOMAACHI,51466897457398,M,,4999.00,False,Sold Out,0 units left (Sold Out),https://crepdogcrew.com/products/no-badges-t-shirt
https://crepdogcrew.com,9496452301046,No Badges t-shirt,Streetwear T-Shirt,BOMAACHI,51466897490166,L,,4999.00,False,Sold Out,0 units left (Sold Out),https://crepdogcrew.com/products/no-badges-t-shirt
https://crepdogcrew.com,9496452301046,No Badges t-shirt,Streetwear T-Shirt,BOMAACHI,51466897522934,XL,,4999.00,False,Sold Out,0 units left (Sold Out),https://crepdogcrew.com/products/no-badges-t-shirt
https://crepdogcrew.com,9496452301046,No Badges t-shirt,Streetwear T-Shirt,BOMAACHI,51466897555702,XXL,,4999.00,False,Sold Out,0 units left (Sold Out),https://crepdogcrew.com/products/no-badges-t-shirt
https://crepdogcrew.com,9496452301046,No Badges t-shirt,Streetwear T-Shirt,BOMAACHI,51466897588470,XXXL,,4999.00,False,Sold Out,0 units left (Sold Out),https://crepdogcrew.com/products/no-badges-t-shirt
https://crepdogcrew.com,9496448041206,Punk Godhead,Streetwear T-Shirt,The Kryp,51466890576118,XS,CL,4499.00,True,Available,In Stock,https://crepdogcrew.com/products/punk-godhead
https://crepdogcrew.com,9496448041206,Punk Godhead,Streetwear T-Shirt,The Kryp,51466890608886,S,CL,4499.00,True,Available,In Stock,https://crepdogcrew.com/products/punk-godhead
https://crepdogcrew.com,9496448041206,Punk Godhead,Streetwear T-Shirt,The Kryp,51466890641654,M,CL,4499.00,True,Available,In Stock,https://crepdogcrew.com/products/punk-godhead
https://crepdogcrew.com,9496448041206,Punk Godhead,Streetwear T-Shirt,The Kryp,51466890674422,L,CL,4499.00,True,Available,In Stock,https://crepdogcrew.com/products/punk-godhead
https://crepdogcrew.com,9496448041206,Punk Godhead,Streetwear T-Shirt,The Kryp,51466890707190,XL,CL,4499.00,True,Available,In Stock,https://crepdogcrew.com/products/punk-godhead
https://crepdogcrew.com,9496448008438,The Fairy Skull,Streetwear T-Shirt,The Kryp,51466890379510,S,CL,3999.00,True,Available,In Stock,https://crepdogcrew.com/products/the-fairy-skull
https://crepdogcrew.com,9496448008438,The Fairy Skull,Streetwear T-Shirt,The Kryp,51466890412278,M,CL,3999.00,True,Available,In Stock,https://crepdogcrew.com/products/the-fairy-skull
https://crepdogcrew.com,9496448008438,The Fairy Skull,Streetwear T-Shirt,The Kryp,51466890445046,L,CL,3999.00,True,Available,In Stock,https://crepdogcrew.com/products/the-fairy-skull
https://crepdogcrew.com,9496448008438,The Fairy Skull,Streetwear T-Shirt,The Kryp,51466890477814,XL,CL,3999.00,True,Available,In Stock,https://crepdogcrew.com/products/the-fairy-skull
https://crepdogcrew.com,9496448008438,The Fairy Skull,Streetwear T-Shirt,The Kryp,51466890510582,XXL,CL,3999.00,True,Available,In Stock,https://crepdogcrew.com/products/the-fairy-skull
https://crepdogcrew.com,9496447942902,The Glitch Potrait,Streetwear T-Shirt,The Kryp,51466890182902,S,CL,3999.00,True,Available,In Stock,https://crepdogcrew.com/products/the-glitch-potrait
https://crepdogcrew.com,9496447942902,The Glitch Potrait,Streetwear T-Shirt,The Kryp,51466890215670,M,CL,3999.00,True,Available,In Stock,https://crepdogcrew.com/products/the-glitch-potrait
https://crepdogcrew.com,9496447942902,The Glitch Potrait,Streetwear T-Shirt,The Kryp,51466890248438,L,CL,3999.00,True,Available,In Stock,https://crepdogcrew.com/products/the-glitch-potrait
https://crepdogcrew.com,9496447942902,The Glitch Potrait,Streetwear T-Shirt,The Kryp,51466890281206,XL,CL,3999.00,True,Available,In Stock,https://crepdogcrew.com/products/the-glitch-potrait
https://crepdogcrew.com,9496447942902,The Glitch Potrait,Streetwear T-Shirt,The Kryp,51466890313974,XXL,CL,3999.00,True,Available,In Stock,https://crepdogcrew.com/products/the-glitch-potrait
https://crepdogcrew.com,9496447910134,Aurora Bloom,Streetwear T-Shirt,The Kryp,51466889953526,XS,CL,4999.00,True,Available,In Stock,https://crepdogcrew.com/products/aurora-bloom
https://crepdogcrew.com,9496447910134,Aurora Bloom,Streetwear T-Shirt,The Kryp,51466889986294,S,CL,4999.00,True,Available,In Stock,https://crepdogcrew.com/products/aurora-bloom
https://crepdogcrew.com,9496447910134,Aurora Bloom,Streetwear T-Shirt,The Kryp,51466890019062,M,CL,4999.00,True,Available,In Stock,https://crepdogcrew.com/products/aurora-bloom
https://crepdogcrew.com,9496447910134,Aurora Bloom,Streetwear T-Shirt,The Kryp,51466890051830,L,CL,4999.00,True,Available,In Stock,https://crepdogcrew.com/products/aurora-bloom
https://crepdogcrew.com,9496447910134,Aurora Bloom,Streetwear T-Shirt,The Kryp,51466890084598,XL,CL,4999.00,True,Available,In Stock,https://crepdogcrew.com/products/aurora-bloom
https://crepdogcrew.com,9496447877366,The Tokenized Collectible,Streetwear Shirts,The Kryp,51466889756918,XS,CL,6499.00,True,Available,In Stock,https://crepdogcrew.com/products/the-tokenized-collectible
https://crepdogcrew.com,9496447877366,The Tokenized Collectible,Streetwear Shirts,The Kryp,51466889789686,S,CL,6499.00,True,Available,In Stock,https://crepdogcrew.com/products/the-tokenized-collectible
https://crepdogcrew.com,9496447877366,The Tokenized Collectible,Streetwear Shirts,The Kryp,51466889822454,M,CL,6499.00,True,Available,In Stock,https://crepdogcrew.com/products/the-tokenized-collectible
https://crepdogcrew.com,9496447877366,The Tokenized Collectible,Streetwear Shirts,The Kryp,51466889855222,L,CL,6499.00,True,Available,In Stock,https://crepdogcrew.com/products/the-tokenized-collectible
https://crepdogcrew.com,9496447877366,The Tokenized Collectible,Streetwear Shirts,The Kryp,51466889887990,XL,CL,6499.00,True,Available,In Stock,https://crepdogcrew.com/products/the-tokenized-collectible
https://crepdogcrew.com,9496447811830,The Bonsai Ape,Streetwear Shirts,The Kryp,51466889527542,S,CL,5999.00,True,Available,In Stock,https://crepdogcrew.com/products/the-bonsai-ape
https://crepdogcrew.com,9496447811830,The Bonsai Ape,Streetwear Shirts,The Kryp,51466889560310,M,CL,5999.00,True,Available,In Stock,https://crepdogcrew.com/products/the-bonsai-ape
https://crepdogcrew.com,9496447811830,The Bonsai Ape,Streetwear Shirts,The Kryp,51466889593078,L,CL,5999.00,True,Available,In Stock,https://crepdogcrew.com/products/the-bonsai-ape
https://crepdogcrew.com,9496447811830,The Bonsai Ape,Streetwear Shirts,The Kryp,51466889625846,XL,CL,5999.00,True,Available,In Stock,https://crepdogcrew.com/products/the-bonsai-ape
https://crepdogcrew.com,9496447811830,The Bonsai Ape,Streetwear Shirts,The Kryp,51466889658614,XXL,CL,5999.00,True,Available,In Stock,https://crepdogcrew.com/products/the-bonsai-ape
https://crepdogcrew.com,9496405868790,Refa Aile Brush Marine Blue,HYPE,ReFa,51466810687734,ONE SIZE,ZYZYZY,7999.00,True,Available,In Stock,https://crepdogcrew.com/products/refa-aile-brush-marine-blue
https://crepdogcrew.com,9496405770486,Refa Aile Brush Matte Black,HYPE,ReFa,51466810589430,ONE SIZE,ZYZYZY,7999.00,True,Available,In Stock,https://crepdogcrew.com/products/refa-aile-brush-matte-black
https://crepdogcrew.com,9496405672182,Refa Aile Brush Pearl White,HYPE,ReFa,51466810491126,ONE SIZE,ZYZYZY,7999.00,True,Available,In Stock,https://crepdogcrew.com/products/refa-aile-brush-pearl-white
https://crepdogcrew.com,9496405573878,Refa Aile Brush Rose Gold,HYPE,ReFa,51466810392822,ONE SIZE,ZYZYZY,7999.00,True,Available,In Stock,https://crepdogcrew.com/products/refa-aile-brush-rose-gold
https://crepdogcrew.com,9496405508342,Refa Aile Brush Silver,HYPE,ReFa,51466810327286,ONE SIZE,ZYZYZY,7999.00,True,Available,In Stock,https://crepdogcrew.com/products/refa-aile-brush-silver
https://crepdogcrew.com,9496405377270,Refa Heart Brush Aurora White,HYPE,ReFa,51466810228982,ONE SIZE,ZYZYZY,6999.00,True,Available,In Stock,https://crepdogcrew.com/products/refa-heart-brush-aurora-white
https://crepdogcrew.com,9496405311734,Refa Heart Brush Champagne Gold,HYPE,ReFa,51466810130678,ONE SIZE,ZYZYZY,6999.00,True,Available,In Stock,https://crepdogcrew.com/products/refa-heart-brush-champagne-gold
https://crepdogcrew.com,9496405180662,Refa Heart Brush Champagne Gold mini,HYPE,ReFa,51466809377014,ONE SIZE,ZYZYZY,6999.00,True,Available,In Stock,https://crepdogcrew.com/products/refa-heart-brush-champagne-gold-mini
https://crepdogcrew.com,9496405082358,Refa Heart Brush Mat Black,HYPE,ReFa,51466809278710,ONE SIZE,ZYZYZY,6999.00,True,Available,In Stock,https://crepdogcrew.com/products/refa-heart-brush-mat-black
https://crepdogcrew.com,9496404984054,Refa Heart Brush Mat White,HYPE,ReFa,51466809180406,ONE SIZE,ZYZYZY,6999.00,True,Available,In Stock,https://crepdogcrew.com/products/refa-heart-brush-mat-white
https://crepdogcrew.com,9496404918518,Refa Heart Brush Rose Gold,HYPE,ReFa,51466809114870,ONE SIZE,ZYZYZY,6999.00,True,Available,In Stock,https://crepdogcrew.com/products/refa-heart-brush-rose-gold
https://crepdogcrew.com,9496404885750,Refa Heart Brush Rose Gold mini,HYPE,ReFa,51466809082102,ONE SIZE,ZYZYZY,6999.00,True,Available,In Stock,https://crepdogcrew.com/products/refa-heart-brush-rose-gold-mini
https://crepdogcrew.com,9496404820214,Refa Heart Brush Silver,HYPE,ReFa,51466809016566,ONE SIZE,ZYZYZY,6999.00,True,Available,In Stock,https://crepdogcrew.com/products/refa-heart-brush-silver
https://crepdogcrew.com,9496404852982,Refa Heart Brush Shine Red,HYPE,ReFa,51466809049334,ONE SIZE,ZYZYZY,6999.00,True,Available,In Stock,https://crepdogcrew.com/products/refa-heart-brush-shine-red
https://crepdogcrew.com,9496404754678,Refa Heart Comb Aira Aqua Blue,HYPE,ReFa,51466808951030,ONE SIZE,ZYZYZY,6999.00,True,Available,In Stock,https://crepdogcrew.com/products/refa-heart-comb-aira-aqua-blue
https://crepdogcrew.com,9496404689142,Refa Heart Comb Aira Emerald,HYPE,ReFa,51466808885494,ONE SIZE,ZYZYZY,6999.00,True,Available,In Stock,https://crepdogcrew.com/products/refa-heart-comb-aira-emerald
https://crepdogcrew.com,9496404787446,Refa Heart Brush Silver mini,HYPE,ReFa,51466808983798,ONE SIZE,ZYZYZY,6999.00,True,Available,In Stock,https://crepdogcrew.com/products/refa-heart-brush-silver-mini
https://crepdogcrew.com,9496404721910,Refa Heart Comb Aira Champagne Gold,HYPE,ReFa,51466808918262,ONE SIZE,ZYZYZY,6999.00,True,Available,In Stock,https://crepdogcrew.com/products/refa-heart-comb-aira-champagne-gold
https://crepdogcrew.com,9496404656374,Refa Heart Comb Aira Shine Red,HYPE,ReFa,51466808852726,ONE SIZE,ZYZYZY,6999.00,True,Available,In Stock,https://crepdogcrew.com/products/refa-heart-comb-aira-shine-red
https://crepdogcrew.com,9496404623606,Refa Heart Comb Aira Silver,HYPE,ReFa,51466808819958,ONE SIZE,ZYZYZY,6999.00,True,Available,In Stock,https://crepdogcrew.com/products/refa-heart-comb-aira-silver
https://crepdogcrew.com,9496404590838,Refa Heart Mist Airy,HYPE,ReFa,51466808787190,ONE SIZE,ZYZYZY,6999.00,True,Available,In Stock,https://crepdogcrew.com/products/refa-heart-mist-airy
https://crepdogcrew.com,9496404558070,Refa Heart Mist Base,HYPE,ReFa,51466808721654,ONE SIZE,ZYZYZY,6999.00,True,Available,In Stock,https://crepdogcrew.com/products/refa-heart-mist-base
https://crepdogcrew.com,9496404492534,Refa Heart Comb Aira Rose Gold,HYPE,ReFa,51466808656118,ONE SIZE,ZYZYZY,6999.00,True,Available,In Stock,https://crepdogcrew.com/products/refa-heart-comb-aira-rose-gold
https://crepdogcrew.com,9496350064886,Rebel - Beige Pinstripe Shirt,Streetwear Shirts,Y*All,51466552869110,XS,CL,3279.00,True,Available,In Stock,https://crepdogcrew.com/products/rebel-beige-pinstripe-shirt-by-yall
https://crepdogcrew.com,9496350064886,Rebel - Beige Pinstripe Shirt,Streetwear Shirts,Y*All,51466552901878,S,CL,3279.00,True,Available,In Stock,https://crepdogcrew.com/products/rebel-beige-pinstripe-shirt-by-yall
https://crepdogcrew.com,9496350064886,Rebel - Beige Pinstripe Shirt,Streetwear Shirts,Y*All,51466552934646,M,CL,3279.00,True,Available,In Stock,https://crepdogcrew.com/products/rebel-beige-pinstripe-shirt-by-yall
https://crepdogcrew.com,9496350064886,Rebel - Beige Pinstripe Shirt,Streetwear Shirts,Y*All,51466552967414,L,CL,3279.00,True,Available,In Stock,https://crepdogcrew.com/products/rebel-beige-pinstripe-shirt-by-yall
https://crepdogcrew.com,9496350064886,Rebel - Beige Pinstripe Shirt,Streetwear Shirts,Y*All,51466553000182,XL,CL,3279.00,True,Available,In Stock,https://crepdogcrew.com/products/rebel-beige-pinstripe-shirt-by-yall
https://crepdogcrew.com,9496350064886,Rebel - Beige Pinstripe Shirt,Streetwear Shirts,Y*All,51466553032950,XXL,CL,3279.00,True,Available,In Stock,https://crepdogcrew.com/products/rebel-beige-pinstripe-shirt-by-yall
https://crepdogcrew.com,9496404525302,Refa Ion Care Brush,HYPE,ReFa,51466808688886,ONE SIZE,ZYZYZY,9499.00,True,Available,In Stock,https://crepdogcrew.com/products/refa-ion-care-brush
https://crepdogcrew.com,9495517921526,777 Grey Basic Sleeveless Jersey,Streetwear Jersey,oddnoteven,51462071419126,XS,CL,2499.01,True,Available,In Stock,https://crepdogcrew.com/products/777-grey-basic-sleeveless-jersey
https://crepdogcrew.com,9495517921526,777 Grey Basic Sleeveless Jersey,Streetwear Jersey,oddnoteven,51462071451894,S,CL,2499.01,True,Available,In Stock,https://crepdogcrew.com/products/777-grey-basic-sleeveless-jersey
https://crepdogcrew.com,9495517921526,777 Grey Basic Sleeveless Jersey,Streetwear Jersey,oddnoteven,51462071484662,M,CL,2499.01,True,Available,In Stock,https://crepdogcrew.com/products/777-grey-basic-sleeveless-jersey
https://crepdogcrew.com,9495517921526,777 Grey Basic Sleeveless Jersey,Streetwear Jersey,oddnoteven,51462071517430,L,CL,2499.01,True,Available,In Stock,https://crepdogcrew.com/products/777-grey-basic-sleeveless-jersey
https://crepdogcrew.com,9495517921526,777 Grey Basic Sleeveless Jersey,Streetwear Jersey,oddnoteven,51462071550198,XL,CL,2499.01,True,Available,In Stock,https://crepdogcrew.com/products/777-grey-basic-sleeveless-jersey
https://crepdogcrew.com,9495517921526,777 Grey Basic Sleeveless Jersey,Streetwear Jersey,oddnoteven,51462071582966,XXL,CL,2499.01,True,Available,In Stock,https://crepdogcrew.com/products/777-grey-basic-sleeveless-jersey
https://crepdogcrew.com,9495517921526,777 Grey Basic Sleeveless Jersey,Streetwear Jersey,oddnoteven,51462071615734,XXXL,CL,2499.01,True,Available,In Stock,https://crepdogcrew.com/products/777-grey-basic-sleeveless-jersey
https://crepdogcrew.com,9495518019830,8 Blue Basic Sleeveless Jersey,Streetwear Jersey,oddnoteven,51462072336630,XS,CL,2499.01,True,Available,In Stock,https://crepdogcrew.com/products/8-blue-basic-sleeveless-jersey
https://crepdogcrew.com,9495518019830,8 Blue Basic Sleeveless Jersey,Streetwear Jersey,oddnoteven,51462072369398,S,CL,2499.01,True,Available,In Stock,https://crepdogcrew.com/products/8-blue-basic-sleeveless-jersey
https://crepdogcrew.com,9495518019830,8 Blue Basic Sleeveless Jersey,Streetwear Jersey,oddnoteven,51462072402166,M,CL,2499.01,True,Available,In Stock,https://crepdogcrew.com/products/8-blue-basic-sleeveless-jersey
https://crepdogcrew.com,9495518019830,8 Blue Basic Sleeveless Jersey,Streetwear Jersey,oddnoteven,51462072434934,L,CL,2499.01,True,Available,In Stock,https://crepdogcrew.com/products/8-blue-basic-sleeveless-jersey
https://crepdogcrew.com,9495518019830,8 Blue Basic Sleeveless Jersey,Streetwear Jersey,oddnoteven,51462072467702,XL,CL,2499.01,True,Available,In Stock,https://crepdogcrew.com/products/8-blue-basic-sleeveless-jersey
https://crepdogcrew.com,9495518019830,8 Blue Basic Sleeveless Jersey,Streetwear Jersey,oddnoteven,51462072500470,XXL,CL,2499.01,True,Available,In Stock,https://crepdogcrew.com/products/8-blue-basic-sleeveless-jersey
https://crepdogcrew.com,9495518019830,8 Blue Basic Sleeveless Jersey,Streetwear Jersey,oddnoteven,51462072533238,XXXL,CL,2499.01,True,Available,In Stock,https://crepdogcrew.com/products/8-blue-basic-sleeveless-jersey
https://crepdogcrew.com,9495517823222,00 Black Basic Sleeveless Jersey,Streetwear Jersey,oddnoteven,51462070436086,XS,CL,2499.01,True,Available,In Stock,https://crepdogcrew.com/products/00-black-basic-sleeveless-jersey
https://crepdogcrew.com,9495517823222,00 Black Basic Sleeveless Jersey,Streetwear Jersey,oddnoteven,51462070468854,S,CL,2499.01,True,Available,In Stock,https://crepdogcrew.com/products/00-black-basic-sleeveless-jersey
https://crepdogcrew.com,9495517823222,00 Black Basic Sleeveless Jersey,Streetwear Jersey,oddnoteven,51462070501622,M,CL,2499.01,True,Available,In Stock,https://crepdogcrew.com/products/00-black-basic-sleeveless-jersey
https://crepdogcrew.com,9495517823222,00 Black Basic Sleeveless Jersey,Streetwear Jersey,oddnoteven,51462070534390,L,CL,2499.01,True,Available,In Stock,https://crepdogcrew.com/products/00-black-basic-sleeveless-jersey
https://crepdogcrew.com,9495517823222,00 Black Basic Sleeveless Jersey,Streetwear Jersey,oddnoteven,51462070567158,XL,CL,2499.01,True,Available,In Stock,https://crepdogcrew.com/products/00-black-basic-sleeveless-jersey
https://crepdogcrew.com,9495517823222,00 Black Basic Sleeveless Jersey,Streetwear Jersey,oddnoteven,51462070599926,XXL,CL,2499.01,True,Available,In Stock,https://crepdogcrew.com/products/00-black-basic-sleeveless-jersey
https://crepdogcrew.com,9495517823222,00 Black Basic Sleeveless Jersey,Streetwear Jersey,oddnoteven,51462070632694,XXXL,CL,2499.01,True,Available,In Stock,https://crepdogcrew.com/products/00-black-basic-sleeveless-jersey
https://crepdogcrew.com,9495517724918,420 Brown Basic Jersey,Streetwear Jersey,oddnoteven,51462068797686,XS,CL,2499.01,True,Available,In Stock,https://crepdogcrew.com/products/420-brown-basic-jersey
https://crepdogcrew.com,9495517724918,420 Brown Basic Jersey,Streetwear Jersey,oddnoteven,51462068830454,S,CL,2499.01,True,Available,In Stock,https://crepdogcrew.com/products/420-brown-basic-jersey
https://crepdogcrew.com,9495517724918,420 Brown Basic Jersey,Streetwear Jersey,oddnoteven,51462068863222,M,CL,2499.01,True,Available,In Stock,https://crepdogcrew.com/products/420-brown-basic-jersey
https://crepdogcrew.com,9495517724918,420 Brown Basic Jersey,Streetwear Jersey,oddnoteven,51462068895990,L,CL,2499.01,True,Available,In Stock,https://crepdogcrew.com/products/420-brown-basic-jersey
https://crepdogcrew.com,9495517724918,420 Brown Basic Jersey,Streetwear Jersey,oddnoteven,51462068928758,XL,CL,2499.01,True,Available,In Stock,https://crepdogcrew.com/products/420-brown-basic-jersey
https://crepdogcrew.com,9495517724918,420 Brown Basic Jersey,Streetwear Jersey,oddnoteven,51462068961526,XXL,CL,2499.01,True,Available,In Stock,https://crepdogcrew.com/products/420-brown-basic-jersey
https://crepdogcrew.com,9495517724918,420 Brown Basic Jersey,Streetwear Jersey,oddnoteven,51462068994294,XXXL,CL,2499.01,True,Available,In Stock,https://crepdogcrew.com/products/420-brown-basic-jersey
https://crepdogcrew.com,9495517561078,777 White Basic Jersey,Streetwear Jersey,oddnoteven,51462067159286,XS,CL,2499.01,True,Available,In Stock,https://crepdogcrew.com/products/777-white-basic-jersey
https://crepdogcrew.com,9495517561078,777 White Basic Jersey,Streetwear Jersey,oddnoteven,51462067192054,S,CL,2499.01,True,Available,In Stock,https://crepdogcrew.com/products/777-white-basic-jersey
https://crepdogcrew.com,9495517561078,777 White Basic Jersey,Streetwear Jersey,oddnoteven,51462067224822,M,CL,2499.01,True,Available,In Stock,https://crepdogcrew.com/products/777-white-basic-jersey
https://crepdogcrew.com,9495517561078,777 White Basic Jersey,Streetwear Jersey,oddnoteven,51462067257590,L,CL,2499.01,True,Available,In Stock,https://crepdogcrew.com/products/777-white-basic-jersey
https://crepdogcrew.com,9495517561078,777 White Basic Jersey,Streetwear Jersey,oddnoteven,51462067290358,XL,CL,2499.01,True,Available,In Stock,https://crepdogcrew.com/products/777-white-basic-jersey
https://crepdogcrew.com,9495517561078,777 White Basic Jersey,Streetwear Jersey,oddnoteven,51462067323126,XXL,CL,2499.01,True,Available,In Stock,https://crepdogcrew.com/products/777-white-basic-jersey
https://crepdogcrew.com,9495517561078,777 White Basic Jersey,Streetwear Jersey,oddnoteven,51462067355894,XXXL,CL,2499.01,True,Available,In Stock,https://crepdogcrew.com/products/777-white-basic-jersey
https://crepdogcrew.com,9495517430006,ODD Basic Jersey (Purple),Streetwear Jersey,oddnoteven,51462065258742,XS,CL,2499.01,True,Available,In Stock,https://crepdogcrew.com/products/odd-basic-jersey-purple
https://crepdogcrew.com,9495517430006,ODD Basic Jersey (Purple),Streetwear Jersey,oddnoteven,51462065291510,S,CL,2499.01,True,Available,In Stock,https://crepdogcrew.com/products/odd-basic-jersey-purple
https://crepdogcrew.com,9495517430006,ODD Basic Jersey (Purple),Streetwear Jersey,oddnoteven,51462065324278,M,CL,2499.01,True,Available,In Stock,https://crepdogcrew.com/products/odd-basic-jersey-purple
https://crepdogcrew.com,9495517430006,ODD Basic Jersey (Purple),Streetwear Jersey,oddnoteven,51462065357046,L,CL,2499.01,True,Available,In Stock,https://crepdogcrew.com/products/odd-basic-jersey-purple
https://crepdogcrew.com,9495517430006,ODD Basic Jersey (Purple),Streetwear Jersey,oddnoteven,51462065389814,XL,CL,2499.01,True,Available,In Stock,https://crepdogcrew.com/products/odd-basic-jersey-purple
https://crepdogcrew.com,9495517430006,ODD Basic Jersey (Purple),Streetwear Jersey,oddnoteven,51462065422582,XXL,CL,2499.01,True,Available,In Stock,https://crepdogcrew.com/products/odd-basic-jersey-purple
https://crepdogcrew.com,9495517430006,ODD Basic Jersey (Purple),Streetwear Jersey,oddnoteven,51462065455350,XXXL,CL,2499.01,True,Available,In Stock,https://crepdogcrew.com/products/odd-basic-jersey-purple
https://crepdogcrew.com,9495517462774,ODD Basic Jersey (White),Streetwear Jersey,oddnoteven,51462066176246,XS,CL,2499.00,True,Available,In Stock,https://crepdogcrew.com/products/odd-basic-jersey-white
https://crepdogcrew.com,9495517462774,ODD Basic Jersey (White),Streetwear Jersey,oddnoteven,51462066209014,S,CL,2499.00,True,Available,In Stock,https://crepdogcrew.com/products/odd-basic-jersey-white
https://crepdogcrew.com,9495517462774,ODD Basic Jersey (White),Streetwear Jersey,oddnoteven,51462066241782,M,CL,2499.00,True,Available,In Stock,https://crepdogcrew.com/products/odd-basic-jersey-white
https://crepdogcrew.com,9495517462774,ODD Basic Jersey (White),Streetwear Jersey,oddnoteven,51462066274550,L,CL,2499.00,True,Available,In Stock,https://crepdogcrew.com/products/odd-basic-jersey-white
https://crepdogcrew.com,9495517462774,ODD Basic Jersey (White),Streetwear Jersey,oddnoteven,51462066307318,XL,CL,2499.00,True,Available,In Stock,https://crepdogcrew.com/products/odd-basic-jersey-white
https://crepdogcrew.com,9495517462774,ODD Basic Jersey (White),Streetwear Jersey,oddnoteven,51462066340086,XXL,CL,2499.00,True,Available,In Stock,https://crepdogcrew.com/products/odd-basic-jersey-white
https://crepdogcrew.com,9495517462774,ODD Basic Jersey (White),Streetwear Jersey,oddnoteven,51462066372854,XXXL,CL,2499.00,True,Available,In Stock,https://crepdogcrew.com/products/odd-basic-jersey-white
https://crepdogcrew.com,9495517364470,ODD Basic Jersey (Navy Blue),Streetwear Jersey,oddnoteven,51462064931062,XS,CL,2499.01,True,Available,In Stock,https://crepdogcrew.com/products/odd-basic-jersey-navy-blue
https://crepdogcrew.com,9495517364470,ODD Basic Jersey (Navy Blue),Streetwear Jersey,oddnoteven,51462064963830,S,CL,2499.01,True,Available,In Stock,https://crepdogcrew.com/products/odd-basic-jersey-navy-blue
https://crepdogcrew.com,9495517364470,ODD Basic Jersey (Navy Blue),Streetwear Jersey,oddnoteven,51462064996598,M,CL,2499.01,True,Available,In Stock,https://crepdogcrew.com/products/odd-basic-jersey-navy-blue
https://crepdogcrew.com,9495517364470,ODD Basic Jersey (Navy Blue),Streetwear Jersey,oddnoteven,51462065029366,L,CL,2499.01,True,Available,In Stock,https://crepdogcrew.com/products/odd-basic-jersey-navy-blue
https://crepdogcrew.com,9495517364470,ODD Basic Jersey (Navy Blue),Streetwear Jersey,oddnoteven,51462065062134,XL,CL,2499.01,True,Available,In Stock,https://crepdogcrew.com/products/odd-basic-jersey-navy-blue
https://crepdogcrew.com,9495517364470,ODD Basic Jersey (Navy Blue),Streetwear Jersey,oddnoteven,51462065094902,XXL,CL,2499.01,True,Available,In Stock,https://crepdogcrew.com/products/odd-basic-jersey-navy-blue
https://crepdogcrew.com,9495517364470,ODD Basic Jersey (Navy Blue),Streetwear Jersey,oddnoteven,51462065127670,XXXL,CL,2499.01,True,Available,In Stock,https://crepdogcrew.com/products/odd-basic-jersey-navy-blue
https://crepdogcrew.com,9495517298934,ODD Basic Jersey (Pink),Streetwear Jersey,oddnoteven,51462064603382,XS,CL,2499.01,True,Available,In Stock,https://crepdogcrew.com/products/odd-basic-jersey-pink
https://crepdogcrew.com,9495517298934,ODD Basic Jersey (Pink),Streetwear Jersey,oddnoteven,51462064636150,S,CL,2499.01,True,Available,In Stock,https://crepdogcrew.com/products/odd-basic-jersey-pink
https://crepdogcrew.com,9495517298934,ODD Basic Jersey (Pink),Streetwear Jersey,oddnoteven,51462064668918,M,CL,2499.01,True,Available,In Stock,https://crepdogcrew.com/products/odd-basic-jersey-pink
https://crepdogcrew.com,9495517298934,ODD Basic Jersey (Pink),Streetwear Jersey,oddnoteven,51462064701686,L,CL,2499.01,True,Available,In Stock,https://crepdogcrew.com/products/odd-basic-jersey-pink
https://crepdogcrew.com,9495517298934,ODD Basic Jersey (Pink),Streetwear Jersey,oddnoteven,51462064734454,XL,CL,2499.01,True,Available,In Stock,https://crepdogcrew.com/products/odd-basic-jersey-pink
https://crepdogcrew.com,9495517298934,ODD Basic Jersey (Pink),Streetwear Jersey,oddnoteven,51462064767222,XXL,CL,2499.01,True,Available,In Stock,https://crepdogcrew.com/products/odd-basic-jersey-pink
https://crepdogcrew.com,9495517298934,ODD Basic Jersey (Pink),Streetwear Jersey,oddnoteven,51462064799990,XXXL,CL,2499.01,True,Available,In Stock,https://crepdogcrew.com/products/odd-basic-jersey-pink
https://crepdogcrew.com,9495517233398,ODD ASAP Black Stripes Jersey Question Mark,Streetwear Jersey,oddnoteven,51462064275702,XS,CL,4499.00,False,Sold Out,0 units left (Sold Out),https://crepdogcrew.com/products/odd-asap-black-stripes-jersey-question-mark
https://crepdogcrew.com,9495517233398,ODD ASAP Black Stripes Jersey Question Mark,Streetwear Jersey,oddnoteven,51462064308470,S,CL,4499.00,True,Available,In Stock,https://crepdogcrew.com/products/odd-asap-black-stripes-jersey-question-mark
https://crepdogcrew.com,9495517233398,ODD ASAP Black Stripes Jersey Question Mark,Streetwear Jersey,oddnoteven,51462064341238,M,CL,4499.00,False,Sold Out,0 units left (Sold Out),https://crepdogcrew.com/products/odd-asap-black-stripes-jersey-question-mark
https://crepdogcrew.com,9495517233398,ODD ASAP Black Stripes Jersey Question Mark,Streetwear Jersey,oddnoteven,51462064374006,L,CL,4499.00,False,Sold Out,0 units left (Sold Out),https://crepdogcrew.com/products/odd-asap-black-stripes-jersey-question-mark
https://crepdogcrew.com,9495517233398,ODD ASAP Black Stripes Jersey Question Mark,Streetwear Jersey,oddnoteven,51462064406774,XL,CL,4499.00,True,Available,In Stock,https://crepdogcrew.com/products/odd-asap-black-stripes-jersey-question-mark
https://crepdogcrew.com,9495517233398,ODD ASAP Black Stripes Jersey Question Mark,Streetwear Jersey,oddnoteven,51462064439542,XXL,CL,4499.00,True,Available,In Stock,https://crepdogcrew.com/products/odd-asap-black-stripes-jersey-question-mark
https://crepdogcrew.com,9495517233398,ODD ASAP Black Stripes Jersey Question Mark,Streetwear Jersey,oddnoteven,51462064472310,2XS,CL,4499.00,True,Available,In Stock,https://crepdogcrew.com/products/odd-asap-black-stripes-jersey-question-mark
https://crepdogcrew.com,9495518118134,69 Blue Basic Jersey,Streetwear Jersey,oddnoteven,51462073975030,XS,CL,2499.01,True,Available,In Stock,https://crepdogcrew.com/products/69-blue-basic-jersey
https://crepdogcrew.com,9495518118134,69 Blue Basic Jersey,Streetwear Jersey,oddnoteven,51462074007798,S,CL,2499.01,True,Available,In Stock,https://crepdogcrew.com/products/69-blue-basic-jersey
https://crepdogcrew.com,9495518118134,69 Blue Basic Jersey,Streetwear Jersey,oddnoteven,51462074040566,M,CL,2499.01,True,Available,In Stock,https://crepdogcrew.com/products/69-blue-basic-jersey
https://crepdogcrew.com,9495518118134,69 Blue Basic Jersey,Streetwear Jersey,oddnoteven,51462074073334,L,CL,2499.01,True,Available,In Stock,https://crepdogcrew.com/products/69-blue-basic-jersey
https://crepdogcrew.com,9495518118134,69 Blue Basic Jersey,Streetwear Jersey,oddnoteven,51462074106102,XL,CL,2499.01,True,Available,In Stock,https://crepdogcrew.com/products/69-blue-basic-jersey
https://crepdogcrew.com,9495518118134,69 Blue Basic Jersey,Streetwear Jersey,oddnoteven,51462074138870,XXL,CL,2499.01,True,Available,In Stock,https://crepdogcrew.com/products/69-blue-basic-jersey
https://crepdogcrew.com,9495518118134,69 Blue Basic Jersey,Streetwear Jersey,oddnoteven,51462074171638,XXXL,CL,2499.01,True,Available,In Stock,https://crepdogcrew.com/products/69-blue-basic-jersey
https://crepdogcrew.com,9345175748854,Onitsuka Tiger Tokuten PEPPERMINT BLACK,Sneaker Shoes,ONITSUKA,50372610719990,BEIGE / UK 5,CL51337,12500.00,True,Available,In Stock,https://crepdogcrew.com/products/onitsuka-tiger-tokuten-peppermint-black
https://crepdogcrew.com,9345175748854,Onitsuka Tiger Tokuten PEPPERMINT BLACK,Sneaker Shoes,ONITSUKA,50372610752758,BEIGE / UK 5.5,CL51338,12500.00,True,Available,In Stock,https://crepdogcrew.com/products/onitsuka-tiger-tokuten-peppermint-black
https://crepdogcrew.com,9345175748854,Onitsuka Tiger Tokuten PEPPERMINT BLACK,Sneaker Shoes,ONITSUKA,50372610785526,BEIGE / UK 6,CL51339,12500.00,True,Available,In Stock,https://crepdogcrew.com/products/onitsuka-tiger-tokuten-peppermint-black
https://crepdogcrew.com,9345175748854,Onitsuka Tiger Tokuten PEPPERMINT BLACK,Sneaker Shoes,ONITSUKA,50372610818294,BEIGE / UK 6.5,CL51340,12500.00,True,Available,In Stock,https://crepdogcrew.com/products/onitsuka-tiger-tokuten-peppermint-black
https://crepdogcrew.com,9345175748854,Onitsuka Tiger Tokuten PEPPERMINT BLACK,Sneaker Shoes,ONITSUKA,50372610851062,BEIGE / UK 7,CL51341,12500.00,True,Available,In Stock,https://crepdogcrew.com/products/onitsuka-tiger-tokuten-peppermint-black
https://crepdogcrew.com,9345175748854,Onitsuka Tiger Tokuten PEPPERMINT BLACK,Sneaker Shoes,ONITSUKA,50372610621686,BEIGE / UK 7.5,CL51342,12500.00,True,Available,In Stock,https://crepdogcrew.com/products/onitsuka-tiger-tokuten-peppermint-black
https://crepdogcrew.com,9345175748854,Onitsuka Tiger Tokuten PEPPERMINT BLACK,Sneaker Shoes,ONITSUKA,50372610883830,BEIGE / UK 8,CL51343,12500.00,True,Available,In Stock,https://crepdogcrew.com/products/onitsuka-tiger-tokuten-peppermint-black
https://crepdogcrew.com,9345175748854,Onitsuka Tiger Tokuten PEPPERMINT BLACK,Sneaker Shoes,ONITSUKA,50372610916598,BEIGE / UK 9,CL51345,12500.00,True,Available,In Stock,https://crepdogcrew.com/products/onitsuka-tiger-tokuten-peppermint-black
https://crepdogcrew.com,9345175748854,Onitsuka Tiger Tokuten PEPPERMINT BLACK,Sneaker Shoes,ONITSUKA,51458569699574,BEIGE / UK 9.5,,12500.00,True,Available,In Stock,https://crepdogcrew.com/products/onitsuka-tiger-tokuten-peppermint-black
https://crepdogcrew.com,9345175748854,Onitsuka Tiger Tokuten PEPPERMINT BLACK,Sneaker Shoes,ONITSUKA,50372613669110,BEIGE / UK 10,CL51346,12500.00,True,Available,In Stock,https://crepdogcrew.com/products/onitsuka-tiger-tokuten-peppermint-black
https://crepdogcrew.com,9345175748854,Onitsuka Tiger Tokuten PEPPERMINT BLACK,Sneaker Shoes,ONITSUKA,50372613701878,BEIGE / UK 11,CL51347,12500.00,True,Available,In Stock,https://crepdogcrew.com/products/onitsuka-tiger-tokuten-peppermint-black
https://crepdogcrew.com,9345175748854,Onitsuka Tiger Tokuten PEPPERMINT BLACK,Sneaker Shoes,ONITSUKA,51458566783222,BEIGE / UK 12,,12500.00,True,Available,In Stock,https://crepdogcrew.com/products/onitsuka-tiger-tokuten-peppermint-black
https://crepdogcrew.com,9346498035958,Onitsuka Tiger Mexico 66 Slip-On White Pure Silver,Sneaker Shoes,ONITSUKA,50438756729078,WHITE / UK 4,CL51274,11500.00,True,Available,In Stock,https://crepdogcrew.com/products/onitsuka-tiger-mexico-66-slip-on-white-pure-silver
https://crepdogcrew.com,9346498035958,Onitsuka Tiger Mexico 66 Slip-On White Pure Silver,Sneaker Shoes,ONITSUKA,50438756696310,WHITE / UK 5,CL51273,11500.00,True,Available,In Stock,https://crepdogcrew.com/products/onitsuka-tiger-mexico-66-slip-on-white-pure-silver
https://crepdogcrew.com,9346498035958,Onitsuka Tiger Mexico 66 Slip-On White Pure Silver,Sneaker Shoes,ONITSUKA,50438756827382,WHITE / UK 9,CL51276,11500.00,True,Available,In Stock,https://crepdogcrew.com/products/onitsuka-tiger-mexico-66-slip-on-white-pure-silver
https://crepdogcrew.com,9346498035958,Onitsuka Tiger Mexico 66 Slip-On White Pure Silver,Sneaker Shoes,ONITSUKA,50438756892918,WHITE / UK 11,CL51278,11500.00,True,Available,In Stock,https://crepdogcrew.com/products/onitsuka-tiger-mexico-66-slip-on-white-pure-silver
https://crepdogcrew.com,9346498035958,Onitsuka Tiger Mexico 66 Slip-On White Pure Silver,Sneaker Shoes,ONITSUKA,50438756761846,WHITE / UK 12,CL51272,11500.00,True,Available,In Stock,https://crepdogcrew.com/products/onitsuka-tiger-mexico-66-slip-on-white-pure-silver
https://crepdogcrew.com,9202938446070,Bottega Veneta Slider GREEN,BOTTEGA,Bottega Veneta,49250422587638,GREEN / UK 7,,27499.00,True,Available,In Stock,https://crepdogcrew.com/products/bottega-veneta-slider-green
https://crepdogcrew.com,9202938446070,Bottega Veneta Slider GREEN,BOTTEGA,Bottega Veneta,49250422620406,GREEN / UK 8,,27499.00,False,Sold Out,0 units left (Sold Out),https://crepdogcrew.com/products/bottega-veneta-slider-green
https://crepdogcrew.com,9202938446070,Bottega Veneta Slider GREEN,BOTTEGA,Bottega Veneta,49250422653174,GREEN / UK 9,,27499.00,False,Sold Out,0 units left (Sold Out),https://crepdogcrew.com/products/bottega-veneta-slider-green
https://crepdogcrew.com,9364812267766,On Running LightSpray CLOUDMONSTER LOEWE WHITE,Sneaker Shoes,ON,50589400891638,WHITE / UK 5,CL64180,115000.00,False,Sold Out,0 units left (Sold Out),https://crepdogcrew.com/products/on-running-lightspray-loewe-white
https://crepdogcrew.com,9364812267766,On Running LightSpray CLOUDMONSTER LOEWE WHITE,Sneaker Shoes,ON,50589400924406,WHITE / UK 5.5,CL64181,115000.00,False,Sold Out,0 units left (Sold Out),https://crepdogcrew.com/products/on-running-lightspray-loewe-white
https://crepdogcrew.com,9364812267766,On Running LightSpray CLOUDMONSTER LOEWE WHITE,Sneaker Shoes,ON,50589400957174,WHITE / UK 6,CL64182,115000.00,False,Sold Out,0 units left (Sold Out),https://crepdogcrew.com/products/on-running-lightspray-loewe-white
https://crepdogcrew.com,9364812267766,On Running LightSpray CLOUDMONSTER LOEWE WHITE,Sneaker Shoes,ON,50589400989942,WHITE / UK 6.5,CL64183,115000.00,False,Sold Out,0 units left (Sold Out),https://crepdogcrew.com/products/on-running-lightspray-loewe-white
https://crepdogcrew.com,9364812267766,On Running LightSpray CLOUDMONSTER LOEWE WHITE,Sneaker Shoes,ON,50589401022710,WHITE / UK 7,CL64184,115000.00,False,Sold Out,0 units left (Sold Out),https://crepdogcrew.com/products/on-running-lightspray-loewe-white
https://crepdogcrew.com,9364812267766,On Running LightSpray CLOUDMONSTER LOEWE WHITE,Sneaker Shoes,ON,50589401055478,WHITE / UK 7.5,CL64185,115000.00,False,Sold Out,0 units left (Sold Out),https://crepdogcrew.com/products/on-running-lightspray-loewe-white
https://crepdogcrew.com,9364812267766,On Running LightSpray CLOUDMONSTER LOEWE WHITE,Sneaker Shoes,ON,50589401088246,WHITE / UK 8,CL64186,115000.00,False,Sold Out,0 units left (Sold Out),https://crepdogcrew.com/products/on-running-lightspray-loewe-white
https://crepdogcrew.com,9364812267766,On Running LightSpray CLOUDMONSTER LOEWE WHITE,Sneaker Shoes,ON,50589401121014,WHITE / UK 8.5,CL64187,115000.00,False,Sold Out,0 units left (Sold Out),https://crepdogcrew.com/products/on-running-lightspray-loewe-white
https://crepdogcrew.com,9364812267766,On Running LightSpray CLOUDMONSTER LOEWE WHITE,Sneaker Shoes,ON,50589401153782,WHITE / UK 9,CL64188,109999.00,True,Available,In Stock,https://crepdogcrew.com/products/on-running-lightspray-loewe-white
https://crepdogcrew.com,9364812267766,On Running LightSpray CLOUDMONSTER LOEWE WHITE,Sneaker Shoes,ON,50589401186550,WHITE / UK 9.5,CL64189,115000.00,False,Sold Out,0 units left (Sold Out),https://crepdogcrew.com/products/on-running-lightspray-loewe-white
https://crepdogcrew.com,9364812267766,On Running LightSpray CLOUDMONSTER LOEWE WHITE,Sneaker Shoes,ON,50589401219318,WHITE / UK 10,CL64190,115000.00,False,Sold Out,0 units left (Sold Out),https://crepdogcrew.com/products/on-running-lightspray-loewe-white
https://crepdogcrew.com,9364812267766,On Running LightSpray CLOUDMONSTER LOEWE WHITE,Sneaker Shoes,ON,50589401252086,WHITE / UK 10.5,CL64191,115000.00,False,Sold Out,0 units left (Sold Out),https://crepdogcrew.com/products/on-running-lightspray-loewe-white
https://crepdogcrew.com,9364812267766,On Running LightSpray CLOUDMONSTER LOEWE WHITE,Sneaker Shoes,ON,50589401284854,WHITE / UK 11,CL64192,115000.00,False,Sold Out,0 units left (Sold Out),https://crepdogcrew.com/products/on-running-lightspray-loewe-white
https://crepdogcrew.com,9364812267766,On Running LightSpray CLOUDMONSTER LOEWE WHITE,Sneaker Shoes,ON,50589401317622,WHITE / UK 11.5,CL64193,115000.00,False,Sold Out,0 units left (Sold Out),https://crepdogcrew.com/products/on-running-lightspray-loewe-white
https://crepdogcrew.com,9364812267766,On Running LightSpray CLOUDMONSTER LOEWE WHITE,Sneaker Shoes,ON,50589401350390,WHITE / UK 12,CL64194,115000.00,False,Sold Out,0 units left (Sold Out),https://crepdogcrew.com/products/on-running-lightspray-loewe-white
https://crepdogcrew.com,9495044096246,Ignition - Jersey (Red),Streetwear Jersey,Instinct First,51459296657654,XS,CL,2499.00,False,Sold Out,0 units left (Sold Out),https://crepdogcrew.com/products/ignition-jersey-red
https://crepdogcrew.com,9495044096246,Ignition - Jersey (Red),Streetwear Jersey,Instinct First,51459296690422,S,CL,2499.00,True,Available,In Stock,https://crepdogcrew.com/products/ignition-jersey-red
https://crepdogcrew.com,9495044096246,Ignition - Jersey (Red),Streetwear Jersey,Instinct First,51459296723190,M,CL,2499.00,True,Available,In Stock,https://crepdogcrew.com/products/ignition-jersey-red
https://crepdogcrew.com,9495044096246,Ignition - Jersey (Red),Streetwear Jersey,Instinct First,51459296755958,L,CL,2499.00,True,Available,In Stock,https://crepdogcrew.com/products/ignition-jersey-red
https://crepdogcrew.com,9495044096246,Ignition - Jersey (Red),Streetwear Jersey,Instinct First,51459296788726,XL,CL,2499.00,True,Available,In Stock,https://crepdogcrew.com/products/ignition-jersey-red
https://crepdogcrew.com,9495044096246,Ignition - Jersey (Red),Streetwear Jersey,Instinct First,51459296821494,XXL,CL,2499.00,False,Sold Out,0 units left (Sold Out),https://crepdogcrew.com/products/ignition-jersey-red
https://crepdogcrew.com,9495044063478,Ignition - Jersey (Black),Streetwear Jersey,Instinct First,51459296428278,XS,,2499.00,False,Sold Out,0 units left (Sold Out),https://crepdogcrew.com/products/ignition-jersey-black
https://crepdogcrew.com,9495044063478,Ignition - Jersey (Black),Streetwear Jersey,Instinct First,51459296461046,S,,2499.00,True,Available,In Stock,https://crepdogcrew.com/products/ignition-jersey-black
https://crepdogcrew.com,9495044063478,Ignition - Jersey (Black),Streetwear Jersey,Instinct First,51459296493814,M,,2499.00,True,Available,In Stock,https://crepdogcrew.com/products/ignition-jersey-black
https://crepdogcrew.com,9495044063478,Ignition - Jersey (Black),Streetwear Jersey,Instinct First,51459296526582,L,,2499.00,True,Available,In Stock,https://crepdogcrew.com/products/ignition-jersey-black
https://crepdogcrew.com,9495044063478,Ignition - Jersey (Black),Streetwear Jersey,Instinct First,51459296559350,XL,,2499.00,True,Available,In Stock,https://crepdogcrew.com/products/ignition-jersey-black
https://crepdogcrew.com,9495044063478,Ignition - Jersey (Black),Streetwear Jersey,Instinct First,51459296592118,XXL,,2499.00,False,Sold Out,0 units left (Sold Out),https://crepdogcrew.com/products/ignition-jersey-black
https://crepdogcrew.com,9495044129014,Ignition - Jersey (Blue),Streetwear Jersey,Instinct First,51459296919798,XS,CL,2499.00,False,Sold Out,0 units left (Sold Out),https://crepdogcrew.com/products/ignition-jersey-blue
https://crepdogcrew.com,9495044129014,Ignition - Jersey (Blue),Streetwear Jersey,Instinct First,51459296952566,S,CL,2499.00,True,Available,In Stock,https://crepdogcrew.com/products/ignition-jersey-blue
https://crepdogcrew.com,9495044129014,Ignition - Jersey (Blue),Streetwear Jersey,Instinct First,51459296985334,M,CL,2499.00,True,Available,In Stock,https://crepdogcrew.com/products/ignition-jersey-blue
https://crepdogcrew.com,9495044129014,Ignition - Jersey (Blue),Streetwear Jersey,Instinct First,51459297018102,L,CL,2499.00,True,Available,In Stock,https://crepdogcrew.com/products/ignition-jersey-blue
https://crepdogcrew.com,9495044129014,Ignition - Jersey (Blue),Streetwear Jersey,Instinct First,51459297050870,XL,CL,2499.00,True,Available,In Stock,https://crepdogcrew.com/products/ignition-jersey-blue
https://crepdogcrew.com,9495044129014,Ignition - Jersey (Blue),Streetwear Jersey,Instinct First,51459297083638,XXL,CL,2499.00,False,Sold Out,0 units left (Sold Out),https://crepdogcrew.com/products/ignition-jersey-blue
https://crepdogcrew.com,9495043965174,Splash of Instincts - Oversized T-shirt (White),Streetwear T-Shirt,Instinct First,51459296067830,XS,CL,2499.00,True,Available,In Stock,https://crepdogcrew.com/products/splash-of-instincts-oversized-t-shirt-white
https://crepdogcrew.com,9495043965174,Splash of Instincts - Oversized T-shirt (White),Streetwear T-Shirt,Instinct First,51459296100598,S,CL,2499.00,True,Available,In Stock,https://crepdogcrew.com/products/splash-of-instincts-oversized-t-shirt-white
https://crepdogcrew.com,9495043965174,Splash of Instincts - Oversized T-shirt (White),Streetwear T-Shirt,Instinct First,51459296133366,M,CL,2499.00,True,Available,In Stock,https://crepdogcrew.com/products/splash-of-instincts-oversized-t-shirt-white
https://crepdogcrew.com,9495043965174,Splash of Instincts - Oversized T-shirt (White),Streetwear T-Shirt,Instinct First,51459296166134,L,CL,2499.00,True,Available,In Stock,https://crepdogcrew.com/products/splash-of-instincts-oversized-t-shirt-white
https://crepdogcrew.com,9495043965174,Splash of Instincts - Oversized T-shirt (White),Streetwear T-Shirt,Instinct First,51459296198902,XL,CL,2499.00,True,Available,In Stock,https://crepdogcrew.com/products/splash-of-instincts-oversized-t-shirt-white
https://crepdogcrew.com,9495043965174,Splash of Instincts - Oversized T-shirt (White),Streetwear T-Shirt,Instinct First,51459296231670,XXL,CL,2499.00,True,Available,In Stock,https://crepdogcrew.com/products/splash-of-instincts-oversized-t-shirt-white
https://crepdogcrew.com,9495043932406,Splash of Instincts - Oversized T-Shirt (Black),Streetwear T-Shirt,Instinct First,51459295838454,XS,CL,2499.00,True,Available,In Stock,https://crepdogcrew.com/products/splash-of-instincts-oversized-t-shirt-black
https://crepdogcrew.com,9495043932406,Splash of Instincts - Oversized T-Shirt (Black),Streetwear T-Shirt,Instinct First,51459295871222,S,CL,2499.00,True,Available,In Stock,https://crepdogcrew.com/products/splash-of-instincts-oversized-t-shirt-black
https://crepdogcrew.com,9495043932406,Splash of Instincts - Oversized T-Shirt (Black),Streetwear T-Shirt,Instinct First,51459295903990,M,CL,2499.00,True,Available,In Stock,https://crepdogcrew.com/products/splash-of-instincts-oversized-t-shirt-black
https://crepdogcrew.com,9495043932406,Splash of Instincts - Oversized T-Shirt (Black),Streetwear T-Shirt,Instinct First,51459295936758,L,CL,2499.00,True,Available,In Stock,https://crepdogcrew.com/products/splash-of-instincts-oversized-t-shirt-black
https://crepdogcrew.com,9495043932406,Splash of Instincts - Oversized T-Shirt (Black),Streetwear T-Shirt,Instinct First,51459295969526,XL,CL,2499.00,True,Available,In Stock,https://crepdogcrew.com/products/splash-of-instincts-oversized-t-shirt-black
https://crepdogcrew.com,9495043932406,Splash of Instincts - Oversized T-Shirt (Black),Streetwear T-Shirt,Instinct First,51459296002294,XXL,CL,2499.00,True,Available,In Stock,https://crepdogcrew.com/products/splash-of-instincts-oversized-t-shirt-black
https://crepdogcrew.com,9495043866870,Clubhouse - Sweatpants (White),Streetwear Pants Trousers,Instinct First,51487719293174,S,CL,2499.00,True,Available,In Stock,https://crepdogcrew.com/products/clubhouse-sweatpants-white-1
https://crepdogcrew.com,9495043866870,Clubhouse - Sweatpants (White),Streetwear Pants Trousers,Instinct First,51487719325942,M,CL,2499.00,True,Available,In Stock,https://crepdogcrew.com/products/clubhouse-sweatpants-white-1
https://crepdogcrew.com,9495043866870,Clubhouse - Sweatpants (White),Streetwear Pants Trousers,Instinct First,51487719358710,L,CL,2499.00,True,Available,In Stock,https://crepdogcrew.com/products/clubhouse-sweatpants-white-1
https://crepdogcrew.com,9495043866870,Clubhouse - Sweatpants (White),Streetwear Pants Trousers,Instinct First,51487719391478,XL,CL,2499.00,True,Available,In Stock,https://crepdogcrew.com/products/clubhouse-sweatpants-white-1
https://crepdogcrew.com,9495043834102,Pill- Oversized T-Shirt (Navy Blue),Streetwear T-Shirt,Instinct First,51475568165110,XS,CL,2499.00,True,Available,In Stock,https://crepdogcrew.com/products/pill-oversized-t-shirt-navy-blue-1
https://crepdogcrew.com,9495043834102,Pill- Oversized T-Shirt (Navy Blue),Streetwear T-Shirt,Instinct First,51475568197878,S,CL,2499.00,True,Available,In Stock,https://crepdogcrew.com/products/pill-oversized-t-shirt-navy-blue-1
https://crepdogcrew.com,9495043834102,Pill- Oversized T-Shirt (Navy Blue),Streetwear T-Shirt,Instinct First,51475568230646,M,CL,2499.00,True,Available,In Stock,https://crepdogcrew.com/products/pill-oversized-t-shirt-navy-blue-1
https://crepdogcrew.com,9495043834102,Pill- Oversized T-Shirt (Navy Blue),Streetwear T-Shirt,Instinct First,51475568263414,L,CL,2499.00,True,Available,In Stock,https://crepdogcrew.com/products/pill-oversized-t-shirt-navy-blue-1
https://crepdogcrew.com,9495043834102,Pill- Oversized T-Shirt (Navy Blue),Streetwear T-Shirt,Instinct First,51475568296182,XL,CL,2499.00,True,Available,In Stock,https://crepdogcrew.com/products/pill-oversized-t-shirt-navy-blue-1
https://crepdogcrew.com,9495043834102,Pill- Oversized T-Shirt (Navy Blue),Streetwear T-Shirt,Instinct First,51475568328950,XXL,CL,2499.00,True,Available,In Stock,https://crepdogcrew.com/products/pill-oversized-t-shirt-navy-blue-1
https://crepdogcrew.com,9495043735798,Papaya Ranger - Oversized T-shirt (Black),Streetwear T-Shirt,Instinct First,51492545167606,XS,CL,3999.00,False,Sold Out,0 units left (Sold Out),https://crepdogcrew.com/products/papaya-ranger-oversized-t-shirt-black-1
https://crepdogcrew.com,9495043735798,Papaya Ranger - Oversized T-shirt (Black),Streetwear T-Shirt,Instinct First,51492545200374,S,CL,3999.00,True,Available,In Stock,https://crepdogcrew.com/products/papaya-ranger-oversized-t-shirt-black-1
https://crepdogcrew.com,9495043735798,Papaya Ranger - Oversized T-shirt (Black),Streetwear T-Shirt,Instinct First,51492545233142,M,CL,3999.00,True,Available,In Stock,https://crepdogcrew.com/products/papaya-ranger-oversized-t-shirt-black-1
https://crepdogcrew.com,9495043735798,Papaya Ranger - Oversized T-shirt (Black),Streetwear T-Shirt,Instinct First,51492545265910,L,CL,3999.00,True,Available,In Stock,https://crepdogcrew.com/products/papaya-ranger-oversized-t-shirt-black-1
https://crepdogcrew.com,9495043735798,Papaya Ranger - Oversized T-shirt (Black),Streetwear T-Shirt,Instinct First,51492545298678,XL,CL,3999.00,True,Available,In Stock,https://crepdogcrew.com/products/papaya-ranger-oversized-t-shirt-black-1
https://crepdogcrew.com,9495043735798,Papaya Ranger - Oversized T-shirt (Black),Streetwear T-Shirt,Instinct First,51492545331446,XXL,CL,3999.00,True,Available,In Stock,https://crepdogcrew.com/products/papaya-ranger-oversized-t-shirt-black-1
https://crepdogcrew.com,9495043703030,Blue Cage Oversized T-shirt - (Blue),Streetwear T-Shirt,Instinct First,51459294953718,S / Navy Blue,CL,2499.00,True,Available,In Stock,https://crepdogcrew.com/products/blue-cage-oversized-t-shirt-blue
https://crepdogcrew.com,9495043703030,Blue Cage Oversized T-shirt - (Blue),Streetwear T-Shirt,Instinct First,51459294986486,M / Navy Blue,CL,2499.00,True,Available,In Stock,https://crepdogcrew.com/products/blue-cage-oversized-t-shirt-blue
https://crepdogcrew.com,9495043703030,Blue Cage Oversized T-shirt - (Blue),Streetwear T-Shirt,Instinct First,51459295019254,L / Navy Blue,CL,2499.00,True,Available,In Stock,https://crepdogcrew.com/products/blue-cage-oversized-t-shirt-blue
https://crepdogcrew.com,9495043703030,Blue Cage Oversized T-shirt - (Blue),Streetwear T-Shirt,Instinct First,51459295052022,XL / Navy Blue,CL,2499.00,True,Available,In Stock,https://crepdogcrew.com/products/blue-cage-oversized-t-shirt-blue
https://crepdogcrew.com,9495043637494,Oversized Shorts (Midnight Blue),Streetwear Shorts,Instinct First,51459294691574,XS,CL,2199.00,True,Available,In Stock,https://crepdogcrew.com/products/oversized-shorts-midnight-blue
https://crepdogcrew.com,9495043637494,Oversized Shorts (Midnight Blue),Streetwear Shorts,Instinct First,51459294724342,S,CL,2199.00,True,Available,In Stock,https://crepdogcrew.com/products/oversized-shorts-midnight-blue
https://crepdogcrew.com,9495043637494,Oversized Shorts (Midnight Blue),Streetwear Shorts,Instinct First,51459294757110,M,CL,2199.00,False,Sold Out,0 units left (Sold Out),https://crepdogcrew.com/products/oversized-shorts-midnight-blue
https://crepdogcrew.com,9495043637494,Oversized Shorts (Midnight Blue),Streetwear Shorts,Instinct First,51459294789878,L,CL,2199.00,True,Available,In Stock,https://crepdogcrew.com/products/oversized-shorts-midnight-blue
https://crepdogcrew.com,9495043637494,Oversized Shorts (Midnight Blue),Streetwear Shorts,Instinct First,51459294822646,XL,CL,2199.00,False,Sold Out,0 units left (Sold Out),https://crepdogcrew.com/products/oversized-shorts-midnight-blue
https://crepdogcrew.com,9495043637494,Oversized Shorts (Midnight Blue),Streetwear Shorts,Instinct First,51459294855414,XXL,CL,2199.00,False,Sold Out,0 units left (Sold Out),https://crepdogcrew.com/products/oversized-shorts-midnight-blue
https://crepdogcrew.com,9495043571958,Inverted Polaroid Oversized T-shirt - (Beige),Streetwear T-Shirt,Instinct First,51459294527734,S,CL,2499.00,False,Sold Out,0 units left (Sold Out),https://crepdogcrew.com/products/inverted-polaroid-oversized-t-shirt-beige
https://crepdogcrew.com,9495043571958,Inverted Polaroid Oversized T-shirt - (Beige),Streetwear T-Shirt,Instinct First,51459294560502,M,CL,2499.00,True,Available,In Stock,https://crepdogcrew.com/products/inverted-polaroid-oversized-t-shirt-beige
https://crepdogcrew.com,9495043571958,Inverted Polaroid Oversized T-shirt - (Beige),Streetwear T-Shirt,Instinct First,51459294593270,L,CL,2499.00,True,Available,In Stock,https://crepdogcrew.com/products/inverted-polaroid-oversized-t-shirt-beige
https://crepdogcrew.com,9495043571958,Inverted Polaroid Oversized T-shirt - (Beige),Streetwear T-Shirt,Instinct First,51459294626038,XL,CL,2499.00,True,Available,In Stock,https://crepdogcrew.com/products/inverted-polaroid-oversized-t-shirt-beige
https://crepdogcrew.com,9495043539190,Oversized T-Shirt - (Austere Amber),Streetwear T-Shirt,Instinct First,51459294265590,XS,,2199.00,True,Available,In Stock,https://crepdogcrew.com/products/oversized-t-shirt-austere-amber
https://crepdogcrew.com,9495043539190,Oversized T-Shirt - (Austere Amber),Streetwear T-Shirt,Instinct First,51459294298358,S,,2199.00,True,Available,In Stock,https://crepdogcrew.com/products/oversized-t-shirt-austere-amber
https://crepdogcrew.com,9495043539190,Oversized T-Shirt - (Austere Amber),Streetwear T-Shirt,Instinct First,51459294331126,M,,2199.00,True,Available,In Stock,https://crepdogcrew.com/products/oversized-t-shirt-austere-amber
https://crepdogcrew.com,9495043539190,Oversized T-Shirt - (Austere Amber),Streetwear T-Shirt,Instinct First,51459294363894,L,,2199.00,True,Available,In Stock,https://crepdogcrew.com/products/oversized-t-shirt-austere-amber
https://crepdogcrew.com,9495043539190,Oversized T-Shirt - (Austere Amber),Streetwear T-Shirt,Instinct First,51459294396662,XL,,2199.00,False,Sold Out,0 units left (Sold Out),https://crepdogcrew.com/products/oversized-t-shirt-austere-amber
https://crepdogcrew.com,9495043539190,Oversized T-Shirt - (Austere Amber),Streetwear T-Shirt,Instinct First,51459294429430,XXL,,2199.00,False,Sold Out,0 units left (Sold Out),https://crepdogcrew.com/products/oversized-t-shirt-austere-amber
https://crepdogcrew.com,9495043440886,Oversized Polo T-shirt - Seeker Purple,Streetwear T-Shirt,Instinct First,51459294036214,S,CL,2999.00,False,Sold Out,0 units left (Sold Out),https://crepdogcrew.com/products/oversized-polo-t-shirt-seeker-purple
https://crepdogcrew.com,9495043440886,Oversized Polo T-shirt - Seeker Purple,Streetwear T-Shirt,Instinct First,51459294068982,M,CL,2999.00,False,Sold Out,0 units left (Sold Out),https://crepdogcrew.com/products/oversized-polo-t-shirt-seeker-purple
https://crepdogcrew.com,9495043440886,Oversized Polo T-shirt - Seeker Purple,Streetwear T-Shirt,Instinct First,51459294101750,L,CL,2999.00,True,Available,In Stock,https://crepdogcrew.com/products/oversized-polo-t-shirt-seeker-purple
https://crepdogcrew.com,9495043440886,Oversized Polo T-shirt - Seeker Purple,Streetwear T-Shirt,Instinct First,51459294134518,XL,CL,2999.00,True,Available,In Stock,https://crepdogcrew.com/products/oversized-polo-t-shirt-seeker-purple
https://crepdogcrew.com,9495043342582,Camping Green,Streetwear T-Shirt,Instinct First,51459293642998,S / Green,CL,2999.00,True,Available,In Stock,https://crepdogcrew.com/products/camping-green
https://crepdogcrew.com,9495043342582,Camping Green,Streetwear T-Shirt,Instinct First,51459293675766,M / Green,CL,2999.00,True,Available,In Stock,https://crepdogcrew.com/products/camping-green
https://crepdogcrew.com,9495043342582,Camping Green,Streetwear T-Shirt,Instinct First,51459293708534,L / Green,CL,2999.00,True,Available,In Stock,https://crepdogcrew.com/products/camping-green
https://crepdogcrew.com,9495043342582,Camping Green,Streetwear T-Shirt,Instinct First,51459293741302,XL / Green,CL,2999.00,True,Available,In Stock,https://crepdogcrew.com/products/camping-green
https://crepdogcrew.com,9495043375350,Oversized Polo T-shirt - (Pirate Brown),Streetwear T-Shirt,Instinct First,51459293839606,S,CL,2999.00,True,Available,In Stock,https://crepdogcrew.com/products/oversized-polo-t-shirt-pirate-brown
https://crepdogcrew.com,9495043375350,Oversized Polo T-shirt - (Pirate Brown),Streetwear T-Shirt,Instinct First,51459293872374,M,CL,2999.00,False,Sold Out,0 units left (Sold Out),https://crepdogcrew.com/products/oversized-polo-t-shirt-pirate-brown
https://crepdogcrew.com,9495043375350,Oversized Polo T-shirt - (Pirate Brown),Streetwear T-Shirt,Instinct First,51459293905142,L,CL,2999.00,True,Available,In Stock,https://crepdogcrew.com/products/oversized-polo-t-shirt-pirate-brown
https://crepdogcrew.com,9495043375350,Oversized Polo T-shirt - (Pirate Brown),Streetwear T-Shirt,Instinct First,51459293937910,XL,CL,2999.00,True,Available,In Stock,https://crepdogcrew.com/products/oversized-polo-t-shirt-pirate-brown
https://crepdogcrew.com,9495043277046,Oversized shorts (Iced Coffee),Streetwear Shorts,Instinct First,51459293413622,XS,CL,2199.00,True,Available,In Stock,https://crepdogcrew.com/products/oversized-shorts-iced-coffee
https://crepdogcrew.com,9495043277046,Oversized shorts (Iced Coffee),Streetwear Shorts,Instinct First,51459293446390,S,CL,2199.00,True,Available,In Stock,https://crepdogcrew.com/products/oversized-shorts-iced-coffee
https://crepdogcrew.com,9495043277046,Oversized shorts (Iced Coffee),Streetwear Shorts,Instinct First,51459293479158,M,CL,2199.00,True,Available,In Stock,https://crepdogcrew.com/products/oversized-shorts-iced-coffee
https://crepdogcrew.com,9495043277046,Oversized shorts (Iced Coffee),Streetwear Shorts,Instinct First,51459293511926,L,CL,2199.00,True,Available,In Stock,https://crepdogcrew.com/products/oversized-shorts-iced-coffee
https://crepdogcrew.com,9495043277046,Oversized shorts (Iced Coffee),Streetwear Shorts,Instinct First,51459293544694,XL,CL,2199.00,False,Sold Out,0 units left (Sold Out),https://crepdogcrew.com/products/oversized-shorts-iced-coffee
https://crepdogcrew.com,9495043211510,Oversized cargo pants(Grey),Streetwear Pants Trousers,Instinct First,51459293217014,XS,CL,3499.00,True,Available,In Stock,https://crepdogcrew.com/products/oversized-cargo-pantsgrey
https://crepdogcrew.com,9495043211510,Oversized cargo pants(Grey),Streetwear Pants Trousers,Instinct First,51459293249782,S,CL,3499.00,False,Sold Out,0 units left (Sold Out),https://crepdogcrew.com/products/oversized-cargo-pantsgrey
https://crepdogcrew.com,9495043211510,Oversized cargo pants(Grey),Streetwear Pants Trousers,Instinct First,51459293282550,M,CL,3499.00,False,Sold Out,0 units left (Sold Out),https://crepdogcrew.com/products/oversized-cargo-pantsgrey
https://crepdogcrew.com,9495043211510,Oversized cargo pants(Grey),Streetwear Pants Trousers,Instinct First,51459293315318,L,CL,3499.00,False,Sold Out,0 units left (Sold Out),https://crepdogcrew.com/products/oversized-cargo-pantsgrey
https://crepdogcrew.com,9495043145974,Bold IN - Oversized T-shirt (Navy Blue),Streetwear T-Shirt,Instinct First,51459292954870,XS,CL,2499.00,True,Available,In Stock,https://crepdogcrew.com/products/bold-in-oversized-t-shirt-navy-blue
https://crepdogcrew.com,9495043145974,Bold IN - Oversized T-shirt (Navy Blue),Streetwear T-Shirt,Instinct First,51459292987638,S,CL,2499.00,True,Available,In Stock,https://crepdogcrew.com/products/bold-in-oversized-t-shirt-navy-blue
https://crepdogcrew.com,9495043145974,Bold IN - Oversized T-shirt (Navy Blue),Streetwear T-Shirt,Instinct First,51459293020406,M,CL,2499.00,True,Available,In Stock,https://crepdogcrew.com/products/bold-in-oversized-t-shirt-navy-blue
https://crepdogcrew.com,9495043145974,Bold IN - Oversized T-shirt (Navy Blue),Streetwear T-Shirt,Instinct First,51459293053174,L,CL,2499.00,True,Available,In Stock,https://crepdogcrew.com/products/bold-in-oversized-t-shirt-navy-blue
https://crepdogcrew.com,9495043145974,Bold IN - Oversized T-shirt (Navy Blue),Streetwear T-Shirt,Instinct First,51459293085942,XL,CL,2499.00,True,Available,In Stock,https://crepdogcrew.com/products/bold-in-oversized-t-shirt-navy-blue
https://crepdogcrew.com,9495043145974,Bold IN - Oversized T-shirt (Navy Blue),Streetwear T-Shirt,Instinct First,51459293118710,XXL,CL,2499.00,True,Available,In Stock,https://crepdogcrew.com/products/bold-in-oversized-t-shirt-navy-blue
https://crepdogcrew.com,9495043047670,Caribbean Oversized Shorts,Streetwear Shorts,Instinct First,51459292561654,S,CL,1499.00,True,Available,In Stock,https://crepdogcrew.com/products/caribbean-oversized-shorts
https://crepdogcrew.com,9495043047670,Caribbean Oversized Shorts,Streetwear Shorts,Instinct First,51459292594422,M,CL,1499.00,True,Available,In Stock,https://crepdogcrew.com/products/caribbean-oversized-shorts
https://crepdogcrew.com,9495043047670,Caribbean Oversized Shorts,Streetwear Shorts,Instinct First,51459292627190,L,CL,1499.00,True,Available,In Stock,https://crepdogcrew.com/products/caribbean-oversized-shorts
https://crepdogcrew.com,9495042949366,Caribbean Oversized Shirt - Resort Wear,Streetwear Shirts,Instinct First,51459292365046,S,CL,2499.00,True,Available,In Stock,https://crepdogcrew.com/products/caribbean-oversized-shirt-resort-wear
https://crepdogcrew.com,9495042949366,Caribbean Oversized Shirt - Resort Wear,Streetwear Shirts,Instinct First,51459292397814,M,CL,2499.00,True,Available,In Stock,https://crepdogcrew.com/products/caribbean-oversized-shirt-resort-wear
https://crepdogcrew.com,9495042949366,Caribbean Oversized Shirt - Resort Wear,Streetwear Shirts,Instinct First,51459292430582,L,CL,2499.00,True,Available,In Stock,https://crepdogcrew.com/products/caribbean-oversized-shirt-resort-wear
https://crepdogcrew.com,9495043080438,Institute Of Instincts - Oversized T-shirt (Black),Streetwear T-Shirt,Instinct First,51459292725494,XS,CL,3499.00,False,Sold Out,0 units left (Sold Out),https://crepdogcrew.com/products/institute-of-instincts-oversized-t-shirt-black
https://crepdogcrew.com,9495043080438,Institute Of Instincts - Oversized T-shirt (Black),Streetwear T-Shirt,Instinct First,51459292758262,S,CL,3499.00,True,Available,In Stock,https://crepdogcrew.com/products/institute-of-instincts-oversized-t-shirt-black
https://crepdogcrew.com,9495043080438,Institute Of Instincts - Oversized T-shirt (Black),Streetwear T-Shirt,Instinct First,51459292791030,M,CL,3499.00,True,Available,In Stock,https://crepdogcrew.com/products/institute-of-instincts-oversized-t-shirt-black
https://crepdogcrew.com,9495043080438,Institute Of Instincts - Oversized T-shirt (Black),Streetwear T-Shirt,Instinct First,51459292823798,L,CL,3499.00,True,Available,In Stock,https://crepdogcrew.com/products/institute-of-instincts-oversized-t-shirt-black
https://crepdogcrew.com,9495043080438,Institute Of Instincts - Oversized T-shirt (Black),Streetwear T-Shirt,Instinct First,51459292856566,XL,CL,3499.00,True,Available,In Stock,https://crepdogcrew.com/products/institute-of-instincts-oversized-t-shirt-black
https://crepdogcrew.com,9495043080438,Institute Of Instincts - Oversized T-shirt (Black),Streetwear T-Shirt,Instinct First,51459292889334,XXL,CL,3499.00,True,Available,In Stock,https://crepdogcrew.com/products/institute-of-instincts-oversized-t-shirt-black
https://crepdogcrew.com,9495042916598,Brazillian Oversized Shorts,Streetwear Shorts,Instinct First,51459292233974,S,CL,1499.00,True,Available,In Stock,https://crepdogcrew.com/products/brazillian-oversized-shorts
https://crepdogcrew.com,9495042916598,Brazillian Oversized Shorts,Streetwear Shorts,Instinct First,51459292266742,M,CL,1499.00,False,Sold Out,0 units left (Sold Out),https://crepdogcrew.com/products/brazillian-oversized-shorts
https://crepdogcrew.com,9495042916598,Brazillian Oversized Shorts,Streetwear Shorts,Instinct First,51459292299510,L,CL,1499.00,False,Sold Out,0 units left (Sold Out),https://crepdogcrew.com/products/brazillian-oversized-shorts
https://crepdogcrew.com,9495042752758,Blue Moon - Oversized T-shirt (White),Streetwear T-Shirt,Instinct First,51459291578614,XS,,2799.00,False,Sold Out,0 units left (Sold Out),https://crepdogcrew.com/products/blue-moon-oversized-t-shirt-white
https://crepdogcrew.com,9495042752758,Blue Moon - Oversized T-shirt (White),Streetwear T-Shirt,Instinct First,51459291611382,S,,2799.00,False,Sold Out,0 units left (Sold Out),https://crepdogcrew.com/products/blue-moon-oversized-t-shirt-white
https://crepdogcrew.com,9495042752758,Blue Moon - Oversized T-shirt (White),Streetwear T-Shirt,Instinct First,51459291644150,M,,2799.00,True,Available,In Stock,https://crepdogcrew.com/products/blue-moon-oversized-t-shirt-white
https://crepdogcrew.com,9495042752758,Blue Moon - Oversized T-shirt (White),Streetwear T-Shirt,Instinct First,51459291676918,L,,2799.00,True,Available,In Stock,https://crepdogcrew.com/products/blue-moon-oversized-t-shirt-white
https://crepdogcrew.com,9495042752758,Blue Moon - Oversized T-shirt (White),Streetwear T-Shirt,Instinct First,51459291709686,XL,,2799.00,True,Available,In Stock,https://crepdogcrew.com/products/blue-moon-oversized-t-shirt-white
https://crepdogcrew.com,9495042752758,Blue Moon - Oversized T-shirt (White),Streetwear T-Shirt,Instinct First,51459291742454,XXL,,2799.00,False,Sold Out,0 units left (Sold Out),https://crepdogcrew.com/products/blue-moon-oversized-t-shirt-white
https://crepdogcrew.com,9495042851062,Oversized Sweatshirts (Iced Coffee),Streetwear Sweatshirt Hoodies,Instinct First,51459291971830,XS,CL,3499.00,True,Available,In Stock,https://crepdogcrew.com/products/oversized-sweatshirts-iced-coffee
https://crepdogcrew.com,9495042851062,Oversized Sweatshirts (Iced Coffee),Streetwear Sweatshirt Hoodies,Instinct First,51459292004598,S,CL,3499.00,True,Available,In Stock,https://crepdogcrew.com/products/oversized-sweatshirts-iced-coffee
https://crepdogcrew.com,9495042851062,Oversized Sweatshirts (Iced Coffee),Streetwear Sweatshirt Hoodies,Instinct First,51459292037366,M,CL,3499.00,True,Available,In Stock,https://crepdogcrew.com/products/oversized-sweatshirts-iced-coffee
https://crepdogcrew.com,9495042851062,Oversized Sweatshirts (Iced Coffee),Streetwear Sweatshirt Hoodies,Instinct First,51459292070134,L,CL,3499.00,True,Available,In Stock,https://crepdogcrew.com/products/oversized-sweatshirts-iced-coffee
https://crepdogcrew.com,9495042851062,Oversized Sweatshirts (Iced Coffee),Streetwear Sweatshirt Hoodies,Instinct First,51459292102902,XL,CL,3499.00,True,Available,In Stock,https://crepdogcrew.com/products/oversized-sweatshirts-iced-coffee
https://crepdogcrew.com,9495042851062,Oversized Sweatshirts (Iced Coffee),Streetwear Sweatshirt Hoodies,Instinct First,51459292135670,XXL,CL,3499.00,True,Available,In Stock,https://crepdogcrew.com/products/oversized-sweatshirts-iced-coffee
https://crepdogcrew.com,9495042785526,Brazillian Oversized Shirt - Resort Wear,Streetwear Shirts,Instinct First,51459291840758,S,CL,2499.00,True,Available,In Stock,https://crepdogcrew.com/products/brazillian-oversized-shirt-resort-wear
https://crepdogcrew.com,9495042785526,Brazillian Oversized Shirt - Resort Wear,Streetwear Shirts,Instinct First,51459291873526,M,CL,2499.00,True,Available,In Stock,https://crepdogcrew.com/products/brazillian-oversized-shirt-resort-wear
https://crepdogcrew.com,9495042785526,Brazillian Oversized Shirt - Resort Wear,Streetwear Shirts,Instinct First,51459291906294,L,CL,2499.00,True,Available,In Stock,https://crepdogcrew.com/products/brazillian-oversized-shirt-resort-wear
https://crepdogcrew.com,9495042654454,Egyptian Oversized Shorts,Streetwear Shorts,Instinct First,51459291382006,S,CL,1499.00,True,Available,In Stock,https://crepdogcrew.com/products/egyptian-oversized-shorts
https://crepdogcrew.com,9495042654454,Egyptian Oversized Shorts,Streetwear Shorts,Instinct First,51459291414774,M,CL,1499.00,False,Sold Out,0 units left (Sold Out),https://crepdogcrew.com/products/egyptian-oversized-shorts
https://crepdogcrew.com,9495042654454,Egyptian Oversized Shorts,Streetwear Shorts,Instinct First,51459291447542,L,CL,1499.00,False,Sold Out,0 units left (Sold Out),https://crepdogcrew.com/products/egyptian-oversized-shorts
https://crepdogcrew.com,9495031808246,Blue Beats - Oversized T-shirt (Blue),Streetwear T-Shirt,Instinct First,51459249733878,XS,CL,2499.00,False,Sold Out,0 units left (Sold Out),https://crepdogcrew.com/products/blue-beats-oversized-t-shirt-blue
https://crepdogcrew.com,9495031808246,Blue Beats - Oversized T-shirt (Blue),Streetwear T-Shirt,Instinct First,51459249766646,S,CL,2499.00,True,Available,In Stock,https://crepdogcrew.com/products/blue-beats-oversized-t-shirt-blue
https://crepdogcrew.com,9495031808246,Blue Beats - Oversized T-shirt (Blue),Streetwear T-Shirt,Instinct First,51459249799414,M,CL,2499.00,False,Sold Out,0 units left (Sold Out),https://crepdogcrew.com/products/blue-beats-oversized-t-shirt-blue
https://crepdogcrew.com,9495031808246,Blue Beats - Oversized T-shirt (Blue),Streetwear T-Shirt,Instinct First,51459249832182,L,CL,2499.00,False,Sold Out,0 units left (Sold Out),https://crepdogcrew.com/products/blue-beats-oversized-t-shirt-blue
https://crepdogcrew.com,9495031808246,Blue Beats - Oversized T-shirt (Blue),Streetwear T-Shirt,Instinct First,51459249864950,XL,CL,2499.00,False,Sold Out,0 units left (Sold Out),https://crepdogcrew.com/products/blue-beats-oversized-t-shirt-blue
https://crepdogcrew.com,9495031808246,Blue Beats - Oversized T-shirt (Blue),Streetwear T-Shirt,Instinct First,51459249897718,XXL,CL,2499.00,True,Available,In Stock,https://crepdogcrew.com/products/blue-beats-oversized-t-shirt-blue
https://crepdogcrew.com,9495031742710,Oversized Cargo pants (Black),Streetwear Pants Trousers,Instinct First,51459249537270,XS / Black,,3499.00,True,Available,In Stock,https://crepdogcrew.com/products/oversized-cargo-pants-black
https://crepdogcrew.com,9495031742710,Oversized Cargo pants (Black),Streetwear Pants Trousers,Instinct First,51459249570038,S / Black,,3499.00,False,Sold Out,0 units left (Sold Out),https://crepdogcrew.com/products/oversized-cargo-pants-black
https://crepdogcrew.com,9495031742710,Oversized Cargo pants (Black),Streetwear Pants Trousers,Instinct First,51459249602806,M / Black,,3499.00,False,Sold Out,0 units left (Sold Out),https://crepdogcrew.com/products/oversized-cargo-pants-black
https://crepdogcrew.com,9495031742710,Oversized Cargo pants (Black),Streetwear Pants Trousers,Instinct First,51459249635574,L / Black,,3499.00,False,Sold Out,0 units left (Sold Out),https://crepdogcrew.com/products/oversized-cargo-pants-black
https://crepdogcrew.com,9495031709942,Cut out - Oversized T-shirt (Black),Streetwear T-Shirt,Instinct First,51459249340662,S,CL,2999.00,True,Available,In Stock,https://crepdogcrew.com/products/cut-out-oversized-t-shirt-black
https://crepdogcrew.com,9495031709942,Cut out - Oversized T-shirt (Black),Streetwear T-Shirt,Instinct First,51459249373430,M,CL,2999.00,True,Available,In Stock,https://crepdogcrew.com/products/cut-out-oversized-t-shirt-black
https://crepdogcrew.com,9495031709942,Cut out - Oversized T-shirt (Black),Streetwear T-Shirt,Instinct First,51459249406198,L,CL,2999.00,True,Available,In Stock,https://crepdogcrew.com/products/cut-out-oversized-t-shirt-black
https://crepdogcrew.com,9495031709942,Cut out - Oversized T-shirt (Black),Streetwear T-Shirt,Instinct First,51459249438966,XL,CL,2999.00,True,Available,In Stock,https://crepdogcrew.com/products/cut-out-oversized-t-shirt-black
https://crepdogcrew.com,9495031709942,Cut out - Oversized T-shirt (Black),Streetwear T-Shirt,Instinct First,51459249471734,XXL,CL,2999.00,False,Sold Out,0 units left (Sold Out),https://crepdogcrew.com/products/cut-out-oversized-t-shirt-black
https://crepdogcrew.com,9495031578870,Inverted PolaroidOversized T-shirt - (Onion Red),Streetwear T-Shirt,Instinct First,51459249012982,S,CL,2499.00,True,Available,In Stock,https://crepdogcrew.com/products/inverted-polaroidoversized-t-shirt-onion-red
https://crepdogcrew.com,9495031578870,Inverted PolaroidOversized T-shirt - (Onion Red),Streetwear T-Shirt,Instinct First,51459249045750,M,CL,2499.00,True,Available,In Stock,https://crepdogcrew.com/products/inverted-polaroidoversized-t-shirt-onion-red
https://crepdogcrew.com,9495031578870,Inverted PolaroidOversized T-shirt - (Onion Red),Streetwear T-Shirt,Instinct First,51459249078518,L,CL,2499.00,True,Available,In Stock,https://crepdogcrew.com/products/inverted-polaroidoversized-t-shirt-onion-red
https://crepdogcrew.com,9495031578870,Inverted PolaroidOversized T-shirt - (Onion Red),Streetwear T-Shirt,Instinct First,51459249111286,XL,CL,2499.00,True,Available,In Stock,https://crepdogcrew.com/products/inverted-polaroidoversized-t-shirt-onion-red
https://crepdogcrew.com,9495031644406,Cuban Oversized Shorts (Blue),Streetwear Shorts,Instinct First,51459249176822,S,,1499.00,True,Available,In Stock,https://crepdogcrew.com/products/cuban-oversized-shorts-blue
https://crepdogcrew.com,9495031644406,Cuban Oversized Shorts (Blue),Streetwear Shorts,Instinct First,51459249209590,M,,1499.00,False,Sold Out,0 units left (Sold Out),https://crepdogcrew.com/products/cuban-oversized-shorts-blue
https://crepdogcrew.com,9495031644406,Cuban Oversized Shorts (Blue),Streetwear Shorts,Instinct First,51459249242358,L,,1499.00,False,Sold Out,0 units left (Sold Out),https://crepdogcrew.com/products/cuban-oversized-shorts-blue
https://crepdogcrew.com,9495031546102,Oversized T-shirt - (Camping Green),Streetwear T-Shirt,Instinct First,51459248750838,XS,,2499.00,False,Sold Out,0 units left (Sold Out),https://crepdogcrew.com/products/oversized-t-shirt-camping-green
https://crepdogcrew.com,9495031546102,Oversized T-shirt - (Camping Green),Streetwear T-Shirt,Instinct First,51459248783606,S,,2499.00,False,Sold Out,0 units left (Sold Out),https://crepdogcrew.com/products/oversized-t-shirt-camping-green
https://crepdogcrew.com,9495031546102,Oversized T-shirt - (Camping Green),Streetwear T-Shirt,Instinct First,51459248816374,M,,2499.00,False,Sold Out,0 units left (Sold Out),https://crepdogcrew.com/products/oversized-t-shirt-camping-green
https://crepdogcrew.com,9495031546102,Oversized T-shirt - (Camping Green),Streetwear T-Shirt,Instinct First,51459248849142,L,,2499.00,False,Sold Out,0 units left (Sold Out),https://crepdogcrew.com/products/oversized-t-shirt-camping-green
https://crepdogcrew.com,9495031546102,Oversized T-shirt - (Camping Green),Streetwear T-Shirt,Instinct First,51459248881910,XL,,2499.00,False,Sold Out,0 units left (Sold Out),https://crepdogcrew.com/products/oversized-t-shirt-camping-green
https://crepdogcrew.com,9495031546102,Oversized T-shirt - (Camping Green),Streetwear T-Shirt,Instinct First,51459248914678,XXL,,2499.00,False,Sold Out,0 units left (Sold Out),https://crepdogcrew.com/products/oversized-t-shirt-camping-green
https://crepdogcrew.com,9495031480566,Bold IN Oversized T-shirt -(Moss Green),Streetwear T-Shirt,Instinct First,51459248488694,XS / Moss Green,CL,2499.00,True,Available,In Stock,https://crepdogcrew.com/products/bold-in-oversized-t-shirt-moss-green
https://crepdogcrew.com,9495031480566,Bold IN Oversized T-shirt -(Moss Green),Streetwear T-Shirt,Instinct First,51459248521462,S / Moss Green,CL,2499.00,True,Available,In Stock,https://crepdogcrew.com/products/bold-in-oversized-t-shirt-moss-green
https://crepdogcrew.com,9495031480566,Bold IN Oversized T-shirt -(Moss Green),Streetwear T-Shirt,Instinct First,51459248554230,M / Moss Green,CL,2499.00,True,Available,In Stock,https://crepdogcrew.com/products/bold-in-oversized-t-shirt-moss-green
https://crepdogcrew.com,9495031480566,Bold IN Oversized T-shirt -(Moss Green),Streetwear T-Shirt,Instinct First,51459248586998,L / Moss Green,CL,2499.00,True,Available,In Stock,https://crepdogcrew.com/products/bold-in-oversized-t-shirt-moss-green
https://crepdogcrew.com,9495031480566,Bold IN Oversized T-shirt -(Moss Green),Streetwear T-Shirt,Instinct First,51459248619766,XL / Moss Green,CL,2499.00,True,Available,In Stock,https://crepdogcrew.com/products/bold-in-oversized-t-shirt-moss-green
https://crepdogcrew.com,9495031480566,Bold IN Oversized T-shirt -(Moss Green),Streetwear T-Shirt,Instinct First,51459248652534,XXL / Moss Green,CL,2499.00,True,Available,In Stock,https://crepdogcrew.com/products/bold-in-oversized-t-shirt-moss-green
https://crepdogcrew.com,9495031447798,Oversized T-Shirt - (Lost Lilac),Streetwear T-Shirt,Instinct First,51459248259318,XS,,2199.00,True,Available,In Stock,https://crepdogcrew.com/products/oversized-t-shirt-lost-lilac
https://crepdogcrew.com,9495031447798,Oversized T-Shirt - (Lost Lilac),Streetwear T-Shirt,Instinct First,51459248292086,S,,2199.00,True,Available,In Stock,https://crepdogcrew.com/products/oversized-t-shirt-lost-lilac
https://crepdogcrew.com,9495031447798,Oversized T-Shirt - (Lost Lilac),Streetwear T-Shirt,Instinct First,51459248324854,M,,2199.00,True,Available,In Stock,https://crepdogcrew.com/products/oversized-t-shirt-lost-lilac
https://crepdogcrew.com,9495031447798,Oversized T-Shirt - (Lost Lilac),Streetwear T-Shirt,Instinct First,51459248357622,L,,2199.00,True,Available,In Stock,https://crepdogcrew.com/products/oversized-t-shirt-lost-lilac
https://crepdogcrew.com,9495031447798,Oversized T-Shirt - (Lost Lilac),Streetwear T-Shirt,Instinct First,51459248390390,XL,,2199.00,True,Available,In Stock,https://crepdogcrew.com/products/oversized-t-shirt-lost-lilac
https://crepdogcrew.com,9495031447798,Oversized T-Shirt - (Lost Lilac),Streetwear T-Shirt,Instinct First,51459248423158,XXL,,2199.00,False,Sold Out,0 units left (Sold Out),https://crepdogcrew.com/products/oversized-t-shirt-lost-lilac
https://crepdogcrew.com,9495031382262,Oversized T-Shirt - (Brick Red),Streetwear T-Shirt,Instinct First,51459247997174,XS,,2499.00,False,Sold Out,0 units left (Sold Out),https://crepdogcrew.com/products/oversized-t-shirt-brick-red
https://crepdogcrew.com,9495031382262,Oversized T-Shirt - (Brick Red),Streetwear T-Shirt,Instinct First,51459248029942,S,,2499.00,False,Sold Out,0 units left (Sold Out),https://crepdogcrew.com/products/oversized-t-shirt-brick-red
https://crepdogcrew.com,9495031382262,Oversized T-Shirt - (Brick Red),Streetwear T-Shirt,Instinct First,51459248062710,M,,2499.00,False,Sold Out,0 units left (Sold Out),https://crepdogcrew.com/products/oversized-t-shirt-brick-red
https://crepdogcrew.com,9495031382262,Oversized T-Shirt - (Brick Red),Streetwear T-Shirt,Instinct First,51459248095478,L,,2499.00,False,Sold Out,0 units left (Sold Out),https://crepdogcrew.com/products/oversized-t-shirt-brick-red
https://crepdogcrew.com,9495031382262,Oversized T-Shirt - (Brick Red),Streetwear T-Shirt,Instinct First,51459248128246,XL,,2499.00,False,Sold Out,0 units left (Sold Out),https://crepdogcrew.com/products/oversized-t-shirt-brick-red
https://crepdogcrew.com,9495031382262,Oversized T-Shirt - (Brick Red),Streetwear T-Shirt,Instinct First,51459248161014,XXL,,2499.00,False,Sold Out,0 units left (Sold Out),https://crepdogcrew.com/products/oversized-t-shirt-brick-red
https://crepdogcrew.com,9495031283958,Grey IN Oversized Tshirt -(Grey),Streetwear T-Shirt,Instinct First,51459247505654,XS,,2499.00,False,Sold Out,0 units left (Sold Out),https://crepdogcrew.com/products/grey-in-oversized-tshirt-grey
https://crepdogcrew.com,9495031283958,Grey IN Oversized Tshirt -(Grey),Streetwear T-Shirt,Instinct First,51459247538422,S,,2499.00,False,Sold Out,0 units left (Sold Out),https://crepdogcrew.com/products/grey-in-oversized-tshirt-grey
https://crepdogcrew.com,9495031283958,Grey IN Oversized Tshirt -(Grey),Streetwear T-Shirt,Instinct First,51459247571190,M,,2499.00,False,Sold Out,0 units left (Sold Out),https://crepdogcrew.com/products/grey-in-oversized-tshirt-grey
https://crepdogcrew.com,9495031283958,Grey IN Oversized Tshirt -(Grey),Streetwear T-Shirt,Instinct First,51459247603958,L,,2499.00,False,Sold Out,0 units left (Sold Out),https://crepdogcrew.com/products/grey-in-oversized-tshirt-grey
https://crepdogcrew.com,9495031283958,Grey IN Oversized Tshirt -(Grey),Streetwear T-Shirt,Instinct First,51459247636726,XL,,2499.00,False,Sold Out,0 units left (Sold Out),https://crepdogcrew.com/products/grey-in-oversized-tshirt-grey
https://crepdogcrew.com,9495031283958,Grey IN Oversized Tshirt -(Grey),Streetwear T-Shirt,Instinct First,51459247669494,XXL,,2499.00,False,Sold Out,0 units left (Sold Out),https://crepdogcrew.com/products/grey-in-oversized-tshirt-grey
https://crepdogcrew.com,9495031349494,Oversized T-shirt (Midnight Blue),Streetwear T-Shirt,Instinct First,51459247767798,XS,,2499.00,True,Available,In Stock,https://crepdogcrew.com/products/oversized-t-shirt-midnight-blue
https://crepdogcrew.com,9495031349494,Oversized T-shirt (Midnight Blue),Streetwear T-Shirt,Instinct First,51459247800566,S,,2499.00,False,Sold Out,0 units left (Sold Out),https://crepdogcrew.com/products/oversized-t-shirt-midnight-blue
https://crepdogcrew.com,9495031349494,Oversized T-shirt (Midnight Blue),Streetwear T-Shirt,Instinct First,51459247833334,M,,2499.00,False,Sold Out,0 units left (Sold Out),https://crepdogcrew.com/products/oversized-t-shirt-midnight-blue
https://crepdogcrew.com,9495031349494,Oversized T-shirt (Midnight Blue),Streetwear T-Shirt,Instinct First,51459247866102,L,,2499.00,False,Sold Out,0 units left (Sold Out),https://crepdogcrew.com/products/oversized-t-shirt-midnight-blue
https://crepdogcrew.com,9495031349494,Oversized T-shirt (Midnight Blue),Streetwear T-Shirt,Instinct First,51459247898870,XL,,2499.00,False,Sold Out,0 units left (Sold Out),https://crepdogcrew.com/products/oversized-t-shirt-midnight-blue
https://crepdogcrew.com,9495031349494,Oversized T-shirt (Midnight Blue),Streetwear T-Shirt,Instinct First,51459247931638,XXL,,2499.00,False,Sold Out,0 units left (Sold Out),https://crepdogcrew.com/products/oversized-t-shirt-midnight-blue
https://crepdogcrew.com,9495031251190,Blue IN Oversized T-Shirt (Blue),Streetwear T-Shirt,Instinct First,51459247276278,XS / Midnight Blue,,2499.00,False,Sold Out,0 units left (Sold Out),https://crepdogcrew.com/products/blue-in-oversized-t-shirt-blue
https://crepdogcrew.com,9495031251190,Blue IN Oversized T-Shirt (Blue),Streetwear T-Shirt,Instinct First,51459247309046,S / Midnight Blue,,2499.00,False,Sold Out,0 units left (Sold Out),https://crepdogcrew.com/products/blue-in-oversized-t-shirt-blue
https://crepdogcrew.com,9495031251190,Blue IN Oversized T-Shirt (Blue),Streetwear T-Shirt,Instinct First,51459247341814,M / Midnight Blue,,2499.00,False,Sold Out,0 units left (Sold Out),https://crepdogcrew.com/products/blue-in-oversized-t-shirt-blue
https://crepdogcrew.com,9495031251190,Blue IN Oversized T-Shirt (Blue),Streetwear T-Shirt,Instinct First,51459247374582,L / Midnight Blue,,2499.00,False,Sold Out,0 units left (Sold Out),https://crepdogcrew.com/products/blue-in-oversized-t-shirt-blue
https://crepdogcrew.com,9495031251190,Blue IN Oversized T-Shirt (Blue),Streetwear T-Shirt,Instinct First,51459247407350,XL / Midnight Blue,,2499.00,False,Sold Out,0 units left (Sold Out),https://crepdogcrew.com/products/blue-in-oversized-t-shirt-blue
https://crepdogcrew.com,9495031251190,Blue IN Oversized T-Shirt (Blue),Streetwear T-Shirt,Instinct First,51459247440118,XXL / Midnight Blue,,2499.00,False,Sold Out,0 units left (Sold Out),https://crepdogcrew.com/products/blue-in-oversized-t-shirt-blue
https://crepdogcrew.com,9495031185654,Oversized T-Shirt - (Euphoric Pink),Streetwear T-Shirt,Instinct First,51459247014134,XS,,2199.00,False,Sold Out,0 units left (Sold Out),https://crepdogcrew.com/products/oversized-t-shirt-euphoric-pink
https://crepdogcrew.com,9495031185654,Oversized T-Shirt - (Euphoric Pink),Streetwear T-Shirt,Instinct First,51459247046902,S,,2199.00,False,Sold Out,0 units left (Sold Out),https://crepdogcrew.com/products/oversized-t-shirt-euphoric-pink
https://crepdogcrew.com,9495031185654,Oversized T-Shirt - (Euphoric Pink),Streetwear T-Shirt,Instinct First,51459247079670,M,,2199.00,False,Sold Out,0 units left (Sold Out),https://crepdogcrew.com/products/oversized-t-shirt-euphoric-pink
https://crepdogcrew.com,9495031185654,Oversized T-Shirt - (Euphoric Pink),Streetwear T-Shirt,Instinct First,51459247112438,L,,2199.00,False,Sold Out,0 units left (Sold Out),https://crepdogcrew.com/products/oversized-t-shirt-euphoric-pink
https://crepdogcrew.com,9495031185654,Oversized T-Shirt - (Euphoric Pink),Streetwear T-Shirt,Instinct First,51459247145206,XL,,2199.00,False,Sold Out,0 units left (Sold Out),https://crepdogcrew.com/products/oversized-t-shirt-euphoric-pink
https://crepdogcrew.com,9495031185654,Oversized T-Shirt - (Euphoric Pink),Streetwear T-Shirt,Instinct First,51459247177974,XXL,,2199.00,False,Sold Out,0 units left (Sold Out),https://crepdogcrew.com/products/oversized-t-shirt-euphoric-pink
https://crepdogcrew.com,9495031120118,Oversized Sweatshirts (Midnight Blue),Streetwear Sweatshirt Hoodies,Instinct First,51459246784758,XS,,3499.00,True,Available,In Stock,https://crepdogcrew.com/products/oversized-sweatshirts-midnight-blue
https://crepdogcrew.com,9495031120118,Oversized Sweatshirts (Midnight Blue),Streetwear Sweatshirt Hoodies,Instinct First,51459246817526,S,,3499.00,True,Available,In Stock,https://crepdogcrew.com/products/oversized-sweatshirts-midnight-blue
https://crepdogcrew.com,9495031120118,Oversized Sweatshirts (Midnight Blue),Streetwear Sweatshirt Hoodies,Instinct First,51459246850294,M,,3499.00,False,Sold Out,0 units left (Sold Out),https://crepdogcrew.com/products/oversized-sweatshirts-midnight-blue
https://crepdogcrew.com,9495031120118,Oversized Sweatshirts (Midnight Blue),Streetwear Sweatshirt Hoodies,Instinct First,51459246883062,L,,3499.00,True,Available,In Stock,https://crepdogcrew.com/products/oversized-sweatshirts-midnight-blue
https://crepdogcrew.com,9495031120118,Oversized Sweatshirts (Midnight Blue),Streetwear Sweatshirt Hoodies,Instinct First,51459246915830,XL,,3499.00,False,Sold Out,0 units left (Sold Out),https://crepdogcrew.com/products/oversized-sweatshirts-midnight-blue
https://crepdogcrew.com,9495031120118,Oversized Sweatshirts (Midnight Blue),Streetwear Sweatshirt Hoodies,Instinct First,51459246948598,XXL,,3499.00,False,Sold Out,0 units left (Sold Out),https://crepdogcrew.com/products/oversized-sweatshirts-midnight-blue
https://crepdogcrew.com,9495031087350,Oversized T-Shirt - (Pacific Aqua),Streetwear T-Shirt,Instinct First,51459246522614,XS,,2199.00,False,Sold Out,0 units left (Sold Out),https://crepdogcrew.com/products/oversized-t-shirt-pacific-aqua
https://crepdogcrew.com,9495031087350,Oversized T-Shirt - (Pacific Aqua),Streetwear T-Shirt,Instinct First,51459246555382,S,,2199.00,True,Available,In Stock,https://crepdogcrew.com/products/oversized-t-shirt-pacific-aqua
https://crepdogcrew.com,9495031087350,Oversized T-Shirt - (Pacific Aqua),Streetwear T-Shirt,Instinct First,51459246588150,M,,2199.00,False,Sold Out,0 units left (Sold Out),https://crepdogcrew.com/products/oversized-t-shirt-pacific-aqua
https://crepdogcrew.com,9495031087350,Oversized T-Shirt - (Pacific Aqua),Streetwear T-Shirt,Instinct First,51459246620918,L,,2199.00,False,Sold Out,0 units left (Sold Out),https://crepdogcrew.com/products/oversized-t-shirt-pacific-aqua
https://crepdogcrew.com,9495031087350,Oversized T-Shirt - (Pacific Aqua),Streetwear T-Shirt,Instinct First,51459246653686,XL,,2199.00,False,Sold Out,0 units left (Sold Out),https://crepdogcrew.com/products/oversized-t-shirt-pacific-aqua
https://crepdogcrew.com,9495031087350,Oversized T-Shirt - (Pacific Aqua),Streetwear T-Shirt,Instinct First,51459246686454,XXL,,2199.00,False,Sold Out,0 units left (Sold Out),https://crepdogcrew.com/products/oversized-t-shirt-pacific-aqua
https://crepdogcrew.com,9495031021814,Salmon Shorts (Pink),Streetwear Shorts,Instinct First,51459246293238,S,CL,2499.00,True,Available,In Stock,https://crepdogcrew.com/products/salmon-shorts-pink
https://crepdogcrew.com,9495031021814,Salmon Shorts (Pink),Streetwear Shorts,Instinct First,51459246326006,M,CL,2499.00,True,Available,In Stock,https://crepdogcrew.com/products/salmon-shorts-pink
https://crepdogcrew.com,9495031021814,Salmon Shorts (Pink),Streetwear Shorts,Instinct First,51459246358774,L,CL,2499.00,False,Sold Out,0 units left (Sold Out),https://crepdogcrew.com/products/salmon-shorts-pink
https://crepdogcrew.com,9495031021814,Salmon Shorts (Pink),Streetwear Shorts,Instinct First,51459246391542,XL,CL,2499.00,True,Available,In Stock,https://crepdogcrew.com/products/salmon-shorts-pink
https://crepdogcrew.com,9495031021814,Salmon Shorts (Pink),Streetwear Shorts,Instinct First,51459246424310,XXL,CL,2499.00,False,Sold Out,0 units left (Sold Out),https://crepdogcrew.com/products/salmon-shorts-pink
https://crepdogcrew.com,9495030857974,Navy Haze Denim Shorts - (Blue),Streetwear Shorts,Instinct First,51459245670646,XS,CL,2499.00,True,Available,In Stock,https://crepdogcrew.com/products/navy-haze-denim-shorts-blue
https://crepdogcrew.com,9495030857974,Navy Haze Denim Shorts - (Blue),Streetwear Shorts,Instinct First,51459245703414,S,CL,2499.00,True,Available,In Stock,https://crepdogcrew.com/products/navy-haze-denim-shorts-blue
https://crepdogcrew.com,9495030857974,Navy Haze Denim Shorts - (Blue),Streetwear Shorts,Instinct First,51459245736182,M,CL,2499.00,False,Sold Out,0 units left (Sold Out),https://crepdogcrew.com/products/navy-haze-denim-shorts-blue
https://crepdogcrew.com,9495030857974,Navy Haze Denim Shorts - (Blue),Streetwear Shorts,Instinct First,51459245768950,L,CL,2499.00,False,Sold Out,0 units left (Sold Out),https://crepdogcrew.com/products/navy-haze-denim-shorts-blue
https://crepdogcrew.com,9495030857974,Navy Haze Denim Shorts - (Blue),Streetwear Shorts,Instinct First,51459245801718,XL,CL,2499.00,True,Available,In Stock,https://crepdogcrew.com/products/navy-haze-denim-shorts-blue
https://crepdogcrew.com,9495030857974,Navy Haze Denim Shorts - (Blue),Streetwear Shorts,Instinct First,51459245834486,XXL,CL,2499.00,False,Sold Out,0 units left (Sold Out),https://crepdogcrew.com/products/navy-haze-denim-shorts-blue
https://crepdogcrew.com,9495030956278,IN Floral Oversized T-shirt- (Off-White),Streetwear T-Shirt,Instinct First,51459246063862,XS,CL,2199.00,False,Sold Out,0 units left (Sold Out),https://crepdogcrew.com/products/in-floral-oversized-t-shirt-off-white
https://crepdogcrew.com,9495030956278,IN Floral Oversized T-shirt- (Off-White),Streetwear T-Shirt,Instinct First,51459246096630,S,CL,2199.00,False,Sold Out,0 units left (Sold Out),https://crepdogcrew.com/products/in-floral-oversized-t-shirt-off-white
https://crepdogcrew.com,9495030956278,IN Floral Oversized T-shirt- (Off-White),Streetwear T-Shirt,Instinct First,51459246129398,M,CL,2199.00,True,Available,In Stock,https://crepdogcrew.com/products/in-floral-oversized-t-shirt-off-white
https://crepdogcrew.com,9495030956278,IN Floral Oversized T-shirt- (Off-White),Streetwear T-Shirt,Instinct First,51459246162166,L,CL,2199.00,True,Available,In Stock,https://crepdogcrew.com/products/in-floral-oversized-t-shirt-off-white
https://crepdogcrew.com,9495030956278,IN Floral Oversized T-shirt- (Off-White),Streetwear T-Shirt,Instinct First,51459246194934,XL,CL,2199.00,True,Available,In Stock,https://crepdogcrew.com/products/in-floral-oversized-t-shirt-off-white
https://crepdogcrew.com,9495030956278,IN Floral Oversized T-shirt- (Off-White),Streetwear T-Shirt,Instinct First,51459246227702,XXL,CL,2199.00,True,Available,In Stock,https://crepdogcrew.com/products/in-floral-oversized-t-shirt-off-white
https://crepdogcrew.com,9495030792438,Rebel Angel Oversized T-Shirt  - (Off-White),Streetwear T-Shirt,Instinct First,51459245408502,XS,CL,2499.00,False,Sold Out,0 units left (Sold Out),https://crepdogcrew.com/products/rebel-angel-oversized-t-shirt-off-white
https://crepdogcrew.com,9495030792438,Rebel Angel Oversized T-Shirt  - (Off-White),Streetwear T-Shirt,Instinct First,51459245441270,S,CL,2499.00,True,Available,In Stock,https://crepdogcrew.com/products/rebel-angel-oversized-t-shirt-off-white
https://crepdogcrew.com,9495030792438,Rebel Angel Oversized T-Shirt  - (Off-White),Streetwear T-Shirt,Instinct First,51459245474038,M,CL,2499.00,True,Available,In Stock,https://crepdogcrew.com/products/rebel-angel-oversized-t-shirt-off-white
https://crepdogcrew.com,9495030792438,Rebel Angel Oversized T-Shirt  - (Off-White),Streetwear T-Shirt,Instinct First,51459245506806,L,CL,2499.00,True,Available,In Stock,https://crepdogcrew.com/products/rebel-angel-oversized-t-shirt-off-white
https://crepdogcrew.com,9495030792438,Rebel Angel Oversized T-Shirt  - (Off-White),Streetwear T-Shirt,Instinct First,51459245539574,XL,CL,2499.00,True,Available,In Stock,https://crepdogcrew.com/products/rebel-angel-oversized-t-shirt-off-white
https://crepdogcrew.com,9495030792438,Rebel Angel Oversized T-Shirt  - (Off-White),Streetwear T-Shirt,Instinct First,51459245572342,XXL,CL,2499.00,True,Available,In Stock,https://crepdogcrew.com/products/rebel-angel-oversized-t-shirt-off-white
https://crepdogcrew.com,9495030759670,Humble Oversized T-Shirt  - (Royal Blue),Streetwear T-Shirt,Instinct First,51459245179126,XS,,2499.00,False,Sold Out,0 units left (Sold Out),https://crepdogcrew.com/products/humble-oversized-t-shirt-royal-blue
https://crepdogcrew.com,9495030759670,Humble Oversized T-Shirt  - (Royal Blue),Streetwear T-Shirt,Instinct First,51459245211894,S,,2499.00,True,Available,In Stock,https://crepdogcrew.com/products/humble-oversized-t-shirt-royal-blue
https://crepdogcrew.com,9495030759670,Humble Oversized T-Shirt  - (Royal Blue),Streetwear T-Shirt,Instinct First,51459245244662,M,,2499.00,True,Available,In Stock,https://crepdogcrew.com/products/humble-oversized-t-shirt-royal-blue
https://crepdogcrew.com,9495030759670,Humble Oversized T-Shirt  - (Royal Blue),Streetwear T-Shirt,Instinct First,51459245277430,L,,2499.00,True,Available,In Stock,https://crepdogcrew.com/products/humble-oversized-t-shirt-royal-blue
https://crepdogcrew.com,9495030759670,Humble Oversized T-Shirt  - (Royal Blue),Streetwear T-Shirt,Instinct First,51459245310198,XL,,2499.00,True,Available,In Stock,https://crepdogcrew.com/products/humble-oversized-t-shirt-royal-blue
https://crepdogcrew.com,9495030759670,Humble Oversized T-Shirt  - (Royal Blue),Streetwear T-Shirt,Instinct First,51459245342966,XXL,,2499.00,True,Available,In Stock,https://crepdogcrew.com/products/humble-oversized-t-shirt-royal-blue
https://crepdogcrew.com,9495030694134,Just Like This Oversized T-Shirt -(Black),Streetwear T-Shirt,Instinct First,51459244916982,XS,,2499.00,False,Sold Out,0 units left (Sold Out),https://crepdogcrew.com/products/just-like-this-oversized-t-shirt-black
https://crepdogcrew.com,9495030694134,Just Like This Oversized T-Shirt -(Black),Streetwear T-Shirt,Instinct First,51459244949750,S,,2499.00,False,Sold Out,0 units left (Sold Out),https://crepdogcrew.com/products/just-like-this-oversized-t-shirt-black
https://crepdogcrew.com,9495030694134,Just Like This Oversized T-Shirt -(Black),Streetwear T-Shirt,Instinct First,51459244982518,M,,2499.00,False,Sold Out,0 units left (Sold Out),https://crepdogcrew.com/products/just-like-this-oversized-t-shirt-black
https://crepdogcrew.com,9495030694134,Just Like This Oversized T-Shirt -(Black),Streetwear T-Shirt,Instinct First,51459245015286,L,,2499.00,False,Sold Out,0 units left (Sold Out),https://crepdogcrew.com/products/just-like-this-oversized-t-shirt-black
https://crepdogcrew.com,9495030694134,Just Like This Oversized T-Shirt -(Black),Streetwear T-Shirt,Instinct First,51459245048054,XL,,2499.00,False,Sold Out,0 units left (Sold Out),https://crepdogcrew.com/products/just-like-this-oversized-t-shirt-black
https://crepdogcrew.com,9495030694134,Just Like This Oversized T-Shirt -(Black),Streetwear T-Shirt,Instinct First,51459245080822,XXL,,2499.00,False,Sold Out,0 units left (Sold Out),https://crepdogcrew.com/products/just-like-this-oversized-t-shirt-black
https://crepdogcrew.com,9495030628598,Tic Tac - Relaxed Fit Tshirt (Black),Streetwear T-Shirt,Instinct First,51459244622070,XS,,1999.00,True,Available,In Stock,https://crepdogcrew.com/products/tic-tac-relaxed-fit-tshirt-black
https://crepdogcrew.com,9495030628598,Tic Tac - Relaxed Fit Tshirt (Black),Streetwear T-Shirt,Instinct First,51459244654838,S,,1999.00,True,Available,In Stock,https://crepdogcrew.com/products/tic-tac-relaxed-fit-tshirt-black
https://crepdogcrew.com,9495030628598,Tic Tac - Relaxed Fit Tshirt (Black),Streetwear T-Shirt,Instinct First,51459244687606,M,,1999.00,False,Sold Out,0 units left (Sold Out),https://crepdogcrew.com/products/tic-tac-relaxed-fit-tshirt-black
https://crepdogcrew.com,9495030628598,Tic Tac - Relaxed Fit Tshirt (Black),Streetwear T-Shirt,Instinct First,51459244720374,L,,1999.00,False,Sold Out,0 units left (Sold Out),https://crepdogcrew.com/products/tic-tac-relaxed-fit-tshirt-black
https://crepdogcrew.com,9495030628598,Tic Tac - Relaxed Fit Tshirt (Black),Streetwear T-Shirt,Instinct First,51459244753142,XL,,1999.00,True,Available,In Stock,https://crepdogcrew.com/products/tic-tac-relaxed-fit-tshirt-black
https://crepdogcrew.com,9495030628598,Tic Tac - Relaxed Fit Tshirt (Black),Streetwear T-Shirt,Instinct First,51459244785910,XXL,,1999.00,True,Available,In Stock,https://crepdogcrew.com/products/tic-tac-relaxed-fit-tshirt-black
https://crepdogcrew.com,9495030628598,Tic Tac - Relaxed Fit Tshirt (Black),Streetwear T-Shirt,Instinct First,51459244818678,XXXL,,1999.00,True,Available,In Stock,https://crepdogcrew.com/products/tic-tac-relaxed-fit-tshirt-black
https://crepdogcrew.com,9495030530294,Tribal - Oversized T-Shirt (Coffee),Streetwear T-Shirt,Instinct First,51459244294390,XS,,2499.00,True,Available,In Stock,https://crepdogcrew.com/products/tribal-oversized-t-shirt-coffee
https://crepdogcrew.com,9495030530294,Tribal - Oversized T-Shirt (Coffee),Streetwear T-Shirt,Instinct First,51459244327158,S,,2499.00,True,Available,In Stock,https://crepdogcrew.com/products/tribal-oversized-t-shirt-coffee
https://crepdogcrew.com,9495030530294,Tribal - Oversized T-Shirt (Coffee),Streetwear T-Shirt,Instinct First,51459244359926,M,,2499.00,True,Available,In Stock,https://crepdogcrew.com/products/tribal-oversized-t-shirt-coffee
https://crepdogcrew.com,9495030530294,Tribal - Oversized T-Shirt (Coffee),Streetwear T-Shirt,Instinct First,51459244392694,L,,2499.00,True,Available,In Stock,https://crepdogcrew.com/products/tribal-oversized-t-shirt-coffee
https://crepdogcrew.com,9495030530294,Tribal - Oversized T-Shirt (Coffee),Streetwear T-Shirt,Instinct First,51459244425462,XL,,2499.00,True,Available,In Stock,https://crepdogcrew.com/products/tribal-oversized-t-shirt-coffee
https://crepdogcrew.com,9495030530294,Tribal - Oversized T-Shirt (Coffee),Streetwear T-Shirt,Instinct First,51459244458230,XXL,,2499.00,True,Available,In Stock,https://crepdogcrew.com/products/tribal-oversized-t-shirt-coffee
https://crepdogcrew.com,9495030464758,Splatter Shirt - Relaxed Fit (Blue),Streetwear Shirts,Instinct First,51459244032246,XS,CL,2499.00,False,Sold Out,0 units left (Sold Out),https://crepdogcrew.com/products/splatter-shirt-relaxed-fit-blue
https://crepdogcrew.com,9495030464758,Splatter Shirt - Relaxed Fit (Blue),Streetwear Shirts,Instinct First,51459244065014,S,CL,2499.00,False,Sold Out,0 units left (Sold Out),https://crepdogcrew.com/products/splatter-shirt-relaxed-fit-blue
https://crepdogcrew.com,9495030464758,Splatter Shirt - Relaxed Fit (Blue),Streetwear Shirts,Instinct First,51459244097782,M,CL,2499.00,True,Available,In Stock,https://crepdogcrew.com/products/splatter-shirt-relaxed-fit-blue
https://crepdogcrew.com,9495030464758,Splatter Shirt - Relaxed Fit (Blue),Streetwear Shirts,Instinct First,51459244130550,L,CL,2499.00,True,Available,In Stock,https://crepdogcrew.com/products/splatter-shirt-relaxed-fit-blue
https://crepdogcrew.com,9495030464758,Splatter Shirt - Relaxed Fit (Blue),Streetwear Shirts,Instinct First,51459244163318,XL,CL,2499.00,True,Available,In Stock,https://crepdogcrew.com/products/splatter-shirt-relaxed-fit-blue
https://crepdogcrew.com,9495030464758,Splatter Shirt - Relaxed Fit (Blue),Streetwear Shirts,Instinct First,51459244196086,XXL,CL,2499.00,False,Sold Out,0 units left (Sold Out),https://crepdogcrew.com/products/splatter-shirt-relaxed-fit-blue
https://crepdogcrew.com,9495030431990,Splatter Shirt - Relaxed Fit (White),Streetwear Shirts,Instinct First,51459243802870,XS,CL,2499.00,False,Sold Out,0 units left (Sold Out),https://crepdogcrew.com/products/splatter-shirt-relaxed-fit-white
https://crepdogcrew.com,9495030431990,Splatter Shirt - Relaxed Fit (White),Streetwear Shirts,Instinct First,51459243835638,S,CL,2499.00,False,Sold Out,0 units left (Sold Out),https://crepdogcrew.com/products/splatter-shirt-relaxed-fit-white
https://crepdogcrew.com,9495030431990,Splatter Shirt - Relaxed Fit (White),Streetwear Shirts,Instinct First,51459243868406,M,CL,2499.00,True,Available,In Stock,https://crepdogcrew.com/products/splatter-shirt-relaxed-fit-white
https://crepdogcrew.com,9495030431990,Splatter Shirt - Relaxed Fit (White),Streetwear Shirts,Instinct First,51459243901174,L,CL,2499.00,False,Sold Out,0 units left (Sold Out),https://crepdogcrew.com/products/splatter-shirt-relaxed-fit-white
https://crepdogcrew.com,9495030431990,Splatter Shirt - Relaxed Fit (White),Streetwear Shirts,Instinct First,51459243933942,XL,CL,2499.00,True,Available,In Stock,https://crepdogcrew.com/products/splatter-shirt-relaxed-fit-white
https://crepdogcrew.com,9495030431990,Splatter Shirt - Relaxed Fit (White),Streetwear Shirts,Instinct First,51459243966710,XXL,CL,2499.00,False,Sold Out,0 units left (Sold Out),https://crepdogcrew.com/products/splatter-shirt-relaxed-fit-white
https://crepdogcrew.com,9495030268150,The First Dragon - Oversized T-Shirt (BlacK),Streetwear T-Shirt,Instinct First,51459243245814,XS,CL,3299.00,False,Sold Out,0 units left (Sold Out),https://crepdogcrew.com/products/the-first-dragon-oversized-t-shirt-black
https://crepdogcrew.com,9495030268150,The First Dragon - Oversized T-Shirt (BlacK),Streetwear T-Shirt,Instinct First,51459243278582,S,CL,3299.00,True,Available,In Stock,https://crepdogcrew.com/products/the-first-dragon-oversized-t-shirt-black
https://crepdogcrew.com,9495030268150,The First Dragon - Oversized T-Shirt (BlacK),Streetwear T-Shirt,Instinct First,51459243311350,M,CL,3299.00,True,Available,In Stock,https://crepdogcrew.com/products/the-first-dragon-oversized-t-shirt-black
https://crepdogcrew.com,9495030268150,The First Dragon - Oversized T-Shirt (BlacK),Streetwear T-Shirt,Instinct First,51459243344118,L,CL,3299.00,True,Available,In Stock,https://crepdogcrew.com/products/the-first-dragon-oversized-t-shirt-black
https://crepdogcrew.com,9495030268150,The First Dragon - Oversized T-Shirt (BlacK),Streetwear T-Shirt,Instinct First,51459243376886,XL,CL,3299.00,True,Available,In Stock,https://crepdogcrew.com/products/the-first-dragon-oversized-t-shirt-black
https://crepdogcrew.com,9495030268150,The First Dragon - Oversized T-Shirt (BlacK),Streetwear T-Shirt,Instinct First,51459243409654,XXL,CL,3299.00,True,Available,In Stock,https://crepdogcrew.com/products/the-first-dragon-oversized-t-shirt-black
https://crepdogcrew.com,9495030333686,Splatter Shirt - Relaxed Fit (Camel Brown),Streetwear Shirts,Instinct First,51459243540726,XS,CL,2499.00,False,Sold Out,0 units left (Sold Out),https://crepdogcrew.com/products/splatter-shirt-relaxed-fit-camel-brown
https://crepdogcrew.com,9495030333686,Splatter Shirt - Relaxed Fit (Camel Brown),Streetwear Shirts,Instinct First,51459243573494,S,CL,2499.00,False,Sold Out,0 units left (Sold Out),https://crepdogcrew.com/products/splatter-shirt-relaxed-fit-camel-brown
https://crepdogcrew.com,9495030333686,Splatter Shirt - Relaxed Fit (Camel Brown),Streetwear Shirts,Instinct First,51459243606262,M,CL,2499.00,True,Available,In Stock,https://crepdogcrew.com/products/splatter-shirt-relaxed-fit-camel-brown
https://crepdogcrew.com,9495030333686,Splatter Shirt - Relaxed Fit (Camel Brown),Streetwear Shirts,Instinct First,51459243639030,L,CL,2499.00,True,Available,In Stock,https://crepdogcrew.com/products/splatter-shirt-relaxed-fit-camel-brown
https://crepdogcrew.com,9495030333686,Splatter Shirt - Relaxed Fit (Camel Brown),Streetwear Shirts,Instinct First,51459243671798,XL,CL,2499.00,True,Available,In Stock,https://crepdogcrew.com/products/splatter-shirt-relaxed-fit-camel-brown
https://crepdogcrew.com,9495030333686,Splatter Shirt - Relaxed Fit (Camel Brown),Streetwear Shirts,Instinct First,51459243704566,XXL,CL,2499.00,False,Sold Out,0 units left (Sold Out),https://crepdogcrew.com/products/splatter-shirt-relaxed-fit-camel-brown
https://crepdogcrew.com,9495030235382,Dark Powers - Sleeveless T-Shirt (Black),Streetwear T-Shirt,Instinct First,51459243016438,XS,,2499.00,True,Available,In Stock,https://crepdogcrew.com/products/dark-powers-sleeveless-t-shirt-black
https://crepdogcrew.com,9495030235382,Dark Powers - Sleeveless T-Shirt (Black),Streetwear T-Shirt,Instinct First,51459243049206,S,,2499.00,True,Available,In Stock,https://crepdogcrew.com/products/dark-powers-sleeveless-t-shirt-black
https://crepdogcrew.com,9495030235382,Dark Powers - Sleeveless T-Shirt (Black),Streetwear T-Shirt,Instinct First,51459243081974,M,,2499.00,True,Available,In Stock,https://crepdogcrew.com/products/dark-powers-sleeveless-t-shirt-black
https://crepdogcrew.com,9495030235382,Dark Powers - Sleeveless T-Shirt (Black),Streetwear T-Shirt,Instinct First,51459243114742,L,,2499.00,False,Sold Out,0 units left (Sold Out),https://crepdogcrew.com/products/dark-powers-sleeveless-t-shirt-black
https://crepdogcrew.com,9495030235382,Dark Powers - Sleeveless T-Shirt (Black),Streetwear T-Shirt,Instinct First,51459243147510,XL,,2499.00,True,Available,In Stock,https://crepdogcrew.com/products/dark-powers-sleeveless-t-shirt-black
https://crepdogcrew.com,9495030235382,Dark Powers - Sleeveless T-Shirt (Black),Streetwear T-Shirt,Instinct First,51459243180278,XXL,,2499.00,False,Sold Out,0 units left (Sold Out),https://crepdogcrew.com/products/dark-powers-sleeveless-t-shirt-black
https://crepdogcrew.com,9495030071542,Apricot Shorts (Orange),Streetwear Shorts,Instinct First,51459242524918,S,,2499.00,False,Sold Out,0 units left (Sold Out),https://crepdogcrew.com/products/apricot-shorts-orange
https://crepdogcrew.com,9495030071542,Apricot Shorts (Orange),Streetwear Shorts,Instinct First,51459242557686,M,,2499.00,True,Available,In Stock,https://crepdogcrew.com/products/apricot-shorts-orange
https://crepdogcrew.com,9495030071542,Apricot Shorts (Orange),Streetwear Shorts,Instinct First,51459242590454,L,,2499.00,True,Available,In Stock,https://crepdogcrew.com/products/apricot-shorts-orange
https://crepdogcrew.com,9495030071542,Apricot Shorts (Orange),Streetwear Shorts,Instinct First,51459242623222,XL,,2499.00,False,Sold Out,0 units left (Sold Out),https://crepdogcrew.com/products/apricot-shorts-orange
https://crepdogcrew.com,9495030071542,Apricot Shorts (Orange),Streetwear Shorts,Instinct First,51459242655990,XXL,,2499.00,False,Sold Out,0 units left (Sold Out),https://crepdogcrew.com/products/apricot-shorts-orange
https://crepdogcrew.com,9495030169846,The Temple - Sleeveless T-Shirt ( Black),Streetwear T-Shirt,Instinct First,51459242754294,XS,CL,2499.00,False,Sold Out,0 units left (Sold Out),https://crepdogcrew.com/products/the-temple-sleeveless-t-shirt-black
https://crepdogcrew.com,9495030169846,The Temple - Sleeveless T-Shirt ( Black),Streetwear T-Shirt,Instinct First,51459242787062,S,CL,2499.00,True,Available,In Stock,https://crepdogcrew.com/products/the-temple-sleeveless-t-shirt-black
https://crepdogcrew.com,9495030169846,The Temple - Sleeveless T-Shirt ( Black),Streetwear T-Shirt,Instinct First,51459242819830,M,CL,2499.00,True,Available,In Stock,https://crepdogcrew.com/products/the-temple-sleeveless-t-shirt-black
https://crepdogcrew.com,9495030169846,The Temple - Sleeveless T-Shirt ( Black),Streetwear T-Shirt,Instinct First,51459242852598,L,CL,2499.00,True,Available,In Stock,https://crepdogcrew.com/products/the-temple-sleeveless-t-shirt-black
https://crepdogcrew.com,9495030169846,The Temple - Sleeveless T-Shirt ( Black),Streetwear T-Shirt,Instinct First,51459242885366,XL,CL,2499.00,True,Available,In Stock,https://crepdogcrew.com/products/the-temple-sleeveless-t-shirt-black
https://crepdogcrew.com,9495030169846,The Temple - Sleeveless T-Shirt ( Black),Streetwear T-Shirt,Instinct First,51459242918134,XXL,CL,2499.00,True,Available,In Stock,https://crepdogcrew.com/products/the-temple-sleeveless-t-shirt-black
https://crepdogcrew.com,9495030038774,Invision Oversized T-Shirt (Black),Streetwear T-Shirt,Instinct First,51459242262774,XS,,2499.00,False,Sold Out,0 units left (Sold Out),https://crepdogcrew.com/products/invision-oversized-t-shirt-black
https://crepdogcrew.com,9495030038774,Invision Oversized T-Shirt (Black),Streetwear T-Shirt,Instinct First,51459242295542,S,,2499.00,False,Sold Out,0 units left (Sold Out),https://crepdogcrew.com/products/invision-oversized-t-shirt-black
https://crepdogcrew.com,9495030038774,Invision Oversized T-Shirt (Black),Streetwear T-Shirt,Instinct First,51459242328310,M,,2499.00,False,Sold Out,0 units left (Sold Out),https://crepdogcrew.com/products/invision-oversized-t-shirt-black
https://crepdogcrew.com,9495030038774,Invision Oversized T-Shirt (Black),Streetwear T-Shirt,Instinct First,51459242361078,L,,2499.00,False,Sold Out,0 units left (Sold Out),https://crepdogcrew.com/products/invision-oversized-t-shirt-black
https://crepdogcrew.com,9495030038774,Invision Oversized T-Shirt (Black),Streetwear T-Shirt,Instinct First,51459242393846,XL,,2499.00,False,Sold Out,0 units left (Sold Out),https://crepdogcrew.com/products/invision-oversized-t-shirt-black
https://crepdogcrew.com,9495030038774,Invision Oversized T-Shirt (Black),Streetwear T-Shirt,Instinct First,51459242426614,XXL,,2499.00,False,Sold Out,0 units left (Sold Out),https://crepdogcrew.com/products/invision-oversized-t-shirt-black
https://crepdogcrew.com,9495029940470,Cuban Oversized Shirt - Resort Wear,Streetwear Shirts,Instinct First,51459242098934,S,,2499.00,False,Sold Out,0 units left (Sold Out),https://crepdogcrew.com/products/cuban-oversized-shirt-resort-wear
https://crepdogcrew.com,9495029940470,Cuban Oversized Shirt - Resort Wear,Streetwear Shirts,Instinct First,51459242131702,M,,2499.00,False,Sold Out,0 units left (Sold Out),https://crepdogcrew.com/products/cuban-oversized-shirt-resort-wear
https://crepdogcrew.com,9495029940470,Cuban Oversized Shirt - Resort Wear,Streetwear Shirts,Instinct First,51459242164470,L,,2499.00,False,Sold Out,0 units left (Sold Out),https://crepdogcrew.com/products/cuban-oversized-shirt-resort-wear
https://crepdogcrew.com,9495029874934,Bee Tee - Oversized Tshirt (Black),Streetwear T-Shirt,Instinct First,51459241705718,XS,,2499.00,False,Sold Out,0 units left (Sold Out),https://crepdogcrew.com/products/bee-tee-oversized-tshirt-black
https://crepdogcrew.com,9495029874934,Bee Tee - Oversized Tshirt (Black),Streetwear T-Shirt,Instinct First,51459241738486,S,,2499.00,False,Sold Out,0 units left (Sold Out),https://crepdogcrew.com/products/bee-tee-oversized-tshirt-black
https://crepdogcrew.com,9495029874934,Bee Tee - Oversized Tshirt (Black),Streetwear T-Shirt,Instinct First,51459241771254,M,,2499.00,False,Sold Out,0 units left (Sold Out),https://crepdogcrew.com/products/bee-tee-oversized-tshirt-black
https://crepdogcrew.com,9495029874934,Bee Tee - Oversized Tshirt (Black),Streetwear T-Shirt,Instinct First,51459241804022,L,,2499.00,False,Sold Out,0 units left (Sold Out),https://crepdogcrew.com/products/bee-tee-oversized-tshirt-black
https://crepdogcrew.com,9495029874934,Bee Tee - Oversized Tshirt (Black),Streetwear T-Shirt,Instinct First,51459241836790,XL,,2499.00,False,Sold Out,0 units left (Sold Out),https://crepdogcrew.com/products/bee-tee-oversized-tshirt-black
https://crepdogcrew.com,9495029874934,Bee Tee - Oversized Tshirt (Black),Streetwear T-Shirt,Instinct First,51459241869558,XXL,,2499.00,False,Sold Out,0 units left (Sold Out),https://crepdogcrew.com/products/bee-tee-oversized-tshirt-black
https://crepdogcrew.com,9495029776630,Basketball court shorts (Red),Streetwear Shorts,Instinct First,51459241214198,XS,CL,2199.00,True,Available,In Stock,https://crepdogcrew.com/products/basketball-court-shorts-red
https://crepdogcrew.com,9495029776630,Basketball court shorts (Red),Streetwear Shorts,Instinct First,51459241246966,S,CL,2199.00,True,Available,In Stock,https://crepdogcrew.com/products/basketball-court-shorts-red
https://crepdogcrew.com,9495029776630,Basketball court shorts (Red),Streetwear Shorts,Instinct First,51459241279734,M,CL,2199.00,False,Sold Out,0 units left (Sold Out),https://crepdogcrew.com/products/basketball-court-shorts-red
https://crepdogcrew.com,9495029776630,Basketball court shorts (Red),Streetwear Shorts,Instinct First,51459241312502,L,CL,2199.00,True,Available,In Stock,https://crepdogcrew.com/products/basketball-court-shorts-red
https://crepdogcrew.com,9495029776630,Basketball court shorts (Red),Streetwear Shorts,Instinct First,51459241345270,XL,CL,2199.00,False,Sold Out,0 units left (Sold Out),https://crepdogcrew.com/products/basketball-court-shorts-red
https://crepdogcrew.com,9495029776630,Basketball court shorts (Red),Streetwear Shorts,Instinct First,51459241378038,XXL,CL,2199.00,False,Sold Out,0 units left (Sold Out),https://crepdogcrew.com/products/basketball-court-shorts-red
https://crepdogcrew.com,9495029809398,Crayon Art- Oversized T-shirt (White),Streetwear T-Shirt,Instinct First,51459241443574,XS,,2499.00,False,Sold Out,0 units left (Sold Out),https://crepdogcrew.com/products/crayon-art-oversized-t-shirt-white
https://crepdogcrew.com,9495029809398,Crayon Art- Oversized T-shirt (White),Streetwear T-Shirt,Instinct First,51459241476342,S,,2499.00,False,Sold Out,0 units left (Sold Out),https://crepdogcrew.com/products/crayon-art-oversized-t-shirt-white
https://crepdogcrew.com,9495029809398,Crayon Art- Oversized T-shirt (White),Streetwear T-Shirt,Instinct First,51459241509110,M,,2499.00,False,Sold Out,0 units left (Sold Out),https://crepdogcrew.com/products/crayon-art-oversized-t-shirt-white
https://crepdogcrew.com,9495029809398,Crayon Art- Oversized T-shirt (White),Streetwear T-Shirt,Instinct First,51459241541878,L,,2499.00,False,Sold Out,0 units left (Sold Out),https://crepdogcrew.com/products/crayon-art-oversized-t-shirt-white
https://crepdogcrew.com,9495029809398,Crayon Art- Oversized T-shirt (White),Streetwear T-Shirt,Instinct First,51459241574646,XL,,2499.00,False,Sold Out,0 units left (Sold Out),https://crepdogcrew.com/products/crayon-art-oversized-t-shirt-white
https://crepdogcrew.com,9495029809398,Crayon Art- Oversized T-shirt (White),Streetwear T-Shirt,Instinct First,51459241607414,XXL,,2499.00,True,Available,In Stock,https://crepdogcrew.com/products/crayon-art-oversized-t-shirt-white
https://crepdogcrew.com,9495029711094,City Of Instincts - Oversized T-shirt (Black),Streetwear T-Shirt,Instinct First,51459240952054,XS,,2499.00,False,Sold Out,0 units left (Sold Out),https://crepdogcrew.com/products/city-of-instincts-oversized-t-shirt-black
https://crepdogcrew.com,9495029711094,City Of Instincts - Oversized T-shirt (Black),Streetwear T-Shirt,Instinct First,51459240984822,S,,2499.00,False,Sold Out,0 units left (Sold Out),https://crepdogcrew.com/products/city-of-instincts-oversized-t-shirt-black
https://crepdogcrew.com,9495029711094,City Of Instincts - Oversized T-shirt (Black),Streetwear T-Shirt,Instinct First,51459241017590,M,,2499.00,False,Sold Out,0 units left (Sold Out),https://crepdogcrew.com/products/city-of-instincts-oversized-t-shirt-black
https://crepdogcrew.com,9495029711094,City Of Instincts - Oversized T-shirt (Black),Streetwear T-Shirt,Instinct First,51459241050358,L,,2499.00,False,Sold Out,0 units left (Sold Out),https://crepdogcrew.com/products/city-of-instincts-oversized-t-shirt-black
https://crepdogcrew.com,9495029711094,City Of Instincts - Oversized T-shirt (Black),Streetwear T-Shirt,Instinct First,51459241083126,XL,,2499.00,False,Sold Out,0 units left (Sold Out),https://crepdogcrew.com/products/city-of-instincts-oversized-t-shirt-black
https://crepdogcrew.com,9495029711094,City Of Instincts - Oversized T-shirt (Black),Streetwear T-Shirt,Instinct First,51459241115894,XXL,,2499.00,False,Sold Out,0 units left (Sold Out),https://crepdogcrew.com/products/city-of-instincts-oversized-t-shirt-black
https://crepdogcrew.com,9495029612790,Basketball Court - Oversized T-shirt (Black),Streetwear T-Shirt,Instinct First,51459240657142,XS,,2499.00,False,Sold Out,0 units left (Sold Out),https://crepdogcrew.com/products/basketball-court-oversized-t-shirt-black
https://crepdogcrew.com,9495029612790,Basketball Court - Oversized T-shirt (Black),Streetwear T-Shirt,Instinct First,51459240689910,S,,2499.00,False,Sold Out,0 units left (Sold Out),https://crepdogcrew.com/products/basketball-court-oversized-t-shirt-black
https://crepdogcrew.com,9495029612790,Basketball Court - Oversized T-shirt (Black),Streetwear T-Shirt,Instinct First,51459240722678,M,,2499.00,False,Sold Out,0 units left (Sold Out),https://crepdogcrew.com/products/basketball-court-oversized-t-shirt-black
https://crepdogcrew.com,9495029612790,Basketball Court - Oversized T-shirt (Black),Streetwear T-Shirt,Instinct First,51459240755446,L,,2499.00,False,Sold Out,0 units left (Sold Out),https://crepdogcrew.com/products/basketball-court-oversized-t-shirt-black
https://crepdogcrew.com,9495029612790,Basketball Court - Oversized T-shirt (Black),Streetwear T-Shirt,Instinct First,51459240788214,XL,,2499.00,False,Sold Out,0 units left (Sold Out),https://crepdogcrew.com/products/basketball-court-oversized-t-shirt-black
https://crepdogcrew.com,9495029612790,Basketball Court - Oversized T-shirt (Black),Streetwear T-Shirt,Instinct First,51459240820982,XXL,,2499.00,False,Sold Out,0 units left (Sold Out),https://crepdogcrew.com/products/basketball-court-oversized-t-shirt-black
https://crepdogcrew.com,9495029580022,Sweatpants (Chicory Coffee),Streetwear Pants Trousers,Instinct First,51459240427766,XS,CL,2499.00,True,Available,In Stock,https://crepdogcrew.com/products/sweatpants-chicory-coffee
https://crepdogcrew.com,9495029580022,Sweatpants (Chicory Coffee),Streetwear Pants Trousers,Instinct First,51459240460534,S,CL,2499.00,True,Available,In Stock,https://crepdogcrew.com/products/sweatpants-chicory-coffee
https://crepdogcrew.com,9495029580022,Sweatpants (Chicory Coffee),Streetwear Pants Trousers,Instinct First,51459240493302,M,CL,2499.00,False,Sold Out,0 units left (Sold Out),https://crepdogcrew.com/products/sweatpants-chicory-coffee
https://crepdogcrew.com,9495029580022,Sweatpants (Chicory Coffee),Streetwear Pants Trousers,Instinct First,51459240526070,L,CL,2499.00,False,Sold Out,0 units left (Sold Out),https://crepdogcrew.com/products/sweatpants-chicory-coffee
https://crepdogcrew.com,9495029580022,Sweatpants (Chicory Coffee),Streetwear Pants Trousers,Instinct First,51459240558838,XL,CL,2499.00,True,Available,In Stock,https://crepdogcrew.com/products/sweatpants-chicory-coffee
https://crepdogcrew.com,9495029580022,Sweatpants (Chicory Coffee),Streetwear Pants Trousers,Instinct First,51459240591606,XXL,CL,2499.00,True,Available,In Stock,https://crepdogcrew.com/products/sweatpants-chicory-coffee
https://crepdogcrew.com,9495029514486,Ballerz 01 short (Grey),Streetwear Shorts,Instinct First,51459240165622,XS,CL,2199.00,True,Available,In Stock,https://crepdogcrew.com/products/ballerz-01-short-grey
https://crepdogcrew.com,9495029514486,Ballerz 01 short (Grey),Streetwear Shorts,Instinct First,51459240198390,S,CL,2199.00,True,Available,In Stock,https://crepdogcrew.com/products/ballerz-01-short-grey
https://crepdogcrew.com,9495029514486,Ballerz 01 short (Grey),Streetwear Shorts,Instinct First,51459240231158,M,CL,2199.00,False,Sold Out,0 units left (Sold Out),https://crepdogcrew.com/products/ballerz-01-short-grey
https://crepdogcrew.com,9495029514486,Ballerz 01 short (Grey),Streetwear Shorts,Instinct First,51459240263926,L,CL,2199.00,False,Sold Out,0 units left (Sold Out),https://crepdogcrew.com/products/ballerz-01-short-grey
https://crepdogcrew.com,9495029514486,Ballerz 01 short (Grey),Streetwear Shorts,Instinct First,51459240296694,XL,CL,2199.00,False,Sold Out,0 units left (Sold Out),https://crepdogcrew.com/products/ballerz-01-short-grey
https://crepdogcrew.com,9495029514486,Ballerz 01 short (Grey),Streetwear Shorts,Instinct First,51459240329462,XXL,CL,2199.00,False,Sold Out,0 units left (Sold Out),https://crepdogcrew.com/products/ballerz-01-short-grey
https://crepdogcrew.com,9495029416182,Apiens  - Oversized Tshirt (Grey),Streetwear T-Shirt,Instinct First,51459239608566,XS,,3499.00,False,Sold Out,0 units left (Sold Out),https://crepdogcrew.com/products/apiens-oversized-tshirt-grey
https://crepdogcrew.com,9495029416182,Apiens  - Oversized Tshirt (Grey),Streetwear T-Shirt,Instinct First,51459239641334,S,,3499.00,False,Sold Out,0 units left (Sold Out),https://crepdogcrew.com/products/apiens-oversized-tshirt-grey
https://crepdogcrew.com,9495029416182,Apiens  - Oversized Tshirt (Grey),Streetwear T-Shirt,Instinct First,51459239674102,M,,3499.00,False,Sold Out,0 units left (Sold Out),https://crepdogcrew.com/products/apiens-oversized-tshirt-grey
https://crepdogcrew.com,9495029416182,Apiens  - Oversized Tshirt (Grey),Streetwear T-Shirt,Instinct First,51459239706870,L,,3499.00,False,Sold Out,0 units left (Sold Out),https://crepdogcrew.com/products/apiens-oversized-tshirt-grey
https://crepdogcrew.com,9495029416182,Apiens  - Oversized Tshirt (Grey),Streetwear T-Shirt,Instinct First,51459239739638,XL,,3499.00,False,Sold Out,0 units left (Sold Out),https://crepdogcrew.com/products/apiens-oversized-tshirt-grey
https://crepdogcrew.com,9495029416182,Apiens  - Oversized Tshirt (Grey),Streetwear T-Shirt,Instinct First,51459239772406,XXL,,3499.00,False,Sold Out,0 units left (Sold Out),https://crepdogcrew.com/products/apiens-oversized-tshirt-grey
https://crepdogcrew.com,9495029252342,Apiens- Oversized Tshirt (Black),Streetwear T-Shirt,Instinct First,51459239051510,XS / Black,,3499.00,False,Sold Out,0 units left (Sold Out),https://crepdogcrew.com/products/apiens-oversized-tshirt-black
https://crepdogcrew.com,9495029252342,Apiens- Oversized Tshirt (Black),Streetwear T-Shirt,Instinct First,51459239084278,S / Black,,3499.00,False,Sold Out,0 units left (Sold Out),https://crepdogcrew.com/products/apiens-oversized-tshirt-black
https://crepdogcrew.com,9495029252342,Apiens- Oversized Tshirt (Black),Streetwear T-Shirt,Instinct First,51459239117046,M / Black,,3499.00,False,Sold Out,0 units left (Sold Out),https://crepdogcrew.com/products/apiens-oversized-tshirt-black
https://crepdogcrew.com,9495029252342,Apiens- Oversized Tshirt (Black),Streetwear T-Shirt,Instinct First,51459239149814,L / Black,,3499.00,False,Sold Out,0 units left (Sold Out),https://crepdogcrew.com/products/apiens-oversized-tshirt-black
https://crepdogcrew.com,9495029252342,Apiens- Oversized Tshirt (Black),Streetwear T-Shirt,Instinct First,51459239182582,XL / Black,,3499.00,False,Sold Out,0 units left (Sold Out),https://crepdogcrew.com/products/apiens-oversized-tshirt-black
https://crepdogcrew.com,9495029252342,Apiens- Oversized Tshirt (Black),Streetwear T-Shirt,Instinct First,51459239215350,XXL / Black,,3499.00,False,Sold Out,0 units left (Sold Out),https://crepdogcrew.com/products/apiens-oversized-tshirt-black
https://crepdogcrew.com,9495029448950,Ballerz 01 - Oversized T-shirt (Black),Streetwear T-Shirt,Instinct First,51459239936246,XS,CL,2499.00,False,Sold Out,0 units left (Sold Out),https://crepdogcrew.com/products/ballerz-01-oversized-t-shirt-black
https://crepdogcrew.com,9495029448950,Ballerz 01 - Oversized T-shirt (Black),Streetwear T-Shirt,Instinct First,51459239969014,S,CL,2499.00,False,Sold Out,0 units left (Sold Out),https://crepdogcrew.com/products/ballerz-01-oversized-t-shirt-black
https://crepdogcrew.com,9495029448950,Ballerz 01 - Oversized T-shirt (Black),Streetwear T-Shirt,Instinct First,51459240001782,M,CL,2499.00,True,Available,In Stock,https://crepdogcrew.com/products/ballerz-01-oversized-t-shirt-black
https://crepdogcrew.com,9495029448950,Ballerz 01 - Oversized T-shirt (Black),Streetwear T-Shirt,Instinct First,51459240034550,L,CL,2499.00,True,Available,In Stock,https://crepdogcrew.com/products/ballerz-01-oversized-t-shirt-black
https://crepdogcrew.com,9495029448950,Ballerz 01 - Oversized T-shirt (Black),Streetwear T-Shirt,Instinct First,51459240067318,XL,CL,2499.00,True,Available,In Stock,https://crepdogcrew.com/products/ballerz-01-oversized-t-shirt-black
https://crepdogcrew.com,9495029448950,Ballerz 01 - Oversized T-shirt (Black),Streetwear T-Shirt,Instinct First,51459240100086,XXL,CL,2499.00,True,Available,In Stock,https://crepdogcrew.com/products/ballerz-01-oversized-t-shirt-black
https://crepdogcrew.com,9495029350646,Apiens - Oversized Tshirt (Green),Streetwear T-Shirt,Instinct First,51459239346422,XS,CL,3499.00,False,Sold Out,0 units left (Sold Out),https://crepdogcrew.com/products/apiens-oversized-tshirt-green
https://crepdogcrew.com,9495029350646,Apiens - Oversized Tshirt (Green),Streetwear T-Shirt,Instinct First,51459239379190,S,CL,3499.00,True,Available,In Stock,https://crepdogcrew.com/products/apiens-oversized-tshirt-green
https://crepdogcrew.com,9495029350646,Apiens - Oversized Tshirt (Green),Streetwear T-Shirt,Instinct First,51459239411958,M,CL,3499.00,True,Available,In Stock,https://crepdogcrew.com/products/apiens-oversized-tshirt-green
https://crepdogcrew.com,9495029350646,Apiens - Oversized Tshirt (Green),Streetwear T-Shirt,Instinct First,51459239444726,L,CL,3499.00,True,Available,In Stock,https://crepdogcrew.com/products/apiens-oversized-tshirt-green
https://crepdogcrew.com,9495029350646,Apiens - Oversized Tshirt (Green),Streetwear T-Shirt,Instinct First,51459239477494,XL,CL,3499.00,True,Available,In Stock,https://crepdogcrew.com/products/apiens-oversized-tshirt-green
https://crepdogcrew.com,9495029350646,Apiens - Oversized Tshirt (Green),Streetwear T-Shirt,Instinct First,51459239510262,XXL,CL,3499.00,True,Available,In Stock,https://crepdogcrew.com/products/apiens-oversized-tshirt-green
https://crepdogcrew.com,9495029186806,Abstract Art- Oversized T-shirt (White),Streetwear T-Shirt,Instinct First,51459238822134,XS,,2499.00,False,Sold Out,0 units left (Sold Out),https://crepdogcrew.com/products/abstract-art-oversized-t-shirt-white
https://crepdogcrew.com,9495029186806,Abstract Art- Oversized T-shirt (White),Streetwear T-Shirt,Instinct First,51459238854902,S,,2499.00,False,Sold Out,0 units left (Sold Out),https://crepdogcrew.com/products/abstract-art-oversized-t-shirt-white
https://crepdogcrew.com,9495029186806,Abstract Art- Oversized T-shirt (White),Streetwear T-Shirt,Instinct First,51459238887670,M,,2499.00,False,Sold Out,0 units left (Sold Out),https://crepdogcrew.com/products/abstract-art-oversized-t-shirt-white
https://crepdogcrew.com,9495029186806,Abstract Art- Oversized T-shirt (White),Streetwear T-Shirt,Instinct First,51459238920438,L,,2499.00,False,Sold Out,0 units left (Sold Out),https://crepdogcrew.com/products/abstract-art-oversized-t-shirt-white
https://crepdogcrew.com,9495029186806,Abstract Art- Oversized T-shirt (White),Streetwear T-Shirt,Instinct First,51459238953206,XL,,2499.00,False,Sold Out,0 units left (Sold Out),https://crepdogcrew.com/products/abstract-art-oversized-t-shirt-white
https://crepdogcrew.com,9495029186806,Abstract Art- Oversized T-shirt (White),Streetwear T-Shirt,Instinct First,51459238985974,XXL,,2499.00,False,Sold Out,0 units left (Sold Out),https://crepdogcrew.com/products/abstract-art-oversized-t-shirt-white
https://crepdogcrew.com,9495029121270,Shorts - (Brick Red),Streetwear Shorts,Instinct First,51459238494454,XS,,1999.00,True,Available,In Stock,https://crepdogcrew.com/products/shorts-brick-red
https://crepdogcrew.com,9495029121270,Shorts - (Brick Red),Streetwear Shorts,Instinct First,51459238527222,S,,1999.00,True,Available,In Stock,https://crepdogcrew.com/products/shorts-brick-red
https://crepdogcrew.com,9495029121270,Shorts - (Brick Red),Streetwear Shorts,Instinct First,51459238559990,M,,1999.00,False,Sold Out,0 units left (Sold Out),https://crepdogcrew.com/products/shorts-brick-red
https://crepdogcrew.com,9495029121270,Shorts - (Brick Red),Streetwear Shorts,Instinct First,51459238592758,L,,1999.00,True,Available,In Stock,https://crepdogcrew.com/products/shorts-brick-red
https://crepdogcrew.com,9495029121270,Shorts - (Brick Red),Streetwear Shorts,Instinct First,51459238625526,XL,,1999.00,False,Sold Out,0 units left (Sold Out),https://crepdogcrew.com/products/shorts-brick-red
https://crepdogcrew.com,9495029121270,Shorts - (Brick Red),Streetwear Shorts,Instinct First,51459238658294,XXL,,1999.00,False,Sold Out,0 units left (Sold Out),https://crepdogcrew.com/products/shorts-brick-red
https://crepdogcrew.com,9495029055734,Shorts - (Bare Black),Streetwear Shorts,Instinct First,51459238232310,XS,,1999.00,False,Sold Out,0 units left (Sold Out),https://crepdogcrew.com/products/shorts-bare-black
https://crepdogcrew.com,9495029055734,Shorts - (Bare Black),Streetwear Shorts,Instinct First,51459238265078,S,,1999.00,False,Sold Out,0 units left (Sold Out),https://crepdogcrew.com/products/shorts-bare-black
https://crepdogcrew.com,9495029055734,Shorts - (Bare Black),Streetwear Shorts,Instinct First,51459238297846,M,,1999.00,False,Sold Out,0 units left (Sold Out),https://crepdogcrew.com/products/shorts-bare-black
https://crepdogcrew.com,9495029055734,Shorts - (Bare Black),Streetwear Shorts,Instinct First,51459238330614,L,,1999.00,False,Sold Out,0 units left (Sold Out),https://crepdogcrew.com/products/shorts-bare-black
https://crepdogcrew.com,9495029055734,Shorts - (Bare Black),Streetwear Shorts,Instinct First,51459238363382,XL,,1999.00,False,Sold Out,0 units left (Sold Out),https://crepdogcrew.com/products/shorts-bare-black
https://crepdogcrew.com,9495029055734,Shorts - (Bare Black),Streetwear Shorts,Instinct First,51459238396150,XXL,,1999.00,False,Sold Out,0 units left (Sold Out),https://crepdogcrew.com/products/shorts-bare-black
https://crepdogcrew.com,9494980788470,JW PEI Bruna Woven Dachshund Metal Handle Top Handle Bag -  Black,WOMEN BAG,JW PEI,51458933096694,Default Title,ZYZYZY,25499.00,True,Available,In Stock,https://crepdogcrew.com/products/jw-pei-bruna-woven-dachshund-metal-handle-top-handle-bag-black
https://crepdogcrew.com,9494980722934,JW PEI Bruna Faux Suede Embroidered Dachshund Metal Top Handle Bag - Pink,WOMEN BAG,JW PEI,51458933031158,Default Title,ZYZYZY,24499.00,True,Available,In Stock,https://crepdogcrew.com/products/jw-pei-bruna-faux-suede-embroidered-dachshund-metal-top-handle-bag-pink
https://crepdogcrew.com,9495028990198,Arcade - Relaxed Fit Tshirt (Black),Streetwear T-Shirt,Instinct First,51459237937398,XS,,1999.00,True,Available,In Stock,https://crepdogcrew.com/products/arcade-relaxed-fit-tshirt-black
https://crepdogcrew.com,9495028990198,Arcade - Relaxed Fit Tshirt (Black),Streetwear T-Shirt,Instinct First,51459237970166,S,,1999.00,True,Available,In Stock,https://crepdogcrew.com/products/arcade-relaxed-fit-tshirt-black
https://crepdogcrew.com,9495028990198,Arcade - Relaxed Fit Tshirt (Black),Streetwear T-Shirt,Instinct First,51459238002934,M,,1999.00,False,Sold Out,0 units left (Sold Out),https://crepdogcrew.com/products/arcade-relaxed-fit-tshirt-black
https://crepdogcrew.com,9495028990198,Arcade - Relaxed Fit Tshirt (Black),Streetwear T-Shirt,Instinct First,51459238035702,L,,1999.00,False,Sold Out,0 units left (Sold Out),https://crepdogcrew.com/products/arcade-relaxed-fit-tshirt-black
https://crepdogcrew.com,9495028990198,Arcade - Relaxed Fit Tshirt (Black),Streetwear T-Shirt,Instinct First,51459238068470,XL,,1999.00,True,Available,In Stock,https://crepdogcrew.com/products/arcade-relaxed-fit-tshirt-black
https://crepdogcrew.com,9495028990198,Arcade - Relaxed Fit Tshirt (Black),Streetwear T-Shirt,Instinct First,51459238101238,XXL,,1999.00,True,Available,In Stock,https://crepdogcrew.com/products/arcade-relaxed-fit-tshirt-black
https://crepdogcrew.com,9495028990198,Arcade - Relaxed Fit Tshirt (Black),Streetwear T-Shirt,Instinct First,51459238134006,XXXL,,1999.00,True,Available,In Stock,https://crepdogcrew.com/products/arcade-relaxed-fit-tshirt-black
https://crepdogcrew.com,9494980690166,JW PEI Bruna Faux Suede Dachshund Metal Top Handle Bag - Light Green,WOMEN BAG,JW PEI,51458932965622,Default Title,ZYZYZY,21999.00,True,Available,In Stock,https://crepdogcrew.com/products/jw-pei-bruna-faux-suede-dachshund-metal-top-handle-bag-light-green
https://crepdogcrew.com,9494980657398,JW PEI Holly Faux Suede Metal Pendant Embellished Clutch - Coffee Brown,WOMEN BAG,JW PEI,51458932932854,Default Title,ZYZYZY,21999.00,True,Available,In Stock,https://crepdogcrew.com/products/jw-pei-holly-faux-suede-metal-pendant-embellished-clutch-coffee-brown
https://crepdogcrew.com,9494980624630,JW PEI Bruna Dachshund Metal Handle Top Handle Bag - Dark Blue Denim,WOMEN BAG,JW PEI,51458932900086,Default Title,ZYZYZY,22999.00,True,Available,In Stock,https://crepdogcrew.com/products/jw-pei-bruna-dachshund-metal-handle-top-handle-bag-dark-blue-denim
https://crepdogcrew.com,9494980559094,JW PEI Bruna Woven Dachshund Metal Handle Top Handle Bag - Dark Brown,WOMEN BAG,JW PEI,51458932834550,Default Title,ZYZYZY,25499.00,True,Available,In Stock,https://crepdogcrew.com/products/jw-pei-bruna-woven-dachshund-metal-handle-top-handle-bag-dark-brown
https://crepdogcrew.com,9494980493558,JW PEI Delphine Saffiano Top Handle Bag - Deep Burgundy,WOMEN BAG,JW PEI,51458932801782,Default Title,ZYZYZY,15499.00,True,Available,In Stock,https://crepdogcrew.com/products/jw-pei-delphine-saffiano-top-handle-bag-deep-burgundy
https://crepdogcrew.com,9494980460790,JW PEI Solenne East-West Shoulder Bag - Burgundy,WOMEN BAG,JW PEI,51458932736246,Default Title,ZYZYZY,19499.00,True,Available,In Stock,https://crepdogcrew.com/products/jw-pei-solenne-east-west-shoulder-bag-burgundy
https://crepdogcrew.com,9494980428022,JW PEI Solenne East-West Shoulder Bag - Black,WOMEN BAG,JW PEI,51458932703478,Default Title,ZYZYZY,19499.00,True,Available,In Stock,https://crepdogcrew.com/products/jw-pei-solenne-east-west-shoulder-bag-black
https://crepdogcrew.com,9494980395254,JW PEI Bruna Quilting Dachshund Metal Top Handle Bag - Dark Black,WOMEN BAG,JW PEI,51458932670710,Default Title,ZYZYZY,22999.00,True,Available,In Stock,https://crepdogcrew.com/products/jw-pei-bruna-quilting-dachshund-metal-top-handle-bag-dark-black
https://crepdogcrew.com,9494980362486,JW PEI Holly Woven Metal Pendant Embellished Clutch - Dark Burgundy,WOMEN BAG,JW PEI,51458932637942,Default Title,ZYZYZY,22999.00,True,Available,In Stock,https://crepdogcrew.com/products/jw-pei-holly-woven-metal-pendant-embellished-clutch-dark-burgundy
https://crepdogcrew.com,9494980329718,JW PEI Bruna Studded Dachshund Metal Handle Top Handle Bag - Charcoal Black,WOMEN BAG,JW PEI,51458932605174,Default Title,ZYZYZY,24499.00,True,Available,In Stock,https://crepdogcrew.com/products/jw-pei-bruna-studded-dachshund-metal-handle-top-handle-bag-charcoal-black
https://crepdogcrew.com,9494980296950,JW PEI Bruna Beading Dachshund Metal Top Handle Bag - Brown Canvas,WOMEN BAG,JW PEI,51458932572406,Default Title,ZYZYZY,24499.00,True,Available,In Stock,https://crepdogcrew.com/products/jw-pei-bruna-beading-dachshund-metal-top-handle-bag-brown-canvas
https://crepdogcrew.com,9494980231414,JW PEI Bruna Dachshund Metal Handle Lily Embroidered Top Handle Bag - Brown Canvas,WOMEN BAG,JW PEI,51458932506870,Default Title,ZYZYZY,24499.00,True,Available,In Stock,https://crepdogcrew.com/products/jw-pei-bruna-dachshund-metal-handle-lily-embroidered-top-handle-bag-brown-canvas
https://crepdogcrew.com,9494980198646,JW PEI Holly Studded Metal Pendant Embellished Clutch - Ink Black,WOMEN BAG,JW PEI,51458932474102,Default Title,ZYZYZY,21999.00,True,Available,In Stock,https://crepdogcrew.com/products/jw-pei-holly-studded-metal-pendant-embellished-clutch-ink-black
https://crepdogcrew.com,9494980165878,JW PEI Holly Metal Pendant Embellished Clutch - Mocha Brown,WOMEN BAG,JW PEI,51458932441334,Default Title,ZYZYZY,17999.00,True,Available,In Stock,https://crepdogcrew.com/products/jw-pei-holly-metal-pendant-embellished-clutch-mocha-brown
https://crepdogcrew.com,9494980100342,JW PEI Yara Sequin Bucket Bag - Mocha Brown,WOMEN BAG,JW PEI,51458932375798,Default Title,ZYZYZY,19499.00,True,Available,In Stock,https://crepdogcrew.com/products/jw-pei-yara-sequin-bucket-bag-mocha-brown
https://crepdogcrew.com,9494980133110,JW PEI Bruna Dachshund Metal Handle Top Handle Bag - Black Canvas,WOMEN BAG,JW PEI,51458932408566,Default Title,ZYZYZY,21999.00,True,Available,In Stock,https://crepdogcrew.com/products/jw-pei-bruna-dachshund-metal-handle-top-handle-bag-black-canvas
https://crepdogcrew.com,9494980034806,JW PEI Bruna Woven Dachshund Metal Handle Top Handle Bag - Crimson,WOMEN BAG,JW PEI,51458932310262,Default Title,ZYZYZY,25499.00,True,Available,In Stock,https://crepdogcrew.com/products/jw-pei-bruna-woven-dachshund-metal-handle-top-handle-bag-crimson
https://crepdogcrew.com,9494979969270,JW PEI Bruna Dachshund Metal Handle Top Handle Bag - Green Croc,WOMEN BAG,JW PEI,51458932244726,Default Title,ZYZYZY,21999.00,True,Available,In Stock,https://crepdogcrew.com/products/jw-pei-bruna-dachshund-metal-handle-top-handle-bag-green-croc
https://crepdogcrew.com,9494980002038,JW PEI Bruna Artificial Crystal Dachshund Metal Handle Top Handle Bag - Black,WOMEN BAG,JW PEI,51458932277494,Default Title,ZYZYZY,25499.00,True,Available,In Stock,https://crepdogcrew.com/products/jw-pei-bruna-artificial-crystal-dachshund-metal-handle-top-handle-bag-black
https://crepdogcrew.com,9494979903734,JW PEI Holly Quilting Metal Pendant Embellished Clutch - Dark Black,WOMEN BAG,JW PEI,51458932179190,Default Title,ZYZYZY,20499.00,True,Available,In Stock,https://crepdogcrew.com/products/jw-pei-holly-quilting-metal-pendant-embellished-clutch-dark-black
https://crepdogcrew.com,9494979870966,JW PEI Bruna Artificial Crystal Dachshund Metal Handle Top Handle Bag - Champagne,WOMEN BAG,JW PEI,51458932146422,Default Title,ZYZYZY,25499.00,True,Available,In Stock,https://crepdogcrew.com/products/jw-pei-bruna-artificial-crystal-dachshund-metal-handle-top-handle-bag-champagne
https://crepdogcrew.com,9494979838198,JW PEI Holly Woven Metal Pendant Embellished Clutch - Taupe,WOMEN BAG,JW PEI,51458932113654,Default Title,ZYZYZY,22999.00,True,Available,In Stock,https://crepdogcrew.com/products/jw-pei-holly-woven-metal-pendant-embellished-clutch-taupe
https://crepdogcrew.com,9494979805430,JW PEI Mabel Sequin Soft Bow Tote Bag - Hazelnut Brown,WOMEN BAG,JW PEI,51458932080886,Default Title,ZYZYZY,22999.00,True,Available,In Stock,https://crepdogcrew.com/products/jw-pei-mabel-sequin-soft-bow-tote-bag-hazelnut-brown
https://crepdogcrew.com,9494979707126,JW PEI Holly Artificial Crystal Metal Pendant Embellished Clutch - Black,WOMEN BAG,JW PEI,51458931982582,Default Title,ZYZYZY,21999.00,True,Available,In Stock,https://crepdogcrew.com/products/jw-pei-holly-artificial-crystal-metal-pendant-embellished-clutch-black
https://crepdogcrew.com,9494979674358,JW PEI Holly Faux Suede Quilting Metal Pendant Embellished Clutch - Dark Brown,WOMEN BAG,JW PEI,51458931949814,Default Title,ZYZYZY,20499.00,True,Available,In Stock,https://crepdogcrew.com/products/jw-pei-holly-faux-suede-quilting-metal-pendant-embellished-clutch-dark-brown
https://crepdogcrew.com,9494979641590,JW PEI Joy Sequin Shoulder Bag - Mocha Brown,WOMEN BAG,JW PEI,51458931917046,Default Title,ZYZYZY,19499.00,True,Available,In Stock,https://crepdogcrew.com/products/jw-pei-joy-sequin-shoulder-bag-mocha-brown
https://crepdogcrew.com,9494979608822,JW PEI Holly Beaded Orchid Metal Pendant Embellished Clutch - Rose Pink,WOMEN BAG,JW PEI,51458931884278,Default Title,ZYZYZY,21999.00,True,Available,In Stock,https://crepdogcrew.com/products/jw-pei-holly-beaded-orchid-metal-pendant-embellished-clutch-rose-pink
https://crepdogcrew.com,9494979543286,JW PEI Bruna Dachshund Metal Handle Top Handle Bag - Light Grey Croc,WOMEN BAG,JW PEI,51458931818742,Default Title,ZYZYZY,21999.00,True,Available,In Stock,https://crepdogcrew.com/products/jw-pei-bruna-dachshund-metal-handle-top-handle-bag-light-grey-croc
https://crepdogcrew.com,9494979510518,JW PEI Holly Beaded Orchid Metal Pendant Embellished Clutch - Light Blue,WOMEN BAG,JW PEI,51458931785974,Default Title,ZYZYZY,21999.00,True,Available,In Stock,https://crepdogcrew.com/products/jw-pei-holly-beaded-orchid-metal-pendant-embellished-clutch-light-blue
https://crepdogcrew.com,9494979477750,JW PEI Bruna Dachshund Metal Handle Top Handle Bag - Brown Canvas,WOMEN BAG,JW PEI,51458931753206,Default Title,ZYZYZY,21999.00,True,Available,In Stock,https://crepdogcrew.com/products/jw-pei-bruna-dachshund-metal-handle-top-handle-bag-brown-canvas
https://crepdogcrew.com,9494979444982,JW PEI Delphine Top Handle Bag - Dark Brown,WOMEN BAG,JW PEI,51458931720438,Default Title,ZYZYZY,15499.00,True,Available,In Stock,https://crepdogcrew.com/products/jw-pei-delphine-top-handle-bag-dark-brown
https://crepdogcrew.com,9494979412214,JW PEI Bruna Faux Suede Dachshund Metal Top Handle Bag - Sandalwood Brown,WOMEN BAG,JW PEI,51458931687670,Default Title,ZYZYZY,21999.00,True,Available,In Stock,https://crepdogcrew.com/products/jw-pei-bruna-faux-suede-dachshund-metal-top-handle-bag-sandalwood-brown
https://crepdogcrew.com,9494979313910,JW PEI Holly Faux Suede Studded Metal Pendant Embellished Clutch - Dark Brown,WOMEN BAG,JW PEI,51458931622134,Default Title,ZYZYZY,21999.00,True,Available,In Stock,https://crepdogcrew.com/products/jw-pei-holly-faux-suede-studded-metal-pendant-embellished-clutch-dark-brown
https://crepdogcrew.com,9494979379446,JW PEI Bruna Dachshund Metal Handle Top Handle Bag - Brown Croc,WOMEN BAG,JW PEI,51458931654902,Default Title,ZYZYZY,21999.00,True,Available,In Stock,https://crepdogcrew.com/products/jw-pei-bruna-dachshund-metal-handle-top-handle-bag-brown-croc
https://crepdogcrew.com,9494979281142,JW PEI Bruna Faux Suede Quilting Dachshund Metal Top Handle Bag - Dirty Orange,WOMEN BAG,JW PEI,51458931556598,Default Title,ZYZYZY,22999.00,True,Available,In Stock,https://crepdogcrew.com/products/jw-pei-bruna-faux-suede-quilting-dachshund-metal-top-handle-bag-dirty-orange
https://crepdogcrew.com,9494979248374,JW PEI Bruna Dachshund Metal Handle Top Handle Bag - Light Blue Denim,WOMEN BAG,JW PEI,51458931523830,Default Title,ZYZYZY,22999.00,True,Available,In Stock,https://crepdogcrew.com/products/jw-pei-bruna-dachshund-metal-handle-top-handle-bag-light-blue-denim
https://crepdogcrew.com,9494979215606,JW PEI Bruna Artificial Crystal Dachshund Metal Handle Top Handle Bag - Red,WOMEN BAG,JW PEI,51458931491062,Default Title,ZYZYZY,25499.00,True,Available,In Stock,https://crepdogcrew.com/products/jw-pei-bruna-artificial-crystal-dachshund-metal-handle-top-handle-bag-red
https://crepdogcrew.com,9494979150070,JW PEI Holly Artificial Crystal Metal Pendant Embellished Clutch - Pink,WOMEN BAG,JW PEI,51458931425526,Default Title,ZYZYZY,21999.00,True,Available,In Stock,https://crepdogcrew.com/products/jw-pei-holly-artificial-crystal-metal-pendant-embellished-clutch-pink
https://crepdogcrew.com,9494979117302,JW PEI Bruna Dachshund Metal Handle Top Handle Bag - Khaki Brown,WOMEN BAG,JW PEI,51458931392758,Default Title,ZYZYZY,21999.00,True,Available,In Stock,https://crepdogcrew.com/products/jw-pei-bruna-dachshund-metal-handle-top-handle-bag-khaki-brown
https://crepdogcrew.com,9494979084534,JW PEI Holly Artificial Crystal Metal Pendant Embellished Clutch - Light Champagne,WOMEN BAG,JW PEI,51458931359990,Default Title,ZYZYZY,21999.00,True,Available,In Stock,https://crepdogcrew.com/products/jw-pei-holly-artificial-crystal-metal-pendant-embellished-clutch-light-champagne
https://crepdogcrew.com,9494979051766,JW PEI Holly Woven Metal Pendant Embellished Clutch - Nude Pink,WOMEN BAG,JW PEI,51458931327222,Default Title,ZYZYZY,22999.00,True,Available,In Stock,https://crepdogcrew.com/products/jw-pei-holly-woven-metal-pendant-embellished-clutch-nude-pink
https://crepdogcrew.com,9494979018998,JW PEI Bruna Faux Suede Studded Dachshund Metal Top Handle Bag - Brown,WOMEN BAG,JW PEI,51458931294454,Default Title,ZYZYZY,24499.00,True,Available,In Stock,https://crepdogcrew.com/products/jw-pei-bruna-faux-suede-studded-dachshund-metal-top-handle-bag-brown
https://crepdogcrew.com,9494978920694,JW PEI Bruna Faux Suede Dachshund Metal Top Handle Bag - Scarlet Red,WOMEN BAG,JW PEI,51458931097846,Default Title,ZYZYZY,21999.00,True,Available,In Stock,https://crepdogcrew.com/products/jw-pei-bruna-faux-suede-dachshund-metal-top-handle-bag-scarlet-red
https://crepdogcrew.com,9494978887926,JW PEI Holly Beaded Orchid Metal Pendant Embellished Clutch - Light Yellow,WOMEN BAG,JW PEI,51458931032310,Default Title,ZYZYZY,21999.00,True,Available,In Stock,https://crepdogcrew.com/products/jw-pei-holly-beaded-orchid-metal-pendant-embellished-clutch-light-yellow
https://crepdogcrew.com,9494978855158,JW PEI Holly Woven Metal Pendant Embellished Clutch - Dark Green,WOMEN BAG,JW PEI,51458930999542,Default Title,ZYZYZY,22999.00,True,Available,In Stock,https://crepdogcrew.com/products/jw-pei-holly-woven-metal-pendant-embellished-clutch-dark-green
https://crepdogcrew.com,9494978789622,JW PEI Nadine Dachshund Woven Hobo Bag - Dark Brown,WOMEN BAG,JW PEI,51458930934006,Default Title,ZYZYZY,21999.00,True,Available,In Stock,https://crepdogcrew.com/products/jw-pei-nadine-dachshund-woven-hobo-bag-dark-brown
https://crepdogcrew.com,9494978822390,JW PEI Delphine Saffiano Top Handle Bag - Black,WOMEN BAG,JW PEI,51458930966774,Default Title,ZYZYZY,15499.00,True,Available,In Stock,https://crepdogcrew.com/products/jw-pei-delphine-saffiano-top-handle-bag-black
https://crepdogcrew.com,9494978724086,JW PEI Lucia Elongated Top Handle Bag - Dark Brown,WOMEN BAG,JW PEI,51458930868470,Default Title,ZYZYZY,17999.00,True,Available,In Stock,https://crepdogcrew.com/products/jw-pei-lucia-elongated-top-handle-bag-dark-brown
https://crepdogcrew.com,9494978658550,JW PEI Nerina Pebbled Dome Top Handle Bag - Brown,WOMEN BAG,JW PEI,51458930802934,Default Title,ZYZYZY,17999.00,True,Available,In Stock,https://crepdogcrew.com/products/jw-pei-nerina-pebbled-dome-top-handle-bag-brown
https://crepdogcrew.com,9494978625782,JW PEI Maya Envelope Shoulder Bag - Brown,WOMEN BAG,JW PEI,51458930770166,Default Title,ZYZYZY,16999.00,True,Available,In Stock,https://crepdogcrew.com/products/jw-pei-maya-envelope-shoulder-bag-brown
https://crepdogcrew.com,9494978593014,JW PEI Ellie Embroidery Metal Ring Embellished Top Handle Bag - Vintage Blue Denim,WOMEN BAG,JW PEI,51458930737398,Default Title,ZYZYZY,17999.00,True,Available,In Stock,https://crepdogcrew.com/products/jw-pei-ellie-embroidery-metal-ring-embellished-top-handle-bag-vintage-blue-denim
https://crepdogcrew.com,9494978560246,JW PEI Ellie Metal Ring Embellished Top Handle Bag - Medium Gray Croc,WOMEN BAG,JW PEI,51458930704630,Default Title,ZYZYZY,16999.00,True,Available,In Stock,https://crepdogcrew.com/products/jw-pei-ellie-metal-ring-embellished-top-handle-bag-medium-gray-croc
https://crepdogcrew.com,9494978527478,JW PEI Ellie Metal Ring Embellished Top Handle Bag - Sakura Pink Croc,WOMEN BAG,JW PEI,51458930671862,Default Title,ZYZYZY,16999.00,True,Available,In Stock,https://crepdogcrew.com/products/jw-pei-ellie-metal-ring-embellished-top-handle-bag-sakura-pink-croc
https://crepdogcrew.com,9494978429174,JW PEI Ellie Faux Suede Metal Ring Embellished Top Handle Bag - Chocolate Brown Croc,WOMEN BAG,JW PEI,51458930573558,Default Title,ZYZYZY,16999.00,True,Available,In Stock,https://crepdogcrew.com/products/jw-pei-ellie-faux-suede-metal-ring-embellished-top-handle-bag-chocolate-brown-croc
https://crepdogcrew.com,9494978494710,JW PEI Ellie Satin Finish Embroidered Metal Ring Embellished Top Handle Bag - White,WOMEN BAG,JW PEI,51458930639094,Default Title,ZYZYZY,17999.00,True,Available,In Stock,https://crepdogcrew.com/products/jw-pei-ellie-satin-finish-embroidered-metal-ring-embellished-top-handle-bag-white
https://crepdogcrew.com,9494978396406,JW PEI Ellie Metal Ring Embellished Top Handle Bag - Brown Apricot,WOMEN BAG,JW PEI,51458930540790,Default Title,ZYZYZY,16999.00,True,Available,In Stock,https://crepdogcrew.com/products/jw-pei-ellie-metal-ring-embellished-top-handle-bag-brown-apricot
https://crepdogcrew.com,9494978363638,JW PEI Ellie Faux Suede Metal Ring Embellished Top Handle Bag - Black Croc,WOMEN BAG,JW PEI,51458930508022,Default Title,ZYZYZY,16999.00,True,Available,In Stock,https://crepdogcrew.com/products/jw-pei-ellie-faux-suede-metal-ring-embellished-top-handle-bag-black-croc
https://crepdogcrew.com,9494978298102,JW PEI Ellie Metal Ring Embellished Top Handle Bag - Deep Burgundy Croc,WOMEN BAG,JW PEI,51458930442486,Default Title,ZYZYZY,16999.00,True,Available,In Stock,https://crepdogcrew.com/products/jw-pei-ellie-metal-ring-embellished-top-handle-bag-deep-burgundy-croc
https://crepdogcrew.com,9494978330870,JW PEI Ellie Faux Suede Metal Ring Embellished Top Handle Bag - Green Croc,WOMEN BAG,JW PEI,51458930475254,Default Title,ZYZYZY,16999.00,True,Available,In Stock,https://crepdogcrew.com/products/jw-pei-ellie-faux-suede-metal-ring-embellished-top-handle-bag-green-croc
https://crepdogcrew.com,9494978232566,JW PEI Ellie Metal Ring Embellished Top Handle Bag - Olive Green Croc,WOMEN BAG,JW PEI,51458930376950,Default Title,ZYZYZY,16999.00,True,Available,In Stock,https://crepdogcrew.com/products/jw-pei-ellie-metal-ring-embellished-top-handle-bag-olive-green-croc
https://crepdogcrew.com,9494978199798,JW PEI Ellie Metal Ring Embellished Top Handle Bag - Off White,WOMEN BAG,JW PEI,51458930344182,Default Title,ZYZYZY,16999.00,True,Available,In Stock,https://crepdogcrew.com/products/jw-pei-ellie-metal-ring-embellished-top-handle-bag-off-white
https://crepdogcrew.com,9494978167030,JW PEI Ella Structured Tote - Taupe,WOMEN BAG,JW PEI,51458930311414,Default Title,ZYZYZY,17999.00,True,Available,In Stock,https://crepdogcrew.com/products/jw-pei-ella-structured-tote-taupe
https://crepdogcrew.com,9494978134262,JW PEI Evania U-Lock Top Handle Bag - Black,WOMEN BAG,JW PEI,51458930278646,Default Title,ZYZYZY,19499.00,True,Available,In Stock,https://crepdogcrew.com/products/jw-pei-evania-u-lock-top-handle-bag-black
https://crepdogcrew.com,9494978068726,JW PEI Harper Horse Top Handle Bag - Dark Brown,WOMEN BAG,JW PEI,51458930213110,Default Title,ZYZYZY,22999.00,True,Available,In Stock,https://crepdogcrew.com/products/jw-pei-harper-horse-top-handle-bag-dark-brown
https://crepdogcrew.com,9494978035958,JW PEI Harper Horse Top Handle Bag - Khaki,WOMEN BAG,JW PEI,51458930147574,Default Title,ZYZYZY,22999.00,True,Available,In Stock,https://crepdogcrew.com/products/jw-pei-harper-horse-top-handle-bag-khaki
https://crepdogcrew.com,9494977970422,JW PEI Harper Horse Top Handle Bag - White,WOMEN BAG,JW PEI,51458930082038,Default Title,ZYZYZY,22999.00,True,Available,In Stock,https://crepdogcrew.com/products/jw-pei-harper-horse-top-handle-bag-white
https://crepdogcrew.com,9494977937654,JW PEI Harper Horse Top Handle Bag - Grey,WOMEN BAG,JW PEI,51458930049270,Default Title,ZYZYZY,22999.00,True,Available,In Stock,https://crepdogcrew.com/products/jw-pei-harper-horse-top-handle-bag-grey
https://crepdogcrew.com,9494977904886,JW PEI Harper Horse Top Handle Bag - Black,WOMEN BAG,JW PEI,51458930016502,Default Title,ZYZYZY,22999.00,True,Available,In Stock,https://crepdogcrew.com/products/jw-pei-harper-horse-top-handle-bag-black
https://crepdogcrew.com,9494977872118,JW PEI Harper Horse Top Handle Bag - Green,WOMEN BAG,JW PEI,51458929983734,Default Title,ZYZYZY,22999.00,True,Available,In Stock,https://crepdogcrew.com/products/jw-pei-harper-horse-top-handle-bag-green
https://crepdogcrew.com,9494977839350,JW PEI Lucia Envelope Chain Shoulder Bag - Blue Denim,WOMEN BAG,JW PEI,51458929950966,Default Title,ZYZYZY,19499.00,True,Available,In Stock,https://crepdogcrew.com/products/jw-pei-lucia-envelope-chain-shoulder-bag-blue-denim
https://crepdogcrew.com,9494977773814,JW PEI Lucia Woven Hobo Bag - Black,WOMEN BAG,JW PEI,51458929885430,Default Title,ZYZYZY,20499.00,True,Available,In Stock,https://crepdogcrew.com/products/jw-pei-lucia-woven-hobo-bag-black
https://crepdogcrew.com,9494977741046,JW PEI Rowan Ruched Drawstring Chain Bucket Bag - Jet Black,WOMEN BAG,JW PEI,51458929852662,Default Title,ZYZYZY,20499.00,True,Available,In Stock,https://crepdogcrew.com/products/jw-pei-rowan-ruched-drawstring-chain-bucket-bag-jet-black
https://crepdogcrew.com,9494977708278,JW PEI Rowan Studded Ruched Drawstring Chain Bucket Bag - Shiny Black,WOMEN BAG,JW PEI,51458929819894,Default Title,ZYZYZY,25499.00,True,Available,In Stock,https://crepdogcrew.com/products/jw-pei-rowan-studded-ruched-drawstring-chain-bucket-bag-shiny-black
https://crepdogcrew.com,9494977675510,JW PEI Rowan Ruched Drawstring Chain Bucket Bag - Sand Brown Croc,WOMEN BAG,JW PEI,51458929787126,Default Title,ZYZYZY,20499.00,True,Available,In Stock,https://crepdogcrew.com/products/jw-pei-rowan-ruched-drawstring-chain-bucket-bag-sand-brown-croc
https://crepdogcrew.com,9494977642742,JW PEI Rowan Ruched Drawstring Chain Bucket Bag - Vermilion Red,WOMEN BAG,JW PEI,51458929754358,Default Title,ZYZYZY,20499.00,True,Available,In Stock,https://crepdogcrew.com/products/jw-pei-rowan-ruched-drawstring-chain-bucket-bag-vermilion-red
https://crepdogcrew.com,9494977577206,JW PEI Rowan Ruched Drawstring Chain Bucket Bag - Chestnut Brown,WOMEN BAG,JW PEI,51458929688822,Default Title,ZYZYZY,20499.00,True,Available,In Stock,https://crepdogcrew.com/products/jw-pei-rowan-ruched-drawstring-chain-bucket-bag-chestnut-brown
https://crepdogcrew.com,9494977544438,JW PEI Rowan Ruched Drawstring Chain Bucket Bag - Black Blue Denim,WOMEN BAG,JW PEI,51458929656054,Default Title,ZYZYZY,21999.00,True,Available,In Stock,https://crepdogcrew.com/products/jw-pei-rowan-ruched-drawstring-chain-bucket-bag-black-blue-denim
https://crepdogcrew.com,9494977511670,JW PEI Rowan Faux Suede Drawstring Chain Bucket Bag - Camel Croc,WOMEN BAG,JW PEI,51458929623286,Default Title,ZYZYZY,21999.00,True,Available,In Stock,https://crepdogcrew.com/products/jw-pei-rowan-faux-suede-drawstring-chain-bucket-bag-camel-croc
https://crepdogcrew.com,9494977446134,JW PEI Rowan Faux Suede Tassel Ruched Drawstring Chain Bucket Bag - Amber Brown,WOMEN BAG,JW PEI,51458929557750,Default Title,ZYZYZY,24499.00,True,Available,In Stock,https://crepdogcrew.com/products/jw-pei-rowan-faux-suede-tassel-ruched-drawstring-chain-bucket-bag-amber-brown
https://crepdogcrew.com,9494977413366,JW PEI Rowan Faux Ostrich Grain Ruched Drawstring Chain Bucket Bag - Oak Brown,WOMEN BAG,JW PEI,51458929524982,Default Title,ZYZYZY,20499.00,True,Available,In Stock,https://crepdogcrew.com/products/jw-pei-rowan-faux-ostrich-grain-ruched-drawstring-chain-bucket-bag-oak-brown
https://crepdogcrew.com,9494977380598,JW PEI Rowan Ruched Quilting Drawstring Chain Bucket Bag - Blue Denim,WOMEN BAG,JW PEI,51458929492214,Default Title,ZYZYZY,22999.00,True,Available,In Stock,https://crepdogcrew.com/products/jw-pei-rowan-ruched-quilting-drawstring-chain-bucket-bag-blue-denim
https://crepdogcrew.com,9494977315062,JW PEI Rowan Faux Suede Drawstring Chain Bucket Bag - Smog Gray Croc,WOMEN BAG,JW PEI,51458929426678,Default Title,ZYZYZY,21999.00,True,Available,In Stock,https://crepdogcrew.com/products/jw-pei-rowan-faux-suede-drawstring-chain-bucket-bag-smog-gray-croc
https://crepdogcrew.com,9494977282294,JW PEI Rowan Faux Ostrich Grain Ruched Drawstring Chain Bucket Bag - Cream White,WOMEN BAG,JW PEI,51458929393910,Default Title,ZYZYZY,20499.00,True,Available,In Stock,https://crepdogcrew.com/products/jw-pei-rowan-faux-ostrich-grain-ruched-drawstring-chain-bucket-bag-cream-white
https://crepdogcrew.com,9494977249526,JW PEI Rowan Faux Suede Drawstring Chain Bucket Bag - Cool Black Croc,WOMEN BAG,JW PEI,51458929361142,Default Title,ZYZYZY,21999.00,True,Available,In Stock,https://crepdogcrew.com/products/jw-pei-rowan-faux-suede-drawstring-chain-bucket-bag-cool-black-croc
https://crepdogcrew.com,9494977216758,JW PEI Rowan Faux Suede Quilting Ruched Drawstring Chain Bucket Bag - Coconut Brown,WOMEN BAG,JW PEI,51458929328374,Default Title,ZYZYZY,21999.00,True,Available,In Stock,https://crepdogcrew.com/products/jw-pei-rowan-faux-suede-quilting-ruched-drawstring-chain-bucket-bag-coconut-brown
https://crepdogcrew.com,9494977183990,JW PEI Rowan Artificial Crystal Ruched Drawstring Chain Bucket Bag - Obsidian,WOMEN BAG,JW PEI,51458929295606,Default Title,ZYZYZY,25499.00,True,Available,In Stock,https://crepdogcrew.com/products/jw-pei-rowan-artificial-crystal-ruched-drawstring-chain-bucket-bag-obsidian
https://crepdogcrew.com,9494977151222,JW PEI Tara Sculpted Handle Bag - Brown,WOMEN BAG,JW PEI,51458929262838,Default Title,ZYZYZY,20499.00,True,Available,In Stock,https://crepdogcrew.com/products/jw-pei-tara-sculpted-handle-bag-brown
https://crepdogcrew.com,9494977085686,JW PEI Lucia Elephant-Effect Top Handle Bag - Slate Gray,WOMEN BAG,JW PEI,51458929197302,Default Title,ZYZYZY,17999.00,True,Available,In Stock,https://crepdogcrew.com/products/jw-pei-lucia-elephant-effect-top-handle-bag-slate-gray
https://crepdogcrew.com,9494977052918,JW PEI Lucia Elephant-Effect Top Handle Bag - Stone Gray,WOMEN BAG,JW PEI,51458929164534,Default Title,ZYZYZY,17999.00,True,Available,In Stock,https://crepdogcrew.com/products/jw-pei-lucia-elephant-effect-top-handle-bag-stone-gray
https://crepdogcrew.com,9494977020150,JW PEI Noelle Belted Shoulder Bag - Dark Brown,WOMEN BAG,JW PEI,51458929131766,Default Title,ZYZYZY,17999.00,True,Available,In Stock,https://crepdogcrew.com/products/jw-pei-noelle-belted-shoulder-bag-dark-brown
https://crepdogcrew.com,9494976987382,JW PEI Lucia Elephant-Effect Top Handle Bag - Black,WOMEN BAG,JW PEI,51458929098998,Default Title,ZYZYZY,17999.00,True,Available,In Stock,https://crepdogcrew.com/products/jw-pei-lucia-elephant-effect-top-handle-bag-black
https://crepdogcrew.com,9494976921846,JW PEI Pia Penguin Artificial Crystal Crossbody Bag - Black,WOMEN BAG,JW PEI,51458929033462,Default Title,ZYZYZY,22999.00,True,Available,In Stock,https://crepdogcrew.com/products/jw-pei-pia-penguin-artificial-crystal-crossbody-bag-black
https://crepdogcrew.com,9494976889078,JW PEI Alani Swan Shaped Embroidered Crossbody Bag - Light Pink,WOMEN BAG,JW PEI,51458929000694,Default Title,ZYZYZY,31999.00,True,Available,In Stock,https://crepdogcrew.com/products/jw-pei-alani-swan-shaped-embroidered-crossbody-bag-light-pink
https://crepdogcrew.com,9494976856310,JW PEI Alani Faux Suede Swan Shaped Crossbody Bag - Cognac,WOMEN BAG,JW PEI,51458928967926,Default Title,ZYZYZY,30499.00,True,Available,In Stock,https://crepdogcrew.com/products/jw-pei-alani-faux-suede-swan-shaped-crossbody-bag-cognac
https://crepdogcrew.com,9494976790774,JW PEI Pia Penguin Crossbody Bag - Black Canvas,WOMEN BAG,JW PEI,51458928902390,Default Title,ZYZYZY,21999.00,True,Available,In Stock,https://crepdogcrew.com/products/jw-pei-pia-penguin-crossbody-bag-black-canvas
https://crepdogcrew.com,9494976758006,JW PEI Pia Penguin Faux Fur Crossbody Bag - Off White,WOMEN BAG,JW PEI,51458928869622,Default Title,ZYZYZY,21999.00,True,Available,In Stock,https://crepdogcrew.com/products/jw-pei-pia-penguin-faux-fur-crossbody-bag-off-white
https://crepdogcrew.com,9494976725238,JW PEI Alani Artificial Crystal Swan Shaped Crossbody Bag - Black,WOMEN BAG,JW PEI,51458928836854,Default Title,ZYZYZY,32999.00,True,Available,In Stock,https://crepdogcrew.com/products/jw-pei-alani-artificial-crystal-swan-shaped-crossbody-bag-black
https://crepdogcrew.com,9494976692470,JW PEI Pia Penguin Quilting Crossbody Bag - Black,WOMEN BAG,JW PEI,51458928804086,Default Title,ZYZYZY,21999.00,True,Available,In Stock,https://crepdogcrew.com/products/jw-pei-pia-penguin-quilting-crossbody-bag-black
https://crepdogcrew.com,9494976659702,JW PEI Rhea Faux Suede Double Buckle Shoulder Bag - Grey,WOMEN BAG,JW PEI,51458928771318,Default Title,ZYZYZY,25499.00,True,Available,In Stock,https://crepdogcrew.com/products/jw-pei-rhea-faux-suede-double-buckle-shoulder-bag-grey
https://crepdogcrew.com,9494976594166,JW PEI Rhea Double Buckle Shoulder Bag - Light Blue Denim,WOMEN BAG,JW PEI,51458928705782,Default Title,ZYZYZY,26999.00,True,Available,In Stock,https://crepdogcrew.com/products/jw-pei-rhea-double-buckle-shoulder-bag-light-blue-denim
https://crepdogcrew.com,9494976561398,JW PEI Tessa Studded Shoulder Bag - Cement Grey Croc,WOMEN BAG,JW PEI,51458928673014,Default Title,ZYZYZY,21999.00,True,Available,In Stock,https://crepdogcrew.com/products/jw-pei-tessa-studded-shoulder-bag-cement-grey-croc
https://crepdogcrew.com,9494976528630,JW PEI Rhea Faux Suede Double Buckle Shoulder Bag - Cinnabar Red,WOMEN BAG,JW PEI,51458928640246,Default Title,ZYZYZY,25499.00,True,Available,In Stock,https://crepdogcrew.com/products/jw-pei-rhea-faux-suede-double-buckle-shoulder-bag-cinnabar-red
https://crepdogcrew.com,9494976495862,JW PEI Rhea Double Buckle Shoulder Bag - Camel,WOMEN BAG,JW PEI,51458928607478,Default Title,ZYZYZY,26999.00,True,Available,In Stock,https://crepdogcrew.com/products/jw-pei-rhea-double-buckle-shoulder-bag-camel
https://crepdogcrew.com,9494976463094,JW PEI Virelia Double Handle Tote Bag - Cognac,WOMEN BAG,JW PEI,51458928574710,Default Title,ZYZYZY,24499.00,True,Available,In Stock,https://crepdogcrew.com/products/jw-pei-virelia-double-handle-tote-bag-cognac
https://crepdogcrew.com,9494976332022,JW PEI Hana Large Quilting Tote Bag - Ivory White,WOMEN BAG,JW PEI,51458928443638,Default Title,ZYZYZY,40499.00,True,Available,In Stock,https://crepdogcrew.com/products/jw-pei-hana-large-quilting-tote-bag-ivory-white
https://crepdogcrew.com,9494976397558,JW PEI Nerina V-Frame Shoulder Bag - Dark Brown Croc,WOMEN BAG,JW PEI,51458928509174,Default Title,ZYZYZY,17999.00,True,Available,In Stock,https://crepdogcrew.com/products/jw-pei-nerina-v-frame-shoulder-bag-dark-brown-croc
https://crepdogcrew.com,9494976364790,JW PEI Hana Large Tote Bag - Dark Blue Denim,WOMEN BAG,JW PEI,51458928476406,Default Title,ZYZYZY,38999.00,True,Available,In Stock,https://crepdogcrew.com/products/jw-pei-hana-large-tote-bag-dark-blue-denim
https://crepdogcrew.com,9494976299254,JW PEI Hana Large Studded Tote Bag - Dark Black,WOMEN BAG,JW PEI,51458928410870,Default Title,ZYZYZY,40499.00,True,Available,In Stock,https://crepdogcrew.com/products/jw-pei-hana-large-studded-tote-bag-dark-black
https://crepdogcrew.com,9494976200950,JW PEI Hana Large Orchid Embroidered Tote Bag - Pink,WOMEN BAG,JW PEI,51458928312566,Default Title,ZYZYZY,42999.00,True,Available,In Stock,https://crepdogcrew.com/products/jw-pei-hana-large-orchid-embroidered-tote-bag-pink
https://crepdogcrew.com,9494976266486,JW PEI Hana Large Faux Suede Tote Bag - Deep Brown,WOMEN BAG,JW PEI,51458928378102,Default Title,ZYZYZY,42999.00,True,Available,In Stock,https://crepdogcrew.com/products/jw-pei-hana-large-faux-suede-tote-bag-deep-brown
https://crepdogcrew.com,9494976168182,JW PEI Willow Faux Suede Trim Hobo Bag - Brown,WOMEN BAG,JW PEI,51458928279798,Default Title,ZYZYZY,17999.00,True,Available,In Stock,https://crepdogcrew.com/products/jw-pei-willow-faux-suede-trim-hobo-bag-brown
https://crepdogcrew.com,9494976135414,JW PEI Mabel Soft Bow Shoulder Bag - Dark Brown,WOMEN BAG,JW PEI,51458928247030,Default Title,ZYZYZY,17999.00,True,Available,In Stock,https://crepdogcrew.com/products/jw-pei-mabel-soft-bow-shoulder-bag-dark-brown
https://crepdogcrew.com,9494976102646,JW PEI Avery Faux Suede Draped Hobo Bag - Camel,WOMEN BAG,JW PEI,51458928214262,Default Title,ZYZYZY,19499.00,True,Available,In Stock,https://crepdogcrew.com/products/jw-pei-avery-faux-suede-draped-hobo-bag-camel
https://crepdogcrew.com,9494976069878,JW PEI Lucia Turn-Lock Shoulder Bag - Grey Croc,WOMEN BAG,JW PEI,51458928181494,Default Title,ZYZYZY,26999.00,True,Available,In Stock,https://crepdogcrew.com/products/jw-pei-lucia-turn-lock-shoulder-bag-grey-croc
https://crepdogcrew.com,9494976004342,JW PEI Lucia Turn-Lock Shoulder Bag - Black,WOMEN BAG,JW PEI,51458928115958,Default Title,ZYZYZY,25499.00,True,Available,In Stock,https://crepdogcrew.com/products/jw-pei-lucia-turn-lock-shoulder-bag-black
https://crepdogcrew.com,9494975938806,JW PEI Bella Bunny Shaped Top Handle Bag - White,WOMEN BAG,JW PEI,51458928083190,Default Title,ZYZYZY,25499.00,True,Available,In Stock,https://crepdogcrew.com/products/jw-pei-bella-bunny-shaped-top-handle-bag-white
https://crepdogcrew.com,9494975906038,JW PEI Coco Shaggy Dog Shaped Handle Bag - Apricot,WOMEN BAG,JW PEI,51458928017654,Default Title,ZYZYZY,25499.00,True,Available,In Stock,https://crepdogcrew.com/products/jw-pei-coco-shaggy-dog-shaped-handle-bag-apricot
https://crepdogcrew.com,9494975873270,JW PEI Carmen Lily Embroidery Top Handle Bag - Ivory White,WOMEN BAG,JW PEI,51458927984886,Default Title,ZYZYZY,22999.00,True,Available,In Stock,https://crepdogcrew.com/products/jw-pei-carmen-lily-embroidery-top-handle-bag-ivory-white
https://crepdogcrew.com,9494975840502,JW PEI Carmen Studded Top Handle Bag - Ink Black,WOMEN BAG,JW PEI,51458927952118,Default Title,ZYZYZY,22999.00,True,Available,In Stock,https://crepdogcrew.com/products/jw-pei-carmen-studded-top-handle-bag-ink-black
https://crepdogcrew.com,9494975742198,JW PEI Carmen Woven Top Handle Bag - Charcoal Black,WOMEN BAG,JW PEI,51458927853814,Default Title,ZYZYZY,22999.00,True,Available,In Stock,https://crepdogcrew.com/products/jw-pei-carmen-woven-top-handle-bag-charcoal-black
https://crepdogcrew.com,9494975709430,JW PEI Carmen Top Handle Bag - Milky White,WOMEN BAG,JW PEI,51458927821046,Default Title,ZYZYZY,19499.00,True,Available,In Stock,https://crepdogcrew.com/products/jw-pei-carmen-top-handle-bag-milky-white
https://crepdogcrew.com,9494975774966,JW PEI Carmen Woven Top Handle Bag - Dark Brown,WOMEN BAG,JW PEI,51458927886582,Default Title,ZYZYZY,22999.00,True,Available,In Stock,https://crepdogcrew.com/products/jw-pei-carmen-woven-top-handle-bag-dark-brown
https://crepdogcrew.com,9494975676662,JW PEI Carmen Beaded Orchid Top Handle Bag - Light Pink,WOMEN BAG,JW PEI,51458927788278,Default Title,ZYZYZY,24499.00,True,Available,In Stock,https://crepdogcrew.com/products/jw-pei-carmen-beaded-orchid-top-handle-bag-light-pink
https://crepdogcrew.com,9494975578358,JW PEI Hana Medium Faux Suede Tote Bag - Dark Chocolate Brown,WOMEN BAG,JW PEI,51458927689974,Default Title,ZYZYZY,30499.00,True,Available,In Stock,https://crepdogcrew.com/products/jw-pei-hana-medium-faux-suede-tote-bag-dark-chocolate-brown
https://crepdogcrew.com,9494975643894,JW PEI Carmen Top Handle Bag - Earth Brown,WOMEN BAG,JW PEI,51458927755510,Default Title,ZYZYZY,19499.00,True,Available,In Stock,https://crepdogcrew.com/products/jw-pei-carmen-top-handle-bag-earth-brown
https://crepdogcrew.com,9494975512822,JW PEI Carmen Artificial Crystal Top Handle Bag - Light Gray,WOMEN BAG,JW PEI,51458927493366,Default Title,ZYZYZY,25499.00,True,Available,In Stock,https://crepdogcrew.com/products/jw-pei-carmen-artificial-crystal-top-handle-bag-light-gray
https://crepdogcrew.com,9494975480054,JW PEI Carmen Woven Top Handle Bag - Vintage Red,WOMEN BAG,JW PEI,51458927460598,Default Title,ZYZYZY,22999.00,True,Available,In Stock,https://crepdogcrew.com/products/jw-pei-carmen-woven-top-handle-bag-vintage-red
https://crepdogcrew.com,9494975447286,JW PEI Callie Tusk Detail Shoulder Bag - Black,WOMEN BAG,JW PEI,51458927427830,Default Title,ZYZYZY,22999.00,True,Available,In Stock,https://crepdogcrew.com/products/jw-pei-callie-tusk-detail-shoulder-bag-black
https://crepdogcrew.com,9494975381750,JW PEI Naomi Gathered Long Handle Shoulder Bag - Deep Burgundy,WOMEN BAG,JW PEI,51458927362294,Default Title,ZYZYZY,26999.00,True,Available,In Stock,https://crepdogcrew.com/products/jw-pei-naomi-gathered-long-handle-shoulder-bag-deep-burgundy
https://crepdogcrew.com,9494975316214,JW PEI Valerie Puffy Bar-Lock Shoulder Bag - Black,WOMEN BAG,JW PEI,51458927296758,Default Title,ZYZYZY,17999.00,True,Available,In Stock,https://crepdogcrew.com/products/jw-pei-valerie-puffy-bar-lock-shoulder-bag-black
https://crepdogcrew.com,9494975348982,JW PEI Corinne Pocket Tote Bag - Dark Brown,WOMEN BAG,JW PEI,51458927329526,Default Title,ZYZYZY,22999.00,True,Available,In Stock,https://crepdogcrew.com/products/jw-pei-corinne-pocket-tote-bag-dark-brown
https://crepdogcrew.com,9494975283446,JW PEI Abacus Sequin Mini Top Handle Bag - Pink,WOMEN BAG,JW PEI,51458927263990,Default Title,ZYZYZY,13499.00,True,Available,In Stock,https://crepdogcrew.com/products/jw-pei-abacus-sequin-mini-top-handle-bag-pink
https://crepdogcrew.com,9494975250678,JW PEI Cleo Metallic Sequin Box Shape Top Handle Bag - Brown,WOMEN BAG,JW PEI,51458927231222,Default Title,ZYZYZY,17999.00,True,Available,In Stock,https://crepdogcrew.com/products/jw-pei-cleo-metallic-sequin-box-shape-top-handle-bag-brown
https://crepdogcrew.com,9494975185142,JW PEI Veda Vintage Finish Bowler Bag - Saddle Brown,WOMEN BAG,JW PEI,51458927165686,Default Title,ZYZYZY,17999.00,True,Available,In Stock,https://crepdogcrew.com/products/jw-pei-veda-vintage-finish-bowler-bag-saddle-brown
https://crepdogcrew.com,9494975152374,JW PEI Elowen Faux Suede East-West Shoulder Bag - Dark Brown,WOMEN BAG,JW PEI,51458927132918,Default Title,ZYZYZY,17999.00,True,Available,In Stock,https://crepdogcrew.com/products/jw-pei-elowen-faux-suede-east-west-shoulder-bag-dark-brown
https://crepdogcrew.com,9494975086838,JW PEI Vivienne Quilted Vanity Top Handle Bag - Black,WOMEN BAG,JW PEI,51458927034614,Default Title,ZYZYZY,15499.00,True,Available,In Stock,https://crepdogcrew.com/products/jw-pei-vivienne-quilted-vanity-top-handle-bag-black
https://crepdogcrew.com,9494975119606,JW PEI Odelle Manta Ray Crossbody Bag - Black,WOMEN BAG,JW PEI,51458927100150,Default Title,ZYZYZY,22999.00,True,Available,In Stock,https://crepdogcrew.com/products/jw-pei-odelle-manta-ray-crossbody-bag-black
https://crepdogcrew.com,9494974988534,JW PEI Lena Faux Suede Metal Rope Knot Top Handle Bag - Dark Brown,WOMEN BAG,JW PEI,51458926969078,Default Title,ZYZYZY,16999.00,True,Available,In Stock,https://crepdogcrew.com/products/jw-pei-lena-faux-suede-metal-rope-knot-top-handle-bag-dark-brown
https://crepdogcrew.com,9494974955766,JW PEI Taya Orchid Motif Book Shape Clutch Bag - Yellow,WOMEN BAG,JW PEI,51458926903542,Default Title,ZYZYZY,14499.00,True,Available,In Stock,https://crepdogcrew.com/products/jw-pei-taya-orchid-motif-book-shape-clutch-bag-yellow
https://crepdogcrew.com,9494974922998,JW PEI Elena Snake Handle Faux Suede Top Handle Bag - Taupe,WOMEN BAG,JW PEI,51458926870774,Default Title,ZYZYZY,21999.00,True,Available,In Stock,https://crepdogcrew.com/products/jw-pei-elena-snake-handle-faux-suede-top-handle-bag-taupe
https://crepdogcrew.com,9494974890230,JW PEI Siena Spider Shaped Top Handle Bag - Black,WOMEN BAG,JW PEI,51458926838006,Default Title,ZYZYZY,24499.00,True,Available,In Stock,https://crepdogcrew.com/products/jw-pei-siena-spider-shaped-top-handle-bag-black
https://crepdogcrew.com,9494974857462,JW PEI Elena Snake Handle Woven Texture Top Handle Bag - Espresso,WOMEN BAG,JW PEI,51458926805238,Default Title,ZYZYZY,20499.00,True,Available,In Stock,https://crepdogcrew.com/products/jw-pei-elena-snake-handle-woven-texture-top-handle-bag-espresso
https://crepdogcrew.com,9494974824694,JW PEI Elena Snake Handle Lily Embroidered Top Handle Bag - White,WOMEN BAG,JW PEI,51458926772470,Default Title,ZYZYZY,25499.00,True,Available,In Stock,https://crepdogcrew.com/products/jw-pei-elena-snake-handle-lily-embroidered-top-handle-bag-white
https://crepdogcrew.com,9494974759158,JW PEI Elena Snake Handle Top Handle Bag - Dark Blue Denim,WOMEN BAG,JW PEI,51458926739702,Default Title,ZYZYZY,21999.00,True,Available,In Stock,https://crepdogcrew.com/products/jw-pei-elena-snake-handle-top-handle-bag-dark-blue-denim
https://crepdogcrew.com,9494974693622,JW PEI Elena Snake Handle Top Handle Bag - Burgundy Croc,WOMEN BAG,JW PEI,51458926543094,Default Title,ZYZYZY,22999.00,True,Available,In Stock,https://crepdogcrew.com/products/jw-pei-elena-snake-handle-top-handle-bag-burgundy-croc
https://crepdogcrew.com,9494974660854,JW PEI Jayla Metal Pendant Embellished Woven Shoulder Bag - Deep Burgundy,WOMEN BAG,JW PEI,51458926510326,Default Title,ZYZYZY,22999.00,True,Available,In Stock,https://crepdogcrew.com/products/jw-pei-jayla-metal-pendant-embellished-woven-shoulder-bag-deep-burgundy
https://crepdogcrew.com,9494974628086,JW PEI Jayla Metal Pendant Embellished Orchid Embroidered Shoulder Bag - Pink,WOMEN BAG,JW PEI,51458926477558,Default Title,ZYZYZY,22999.00,True,Available,In Stock,https://crepdogcrew.com/products/jw-pei-jayla-metal-pendant-embellished-orchid-embroidered-shoulder-bag-pink
https://crepdogcrew.com,9494974595318,JW PEI Jayla Metal Pendant Embellished Shoulder Bag - Charcoal Black,WOMEN BAG,JW PEI,51458926444790,Default Title,ZYZYZY,19499.00,True,Available,In Stock,https://crepdogcrew.com/products/jw-pei-jayla-metal-pendant-embellished-shoulder-bag-charcoal-black
https://crepdogcrew.com,9494974497014,JW PEI Juliette Key Charm East-West Shoulder Bag - Dark Brown,WOMEN BAG,JW PEI,51458926346486,Default Title,ZYZYZY,16999.00,True,Available,In Stock,https://crepdogcrew.com/products/jw-pei-juliette-key-charm-east-west-shoulder-bag-dark-brown
https://crepdogcrew.com,9494974529782,JW PEI Estelle Pocket Shoulder Bag - Dark Brown,WOMEN BAG,JW PEI,51458926379254,Default Title,ZYZYZY,19499.00,True,Available,In Stock,https://crepdogcrew.com/products/jw-pei-estelle-pocket-shoulder-bag-dark-brown
https://crepdogcrew.com,9494974464246,JW PEI Lucia Asymmetric Flap Shoulder Bag - Black,WOMEN BAG,JW PEI,51458926313718,Default Title,ZYZYZY,16999.00,True,Available,In Stock,https://crepdogcrew.com/products/jw-pei-lucia-asymmetric-flap-shoulder-bag-black
https://crepdogcrew.com,9494974333174,JW PEI Zirelle Woven Faux Suede Hobo Bag - Brown,WOMEN BAG,JW PEI,51458926182646,Default Title,ZYZYZY,20499.00,True,Available,In Stock,https://crepdogcrew.com/products/jw-pei-zirelle-woven-faux-suede-hobo-bag-brown
https://crepdogcrew.com,9494974398710,JW PEI Bernie Bear Top Handle Bag - Brown,WOMEN BAG,JW PEI,51458926248182,Default Title,ZYZYZY,22999.00,True,Available,In Stock,https://crepdogcrew.com/products/jw-pei-bernie-bear-top-handle-bag-brown
https://crepdogcrew.com,9494974300406,JW PEI Solenne Faux Suede East-West Shoulder Bag - Taupe,WOMEN BAG,JW PEI,51458926149878,Default Title,ZYZYZY,19499.00,True,Available,In Stock,https://crepdogcrew.com/products/jw-pei-solenne-faux-suede-east-west-shoulder-bag-taupe
https://crepdogcrew.com,9494974267638,JW PEI Delphine Flap Top Handle Bag - Dark Brown,WOMEN BAG,JW PEI,51458926117110,Default Title,ZYZYZY,16999.00,True,Available,In Stock,https://crepdogcrew.com/products/jw-pei-delphine-flap-top-handle-bag-dark-brown
https://crepdogcrew.com,9494974169334,JW PEI Luna Sheep Top Handle Bag - Black,WOMEN BAG,JW PEI,51458926018806,Default Title,ZYZYZY,24499.00,True,Available,In Stock,https://crepdogcrew.com/products/jw-pei-luna-sheep-top-handle-bag-black
https://crepdogcrew.com,9494974234870,JW PEI Willow Soft Hobo Shoulder Bag - Dark Brown,WOMEN BAG,JW PEI,51458926084342,Default Title,ZYZYZY,19499.00,True,Available,In Stock,https://crepdogcrew.com/products/jw-pei-willow-soft-hobo-shoulder-bag-dark-brown
https://crepdogcrew.com,9494974136566,JW PEI Arlene Openwork Woven Heart Shape Crossbody Bag - Vintage Red,WOMEN BAG,JW PEI,51458925986038,Default Title,ZYZYZY,17999.00,True,Available,In Stock,https://crepdogcrew.com/products/jw-pei-arlene-openwork-woven-heart-shape-crossbody-bag-vintage-red
https://crepdogcrew.com,9494974103798,JW PEI Arlene Artificial Crystal Heart Shaped Crossbody Bag - Light Pink,WOMEN BAG,JW PEI,51458925953270,Default Title,ZYZYZY,16999.00,True,Available,In Stock,https://crepdogcrew.com/products/jw-pei-arlene-artificial-crystal-heart-shaped-crossbody-bag-light-pink
https://crepdogcrew.com,9494974038262,JW PEI Arlene Embroidered Heart Shape Crossbody Bag - Ivory White,WOMEN BAG,JW PEI,51458925887734,Default Title,ZYZYZY,16999.00,True,Available,In Stock,https://crepdogcrew.com/products/jw-pei-arlene-embroidered-heart-shape-crossbody-bag-ivory-white
https://crepdogcrew.com,9494974071030,JW PEI Arlene Woven Heart Shape Crossbody Bag - Deep Burgundy,WOMEN BAG,JW PEI,51458925920502,Default Title,ZYZYZY,16999.00,True,Available,In Stock,https://crepdogcrew.com/products/jw-pei-arlene-woven-heart-shape-crossbody-bag-deep-burgundy
https://crepdogcrew.com,9494973907190,JW PEI Marina Faux Suede Flap Multi-Pocket Top Handle Crossbody Bag - Dark Brown,WOMEN BAG,JW PEI,51458925756662,Default Title,ZYZYZY,20499.00,True,Available,In Stock,https://crepdogcrew.com/products/jw-pei-marina-faux-suede-flap-multi-pocket-top-handle-crossbody-bag-dark-brown
https://crepdogcrew.com,9494973972726,JW PEI Arlene Heart Shaped Crossbody Bag - Light Blue Denim,WOMEN BAG,JW PEI,51458925822198,Default Title,ZYZYZY,15499.00,True,Available,In Stock,https://crepdogcrew.com/products/jw-pei-arlene-heart-shaped-crossbody-bag-light-blue-denim
https://crepdogcrew.com,9494973939958,JW PEI Arlene Embroidered Heart Shape Crossbody Bag - Milky White,WOMEN BAG,JW PEI,51458925789430,Default Title,ZYZYZY,16999.00,True,Available,In Stock,https://crepdogcrew.com/products/jw-pei-arlene-embroidered-heart-shape-crossbody-bag-milky-white
https://crepdogcrew.com,9494973808886,JW PEI Velora Denim Shoulder Bag - Blue Denim,WOMEN BAG,JW PEI,51458925658358,Default Title,ZYZYZY,15499.00,True,Available,In Stock,https://crepdogcrew.com/products/jw-pei-velora-denim-shoulder-bag-blue-denim
https://crepdogcrew.com,9494973776118,JW PEI Riley Dachshund Quilted Flap Shoulder Bag - Deep Burgundy,WOMEN BAG,JW PEI,51458925625590,Default Title,ZYZYZY,15499.00,True,Available,In Stock,https://crepdogcrew.com/products/jw-pei-riley-dachshund-quilted-flap-shoulder-bag-deep-burgundy
https://crepdogcrew.com,9494973874422,JW PEI Corinne Multi-Pocket Shoulder Bag - Black,WOMEN BAG,JW PEI,51458925723894,Default Title,ZYZYZY,19499.00,True,Available,In Stock,https://crepdogcrew.com/products/jw-pei-corinne-multi-pocket-shoulder-bag-black
https://crepdogcrew.com,9494973743350,JW PEI Solenne Barrel Shoulder Bag - Dark Brown,WOMEN BAG,JW PEI,51458925592822,Default Title,ZYZYZY,17999.00,True,Available,In Stock,https://crepdogcrew.com/products/jw-pei-solenne-barrel-shoulder-bag-dark-brown
https://crepdogcrew.com,9494973677814,JW PEI Marcella Quilted Cylinder Shoulder Bag - Burgundy,WOMEN BAG,JW PEI,51458925527286,Default Title,ZYZYZY,17999.00,True,Available,In Stock,https://crepdogcrew.com/products/jw-pei-marcella-quilted-cylinder-shoulder-bag-burgundy
https://crepdogcrew.com,9494973645046,JW PEI Nala Faux Suede Wide Tote Bag - Dark Gray,WOMEN BAG,JW PEI,51458925494518,Default Title,ZYZYZY,17999.00,True,Available,In Stock,https://crepdogcrew.com/products/jw-pei-nala-faux-suede-wide-tote-bag-dark-gray
https://crepdogcrew.com,9494973612278,JW PEI Nala Wide Tote Bag - Pink,WOMEN BAG,JW PEI,51458925461750,Default Title,ZYZYZY,17999.00,True,Available,In Stock,https://crepdogcrew.com/products/jw-pei-nala-wide-tote-bag-pink
https://crepdogcrew.com,9494973579510,JW PEI Nala Woven Texture Wide Tote Bag - Off-White,WOMEN BAG,JW PEI,51458925428982,Default Title,ZYZYZY,19499.00,True,Available,In Stock,https://crepdogcrew.com/products/jw-pei-nala-woven-texture-wide-tote-bag-off-white
https://crepdogcrew.com,9494973546742,JW PEI Nala Wide Tote Bag - Deep Burgundy,WOMEN BAG,JW PEI,51458925396214,Default Title,ZYZYZY,17999.00,True,Available,In Stock,https://crepdogcrew.com/products/jw-pei-nala-wide-tote-bag-deep-burgundy
https://crepdogcrew.com,9494973481206,JW PEI Nala Woven Texture Wide Tote Bag - Navy Blue,WOMEN BAG,JW PEI,51458925330678,Default Title,ZYZYZY,19499.00,True,Available,In Stock,https://crepdogcrew.com/products/jw-pei-nala-woven-texture-wide-tote-bag-navy-blue
https://crepdogcrew.com,9494973448438,JW PEI Nala Wide Tote Bag - Yellow Brown,WOMEN BAG,JW PEI,51458925297910,Default Title,ZYZYZY,17999.00,True,Available,In Stock,https://crepdogcrew.com/products/jw-pei-nala-wide-tote-bag-yellow-brown
https://crepdogcrew.com,9494973415670,JW PEI Hana Mini Artificial Crystal Tote Bag - Champagne,WOMEN BAG,JW PEI,51458925265142,Default Title,ZYZYZY,21999.00,True,Available,In Stock,https://crepdogcrew.com/products/jw-pei-hana-mini-artificial-crystal-tote-bag-champagne
https://crepdogcrew.com,9494973284598,JW PEI Hana Mini Phalaenopsis Orchid Embroidery Tote Bag - Pink,WOMEN BAG,JW PEI,51458925134070,Default Title,ZYZYZY,21999.00,True,Available,In Stock,https://crepdogcrew.com/products/jw-pei-hana-mini-phalaenopsis-orchid-embroidery-tote-bag-pink
https://crepdogcrew.com,9494973382902,JW PEI Hana Mini Tote Bag - Dark Chocolate Brown,WOMEN BAG,JW PEI,51458925232374,Default Title,ZYZYZY,19499.00,True,Available,In Stock,https://crepdogcrew.com/products/jw-pei-hana-mini-tote-bag-dark-chocolate-brown
https://crepdogcrew.com,9494973317366,JW PEI Hana Mini Woven Tote Bag - Dark Burgundy,WOMEN BAG,JW PEI,51458925166838,Default Title,ZYZYZY,21999.00,True,Available,In Stock,https://crepdogcrew.com/products/jw-pei-hana-mini-woven-tote-bag-dark-burgundy
https://crepdogcrew.com,9494973186294,JW PEI Hana Mini Tote Bag - Grey Croc,WOMEN BAG,JW PEI,51458924970230,Default Title,ZYZYZY,17999.00,True,Available,In Stock,https://crepdogcrew.com/products/jw-pei-hana-mini-tote-bag-grey-croc
https://crepdogcrew.com,9494973251830,JW PEI Hana Mini Weave Tote Bag - Black,WOMEN BAG,JW PEI,51458925101302,Default Title,ZYZYZY,21999.00,True,Available,In Stock,https://crepdogcrew.com/products/jw-pei-hana-mini-weave-tote-bag-black
https://crepdogcrew.com,9494973153526,JW PEI Cleo Faux Suede Vanity Bag - Dark Brown,WOMEN BAG,JW PEI,51458924937462,Default Title,ZYZYZY,16999.00,True,Available,In Stock,https://crepdogcrew.com/products/jw-pei-cleo-faux-suede-vanity-bag-dark-brown
https://crepdogcrew.com,9494973087990,JW PEI Cleo Faux Suede Box Shape Top Handle Bag - Dark Chocolate Brown,WOMEN BAG,JW PEI,51458924871926,Default Title,ZYZYZY,16999.00,True,Available,In Stock,https://crepdogcrew.com/products/jw-pei-cleo-faux-suede-box-shape-top-handle-bag-dark-chocolate-brown
https://crepdogcrew.com,9494973055222,JW PEI Cleo Embroidered Box Shape Top Handle Bag - Sakura Pink,WOMEN BAG,JW PEI,51458924839158,Default Title,ZYZYZY,19499.00,True,Available,In Stock,https://crepdogcrew.com/products/jw-pei-cleo-embroidered-box-shape-top-handle-bag-sakura-pink
https://crepdogcrew.com,9494973022454,JW PEI Cleo Studded Box Shape Top Handle Bag - Black,WOMEN BAG,JW PEI,51458924806390,Default Title,ZYZYZY,17999.00,True,Available,In Stock,https://crepdogcrew.com/products/jw-pei-cleo-studded-box-shape-top-handle-bag-black
https://crepdogcrew.com,9494972924150,JW PEI Cleo Embroidered Box Shape Top Handle Bag - Snow White,WOMEN BAG,JW PEI,51458924708086,Default Title,ZYZYZY,19499.00,True,Available,In Stock,https://crepdogcrew.com/products/jw-pei-cleo-embroidered-box-shape-top-handle-bag-snow-white
https://crepdogcrew.com,9494972989686,JW PEI Cleo Box Shape Top Handle Bag - Charcoal Black,WOMEN BAG,JW PEI,51458924773622,Default Title,ZYZYZY,15499.00,True,Available,In Stock,https://crepdogcrew.com/products/jw-pei-cleo-box-shape-top-handle-bag-charcoal-black
https://crepdogcrew.com,9494972891382,JW PEI Cleo Box Shape Top Handle Bag - Dark Blue Denim,WOMEN BAG,JW PEI,51458924675318,Default Title,ZYZYZY,15499.00,True,Available,In Stock,https://crepdogcrew.com/products/jw-pei-cleo-box-shape-top-handle-bag-dark-blue-denim
https://crepdogcrew.com,9494972858614,JW PEI Cleo Box Shape Top Handle Bag - Black,WOMEN BAG,JW PEI,51458924642550,Default Title,ZYZYZY,15499.00,True,Available,In Stock,https://crepdogcrew.com/products/jw-pei-cleo-box-shape-top-handle-bag-black
https://crepdogcrew.com,9494972825846,JW PEI Maelle Dachshund Charm Double Handle Bag - Dark Brown,WOMEN BAG,JW PEI,51458924609782,Default Title,ZYZYZY,19499.00,True,Available,In Stock,https://crepdogcrew.com/products/jw-pei-maelle-dachshund-charm-double-handle-bag-dark-brown
https://crepdogcrew.com,9494972760310,JW PEI Sofia Classic Flap Shoulder Bag - Dark Brown,WOMEN BAG,JW PEI,51458924544246,Default Title,ZYZYZY,17999.00,True,Available,In Stock,https://crepdogcrew.com/products/jw-pei-sofia-classic-flap-shoulder-bag-dark-brown
https://crepdogcrew.com,9494972727542,JW PEI Sofia Ruched Shoulder Bag - Black,WOMEN BAG,JW PEI,51458924511478,Default Title,ZYZYZY,19499.00,True,Available,In Stock,https://crepdogcrew.com/products/jw-pei-sofia-ruched-shoulder-bag-black
https://crepdogcrew.com,9494972629238,JW PEI Harlee Faux Suede Shoulder Bag - Misty Blue,WOMEN BAG,JW PEI,51458924413174,Default Title,ZYZYZY,17999.00,True,Available,In Stock,https://crepdogcrew.com/products/jw-pei-harlee-faux-suede-shoulder-bag-misty-blue
https://crepdogcrew.com,9494972596470,JW PEI Harlee Faux Suede Shoulder Bag - Dark Brown,WOMEN BAG,JW PEI,51458924380406,Default Title,ZYZYZY,17999.00,True,Available,In Stock,https://crepdogcrew.com/products/jw-pei-harlee-faux-suede-shoulder-bag-dark-brown
https://crepdogcrew.com,9494972694774,JW PEI Harlee Shoulder Bag - Light Grey Croc,WOMEN BAG,JW PEI,51458924478710,Default Title,ZYZYZY,17999.00,True,Available,In Stock,https://crepdogcrew.com/products/jw-pei-harlee-shoulder-bag-light-grey-croc
https://crepdogcrew.com,9494972563702,JW PEI Harlee Shoulder Bag - Light Yellow,WOMEN BAG,JW PEI,51458924347638,Default Title,ZYZYZY,14499.00,True,Available,In Stock,https://crepdogcrew.com/products/jw-pei-harlee-shoulder-bag-light-yellow
https://crepdogcrew.com,9494972530934,JW PEI Harlee Shoulder Bag - Amber Brown,WOMEN BAG,JW PEI,51458924314870,Default Title,ZYZYZY,14499.00,True,Available,In Stock,https://crepdogcrew.com/products/jw-pei-harlee-shoulder-bag-amber-brown
https://crepdogcrew.com,9494972465398,JW PEI Lucia Elephant-Effect Top Handle Bag - Dark Brown,WOMEN BAG,JW PEI,51458924249334,Default Title,ZYZYZY,17999.00,True,Available,In Stock,https://crepdogcrew.com/products/jw-pei-lucia-elephant-effect-top-handle-bag-dark-brown
https://crepdogcrew.com,9494972432630,JW PEI Mireya Faux Suede Chain Shoulder Bag - Dark Brown,WOMEN BAG,JW PEI,51458924216566,Default Title,ZYZYZY,21999.00,True,Available,In Stock,https://crepdogcrew.com/products/jw-pei-mireya-faux-suede-chain-shoulder-bag-dark-brown
https://crepdogcrew.com,9494972399862,JW PEI Avery Fringe Faux Suede Shoulder Bag - Brown,WOMEN BAG,JW PEI,51458924183798,Default Title,ZYZYZY,22999.00,True,Available,In Stock,https://crepdogcrew.com/products/jw-pei-avery-fringe-faux-suede-shoulder-bag-brown
https://crepdogcrew.com,9494972367094,JW PEI Mirelle Pebbled Top Handle Satchel - Black,WOMEN BAG,JW PEI,51458924151030,Default Title,ZYZYZY,19499.00,True,Available,In Stock,https://crepdogcrew.com/products/jw-pei-mirelle-pebbled-top-handle-satchel-black
https://crepdogcrew.com,9494972268790,JW PEI Lorena Woven Denim Shoulder Bag - Dark Blue,WOMEN BAG,JW PEI,51458923921654,Default Title,ZYZYZY,25499.00,True,Available,In Stock,https://crepdogcrew.com/products/jw-pei-lorena-woven-denim-shoulder-bag-dark-blue
https://crepdogcrew.com,9494972236022,JW PEI Lorena Faux Straw Shoulder Bag - Brown,WOMEN BAG,JW PEI,51458923888886,Default Title,ZYZYZY,19499.00,True,Available,In Stock,https://crepdogcrew.com/products/jw-pei-lorena-faux-straw-shoulder-bag-brown
https://crepdogcrew.com,9494972170486,JW PEI Piper Pebbled Crossbody Bag - Taupe,WOMEN BAG,JW PEI,51458923823350,Default Title,ZYZYZY,15499.00,True,Available,In Stock,https://crepdogcrew.com/products/jw-pei-piper-pebbled-crossbody-bag-taupe
https://crepdogcrew.com,9494972137718,JW PEI Rowan Weaving Ruched Drawstring Chain Bucket Bag - Dark Cherry,WOMEN BAG,JW PEI,51458923790582,Default Title,ZYZYZY,25499.00,True,Available,In Stock,https://crepdogcrew.com/products/jw-pei-rowan-weaving-ruched-drawstring-chain-bucket-bag-dark-cherry
https://crepdogcrew.com,9494972104950,JW PEI Lucia Classic Artificial Crystal Top Handle Bag - Champagne,WOMEN BAG,JW PEI,51458923757814,Default Title,ZYZYZY,22999.00,True,Available,In Stock,https://crepdogcrew.com/products/jw-pei-lucia-classic-artificial-crystal-top-handle-bag-champagne
https://crepdogcrew.com,9494972072182,JW PEI Lucia Classic Top Handle Bag - Jet Black,WOMEN BAG,JW PEI,51458923725046,Default Title,ZYZYZY,19499.00,True,Available,In Stock,https://crepdogcrew.com/products/jw-pei-lucia-classic-top-handle-bag-jet-black
https://crepdogcrew.com,9494972006646,JW PEI Rowan Faux Straw Ruched Drawstring Chain Bucket Bag - Brown,WOMEN BAG,JW PEI,51458923659510,Default Title,ZYZYZY,21999.00,True,Available,In Stock,https://crepdogcrew.com/products/jw-pei-rowan-faux-straw-ruched-drawstring-chain-bucket-bag-brown
https://crepdogcrew.com,9494972039414,JW PEI Rowan Faux Suede Weaving Ruched Drawstring Chain Bucket Bag - Dark Cherry,WOMEN BAG,JW PEI,51458923692278,Default Title,ZYZYZY,25499.00,True,Available,In Stock,https://crepdogcrew.com/products/jw-pei-rowan-faux-suede-weaving-ruched-drawstring-chain-bucket-bag-dark-cherry
https://crepdogcrew.com,9494971973878,JW PEI Lucia Classic Artificial Crystal Top Handle Bag - Black,WOMEN BAG,JW PEI,51458923626742,Default Title,ZYZYZY,22999.00,True,Available,In Stock,https://crepdogcrew.com/products/jw-pei-lucia-classic-artificial-crystal-top-handle-bag-black
https://crepdogcrew.com,9494971941110,JW PEI Rowan Ruched Drawstring Chain Bucket Bag - Dark Blue Denim,WOMEN BAG,JW PEI,51458923593974,Default Title,ZYZYZY,21999.00,True,Available,In Stock,https://crepdogcrew.com/products/jw-pei-rowan-ruched-drawstring-chain-bucket-bag-dark-blue-denim
https://crepdogcrew.com,9494971908342,JW PEI Rowan Ruched Drawstring Chain Bucket Bag - Black Canvas,WOMEN BAG,JW PEI,51458923561206,Default Title,ZYZYZY,20499.00,True,Available,In Stock,https://crepdogcrew.com/products/jw-pei-rowan-ruched-drawstring-chain-bucket-bag-black-canvas
https://crepdogcrew.com,9494971875574,JW PEI Jayla Faux Suede Metal Pendant Embellished Shoulder Bag - Grey,WOMEN BAG,JW PEI,51458923528438,Default Title,ZYZYZY,17999.00,True,Available,In Stock,https://crepdogcrew.com/products/jw-pei-jayla-faux-suede-metal-pendant-embellished-shoulder-bag-grey
https://crepdogcrew.com,9494971842806,JW PEI Jayla Metal Pendant Embellished Shoulder Bag - Red Croc,WOMEN BAG,JW PEI,51458923495670,Default Title,ZYZYZY,19499.00,True,Available,In Stock,https://crepdogcrew.com/products/jw-pei-jayla-metal-pendant-embellished-shoulder-bag-red-croc
https://crepdogcrew.com,9494971810038,JW PEI Jayla Metal Pendant Embellished Shoulder Bag - Green Croc,WOMEN BAG,JW PEI,51458923462902,Default Title,ZYZYZY,19499.00,True,Available,In Stock,https://crepdogcrew.com/products/jw-pei-jayla-metal-pendant-embellished-shoulder-bag-green-croc
https://crepdogcrew.com,9494971777270,JW PEI Jayla Metal Pendant Embellished Shoulder Bag - Pink Croc,WOMEN BAG,JW PEI,51458923430134,Default Title,ZYZYZY,19499.00,True,Available,In Stock,https://crepdogcrew.com/products/jw-pei-jayla-metal-pendant-embellished-shoulder-bag-pink-croc
https://crepdogcrew.com,9494971744502,JW PEI Jayla Metal Pendant Embellished Shoulder Bag - Burgundy,WOMEN BAG,JW PEI,51458923397366,Default Title,ZYZYZY,17999.00,True,Available,In Stock,https://crepdogcrew.com/products/jw-pei-jayla-metal-pendant-embellished-shoulder-bag-burgundy
https://crepdogcrew.com,9494971711734,JW PEI Jayla Faux Suede Metal Pendant Embellished Shoulder Bag - Dark Grey,WOMEN BAG,JW PEI,51458923364598,Default Title,ZYZYZY,17999.00,True,Available,In Stock,https://crepdogcrew.com/products/jw-pei-jayla-faux-suede-metal-pendant-embellished-shoulder-bag-dark-grey
https://crepdogcrew.com,9494971678966,JW PEI Cleo Box Shape Top Handle Bag - Grey Croc,WOMEN BAG,JW PEI,51458923331830,Default Title,ZYZYZY,16999.00,True,Available,In Stock,https://crepdogcrew.com/products/jw-pei-cleo-box-shape-top-handle-bag-grey-croc
https://crepdogcrew.com,9494971646198,JW PEI Cleo Faux Suede Box Shape Top Handle Bag - Chocolate Brown,WOMEN BAG,JW PEI,51458923299062,Default Title,ZYZYZY,15499.00,True,Available,In Stock,https://crepdogcrew.com/products/jw-pei-cleo-faux-suede-box-shape-top-handle-bag-chocolate-brown
https://crepdogcrew.com,9494971613430,JW PEI Cleo Box Shape Top Handle Bag - Yellow,WOMEN BAG,JW PEI,51458923266294,Default Title,ZYZYZY,14499.00,True,Available,In Stock,https://crepdogcrew.com/products/jw-pei-cleo-box-shape-top-handle-bag-yellow
https://crepdogcrew.com,9494971580662,JW PEI Cleo Box Shape Top Handle Bag - Brown Croc,WOMEN BAG,JW PEI,51458923233526,Default Title,ZYZYZY,16999.00,True,Available,In Stock,https://crepdogcrew.com/products/jw-pei-cleo-box-shape-top-handle-bag-brown-croc
https://crepdogcrew.com,9494971515126,JW PEI Cleo Box Shape Top Handle Bag - Navy Blue,WOMEN BAG,JW PEI,51458923167990,Default Title,ZYZYZY,14499.00,True,Available,In Stock,https://crepdogcrew.com/products/jw-pei-cleo-box-shape-top-handle-bag-navy-blue
https://crepdogcrew.com,9494971482358,JW PEI Cleo Box Shape Top Handle Bag - Off-white,WOMEN BAG,JW PEI,51458923135222,Default Title,ZYZYZY,14499.00,True,Available,In Stock,https://crepdogcrew.com/products/jw-pei-cleo-box-shape-top-handle-bag-off-white
https://crepdogcrew.com,9494971547894,JW PEI Cleo Box Shape Top Handle Bag - Light Pink Croc,WOMEN BAG,JW PEI,51458923200758,Default Title,ZYZYZY,16999.00,True,Available,In Stock,https://crepdogcrew.com/products/jw-pei-cleo-box-shape-top-handle-bag-light-pink-croc
https://crepdogcrew.com,9494971449590,JW PEI Cleo Box Shape Top Handle Bag - Forest Green Croc,WOMEN BAG,JW PEI,51458923102454,Default Title,ZYZYZY,16999.00,True,Available,In Stock,https://crepdogcrew.com/products/jw-pei-cleo-box-shape-top-handle-bag-forest-green-croc
https://crepdogcrew.com,9494971416822,JW PEI Cleo Box Shape Top Handle Bag - Pink,WOMEN BAG,JW PEI,51458923069686,Default Title,ZYZYZY,14499.00,True,Available,In Stock,https://crepdogcrew.com/products/jw-pei-cleo-box-shape-top-handle-bag-pink
https://crepdogcrew.com,9494971384054,JW PEI Cleo Faux Suede Box Shape Top Handle Bag - Dark Gray,WOMEN BAG,JW PEI,51458923036918,Default Title,ZYZYZY,15499.00,True,Available,In Stock,https://crepdogcrew.com/products/jw-pei-cleo-faux-suede-box-shape-top-handle-bag-dark-gray
https://crepdogcrew.com,9494971351286,JW PEI Cleo Faux Suede Box Shape Top Handle Bag - Pink,WOMEN BAG,JW PEI,51458923004150,Default Title,ZYZYZY,15499.00,True,Available,In Stock,https://crepdogcrew.com/products/jw-pei-cleo-faux-suede-box-shape-top-handle-bag-pink
https://crepdogcrew.com,9494971285750,JW PEI Cleo Box Shape Top Handle Bag - Ink Black,WOMEN BAG,JW PEI,51458922938614,Default Title,ZYZYZY,14499.00,True,Available,In Stock,https://crepdogcrew.com/products/jw-pei-cleo-box-shape-top-handle-bag-ink-black
https://crepdogcrew.com,9494971252982,JW PEI Thea Top Handle Bag - Navy Blue,WOMEN BAG,JW PEI,51458922905846,Default Title,ZYZYZY,14499.00,True,Available,In Stock,https://crepdogcrew.com/products/jw-pei-thea-top-handle-bag-navy-blue
https://crepdogcrew.com,9494971220214,JW PEI Thea Top Handle Bag - Grey Croc,WOMEN BAG,JW PEI,51458922873078,Default Title,ZYZYZY,15499.00,True,Available,In Stock,https://crepdogcrew.com/products/jw-pei-thea-top-handle-bag-grey-croc
https://crepdogcrew.com,9494971187446,JW PEI Thea Faux Suede Top Handle Bag - Light Blue,WOMEN BAG,JW PEI,51458922840310,Default Title,ZYZYZY,14499.00,True,Available,In Stock,https://crepdogcrew.com/products/jw-pei-thea-faux-suede-top-handle-bag-light-blue
https://crepdogcrew.com,9494971121910,JW PEI Mia Mouse Top Handle Bag - Blue Denim,WOMEN BAG,JW PEI,51458922774774,Default Title,ZYZYZY,24499.00,True,Available,In Stock,https://crepdogcrew.com/products/jw-pei-mia-mouse-top-handle-bag-blue-denim
https://crepdogcrew.com,9494971154678,JW PEI Thea Top Handle Bag - Mocha Grey Brown,WOMEN BAG,JW PEI,51458922807542,Default Title,ZYZYZY,14499.00,True,Available,In Stock,https://crepdogcrew.com/products/jw-pei-thea-top-handle-bag-mocha-grey-brown
https://crepdogcrew.com,9494971089142,JW PEI Nova Minimalist Shoulder Bag - Jet Black,WOMEN BAG,JW PEI,51458922742006,Default Title,ZYZYZY,17999.00,True,Available,In Stock,https://crepdogcrew.com/products/jw-pei-nova-minimalist-shoulder-bag-jet-black
https://crepdogcrew.com,9494971056374,JW PEI Loriette Faux Suede Crossbody Bag - Olive Green,WOMEN BAG,JW PEI,51458922709238,Default Title,ZYZYZY,15499.00,True,Available,In Stock,https://crepdogcrew.com/products/jw-pei-loriette-faux-suede-crossbody-bag-olive-green
https://crepdogcrew.com,9494971023606,JW PEI Thea East-West Top Handle Bag - Black,WOMEN BAG,JW PEI,51458922676470,Default Title,ZYZYZY,16999.00,True,Available,In Stock,https://crepdogcrew.com/products/jw-pei-thea-east-west-top-handle-bag-black
https://crepdogcrew.com,9494970990838,JW PEI Carmen Top Handle Bag - Pink Croc,WOMEN BAG,JW PEI,51458922643702,Default Title,ZYZYZY,19499.00,True,Available,In Stock,https://crepdogcrew.com/products/jw-pei-carmen-top-handle-bag-pink-croc
https://crepdogcrew.com,9494970958070,JW PEI Carmen Top Handle Bag - White,WOMEN BAG,JW PEI,51458922610934,Default Title,ZYZYZY,16999.00,True,Available,In Stock,https://crepdogcrew.com/products/jw-pei-carmen-top-handle-bag-white
https://crepdogcrew.com,9494970925302,JW PEI Hana Large Tote Bag - Dark Gray,WOMEN BAG,JW PEI,51458922578166,Default Title,ZYZYZY,30499.00,True,Available,In Stock,https://crepdogcrew.com/products/jw-pei-hana-large-tote-bag-dark-gray
https://crepdogcrew.com,9494970892534,JW PEI Hana Large Tote Bag - Elephant Grey Croc,WOMEN BAG,JW PEI,51458922545398,Default Title,ZYZYZY,31999.00,True,Available,In Stock,https://crepdogcrew.com/products/jw-pei-hana-large-tote-bag-elephant-grey-croc
https://crepdogcrew.com,9494970859766,JW PEI Carmen Top Handle Bag - Teal,WOMEN BAG,JW PEI,51458922512630,Default Title,ZYZYZY,16999.00,True,Available,In Stock,https://crepdogcrew.com/products/jw-pei-carmen-top-handle-bag-teal
https://crepdogcrew.com,9494970826998,JW PEI Carmen Top Handle Bag - Forest Green Croc,WOMEN BAG,JW PEI,51458922479862,Default Title,ZYZYZY,19499.00,True,Available,In Stock,https://crepdogcrew.com/products/jw-pei-carmen-top-handle-bag-forest-green-croc
https://crepdogcrew.com,9494970794230,JW PEI Carmen Top Handle Bag - Grey Croc,WOMEN BAG,JW PEI,51458922447094,Default Title,ZYZYZY,19499.00,True,Available,In Stock,https://crepdogcrew.com/products/jw-pei-carmen-top-handle-bag-grey-croc
https://crepdogcrew.com,9494970761462,JW PEI Carmen Faux Suede Top Handle Bag - Dark Gray,WOMEN BAG,JW PEI,51458922414326,Default Title,ZYZYZY,17999.00,True,Available,In Stock,https://crepdogcrew.com/products/jw-pei-carmen-faux-suede-top-handle-bag-dark-gray
https://crepdogcrew.com,9494970728694,JW PEI Carmen Faux Suede Top Handle Bag - Black,WOMEN BAG,JW PEI,51458922381558,Default Title,ZYZYZY,17999.00,True,Available,In Stock,https://crepdogcrew.com/products/jw-pei-carmen-faux-suede-top-handle-bag-black
https://crepdogcrew.com,9494970663158,JW PEI Hana Large Tote Bag - Yellow,WOMEN BAG,JW PEI,51458922316022,Default Title,ZYZYZY,30499.00,True,Available,In Stock,https://crepdogcrew.com/products/jw-pei-hana-large-tote-bag-yellow
https://crepdogcrew.com,9494970695926,JW PEI Carmen Faux Suede Top Handle Bag - Burgundy,WOMEN BAG,JW PEI,51458922348790,Default Title,ZYZYZY,17999.00,True,Available,In Stock,https://crepdogcrew.com/products/jw-pei-carmen-faux-suede-top-handle-bag-burgundy
https://crepdogcrew.com,9494970630390,JW PEI Carmen Top Handle Bag - Dark Burgundy Croc,WOMEN BAG,JW PEI,51458922250486,Default Title,ZYZYZY,19499.00,True,Available,In Stock,https://crepdogcrew.com/products/jw-pei-carmen-top-handle-bag-dark-burgundy-croc
https://crepdogcrew.com,9494970564854,JW PEI Carmen Faux Suede Croc-Embossed Top Handle Bag - Yellow,WOMEN BAG,JW PEI,51458922184950,Default Title,ZYZYZY,19499.00,True,Available,In Stock,https://crepdogcrew.com/products/jw-pei-carmen-faux-suede-croc-embossed-top-handle-bag-yellow
https://crepdogcrew.com,9494970532086,JW PEI Hana Large Tote Bag - Pink,WOMEN BAG,JW PEI,51458922152182,Default Title,ZYZYZY,30499.00,True,Available,In Stock,https://crepdogcrew.com/products/jw-pei-hana-large-tote-bag-pink
https://crepdogcrew.com,9494970466550,JW PEI Hana Large Tote Bag - White,WOMEN BAG,JW PEI,51458921726198,Default Title,ZYZYZY,30499.00,True,Available,In Stock,https://crepdogcrew.com/products/jw-pei-hana-large-tote-bag-white
https://crepdogcrew.com,9494970433782,JW PEI Hana Large Tote Bag - Green Croc,WOMEN BAG,JW PEI,51458921693430,Default Title,ZYZYZY,31999.00,True,Available,In Stock,https://crepdogcrew.com/products/jw-pei-hana-large-tote-bag-green-croc
https://crepdogcrew.com,9494970401014,JW PEI Carmen Top Handle Bag - Green Croc,WOMEN BAG,JW PEI,51458921660662,Default Title,ZYZYZY,19499.00,True,Available,In Stock,https://crepdogcrew.com/products/jw-pei-carmen-top-handle-bag-green-croc
https://crepdogcrew.com,9494970335478,JW PEI Carmen Top Handle Bag - Khaki Croc,WOMEN BAG,JW PEI,51458921627894,Default Title,ZYZYZY,19499.00,True,Available,In Stock,https://crepdogcrew.com/products/jw-pei-carmen-top-handle-bag-khaki-croc
https://crepdogcrew.com,9494970204406,JW PEI Carmen Top Handle Bag - Navy Blue,WOMEN BAG,JW PEI,51458921464054,Default Title,ZYZYZY,16999.00,True,Available,In Stock,https://crepdogcrew.com/products/jw-pei-carmen-top-handle-bag-navy-blue
https://crepdogcrew.com,9494970237174,JW PEI Hana Large Tote Bag - Brown,WOMEN BAG,JW PEI,51458921529590,Default Title,ZYZYZY,30499.00,True,Available,In Stock,https://crepdogcrew.com/products/jw-pei-hana-large-tote-bag-brown
https://crepdogcrew.com,9494970171638,JW PEI Rosalie Bowler Top Handle Bag - Dark Burgundy,WOMEN BAG,JW PEI,51458921431286,Default Title,ZYZYZY,16999.00,True,Available,In Stock,https://crepdogcrew.com/products/jw-pei-rosalie-bowler-top-handle-bag-dark-burgundy
https://crepdogcrew.com,9494970138870,JW PEI Lorena Woven Shoulder Bag - Camel,WOMEN BAG,JW PEI,51458921398518,Default Title,ZYZYZY,20499.00,True,Available,In Stock,https://crepdogcrew.com/products/jw-pei-lorena-woven-shoulder-bag-camel
https://crepdogcrew.com,9494970106102,JW PEI Lorena Woven Shoulder Bag - Emerald Green,WOMEN BAG,JW PEI,51458921365750,Default Title,ZYZYZY,20499.00,True,Available,In Stock,https://crepdogcrew.com/products/jw-pei-lorena-woven-shoulder-bag-emerald-green
https://crepdogcrew.com,9494970007798,JW PEI Lorena Woven Faux Suede Shoulder Bag - Stone Taupe,WOMEN BAG,JW PEI,51458921136374,Default Title,ZYZYZY,22999.00,True,Available,In Stock,https://crepdogcrew.com/products/jw-pei-lorena-woven-faux-suede-shoulder-bag-stone-taupe
https://crepdogcrew.com,9494970073334,JW PEI Lorena Woven Shoulder Bag - Ivory,WOMEN BAG,JW PEI,51458921332982,Default Title,ZYZYZY,20499.00,True,Available,In Stock,https://crepdogcrew.com/products/jw-pei-lorena-woven-shoulder-bag-ivory
https://crepdogcrew.com,9494969975030,JW PEI Noelle Belted Shoulder Bag - Deep Burgundy,WOMEN BAG,JW PEI,51458921103606,Default Title,ZYZYZY,17999.00,True,Available,In Stock,https://crepdogcrew.com/products/jw-pei-noelle-belted-shoulder-bag-deep-burgundy
https://crepdogcrew.com,9494969942262,JW PEI Josie Barrel Shoulder Bag - Brown,WOMEN BAG,JW PEI,51458921070838,Default Title,ZYZYZY,16999.00,True,Available,In Stock,https://crepdogcrew.com/products/jw-pei-josie-barrel-shoulder-bag-brown
https://crepdogcrew.com,9494969909494,JW PEI Celeste Woven Envelope Bag - Black,WOMEN BAG,JW PEI,51458921038070,Default Title,ZYZYZY,21999.00,True,Available,In Stock,https://crepdogcrew.com/products/jw-pei-celeste-woven-envelope-bag-black
https://crepdogcrew.com,9494969876726,JW PEI Arlo Top Handle Bag - Dark Brown,WOMEN BAG,JW PEI,51458921005302,Default Title,ZYZYZY,15499.00,True,Available,In Stock,https://crepdogcrew.com/products/jw-pei-arlo-top-handle-bag-dark-brown
https://crepdogcrew.com,9494969811190,JW PEI Camille Buckle Strap Tote Bag - Black,WOMEN BAG,JW PEI,51458920906998,Default Title,ZYZYZY,19499.00,True,Available,In Stock,https://crepdogcrew.com/products/jw-pei-camille-buckle-strap-tote-bag-black
https://crepdogcrew.com,9494969843958,JW PEI Odette Boston Top Handle Bag - Dark Brown,WOMEN BAG,JW PEI,51458920939766,Default Title,ZYZYZY,15499.00,True,Available,In Stock,https://crepdogcrew.com/products/jw-pei-odette-boston-top-handle-bag-dark-brown
https://crepdogcrew.com,9494969745654,JW PEI Vivienne Quilted Vanity Top Handle Bag - Navy,WOMEN BAG,JW PEI,51458920841462,Default Title,ZYZYZY,15499.00,True,Available,In Stock,https://crepdogcrew.com/products/jw-pei-vivienne-quilted-vanity-top-handle-bag-navy
https://crepdogcrew.com,9494969778422,JW PEI Delphine Faux Suede Top Handle Bag - Black,WOMEN BAG,JW PEI,51458920874230,Default Title,ZYZYZY,15499.00,True,Available,In Stock,https://crepdogcrew.com/products/jw-pei-delphine-faux-suede-top-handle-bag-black
https://crepdogcrew.com,9494969712886,JW PEI Elodie Chain Handle Top Handle Bag - Black,WOMEN BAG,JW PEI,51458920808694,Default Title,ZYZYZY,16999.00,True,Available,In Stock,https://crepdogcrew.com/products/jw-pei-elodie-chain-handle-top-handle-bag-black
https://crepdogcrew.com,9494969680118,JW PEI Isolde Flap Shoulder Bag - Black,WOMEN BAG,JW PEI,51458920775926,Default Title,ZYZYZY,17999.00,True,Available,In Stock,https://crepdogcrew.com/products/jw-pei-isolde-flap-shoulder-bag-black
https://crepdogcrew.com,9494969647350,JW PEI Harper Horse Top Handle Bag - Brown,WOMEN BAG,JW PEI,51458920743158,Default Title,ZYZYZY,22999.00,True,Available,In Stock,https://crepdogcrew.com/products/jw-pei-harper-horse-top-handle-bag-brown
https://crepdogcrew.com,9494969614582,JW PEI Maeve Dachshund Charm Satchel Tote Bag - Deep Burgundy,WOMEN BAG,JW PEI,51458920710390,Default Title,ZYZYZY,20499.00,True,Available,In Stock,https://crepdogcrew.com/products/jw-pei-maeve-dachshund-charm-satchel-tote-bag-deep-burgundy
https://crepdogcrew.com,9494969549046,JW PEI Adeline Panda Handbag - Black,WOMEN BAG,JW PEI,51458920644854,Default Title,ZYZYZY,22999.00,True,Available,In Stock,https://crepdogcrew.com/products/jw-pei-adeline-panda-handbag-black
https://crepdogcrew.com,9494969581814,JW PEI Jayden Crocodile Novelty Handbag - Red,WOMEN BAG,JW PEI,51458920677622,Default Title,ZYZYZY,25499.00,True,Available,In Stock,https://crepdogcrew.com/products/jw-pei-jayden-crocodile-novelty-handbag-red
https://crepdogcrew.com,9494969483510,JW PEI Chloe Metal Handle Fringe Top Handbag - Dark Brown,WOMEN BAG,JW PEI,51458920579318,Default Title,ZYZYZY,22499.00,True,Available,In Stock,https://crepdogcrew.com/products/jw-pei-chloe-metal-handle-fringe-top-handbag-dark-brown
https://crepdogcrew.com,9494969450742,JW PEI Chloe Metal Handle Fringe Top Handbag - Silver,WOMEN BAG,JW PEI,51458920546550,Default Title,ZYZYZY,22499.00,True,Available,In Stock,https://crepdogcrew.com/products/jw-pei-chloe-metal-handle-fringe-top-handbag-silver
https://crepdogcrew.com,9494969516278,JW PEI Chloe Metal Handle Fringe Top Handbag - Navy Blue,WOMEN BAG,JW PEI,51458920612086,Default Title,ZYZYZY,22499.00,True,Available,In Stock,https://crepdogcrew.com/products/jw-pei-chloe-metal-handle-fringe-top-handbag-navy-blue
https://crepdogcrew.com,9494969417974,JW PEI Chloe Metal Handle Fringe Top Handbag - Khaki,WOMEN BAG,JW PEI,51458920513782,Default Title,ZYZYZY,22499.00,True,Available,In Stock,https://crepdogcrew.com/products/jw-pei-chloe-metal-handle-fringe-top-handbag-khaki
https://crepdogcrew.com,9494969385206,JW PEI Chloe Metal Handle Fringe Top Handbag - Off White,WOMEN BAG,JW PEI,51458920481014,Default Title,ZYZYZY,22499.00,True,Available,In Stock,https://crepdogcrew.com/products/jw-pei-chloe-metal-handle-fringe-top-handbag-off-white
https://crepdogcrew.com,9494969352438,JW PEI Lucia Classic Faux Suede Top Handle Bag - Dark Red Brown,WOMEN BAG,JW PEI,51458920382710,Default Title,ZYZYZY,17999.00,True,Available,In Stock,https://crepdogcrew.com/products/jw-pei-lucia-classic-faux-suede-top-handle-bag-dark-red-brown
https://crepdogcrew.com,9494969319670,JW PEI Lucia Classic Woven Top Handle Bag - Pink,WOMEN BAG,JW PEI,51458920349942,Default Title,ZYZYZY,19499.00,True,Available,In Stock,https://crepdogcrew.com/products/jw-pei-lucia-classic-woven-top-handle-bag-pink
https://crepdogcrew.com,9494969286902,JW PEI Lucia Classic Woven Top Handle Bag - Dark Burgundy,WOMEN BAG,JW PEI,51458920317174,Default Title,ZYZYZY,19499.00,True,Available,In Stock,https://crepdogcrew.com/products/jw-pei-lucia-classic-woven-top-handle-bag-dark-burgundy
https://crepdogcrew.com,9494969254134,JW PEI Lucia Classic Faux Suede Top Handle Bag - Light Blue,WOMEN BAG,JW PEI,51458920284406,Default Title,ZYZYZY,17999.00,True,Available,In Stock,https://crepdogcrew.com/products/jw-pei-lucia-classic-faux-suede-top-handle-bag-light-blue
https://crepdogcrew.com,9494969221366,JW PEI Lucia Classic Top Handle Bag - Grey Croc,WOMEN BAG,JW PEI,51458920251638,Default Title,ZYZYZY,16999.00,True,Available,In Stock,https://crepdogcrew.com/products/jw-pei-lucia-classic-top-handle-bag-grey-croc
https://crepdogcrew.com,9494969188598,JW PEI Lucia Classic Woven Top Handle Bag - Forest Green,WOMEN BAG,JW PEI,51458920218870,Default Title,ZYZYZY,19499.00,True,Available,In Stock,https://crepdogcrew.com/products/jw-pei-lucia-classic-woven-top-handle-bag-forest-green
https://crepdogcrew.com,9494969155830,JW PEI Lucia Classic Top Handle Bag - Dark Olive Green,WOMEN BAG,JW PEI,51458920186102,Default Title,ZYZYZY,15499.00,True,Available,In Stock,https://crepdogcrew.com/products/jw-pei-lucia-classic-top-handle-bag-dark-olive-green
https://crepdogcrew.com,9494969123062,JW PEI Lucia Classic Woven Top Handle Bag - Taupe,WOMEN BAG,JW PEI,51458920153334,Default Title,ZYZYZY,19499.00,True,Available,In Stock,https://crepdogcrew.com/products/jw-pei-lucia-classic-woven-top-handle-bag-taupe
https://crepdogcrew.com,9494969090294,JW PEI Lucia Classic Top Handle Bag - Pink,WOMEN BAG,JW PEI,51458920120566,Default Title,ZYZYZY,15499.00,True,Available,In Stock,https://crepdogcrew.com/products/jw-pei-lucia-classic-top-handle-bag-pink
https://crepdogcrew.com,9494969057526,JW PEI Lucia Classic Top Handle Bag - Navy Blue,WOMEN BAG,JW PEI,51458920087798,Default Title,ZYZYZY,15499.00,True,Available,In Stock,https://crepdogcrew.com/products/jw-pei-lucia-classic-top-handle-bag-navy-blue
https://crepdogcrew.com,9494969024758,JW PEI Lucia Classic Top Handle Bag - Burgundy Croc,WOMEN BAG,JW PEI,51458920055030,Default Title,ZYZYZY,16999.00,True,Available,In Stock,https://crepdogcrew.com/products/jw-pei-lucia-classic-top-handle-bag-burgundy-croc
https://crepdogcrew.com,9494968991990,JW PEI Lucia Classic Faux Suede Top Handle Bag - Deep Burgundy,WOMEN BAG,JW PEI,51458920022262,Default Title,ZYZYZY,17999.00,True,Available,In Stock,https://crepdogcrew.com/products/jw-pei-lucia-classic-faux-suede-top-handle-bag-deep-burgundy
https://crepdogcrew.com,9494968959222,JW PEI Lucia Classic Woven Top Handle Bag - Mud Gray,WOMEN BAG,JW PEI,51458919989494,Default Title,ZYZYZY,19499.00,True,Available,In Stock,https://crepdogcrew.com/products/jw-pei-lucia-classic-woven-top-handle-bag-mud-gray
https://crepdogcrew.com,9494968893686,JW PEI Lucia Classic Faux Suede Top Handle Bag - Dark Brown,WOMEN BAG,JW PEI,51458919923958,Default Title,ZYZYZY,17999.00,True,Available,In Stock,https://crepdogcrew.com/products/jw-pei-lucia-classic-faux-suede-top-handle-bag-dark-brown
https://crepdogcrew.com,9494968926454,JW PEI Lucia Classic Top Handle Bag - Off White Croc,WOMEN BAG,JW PEI,51458919956726,Default Title,ZYZYZY,17999.00,True,Available,In Stock,https://crepdogcrew.com/products/jw-pei-lucia-classic-top-handle-bag-off-white-croc
https://crepdogcrew.com,9494968860918,JW PEI Lucia Classic Top Handle Bag - Deep Burgundy,WOMEN BAG,JW PEI,51458919891190,Default Title,ZYZYZY,15499.00,True,Available,In Stock,https://crepdogcrew.com/products/jw-pei-lucia-classic-top-handle-bag-deep-burgundy
https://crepdogcrew.com,9494968828150,JW PEI Lucia Classic Top Handle Bag - Light Yellow,WOMEN BAG,JW PEI,51458919858422,Default Title,ZYZYZY,15499.00,True,Available,In Stock,https://crepdogcrew.com/products/jw-pei-lucia-classic-top-handle-bag-light-yellow
https://crepdogcrew.com,9494968762614,JW PEI Hana Medium Tote Bag - Off White,WOMEN BAG,JW PEI,51458919792886,Default Title,ZYZYZY,19499.00,True,Available,In Stock,https://crepdogcrew.com/products/jw-pei-hana-medium-tote-bag-off-white
https://crepdogcrew.com,9494968795382,JW PEI Lucia Classic Faux Suede Top Handle Bag - Black,WOMEN BAG,JW PEI,51458919825654,Default Title,ZYZYZY,17999.00,True,Available,In Stock,https://crepdogcrew.com/products/jw-pei-lucia-classic-faux-suede-top-handle-bag-black
https://crepdogcrew.com,9494968729846,JW PEI Hana Mini Faux Suede Tote Bag - Forest Green,WOMEN BAG,JW PEI,51458919760118,Default Title,ZYZYZY,14499.00,True,Available,In Stock,https://crepdogcrew.com/products/jw-pei-hana-mini-faux-suede-tote-bag-forest-green
https://crepdogcrew.com,9494968697078,JW PEI Hana Mini Tote Bag - Mud Gray,WOMEN BAG,JW PEI,51458919727350,Default Title,ZYZYZY,14499.00,True,Available,In Stock,https://crepdogcrew.com/products/jw-pei-hana-mini-tote-bag-mud-gray
https://crepdogcrew.com,9494968664310,JW PEI Hana Mini Tote Bag - Off White,WOMEN BAG,JW PEI,51458919694582,Default Title,ZYZYZY,14499.00,True,Available,In Stock,https://crepdogcrew.com/products/jw-pei-hana-mini-tote-bag-off-white
https://crepdogcrew.com,9494968631542,JW PEI Hana Medium Faux Suede Tote Bag - Forest Green,WOMEN BAG,JW PEI,51458919661814,Default Title,ZYZYZY,19499.00,True,Available,In Stock,https://crepdogcrew.com/products/jw-pei-hana-medium-faux-suede-tote-bag-forest-green
https://crepdogcrew.com,9494968598774,JW PEI Hana Medium Tote Bag - Burgundy,WOMEN BAG,JW PEI,51458919629046,Default Title,ZYZYZY,19499.00,True,Available,In Stock,https://crepdogcrew.com/products/jw-pei-hana-medium-tote-bag-burgundy
https://crepdogcrew.com,9494968566006,JW PEI Hana Medium Tote Bag - Navy Blue,WOMEN BAG,JW PEI,51458919596278,Default Title,ZYZYZY,19499.00,True,Available,In Stock,https://crepdogcrew.com/products/jw-pei-hana-medium-tote-bag-navy-blue
https://crepdogcrew.com,9494968533238,JW PEI Hana Medium Faux Straw Tote Bag - Brown,WOMEN BAG,JW PEI,51458919563510,Default Title,ZYZYZY,26999.00,True,Available,In Stock,https://crepdogcrew.com/products/jw-pei-hana-medium-faux-straw-tote-bag-brown
https://crepdogcrew.com,9494968500470,JW PEI Hana Medium Denim Tote Bag - Blue Denim,WOMEN BAG,JW PEI,51458919530742,Default Title,ZYZYZY,26999.00,True,Available,In Stock,https://crepdogcrew.com/products/jw-pei-hana-medium-denim-tote-bag-blue-denim
https://crepdogcrew.com,9494968467702,JW PEI Lucia Classic Handbag - Blue Denim,WOMEN BAG,JW PEI,51458919497974,Default Title,ZYZYZY,19499.00,True,Available,In Stock,https://crepdogcrew.com/products/jw-pei-lucia-classic-handbag-blue-denim
https://crepdogcrew.com,9494968434934,JW PEI Lucia Classic Top Handle Bag - Coffee Brown,WOMEN BAG,JW PEI,51458919465206,Default Title,ZYZYZY,16999.00,True,Available,In Stock,https://crepdogcrew.com/products/jw-pei-lucia-classic-top-handle-bag-coffee-brown
https://crepdogcrew.com,9494968402166,JW PEI Lucia Classic Croc-Embossed Faux Suede Top Handle Bag - Light Beige,WOMEN BAG,JW PEI,51458919432438,Default Title,ZYZYZY,17999.00,True,Available,In Stock,https://crepdogcrew.com/products/jw-pei-lucia-classic-croc-embossed-faux-suede-top-handle-bag-light-beige
https://crepdogcrew.com,9494968369398,JW PEI Rhea Small Pebbled Double Buckle Shoulder Bag - White,WOMEN BAG,JW PEI,51458919399670,Default Title,ZYZYZY,17999.00,True,Available,In Stock,https://crepdogcrew.com/products/jw-pei-rhea-small-pebbled-double-buckle-shoulder-bag-white
https://crepdogcrew.com,9494968336630,JW PEI Rhea Small Double Buckle Shoulder Bag - Brown Canvas,WOMEN BAG,JW PEI,51458919366902,Default Title,ZYZYZY,19499.00,True,Available,In Stock,https://crepdogcrew.com/products/jw-pei-rhea-small-double-buckle-shoulder-bag-brown-canvas
https://crepdogcrew.com,9494968303862,JW PEI Rowan Faux Suede Quilted Chain Bucket Bag - Dark Red,WOMEN BAG,JW PEI,51458919334134,Default Title,ZYZYZY,21999.00,True,Available,In Stock,https://crepdogcrew.com/products/jw-pei-rowan-faux-suede-quilted-chain-bucket-bag-dark-red
https://crepdogcrew.com,9494968271094,JW PEI Rowan Ruched Drawstring Chain Bucket Bag - Dark Red Croc,WOMEN BAG,JW PEI,51458919301366,Default Title,ZYZYZY,20499.00,True,Available,In Stock,https://crepdogcrew.com/products/jw-pei-rowan-ruched-drawstring-chain-bucket-bag-dark-red-croc
https://crepdogcrew.com,9494968238326,JW PEI Joy Woven Shoulder Bag - Dark Red,WOMEN BAG,JW PEI,51458919268598,Default Title,ZYZYZY,19499.00,True,Available,In Stock,https://crepdogcrew.com/products/jw-pei-joy-woven-shoulder-bag-dark-red
https://crepdogcrew.com,9494968205558,JW PEI Joy Croc-Embossed Faux Suede Shoulder Bag - Beige,WOMEN BAG,JW PEI,51458919235830,Default Title,ZYZYZY,15499.00,True,Available,In Stock,https://crepdogcrew.com/products/jw-pei-joy-croc-embossed-faux-suede-shoulder-bag-beige
https://crepdogcrew.com,9494968140022,JW PEI Thea Faux Straw Top Handle Bag - Brown,WOMEN BAG,JW PEI,51458919170294,Default Title,ZYZYZY,15499.00,True,Available,In Stock,https://crepdogcrew.com/products/jw-pei-thea-faux-straw-top-handle-bag-brown
https://crepdogcrew.com,9494968172790,JW PEI Harlee Faux Suede Embossed Shoulder Bag - Brown,WOMEN BAG,JW PEI,51458919203062,Default Title,ZYZYZY,19499.00,True,Available,In Stock,https://crepdogcrew.com/products/jw-pei-harlee-faux-suede-embossed-shoulder-bag-brown
https://crepdogcrew.com,9494968074486,JW PEI Thea Artificial Crystal Top Handle Bag - Black,WOMEN BAG,JW PEI,51458919104758,Default Title,ZYZYZY,19499.00,True,Available,In Stock,https://crepdogcrew.com/products/jw-pei-thea-artificial-crystal-top-handle-bag-black
https://crepdogcrew.com,9494968107254,JW PEI Thea Top Handle Bag - Blue Denim,WOMEN BAG,JW PEI,51458919137526,Default Title,ZYZYZY,15499.00,True,Available,In Stock,https://crepdogcrew.com/products/jw-pei-thea-top-handle-bag-blue-denim
https://crepdogcrew.com,9494967451894,JW PEI Alina Pebbled Hobo Bag - White,WOMEN BAG,JW PEI,51458917990646,Default Title,ZYZYZY,19499.00,True,Available,In Stock,https://crepdogcrew.com/products/jw-pei-alina-pebbled-hobo-bag-white
https://crepdogcrew.com,9494967943414,JW PEI Hana Mini Faux Suede Tote Bag - Pink,WOMEN BAG,JW PEI,51458918613238,Default Title,ZYZYZY,14499.00,True,Available,In Stock,https://crepdogcrew.com/products/jw-pei-hana-mini-faux-suede-tote-bag-pink
https://crepdogcrew.com,9494967419126,JW PEI Alina Faux Suede Hobo Bag - Chocolate Brown,WOMEN BAG,JW PEI,51458917957878,Default Title,ZYZYZY,20499.00,True,Available,In Stock,https://crepdogcrew.com/products/jw-pei-alina-faux-suede-hobo-bag-chocolate-brown
https://crepdogcrew.com,9494967910646,JW PEI Hana Mini Tote Bag - Burgundy,WOMEN BAG,JW PEI,51458918580470,Default Title,ZYZYZY,14499.00,True,Available,In Stock,https://crepdogcrew.com/products/jw-pei-hana-mini-tote-bag-burgundy
https://crepdogcrew.com,9494967288054,JW PEI Mini Flap Faux Suede Croc Embossed Crossbody - Burgundy,WOMEN BAG,JW PEI,51458917826806,Default Title,ZYZYZY,15499.00,True,Available,In Stock,https://crepdogcrew.com/products/jw-pei-mini-flap-faux-suede-croc-embossed-crossbody-burgundy
https://crepdogcrew.com,9494967877878,JW PEI Hana Medium Tote Bag - Slate Gray,WOMEN BAG,JW PEI,51458918547702,Default Title,ZYZYZY,19499.00,True,Available,In Stock,https://crepdogcrew.com/products/jw-pei-hana-medium-tote-bag-slate-gray
https://crepdogcrew.com,9494967714038,JW PEI Lucia Classic Faux Suede Top Handle Bag - Matcha Green,WOMEN BAG,JW PEI,51458918383862,Default Title,ZYZYZY,17999.00,True,Available,In Stock,https://crepdogcrew.com/products/jw-pei-lucia-classic-faux-suede-top-handle-bag-matcha-green
https://crepdogcrew.com,9494967845110,JW PEI Hana Medium Faux Shearling Trim Tote Bag - Brown,WOMEN BAG,JW PEI,51458918514934,Default Title,ZYZYZY,22999.00,True,Available,In Stock,https://crepdogcrew.com/products/jw-pei-hana-medium-faux-shearling-trim-tote-bag-brown
https://crepdogcrew.com,9494967222518,JW PEI Rowan Faux Suede Quilted Chain Bucket Bag - Gray,WOMEN BAG,JW PEI,51458917761270,Default Title,ZYZYZY,21999.00,True,Available,In Stock,https://crepdogcrew.com/products/jw-pei-rowan-faux-suede-quilted-chain-bucket-bag-gray
https://crepdogcrew.com,9494967746806,JW PEI Hana Medium Tote Bag - Black Canvas,WOMEN BAG,JW PEI,51458918416630,Default Title,ZYZYZY,19499.00,True,Available,In Stock,https://crepdogcrew.com/products/jw-pei-hana-medium-tote-bag-black-canvas
https://crepdogcrew.com,9494967681270,JW PEI Lucia Classic Faux Suede Top Handle Bag - Taupe,WOMEN BAG,JW PEI,51458918351094,Default Title,ZYZYZY,16999.00,True,Available,In Stock,https://crepdogcrew.com/products/jw-pei-lucia-classic-faux-suede-top-handle-bag-taupe
https://crepdogcrew.com,9494967812342,JW PEI Hana Medium Faux Fur Tote Bag - Coffee Brown,WOMEN BAG,JW PEI,51458918482166,Default Title,ZYZYZY,20499.00,True,Available,In Stock,https://crepdogcrew.com/products/jw-pei-hana-medium-faux-fur-tote-bag-coffee-brown
https://crepdogcrew.com,9494967353590,JW PEI Mini Flap Faux Suede Crossbody - Green,WOMEN BAG,JW PEI,51458917925110,Default Title,ZYZYZY,15499.00,True,Available,In Stock,https://crepdogcrew.com/products/jw-pei-mini-flap-faux-suede-crossbody-green
https://crepdogcrew.com,9494967648502,JW PEI Lucia Classic Top Handle Bag - Light Gray,WOMEN BAG,JW PEI,51458918318326,Default Title,ZYZYZY,14499.00,True,Available,In Stock,https://crepdogcrew.com/products/jw-pei-lucia-classic-top-handle-bag-light-gray
https://crepdogcrew.com,9494967484662,JW PEI FEI Denim Phone Bag - Blue,WOMEN BAG,JW PEI,51458918023414,Default Title,ZYZYZY,7499.00,True,Available,In Stock,https://crepdogcrew.com/products/jw-pei-fei-denim-phone-bag-blue
https://crepdogcrew.com,9494967058678,JW PEI Joy Faux Bamboo Woven Shoulder Bag - Brown,WOMEN BAG,JW PEI,51458917597430,Default Title,ZYZYZY,16999.00,True,Available,In Stock,https://crepdogcrew.com/products/jw-pei-joy-faux-bamboo-woven-shoulder-bag-brown
https://crepdogcrew.com,9494966960374,JW PEI Joy Crushed Shoulder Bag - Brown,WOMEN BAG,JW PEI,51458917499126,Default Title,ZYZYZY,16999.00,True,Available,In Stock,https://crepdogcrew.com/products/jw-pei-joy-crushed-shoulder-bag-brown
https://crepdogcrew.com,9494966993142,JW PEI Joy Shoulder Bag - Brown Canvas,WOMEN BAG,JW PEI,51458917531894,Default Title,ZYZYZY,14499.00,True,Available,In Stock,https://crepdogcrew.com/products/jw-pei-joy-shoulder-bag-brown-canvas
https://crepdogcrew.com,9494966894838,JW PEI Abacus Studded Mini Top Handle Bag - Black,WOMEN BAG,JW PEI,51458917433590,Default Title,ZYZYZY,15499.00,True,Available,In Stock,https://crepdogcrew.com/products/jw-pei-abacus-studded-mini-top-handle-bag-black
https://crepdogcrew.com,9494966862070,JW PEI Abacus Mini Top Handle Bag - Black Croc,WOMEN BAG,JW PEI,51458917400822,Default Title,ZYZYZY,13499.00,True,Available,In Stock,https://crepdogcrew.com/products/jw-pei-abacus-mini-top-handle-bag-black-croc
https://crepdogcrew.com,9494966796534,JW PEI Abacus Embroidered Floral Mini Top Handle Bag - Pink,WOMEN BAG,JW PEI,51458917335286,Default Title,ZYZYZY,16999.00,True,Available,In Stock,https://crepdogcrew.com/products/jw-pei-abacus-embroidered-floral-mini-top-handle-bag-pink
https://crepdogcrew.com,9494967255286,JW PEI Rowan Faux Suede Quilted Chain Bucket Bag - Blue,WOMEN BAG,JW PEI,51458917794038,Default Title,ZYZYZY,21999.00,True,Available,In Stock,https://crepdogcrew.com/products/jw-pei-rowan-faux-suede-quilted-chain-bucket-bag-blue
https://crepdogcrew.com,9494968008950,JW PEI Hana Mini Tote Bag - Grayish Brown,WOMEN BAG,JW PEI,51458918678774,Default Title,ZYZYZY,14499.00,True,Available,In Stock,https://crepdogcrew.com/products/jw-pei-hana-mini-tote-bag-grayish-brown
https://crepdogcrew.com,9494966730998,JW PEI Celeste Envelope Top Handle Bag - Silver Lizard Texture,WOMEN BAG,JW PEI,51458917269750,Default Title,ZYZYZY,17999.00,True,Available,In Stock,https://crepdogcrew.com/products/jw-pei-celeste-envelope-top-handle-bag-silver-lizard-texture
https://crepdogcrew.com,9494966665462,JW PEI Celeste Envelope Top Handle Bag - Dark Brown Croc,WOMEN BAG,JW PEI,51458917204214,Default Title,ZYZYZY,16999.00,True,Available,In Stock,https://crepdogcrew.com/products/jw-pei-celeste-envelope-top-handle-bag-dark-brown-croc
https://crepdogcrew.com,9494967124214,JW PEI Joy Faux Suede Shoulder Bag - Khaki Brown,WOMEN BAG,JW PEI,51458917662966,Default Title,ZYZYZY,15499.00,True,Available,In Stock,https://crepdogcrew.com/products/jw-pei-joy-faux-suede-shoulder-bag-khaki-brown
https://crepdogcrew.com,9494966305014,JW PEI Harlee Shoulder Bag - Brown Canvas,WOMEN BAG,JW PEI,51458916778230,Default Title,ZYZYZY,14499.00,True,Available,In Stock,https://crepdogcrew.com/products/jw-pei-harlee-shoulder-bag-brown-canvas
https://crepdogcrew.com,9494966927606,JW PEI Abacus Faux Snake-Effect Mini Top Handle Bag - Burgundy,WOMEN BAG,JW PEI,51458917466358,Default Title,ZYZYZY,14499.00,True,Available,In Stock,https://crepdogcrew.com/products/jw-pei-abacus-faux-snake-effect-mini-top-handle-bag-burgundy
https://crepdogcrew.com,9494967976182,JW PEI Hana Mini Tote Bag - Navy Blue,WOMEN BAG,JW PEI,51458918646006,Default Title,ZYZYZY,14499.00,True,Available,In Stock,https://crepdogcrew.com/products/jw-pei-hana-mini-tote-bag-navy-blue
https://crepdogcrew.com,9494966763766,JW PEI Cleo Faux Straw Box Shape Top Handle Bag - Brown,WOMEN BAG,JW PEI,51458917302518,Default Title,ZYZYZY,16999.00,True,Available,In Stock,https://crepdogcrew.com/products/jw-pei-cleo-faux-straw-box-shape-top-handle-bag-brown
https://crepdogcrew.com,9494966698230,JW PEI Celeste Faux Suede Woven Textured Envelope Top Handle Bag - White,WOMEN BAG,JW PEI,51458917236982,Default Title,ZYZYZY,16999.00,True,Available,In Stock,https://crepdogcrew.com/products/jw-pei-celeste-faux-suede-woven-textured-envelope-top-handle-bag-white
https://crepdogcrew.com,9494966567158,JW PEI Celeste Envelope Top Handle Bag - Black Croc,WOMEN BAG,JW PEI,51458917073142,Default Title,ZYZYZY,16999.00,True,Available,In Stock,https://crepdogcrew.com/products/jw-pei-celeste-envelope-top-handle-bag-black-croc
https://crepdogcrew.com,9494966141174,JW PEI Cleo Box Shape Top Handle Bag - White Croc,WOMEN BAG,JW PEI,51458916614390,Default Title,ZYZYZY,16999.00,True,Available,In Stock,https://crepdogcrew.com/products/jw-pei-cleo-box-shape-top-handle-bag-white-croc
https://crepdogcrew.com,9494966632694,JW PEI Celeste Envelope Top Handle Bag - Pink Croc,WOMEN BAG,JW PEI,51458917138678,Default Title,ZYZYZY,16999.00,True,Available,In Stock,https://crepdogcrew.com/products/jw-pei-celeste-envelope-top-handle-bag-pink-croc
https://crepdogcrew.com,9494966534390,JW PEI Bria Structured Top Handle Bag - BLue Denim,WOMEN BAG,JW PEI,51458917040374,Default Title,ZYZYZY,16999.00,True,Available,In Stock,https://crepdogcrew.com/products/jw-pei-bria-structured-top-handle-bag-blue-denim
https://crepdogcrew.com,9494966501622,JW PEI Bria Structured Top Handle Bag - Dark Red,WOMEN BAG,JW PEI,51458917007606,Default Title,ZYZYZY,17999.00,True,Available,In Stock,https://crepdogcrew.com/products/jw-pei-bria-structured-top-handle-bag-dark-red
https://crepdogcrew.com,9494966370550,JW PEI Harlee Weave Texture Shoulder Bag - Burgundy,WOMEN BAG,JW PEI,51458916843766,Default Title,ZYZYZY,16999.00,True,Available,In Stock,https://crepdogcrew.com/products/jw-pei-harlee-weave-texture-shoulder-bag-burgundy
https://crepdogcrew.com,9494966403318,JW PEI Harlee Artificial Crystal Shoulder Bag - Black,WOMEN BAG,JW PEI,51458916876534,Default Title,ZYZYZY,21999.00,True,Available,In Stock,https://crepdogcrew.com/products/jw-pei-harlee-artificial-crystal-shoulder-bag-black
https://crepdogcrew.com,9494966468854,JW PEI Harlee Faux Fur Shoulder Bag - Dark Brown,WOMEN BAG,JW PEI,51458916942070,Default Title,ZYZYZY,17999.00,True,Available,In Stock,https://crepdogcrew.com/products/jw-pei-harlee-faux-fur-shoulder-bag-dark-brown
https://crepdogcrew.com,9494966272246,JW PEI Elise Faux Straw Handbag - Brown,WOMEN BAG,JW PEI,51458916745462,Default Title,ZYZYZY,15499.00,True,Available,In Stock,https://crepdogcrew.com/products/jw-pei-elise-faux-straw-handbag-brown
https://crepdogcrew.com,9494966239478,JW PEI Elise Top Handle Bag - Blue Denim,WOMEN BAG,JW PEI,51458916712694,Default Title,ZYZYZY,15499.00,True,Available,In Stock,https://crepdogcrew.com/products/jw-pei-elise-top-handle-bag-blue-denim
https://crepdogcrew.com,9494966206710,JW PEI Elise Top Handle Bag - Black Croc,WOMEN BAG,JW PEI,51458916679926,Default Title,ZYZYZY,15499.00,True,Available,In Stock,https://crepdogcrew.com/products/jw-pei-elise-top-handle-bag-black-croc
https://crepdogcrew.com,9494966173942,JW PEI Elise Top Handle Bag - White Croc,WOMEN BAG,JW PEI,51458916647158,Default Title,ZYZYZY,15499.00,True,Available,In Stock,https://crepdogcrew.com/products/jw-pei-elise-top-handle-bag-white-croc
https://crepdogcrew.com,9494966075638,JW PEI Cleo Snake-Embossed Box Shape Top Handle Bag - Beige,WOMEN BAG,JW PEI,51458916548854,Default Title,ZYZYZY,16999.00,True,Available,In Stock,https://crepdogcrew.com/products/jw-pei-cleo-snake-embossed-box-shape-top-handle-bag-beige
https://crepdogcrew.com,9494966010102,JW PEI Cleo Box Shape Top Handle Bag - Claret Croc,WOMEN BAG,JW PEI,51458916483318,Default Title,ZYZYZY,15499.00,True,Available,In Stock,https://crepdogcrew.com/products/jw-pei-cleo-box-shape-top-handle-bag-claret-croc
https://crepdogcrew.com,9494966042870,JW PEI Cleo Box Shape Top Handle Bag - Brown,WOMEN BAG,JW PEI,51458916516086,Default Title,ZYZYZY,14499.00,True,Available,In Stock,https://crepdogcrew.com/products/jw-pei-cleo-box-shape-top-handle-bag-brown
https://crepdogcrew.com,9494965977334,JW PEI Thea Artificial Crystal Top Handle Bag - Red,WOMEN BAG,JW PEI,51458916450550,Default Title,ZYZYZY,19499.00,True,Available,In Stock,https://crepdogcrew.com/products/jw-pei-thea-artificial-crystal-top-handle-bag-red
https://crepdogcrew.com,9494965944566,JW PEI Thea Croc-Embossed Top Handle Bag - Olive Green,WOMEN BAG,JW PEI,51458916417782,Default Title,ZYZYZY,15499.00,True,Available,In Stock,https://crepdogcrew.com/products/jw-pei-thea-croc-embossed-top-handle-bag-olive-green
https://crepdogcrew.com,9494965879030,JW PEI Thea Faux Fur Top Handle Bag - Mocha Brown,WOMEN BAG,JW PEI,51458916155638,Default Title,ZYZYZY,15499.00,True,Available,In Stock,https://crepdogcrew.com/products/jw-pei-thea-faux-fur-top-handle-bag-mocha-brown
https://crepdogcrew.com,9494965846262,JW PEI Thea Faux Suede Top Handle Bag - Camel,WOMEN BAG,JW PEI,51458916122870,Default Title,ZYZYZY,14499.00,True,Available,In Stock,https://crepdogcrew.com/products/jw-pei-thea-faux-suede-top-handle-bag-camel
https://crepdogcrew.com,9494965780726,JW PEI Hana Mini Faux Suede Tote Bag - Gray,WOMEN BAG,JW PEI,51458916057334,Default Title,ZYZYZY,14499.00,True,Available,In Stock,https://crepdogcrew.com/products/jw-pei-hana-mini-faux-suede-tote-bag-gray
https://crepdogcrew.com,9494965747958,JW PEI Hana Mini Tote Bag - Blue Denim,WOMEN BAG,JW PEI,51458916024566,Default Title,ZYZYZY,19499.00,True,Available,In Stock,https://crepdogcrew.com/products/jw-pei-hana-mini-tote-bag-blue-denim
https://crepdogcrew.com,9494965813494,JW PEI Hana Mini Faux Straw Beading Tote Bag - Brown,WOMEN BAG,JW PEI,51458916090102,Default Title,ZYZYZY,21999.00,True,Available,In Stock,https://crepdogcrew.com/products/jw-pei-hana-mini-faux-straw-beading-tote-bag-brown
https://crepdogcrew.com,9494965715190,JW PEI Hana Mini Faux Straw Tote Bag - Brown,WOMEN BAG,JW PEI,51458915991798,Default Title,ZYZYZY,19499.00,True,Available,In Stock,https://crepdogcrew.com/products/jw-pei-hana-mini-faux-straw-tote-bag-brown
https://crepdogcrew.com,9494965649654,JW PEI Carmen Faux Straw Top Handle Bag - Brown,WOMEN BAG,JW PEI,51458915926262,Default Title,ZYZYZY,19499.00,True,Available,In Stock,https://crepdogcrew.com/products/jw-pei-carmen-faux-straw-top-handle-bag-brown
https://crepdogcrew.com,9494965616886,JW PEI Hana Medium Tote Bag - Black,WOMEN BAG,JW PEI,51458915893494,Default Title,ZYZYZY,19499.00,True,Available,In Stock,https://crepdogcrew.com/products/jw-pei-hana-medium-tote-bag-black
https://crepdogcrew.com,9494965584118,JW PEI Hana Medium Tote Bag - Taupe,WOMEN BAG,JW PEI,51458915860726,Default Title,ZYZYZY,19499.00,True,Available,In Stock,https://crepdogcrew.com/products/jw-pei-hana-medium-tote-bag-taupe
https://crepdogcrew.com,9494965551350,JW PEI Hana  Medium Faux Straw Tote Bag - Brown Straw,WOMEN BAG,JW PEI,51458915827958,Default Title,ZYZYZY,20499.00,True,Available,In Stock,https://crepdogcrew.com/products/jw-pei-hana-medium-faux-straw-tote-bag-brown-straw
https://crepdogcrew.com,9494965518582,JW PEI Hana Medium Tote Bag - Brown Canvas,WOMEN BAG,JW PEI,51458915795190,Default Title,ZYZYZY,19499.00,True,Available,In Stock,https://crepdogcrew.com/products/jw-pei-hana-medium-tote-bag-brown-canvas
https://crepdogcrew.com,9494965453046,JW PEI Lucia Classic Croc-Embossed Faux Suede Top Handle Bag - Yellow,WOMEN BAG,JW PEI,51458915729654,Default Title,ZYZYZY,17999.00,True,Available,In Stock,https://crepdogcrew.com/products/jw-pei-lucia-classic-croc-embossed-faux-suede-top-handle-bag-yellow
https://crepdogcrew.com,9494965354742,JW PEI Lucia Classic Top Handle Woven Bag - White,WOMEN BAG,JW PEI,51458915631350,Default Title,ZYZYZY,19499.00,True,Available,In Stock,https://crepdogcrew.com/products/jw-pei-lucia-classic-top-handle-woven-bag-white
https://crepdogcrew.com,9494965420278,JW PEI Lucia Classic Top Handle Woven Bag - Dark Brown,WOMEN BAG,JW PEI,51458915696886,Default Title,ZYZYZY,19499.00,True,Available,In Stock,https://crepdogcrew.com/products/jw-pei-lucia-classic-top-handle-woven-bag-dark-brown
https://crepdogcrew.com,9494965321974,JW PEI Noor Top Handle Bag - Dark Brown Croc,WOMEN BAG,JW PEI,51458915598582,Default Title,ZYZYZY,15499.00,True,Available,In Stock,https://crepdogcrew.com/products/jw-pei-noor-top-handle-bag-dark-brown-croc
https://crepdogcrew.com,9494965387510,JW PEI Lucia Classic Top Handle Woven Bag - Brown,WOMEN BAG,JW PEI,51458915664118,Default Title,ZYZYZY,19499.00,True,Available,In Stock,https://crepdogcrew.com/products/jw-pei-lucia-classic-top-handle-woven-bag-brown
https://crepdogcrew.com,9494965158134,JW PEI Noor Top Handle Bag - Navy Blue,WOMEN BAG,JW PEI,51458915369206,Default Title,ZYZYZY,15499.00,True,Available,In Stock,https://crepdogcrew.com/products/jw-pei-noor-top-handle-bag-navy-blue
https://crepdogcrew.com,9494965256438,JW PEI Noor Faux Suede Top Handle Bag - Forest Green,WOMEN BAG,JW PEI,51458915565814,Default Title,ZYZYZY,16999.00,True,Available,In Stock,https://crepdogcrew.com/products/jw-pei-noor-faux-suede-top-handle-bag-forest-green
https://crepdogcrew.com,9494967550198,JW PEI Lucia Classic Faux Suede Top Handle Bag - Navy Blue,WOMEN BAG,JW PEI,51458918088950,Default Title,ZYZYZY,17999.00,True,Available,In Stock,https://crepdogcrew.com/products/jw-pei-lucia-classic-faux-suede-top-handle-bag-navy-blue
https://crepdogcrew.com,9494965190902,JW PEI Noor Top Handle Bag - Blue Croc,WOMEN BAG,JW PEI,51458915467510,Default Title,ZYZYZY,15499.00,True,Available,In Stock,https://crepdogcrew.com/products/jw-pei-noor-top-handle-bag-blue-croc
https://crepdogcrew.com,9494964470006,JW PEI Orla Weave Handbag - Dark Olive,WOMEN BAG,JW PEI,51458914681078,Default Title,ZYZYZY,20499.00,True,Available,In Stock,https://crepdogcrew.com/products/jw-pei-orla-weave-handbag-dark-olive
https://crepdogcrew.com,9494965059830,JW PEI Noor Faux Suede Top Handle Bag - Pink,WOMEN BAG,JW PEI,51458915270902,Default Title,ZYZYZY,16999.00,True,Available,In Stock,https://crepdogcrew.com/products/jw-pei-noor-faux-suede-top-handle-bag-pink
https://crepdogcrew.com,9494965125366,JW PEI Noor Top Handle Bag - Amber Brown,WOMEN BAG,JW PEI,51458915336438,Default Title,ZYZYZY,15499.00,True,Available,In Stock,https://crepdogcrew.com/products/jw-pei-noor-top-handle-bag-amber-brown
https://crepdogcrew.com,9494964928758,JW PEI Gabbi Ruched Hobo Handbag - White,WOMEN BAG,JW PEI,51458915139830,Default Title,ZYZYZY,14499.00,True,Available,In Stock,https://crepdogcrew.com/products/jw-pei-gabbi-ruched-hobo-handbag-white
https://crepdogcrew.com,9494965092598,JW PEI Noor Faux Suede Top Handle Bag - Blue,WOMEN BAG,JW PEI,51458915303670,Default Title,ZYZYZY,16999.00,True,Available,In Stock,https://crepdogcrew.com/products/jw-pei-noor-faux-suede-top-handle-bag-blue
https://crepdogcrew.com,9494964863222,JW PEI Rhea Small Double Buckle Shoulder Bag - Light Brown Croc,WOMEN BAG,JW PEI,51458915074294,Default Title,ZYZYZY,20499.00,True,Available,In Stock,https://crepdogcrew.com/products/jw-pei-rhea-small-double-buckle-shoulder-bag-light-brown-croc
https://crepdogcrew.com,9494964895990,JW PEI Rhea Small Pebbled Double Buckle Shoulder Bag - Black,WOMEN BAG,JW PEI,51458915107062,Default Title,ZYZYZY,17999.00,True,Available,In Stock,https://crepdogcrew.com/products/jw-pei-rhea-small-pebbled-double-buckle-shoulder-bag-black
https://crepdogcrew.com,9494964830454,JW PEI Rhea Small Double Buckle Shoulder Bag - Grey Croc,WOMEN BAG,JW PEI,51458915041526,Default Title,ZYZYZY,20499.00,True,Available,In Stock,https://crepdogcrew.com/products/jw-pei-rhea-small-double-buckle-shoulder-bag-grey-croc
https://crepdogcrew.com,9494964732150,JW PEI Abacus Top Handle Bag - Umber,WOMEN BAG,JW PEI,51458914943222,Default Title,ZYZYZY,14499.00,True,Available,In Stock,https://crepdogcrew.com/products/jw-pei-abacus-top-handle-bag-umber
https://crepdogcrew.com,9494964764918,JW PEI Rhea Small Double Buckle Shoulder Bag - White Croc,WOMEN BAG,JW PEI,51458914975990,Default Title,ZYZYZY,20499.00,True,Available,In Stock,https://crepdogcrew.com/products/jw-pei-rhea-small-double-buckle-shoulder-bag-white-croc
https://crepdogcrew.com,9494964568310,JW PEI Rowan Faux Suede Quilted Chain Bucket Bag - Pink,WOMEN BAG,JW PEI,51458914779382,Default Title,ZYZYZY,21999.00,True,Available,In Stock,https://crepdogcrew.com/products/jw-pei-rowan-faux-suede-quilted-chain-bucket-bag-pink
https://crepdogcrew.com,9494964601078,JW PEI Rowan Faux Suede Quilted Chain Bucket Bag - Olive Green,WOMEN BAG,JW PEI,51458914812150,Default Title,ZYZYZY,21999.00,True,Available,In Stock,https://crepdogcrew.com/products/jw-pei-rowan-faux-suede-quilted-chain-bucket-bag-olive-green
https://crepdogcrew.com,9494964633846,JW PEI Rowan Ruched Drawstring Chain Bucket Bag - Pink Croc,WOMEN BAG,JW PEI,51458914844918,Default Title,ZYZYZY,20499.00,True,Available,In Stock,https://crepdogcrew.com/products/jw-pei-rowan-ruched-drawstring-chain-bucket-bag-pink-croc
https://crepdogcrew.com,9494964437238,JW PEI Eloise Woven Shoulder Bag - Dark Brown,WOMEN BAG,JW PEI,51458914648310,Default Title,ZYZYZY,20499.00,True,Available,In Stock,https://crepdogcrew.com/products/jw-pei-eloise-woven-shoulder-bag-dark-brown
https://crepdogcrew.com,9494964502774,JW PEI Kiana Large Capacity Weave Texture Tote Bag - Dark Olive,WOMEN BAG,JW PEI,51458914713846,Default Title,ZYZYZY,20499.00,True,Available,In Stock,https://crepdogcrew.com/products/jw-pei-kiana-large-capacity-weave-texture-tote-bag-dark-olive
https://crepdogcrew.com,9494964404470,JW PEI Tessa Studded Shoulder Bag - Blue Denim,WOMEN BAG,JW PEI,51458914615542,Default Title,ZYZYZY,20499.00,True,Available,In Stock,https://crepdogcrew.com/products/jw-pei-tessa-studded-shoulder-bag-blue-denim
https://crepdogcrew.com,9494964273398,JW PEI Tessa Suede Shoulder Bag - Dark Birch Brown,WOMEN BAG,JW PEI,51458914484470,Default Title,ZYZYZY,16999.00,True,Available,In Stock,https://crepdogcrew.com/products/jw-pei-tessa-suede-shoulder-bag-dark-birch-brown
https://crepdogcrew.com,9494964338934,JW PEI Tessa Studded Shoulder Bag - Burgundy,WOMEN BAG,JW PEI,51458914582774,Default Title,ZYZYZY,16999.00,True,Available,In Stock,https://crepdogcrew.com/products/jw-pei-tessa-studded-shoulder-bag-burgundy
https://crepdogcrew.com,9494964306166,JW PEI Tessa Metallic Pleating Shoulder Bag - Silver,WOMEN BAG,JW PEI,51458914517238,Default Title,ZYZYZY,16999.00,True,Available,In Stock,https://crepdogcrew.com/products/jw-pei-tessa-metallic-pleating-shoulder-bag-silver
https://crepdogcrew.com,9494964240630,JW PEI Tessa Suede Shoulder Bag - Dark Olive,WOMEN BAG,JW PEI,51458914451702,Default Title,ZYZYZY,16999.00,True,Available,In Stock,https://crepdogcrew.com/products/jw-pei-tessa-suede-shoulder-bag-dark-olive
https://crepdogcrew.com,9494964207862,JW PEI Tessa Suede Shoulder Bag - Deep Magenta,WOMEN BAG,JW PEI,51458914418934,Default Title,ZYZYZY,16999.00,True,Available,In Stock,https://crepdogcrew.com/products/jw-pei-tessa-suede-shoulder-bag-deep-magenta
https://crepdogcrew.com,9494964142326,JW PEI Linda Faux Suede Tote Bag - Green,WOMEN BAG,JW PEI,51458914386166,Default Title,ZYZYZY,21999.00,True,Available,In Stock,https://crepdogcrew.com/products/jw-pei-linda-faux-suede-tote-bag-green
https://crepdogcrew.com,9494964076790,JW PEI Joy Crushed Shoulder Bag - White,WOMEN BAG,JW PEI,51458914156790,Default Title,ZYZYZY,16999.00,True,Available,In Stock,https://crepdogcrew.com/products/jw-pei-joy-crushed-shoulder-bag-white
https://crepdogcrew.com,9494964044022,JW PEI Joy Crushed Shoulder Bag - Black,WOMEN BAG,JW PEI,51458914124022,Default Title,ZYZYZY,16999.00,True,Available,In Stock,https://crepdogcrew.com/products/jw-pei-joy-crushed-shoulder-bag-black
https://crepdogcrew.com,9494964011254,JW PEI Joy Shoulder Bag - Acorn Brown,WOMEN BAG,JW PEI,51458914091254,Default Title,ZYZYZY,14499.00,True,Available,In Stock,https://crepdogcrew.com/products/jw-pei-joy-shoulder-bag-acorn-brown
https://crepdogcrew.com,9494963847414,JW PEI Nerys Artificial Crystal Shark Top Handle Bag - Black,WOMEN BAG,JW PEI,51458913927414,Default Title,ZYZYZY,21999.00,True,Available,In Stock,https://crepdogcrew.com/products/jw-pei-nerys-artificial-crystal-shark-top-handle-bag-black
https://crepdogcrew.com,9494963814646,JW PEI Maeve Faux Straw Dachshund Metal Charm Tote Bag - Brown,WOMEN BAG,JW PEI,51458913894646,Default Title,ZYZYZY,21999.00,True,Available,In Stock,https://crepdogcrew.com/products/jw-pei-maeve-faux-straw-dachshund-metal-charm-tote-bag-brown
https://crepdogcrew.com,9494963880182,JW PEI Ellie Metal Ring Embellished Top Handle Bag - Blue Denim,WOMEN BAG,JW PEI,51458913960182,Default Title,ZYZYZY,16999.00,True,Available,In Stock,https://crepdogcrew.com/products/jw-pei-ellie-metal-ring-embellished-top-handle-bag-blue-denim
https://crepdogcrew.com,9494963716342,JW PEI Maeve Dachshund Metal Charm Tote Bag - Black Canvasa,WOMEN BAG,JW PEI,51458913796342,Default Title,ZYZYZY,20499.00,True,Available,In Stock,https://crepdogcrew.com/products/jw-pei-maeve-dachshund-metal-charm-tote-bag-black-canvasa
https://crepdogcrew.com,9494963781878,JW PEI Maeve Dachshund Metal Charm Tote Bag - Deep Coffee,WOMEN BAG,JW PEI,51458913861878,Default Title,ZYZYZY,21999.00,True,Available,In Stock,https://crepdogcrew.com/products/jw-pei-maeve-dachshund-metal-charm-tote-bag-deep-coffee
https://crepdogcrew.com,9494963683574,JW PEI Maeve Tote Bag - Blue Denim,WOMEN BAG,JW PEI,51458913763574,Default Title,ZYZYZY,21999.00,True,Available,In Stock,https://crepdogcrew.com/products/jw-pei-maeve-tote-bag-blue-denim
https://crepdogcrew.com,9494963650806,JW PEI Maeve Dachshund Metal Charm Tote Bag - Dark Brown Croc,WOMEN BAG,JW PEI,51458913730806,Default Title,ZYZYZY,20499.00,True,Available,In Stock,https://crepdogcrew.com/products/jw-pei-maeve-dachshund-metal-charm-tote-bag-dark-brown-croc
https://crepdogcrew.com,9494963618038,JW PEI Maeve Dachshund Metal Charm Faux Suede Tote Bag - Brown,WOMEN BAG,JW PEI,51458913698038,Default Title,ZYZYZY,21999.00,True,Available,In Stock,https://crepdogcrew.com/products/jw-pei-maeve-dachshund-metal-charm-faux-suede-tote-bag-brown
https://crepdogcrew.com,9494963486966,JW PEI Sharon Woven Crossbody Bag - Coffee Brown,WOMEN BAG,JW PEI,51458913272054,Default Title,ZYZYZY,19499.00,True,Available,In Stock,https://crepdogcrew.com/products/jw-pei-sharon-woven-crossbody-bag-coffee-brown
https://crepdogcrew.com,9494963519734,JW PEI Maeve Dachshund Metal Charm Tote Bag - Burgundy Croc,WOMEN BAG,JW PEI,51458913337590,Default Title,ZYZYZY,20499.00,True,Available,In Stock,https://crepdogcrew.com/products/jw-pei-maeve-dachshund-metal-charm-tote-bag-burgundy-croc
https://crepdogcrew.com,9494963454198,JW PEI Sharon Faux Suede Crossbody Bag - Coffee Brown,WOMEN BAG,JW PEI,51458913239286,Default Title,ZYZYZY,16999.00,True,Available,In Stock,https://crepdogcrew.com/products/jw-pei-sharon-faux-suede-crossbody-bag-coffee-brown
https://crepdogcrew.com,9494963355894,JW PEI Aria Shoulder Bag - Dark Brown,WOMEN BAG,JW PEI,51458913140982,Default Title,ZYZYZY,21999.00,True,Available,In Stock,https://crepdogcrew.com/products/jw-pei-aria-shoulder-bag-dark-brown
https://crepdogcrew.com,9494963421430,JW PEI Aria Shoulder Bag - Black Croc,WOMEN BAG,JW PEI,51458913206518,Default Title,ZYZYZY,22999.00,True,Available,In Stock,https://crepdogcrew.com/products/jw-pei-aria-shoulder-bag-black-croc
