store_domain,product_id,product_name,product_type,vendor,variant_id,size,sku,price,available,availability_status,exact_quantity_left,product_url
https://musclemind.com,10180314726649,High Waist Flare Pants,,Musclemind activeleisure,48802790670585,XS,8906189276149,1999.00,True,Available,1,https://musclemind.com/products/high-waist-flare-pants-3
https://musclemind.com,10180314726649,High Waist Flare Pants,,Musclemind activeleisure,48802790703353,S,8906189276156,1999.00,False,Sold Out,0,https://musclemind.com/products/high-waist-flare-pants-3
https://musclemind.com,10180314726649,High Waist Flare Pants,,Musclemind activeleisure,48802790736121,M,8906189276163,1999.00,False,Sold Out,0,https://musclemind.com/products/high-waist-flare-pants-3
https://musclemind.com,10180314726649,High Waist Flare Pants,,Musclemind activeleisure,48802790768889,L,8906189276170,1999.00,True,Available,1,https://musclemind.com/products/high-waist-flare-pants-3
https://musclemind.com,10180314726649,High Waist Flare Pants,,Musclemind activeleisure,48802790801657,XL,8906189276187,1999.00,False,Sold Out,0,https://musclemind.com/products/high-waist-flare-pants-3
https://musclemind.com,10180314726649,High Waist Flare Pants,,Musclemind activeleisure,48803519856889,XXL,8906189276194,1999.00,True,Available,1,https://musclemind.com/products/high-waist-flare-pants-3
https://musclemind.com,10180314398969,High Waist Flare Pants,,Musclemind activeleisure,48802790211833,XS,8906189276200,1999.00,True,Available,6,https://musclemind.com/products/high-waist-flare-pants-2
https://musclemind.com,10180314398969,High Waist Flare Pants,,Musclemind activeleisure,48802790244601,S,8906189276217,1999.00,True,Available,18,https://musclemind.com/products/high-waist-flare-pants-2
https://musclemind.com,10180314398969,High Waist Flare Pants,,Musclemind activeleisure,48802790277369,M,8906189276224,1999.00,True,Available,38,https://musclemind.com/products/high-waist-flare-pants-2
https://musclemind.com,10180314398969,High Waist Flare Pants,,Musclemind activeleisure,48802790310137,L,8906189276231,1999.00,True,Available,38,https://musclemind.com/products/high-waist-flare-pants-2
https://musclemind.com,10180314398969,High Waist Flare Pants,,Musclemind activeleisure,48802790342905,XL,8906189276248,1999.00,True,Available,23,https://musclemind.com/products/high-waist-flare-pants-2
https://musclemind.com,10180314398969,High Waist Flare Pants,,Musclemind activeleisure,48803519987961,XXL,8906189276255,1999.00,True,Available,5,https://musclemind.com/products/high-waist-flare-pants-2
https://musclemind.com,10180291592441,High Waist Flare Pants,,Musclemind activeleisure,48802746827001,XS,8906189276088,1999.00,True,Available,10,https://musclemind.com/products/high-waist-flare-pants
https://musclemind.com,10180291592441,High Waist Flare Pants,,Musclemind activeleisure,48802746859769,S,8906189276095,1999.00,True,Available,31,https://musclemind.com/products/high-waist-flare-pants
https://musclemind.com,10180291592441,High Waist Flare Pants,,Musclemind activeleisure,48802746892537,M,8906189276101,1999.00,True,Available,49,https://musclemind.com/products/high-waist-flare-pants
https://musclemind.com,10180291592441,High Waist Flare Pants,,Musclemind activeleisure,48802746925305,L,8906189276118,1999.00,True,Available,49,https://musclemind.com/products/high-waist-flare-pants
https://musclemind.com,10180291592441,High Waist Flare Pants,,Musclemind activeleisure,48802746958073,XL,8906189276125,1999.00,True,Available,33,https://musclemind.com/products/high-waist-flare-pants
https://musclemind.com,10180291592441,High Waist Flare Pants,,Musclemind activeleisure,48803519725817,XXL,8906189276132,1999.00,True,Available,10,https://musclemind.com/products/high-waist-flare-pants
https://musclemind.com,10180313940217,High Waist Flare Pants,,Musclemind activeleisure,48802789589241,XS,8906189276262,1999.00,True,Available,8,https://musclemind.com/products/high-waist-flare-pants-1
https://musclemind.com,10180313940217,High Waist Flare Pants,,Musclemind activeleisure,48802789622009,S,8906189276279,1999.00,True,Available,33,https://musclemind.com/products/high-waist-flare-pants-1
https://musclemind.com,10180313940217,High Waist Flare Pants,,Musclemind activeleisure,48802789654777,M,8906189276286,1999.00,True,Available,45,https://musclemind.com/products/high-waist-flare-pants-1
https://musclemind.com,10180313940217,High Waist Flare Pants,,Musclemind activeleisure,48802789687545,L,8906189276293,1999.00,True,Available,56,https://musclemind.com/products/high-waist-flare-pants-1
https://musclemind.com,10180313940217,High Waist Flare Pants,,Musclemind activeleisure,48802789720313,XL,8906189276309,1999.00,True,Available,32,https://musclemind.com/products/high-waist-flare-pants-1
https://musclemind.com,10180313940217,High Waist Flare Pants,,Musclemind activeleisure,48803520020729,XXL,8906189276316,1999.00,True,Available,8,https://musclemind.com/products/high-waist-flare-pants-1
https://musclemind.com,10138366574841,Branded Tailored Tank,,Musclemind activeleisure,48694487711993,S,8906189276040,1299.00,True,Available,1,https://musclemind.com/products/branded-tailored-tank
https://musclemind.com,10138366574841,Branded Tailored Tank,,Musclemind activeleisure,48694487744761,M,8906189276057,1299.00,True,Available,8,https://musclemind.com/products/branded-tailored-tank
https://musclemind.com,10138366574841,Branded Tailored Tank,,Musclemind activeleisure,48694487777529,L,8906189276064,1299.00,True,Available,4,https://musclemind.com/products/branded-tailored-tank
https://musclemind.com,10138366574841,Branded Tailored Tank,,Musclemind activeleisure,48694487810297,XL,8906189276071,1299.00,True,Available,6,https://musclemind.com/products/branded-tailored-tank
https://musclemind.com,10137200820473,Branded Tailored Tee,,Musclemind activeleisure,48692124057849,S,8906189276002,1499.00,False,Sold Out,0,https://musclemind.com/products/branded-tailored-tee
https://musclemind.com,10137200820473,Branded Tailored Tee,,Musclemind activeleisure,48692124090617,M,8906189276019,1499.00,True,Available,6,https://musclemind.com/products/branded-tailored-tee
https://musclemind.com,10137200820473,Branded Tailored Tee,,Musclemind activeleisure,48692124123385,L,8906189276026,1499.00,True,Available,10,https://musclemind.com/products/branded-tailored-tee
https://musclemind.com,10137200820473,Branded Tailored Tee,,Musclemind activeleisure,48692124156153,XL,8906189276033,1499.00,True,Available,4,https://musclemind.com/products/branded-tailored-tee
https://musclemind.com,10071655383289,High Waist Flare Pants,,Musclemind activeleisure,48452821385465,XS,8906189275616,1999.00,True,Available,17,https://musclemind.com/products/high-waist-flare-pants-navy-blue
https://musclemind.com,10071655383289,High Waist Flare Pants,,Musclemind activeleisure,48452821418233,S,8906189275623,1999.00,True,Available,39,https://musclemind.com/products/high-waist-flare-pants-navy-blue
https://musclemind.com,10071655383289,High Waist Flare Pants,,Musclemind activeleisure,48452821451001,M,8906189275630,1999.00,True,Available,29,https://musclemind.com/products/high-waist-flare-pants-navy-blue
https://musclemind.com,10071655383289,High Waist Flare Pants,,Musclemind activeleisure,48452821483769,L,8906189275647,1999.00,True,Available,26,https://musclemind.com/products/high-waist-flare-pants-navy-blue
https://musclemind.com,10071655383289,High Waist Flare Pants,,Musclemind activeleisure,48452821516537,XL,8906189275654,1999.00,False,Sold Out,0,https://musclemind.com/products/high-waist-flare-pants-navy-blue
https://musclemind.com,10084230168825,Mens Sleeveless Seamless Compression T-shirt,,Musclemind activeleisure,48497483743481,S,8906189275685,1899.00,True,Available,4,https://musclemind.com/products/mens-sleeveless-seamless-compression-t-shirt-ivy-green
https://musclemind.com,10084230168825,Mens Sleeveless Seamless Compression T-shirt,,Musclemind activeleisure,48497182474489,M,8906189275692,1899.00,False,Sold Out,0,https://musclemind.com/products/mens-sleeveless-seamless-compression-t-shirt-ivy-green
https://musclemind.com,10084230168825,Mens Sleeveless Seamless Compression T-shirt,,Musclemind activeleisure,48497182507257,L,8906189275708,1899.00,True,Available,3,https://musclemind.com/products/mens-sleeveless-seamless-compression-t-shirt-ivy-green
https://musclemind.com,10084230168825,Mens Sleeveless Seamless Compression T-shirt,,Musclemind activeleisure,48497182540025,XL,8906189275715,1899.00,False,Sold Out,0,https://musclemind.com/products/mens-sleeveless-seamless-compression-t-shirt-ivy-green
https://musclemind.com,10014971134201,Core Training Ultralight T-shirt,T-shirt,Musclemind activeleisure,48283657502969,S,8906189275012,1799.00,True,Available,5,https://musclemind.com/products/core-training-ultralight-t-shirt-2
https://musclemind.com,10014971134201,Core Training Ultralight T-shirt,T-shirt,Musclemind activeleisure,48283752890617,M,8906189275029,1799.00,True,Available,13,https://musclemind.com/products/core-training-ultralight-t-shirt-2
https://musclemind.com,10014971134201,Core Training Ultralight T-shirt,T-shirt,Musclemind activeleisure,48283752923385,L,8906189275036,1799.00,True,Available,13,https://musclemind.com/products/core-training-ultralight-t-shirt-2
https://musclemind.com,10014971134201,Core Training Ultralight T-shirt,T-shirt,Musclemind activeleisure,48283752956153,XL,8906189275043,1799.00,True,Available,16,https://musclemind.com/products/core-training-ultralight-t-shirt-2
https://musclemind.com,10014971134201,Core Training Ultralight T-shirt,T-shirt,Musclemind activeleisure,48326274547961,XXL,8906189275050,1799.00,True,Available,8,https://musclemind.com/products/core-training-ultralight-t-shirt-2
https://musclemind.com,10014959468793,Core Training Ultralight T-shirt,T-shirt,Musclemind activeleisure,48283535376633,S,8906189274916,1799.00,True,Available,7,https://musclemind.com/products/core-training-ultralight-t-shirt-1
https://musclemind.com,10014959468793,Core Training Ultralight T-shirt,T-shirt,Musclemind activeleisure,48283586298105,M,8906189274923,1799.00,True,Available,10,https://musclemind.com/products/core-training-ultralight-t-shirt-1
https://musclemind.com,10014959468793,Core Training Ultralight T-shirt,T-shirt,Musclemind activeleisure,48283586330873,L,8906189274930,1799.00,True,Available,16,https://musclemind.com/products/core-training-ultralight-t-shirt-1
https://musclemind.com,10014959468793,Core Training Ultralight T-shirt,T-shirt,Musclemind activeleisure,48283586363641,XL,8906189274947,1799.00,True,Available,19,https://musclemind.com/products/core-training-ultralight-t-shirt-1
https://musclemind.com,10014959468793,Core Training Ultralight T-shirt,T-shirt,Musclemind activeleisure,48326271271161,XXL,8906189274954,1799.00,True,Available,8,https://musclemind.com/products/core-training-ultralight-t-shirt-1
https://musclemind.com,10014925816057,Core Training Ultralight T-shirt,T-shirt,Musclemind activeleisure,48283200979193,S,8906189274961,1799.00,True,Available,2,https://musclemind.com/products/core-training-ultralight-t-shirt
https://musclemind.com,10014925816057,Core Training Ultralight T-shirt,T-shirt,Musclemind activeleisure,48283263500537,M,8906189274978,1799.00,True,Available,10,https://musclemind.com/products/core-training-ultralight-t-shirt
https://musclemind.com,10014925816057,Core Training Ultralight T-shirt,T-shirt,Musclemind activeleisure,48283263533305,L,8906189274985,1799.00,True,Available,13,https://musclemind.com/products/core-training-ultralight-t-shirt
https://musclemind.com,10014925816057,Core Training Ultralight T-shirt,T-shirt,Musclemind activeleisure,48283263566073,XL,8906189274992,1799.00,True,Available,8,https://musclemind.com/products/core-training-ultralight-t-shirt
https://musclemind.com,10014925816057,Core Training Ultralight T-shirt,T-shirt,Musclemind activeleisure,48326273171705,XXL,8906189275005,1799.00,True,Available,4,https://musclemind.com/products/core-training-ultralight-t-shirt
https://musclemind.com,10014906482937,Essential Performance T-shirt,T-shirt,Musclemind activeleisure,48283080229113,S,8906189275463,1799.00,True,Available,7,https://musclemind.com/products/essential-performance-t-shirt-1
https://musclemind.com,10014906482937,Essential Performance T-shirt,T-shirt,Musclemind activeleisure,48283164901625,M,8906189275470,1799.00,True,Available,11,https://musclemind.com/products/essential-performance-t-shirt-1
https://musclemind.com,10014906482937,Essential Performance T-shirt,T-shirt,Musclemind activeleisure,48283164934393,L,8906189275487,1799.00,True,Available,8,https://musclemind.com/products/essential-performance-t-shirt-1
https://musclemind.com,10014906482937,Essential Performance T-shirt,T-shirt,Musclemind activeleisure,48283164967161,XL,8906189275494,1799.00,True,Available,14,https://musclemind.com/products/essential-performance-t-shirt-1
https://musclemind.com,10014906482937,Essential Performance T-shirt,T-shirt,Musclemind activeleisure,48326276743417,XXL,8906189275500,1799.00,False,Sold Out,0,https://musclemind.com/products/essential-performance-t-shirt-1
https://musclemind.com,10014884135161,Essential Performance T-shirt,T-shirt,Musclemind activeleisure,48282911015161,S,8906189275517,1799.00,True,Available,1,https://musclemind.com/products/essential-performance-t-shirt
https://musclemind.com,10014884135161,Essential Performance T-shirt,T-shirt,Musclemind activeleisure,48282969243897,M,8906189275524,1799.00,True,Available,11,https://musclemind.com/products/essential-performance-t-shirt
https://musclemind.com,10014884135161,Essential Performance T-shirt,T-shirt,Musclemind activeleisure,48282969276665,L,8906189275531,1799.00,True,Available,6,https://musclemind.com/products/essential-performance-t-shirt
https://musclemind.com,10014884135161,Essential Performance T-shirt,T-shirt,Musclemind activeleisure,48282969309433,XL,8906189275548,1799.00,True,Available,10,https://musclemind.com/products/essential-performance-t-shirt
https://musclemind.com,10014884135161,Essential Performance T-shirt,T-shirt,Musclemind activeleisure,48326277071097,XXL,8906189275555,1799.00,False,Sold Out,0,https://musclemind.com/products/essential-performance-t-shirt
https://musclemind.com,10014868439289,Core Motion Training T-shirt,T-shirt,Musclemind activeleisure,48282798129401,S,8906189275166,1599.00,False,Sold Out,0,https://musclemind.com/products/core-motion-training-t-shirt-2
https://musclemind.com,10014868439289,Core Motion Training T-shirt,T-shirt,Musclemind activeleisure,48282851836153,M,8906189275173,1599.00,True,Available,4,https://musclemind.com/products/core-motion-training-t-shirt-2
https://musclemind.com,10014868439289,Core Motion Training T-shirt,T-shirt,Musclemind activeleisure,48282851868921,L,8906189275180,1599.00,True,Available,5,https://musclemind.com/products/core-motion-training-t-shirt-2
https://musclemind.com,10014868439289,Core Motion Training T-shirt,T-shirt,Musclemind activeleisure,48282851901689,XL,8906189275197,1599.00,True,Available,6,https://musclemind.com/products/core-motion-training-t-shirt-2
https://musclemind.com,10014868439289,Core Motion Training T-shirt,T-shirt,Musclemind activeleisure,48326277431545,XXL,8906189275203,1599.00,False,Sold Out,0,https://musclemind.com/products/core-motion-training-t-shirt-2
https://musclemind.com,10014854480121,Core Motion Training T-shirt,T-shirt,Musclemind activeleisure,48282704314617,S,8906189275111,1599.00,True,Available,5,https://musclemind.com/products/core-motion-training-t-shirt-1
https://musclemind.com,10014854480121,Core Motion Training T-shirt,T-shirt,Musclemind activeleisure,48282731151609,M,8906189275128,1599.00,True,Available,14,https://musclemind.com/products/core-motion-training-t-shirt-1
https://musclemind.com,10014854480121,Core Motion Training T-shirt,T-shirt,Musclemind activeleisure,48282731184377,L,8906189275135,1599.00,True,Available,16,https://musclemind.com/products/core-motion-training-t-shirt-1
https://musclemind.com,10014854480121,Core Motion Training T-shirt,T-shirt,Musclemind activeleisure,48282731217145,XL,8906189275142,1599.00,True,Available,13,https://musclemind.com/products/core-motion-training-t-shirt-1
https://musclemind.com,10014854480121,Core Motion Training T-shirt,T-shirt,Musclemind activeleisure,48326277923065,XXL,8906189275159,1599.00,True,Available,2,https://musclemind.com/products/core-motion-training-t-shirt-1
https://musclemind.com,10014816076025,Core Motion Training T-shirt,T-shirt,Musclemind activeleisure,48282415857913,S,8906189275067,1599.00,True,Available,2,https://musclemind.com/products/core-motion-training-t-shirt
https://musclemind.com,10014816076025,Core Motion Training T-shirt,T-shirt,Musclemind activeleisure,48282415890681,M,8906189275074,1599.00,True,Available,15,https://musclemind.com/products/core-motion-training-t-shirt
https://musclemind.com,10014816076025,Core Motion Training T-shirt,T-shirt,Musclemind activeleisure,48282415923449,L,8906189275081,1599.00,True,Available,13,https://musclemind.com/products/core-motion-training-t-shirt
https://musclemind.com,10014816076025,Core Motion Training T-shirt,T-shirt,Musclemind activeleisure,48282415956217,XL,8906189275098,1599.00,True,Available,11,https://musclemind.com/products/core-motion-training-t-shirt
https://musclemind.com,10014816076025,Core Motion Training T-shirt,T-shirt,Musclemind activeleisure,48326278512889,XXL,8906189275104,1599.00,True,Available,2,https://musclemind.com/products/core-motion-training-t-shirt
https://musclemind.com,10014781636857,Work to Workout Pants,Trousers,Musclemind activeleisure,48282095255801,S,8906189275319,3199.00,False,Sold Out,0,https://musclemind.com/products/work-to-workout-pants
https://musclemind.com,10014781636857,Work to Workout Pants,Trousers,Musclemind activeleisure,48282172031225,M,8906189275326,3199.00,False,Sold Out,0,https://musclemind.com/products/work-to-workout-pants
https://musclemind.com,10014781636857,Work to Workout Pants,Trousers,Musclemind activeleisure,48282172063993,L,8906189275333,3199.00,True,Available,4,https://musclemind.com/products/work-to-workout-pants
https://musclemind.com,10014781636857,Work to Workout Pants,Trousers,Musclemind activeleisure,48282172096761,XL,8906189275340,3199.00,True,Available,5,https://musclemind.com/products/work-to-workout-pants
https://musclemind.com,10014781636857,Work to Workout Pants,Trousers,Musclemind activeleisure,48282172129529,XXL,8906189275357,3199.00,True,Available,1,https://musclemind.com/products/work-to-workout-pants
https://musclemind.com,10013910630649,Breathable Mesh Training Pants,Training Pants,Musclemind activeleisure,48281767575801,S,8906189275210,2499.00,False,Sold Out,0,https://musclemind.com/products/breathable-mesh-training-pants
https://musclemind.com,10013910630649,Breathable Mesh Training Pants,Training Pants,Musclemind activeleisure,48284747268345,M,8906189275227,2499.00,True,Available,16,https://musclemind.com/products/breathable-mesh-training-pants
https://musclemind.com,10013910630649,Breathable Mesh Training Pants,Training Pants,Musclemind activeleisure,48284747333881,L,8906189275241,2499.00,True,Available,16,https://musclemind.com/products/breathable-mesh-training-pants
https://musclemind.com,10013910630649,Breathable Mesh Training Pants,Training Pants,Musclemind activeleisure,48284747301113,XL,8906189275234,2499.00,True,Available,16,https://musclemind.com/products/breathable-mesh-training-pants
https://musclemind.com,10013910630649,Breathable Mesh Training Pants,Training Pants,Musclemind activeleisure,48284747366649,XXL,8906189275258,2499.00,True,Available,5,https://musclemind.com/products/breathable-mesh-training-pants
https://musclemind.com,10014760501497,Breathable Mesh Training Pants,Training Pants,Musclemind activeleisure,48281913065721,S,8906189275265,2499.00,True,Available,4,https://musclemind.com/products/breathable-mesh-training-pants-1
https://musclemind.com,10014760501497,Breathable Mesh Training Pants,Training Pants,Musclemind activeleisure,48281975718137,M,8906189275272,2499.00,True,Available,10,https://musclemind.com/products/breathable-mesh-training-pants-1
https://musclemind.com,10014760501497,Breathable Mesh Training Pants,Training Pants,Musclemind activeleisure,48281975750905,L,8906189275289,2499.00,True,Available,10,https://musclemind.com/products/breathable-mesh-training-pants-1
https://musclemind.com,10014760501497,Breathable Mesh Training Pants,Training Pants,Musclemind activeleisure,48281975783673,XL,8906189275296,2499.00,True,Available,17,https://musclemind.com/products/breathable-mesh-training-pants-1
https://musclemind.com,10014760501497,Breathable Mesh Training Pants,Training Pants,Musclemind activeleisure,48281975816441,XXL,8906189275302,2499.00,True,Available,8,https://musclemind.com/products/breathable-mesh-training-pants-1
https://musclemind.com,9029744591097,Ugly Christmas Sweater,Women Sweater,Musclemind activeleisure,47042877849849,XS,8906189271687,5299.00,True,Available,13,https://musclemind.com/products/ugly-christmas-sweater-unisex-red
https://musclemind.com,9029744591097,Ugly Christmas Sweater,Women Sweater,Musclemind activeleisure,47042877882617,S,8906189271694,5299.00,True,Available,10,https://musclemind.com/products/ugly-christmas-sweater-unisex-red
https://musclemind.com,9029744591097,Ugly Christmas Sweater,Women Sweater,Musclemind activeleisure,47042877915385,M,8906189271700,5299.00,True,Available,15,https://musclemind.com/products/ugly-christmas-sweater-unisex-red
https://musclemind.com,9029744591097,Ugly Christmas Sweater,Women Sweater,Musclemind activeleisure,47042877948153,L,8906189271717,5299.00,True,Available,8,https://musclemind.com/products/ugly-christmas-sweater-unisex-red
https://musclemind.com,9029744591097,Ugly Christmas Sweater,Women Sweater,Musclemind activeleisure,47042877980921,XL,8906189271724,5299.00,True,Available,3,https://musclemind.com/products/ugly-christmas-sweater-unisex-red
https://musclemind.com,9049875972345,Cozy Go Trackpants,,Musclemind activeleisure,47095387390201,XS,8906189274657,3599.00,True,Available,20,https://musclemind.com/products/cozy-wide-leg-trackpants-black
https://musclemind.com,9049875972345,Cozy Go Trackpants,,Musclemind activeleisure,47095391584505,S,8906189274664,3599.00,True,Available,31,https://musclemind.com/products/cozy-wide-leg-trackpants-black
https://musclemind.com,9049875972345,Cozy Go Trackpants,,Musclemind activeleisure,47095391617273,M,8906189274671,3599.00,True,Available,25,https://musclemind.com/products/cozy-wide-leg-trackpants-black
https://musclemind.com,9049875972345,Cozy Go Trackpants,,Musclemind activeleisure,47095391650041,L,8906189274688,3599.00,True,Available,26,https://musclemind.com/products/cozy-wide-leg-trackpants-black
https://musclemind.com,9049875972345,Cozy Go Trackpants,,Musclemind activeleisure,47095391682809,XL,8906189274695,3599.00,True,Available,13,https://musclemind.com/products/cozy-wide-leg-trackpants-black
https://musclemind.com,9029739872505,Ugly Christmas Sweater,Men Sweater,Musclemind activeleisure,47042867855609,S,8906189271755,5299.00,True,Available,9,https://musclemind.com/products/ugly-christmas-sweater-unisex-blue
https://musclemind.com,9029739872505,Ugly Christmas Sweater,Men Sweater,Musclemind activeleisure,47042867888377,M,8906189271762,5299.00,True,Available,11,https://musclemind.com/products/ugly-christmas-sweater-unisex-blue
https://musclemind.com,9029739872505,Ugly Christmas Sweater,Men Sweater,Musclemind activeleisure,47042867921145,L,8906189271779,5299.00,True,Available,16,https://musclemind.com/products/ugly-christmas-sweater-unisex-blue
https://musclemind.com,9029739872505,Ugly Christmas Sweater,Men Sweater,Musclemind activeleisure,47042867953913,XL,8906189271786,5299.00,True,Available,7,https://musclemind.com/products/ugly-christmas-sweater-unisex-blue
https://musclemind.com,9029739872505,Ugly Christmas Sweater,Men Sweater,Musclemind activeleisure,47042867986681,XXL,8906189271793,5299.00,True,Available,2,https://musclemind.com/products/ugly-christmas-sweater-unisex-blue
https://musclemind.com,9049875415289,Cozy Go Trackpants,,Musclemind activeleisure,47095384506617,XS,8906189274701,3599.00,True,Available,20,https://musclemind.com/products/cozy-wide-leg-trackpants-brown
https://musclemind.com,9049875415289,Cozy Go Trackpants,,Musclemind activeleisure,47095384539385,S,8906189274718,3599.00,True,Available,11,https://musclemind.com/products/cozy-wide-leg-trackpants-brown
https://musclemind.com,9049875415289,Cozy Go Trackpants,,Musclemind activeleisure,47095384572153,M,8906189274725,3599.00,True,Available,28,https://musclemind.com/products/cozy-wide-leg-trackpants-brown
https://musclemind.com,9049875415289,Cozy Go Trackpants,,Musclemind activeleisure,47095384604921,L,8906189274732,3599.00,True,Available,39,https://musclemind.com/products/cozy-wide-leg-trackpants-brown
https://musclemind.com,9049875415289,Cozy Go Trackpants,,Musclemind activeleisure,47095384637689,XL,8906189274749,3599.00,True,Available,14,https://musclemind.com/products/cozy-wide-leg-trackpants-brown
https://musclemind.com,9049872367865,Cozy Go Quarter Zip Sweatshirt,,Musclemind activeleisure,47095373857017,XS,8906189274558,2599.00,True,Available,23,https://musclemind.com/products/cozy-go-quarter-zip-sweatshirt-black
https://musclemind.com,9049872367865,Cozy Go Quarter Zip Sweatshirt,,Musclemind activeleisure,47095567810809,S,8906189274565,2599.00,True,Available,28,https://musclemind.com/products/cozy-go-quarter-zip-sweatshirt-black
https://musclemind.com,9049872367865,Cozy Go Quarter Zip Sweatshirt,,Musclemind activeleisure,47095567843577,M,8906189274572,2599.00,True,Available,28,https://musclemind.com/products/cozy-go-quarter-zip-sweatshirt-black
https://musclemind.com,9049872367865,Cozy Go Quarter Zip Sweatshirt,,Musclemind activeleisure,47095567876345,L,8906189274589,2599.00,True,Available,26,https://musclemind.com/products/cozy-go-quarter-zip-sweatshirt-black
https://musclemind.com,9049872367865,Cozy Go Quarter Zip Sweatshirt,,Musclemind activeleisure,47095567909113,XL,8906189274596,2599.00,True,Available,18,https://musclemind.com/products/cozy-go-quarter-zip-sweatshirt-black
https://musclemind.com,9049836060921,Urban Carry-On Cargo Pants,,Musclemind activeleisure,47095025172729,S,8906189274756,3699.00,True,Available,16,https://musclemind.com/products/urban-carry-on-cargopants-brown
https://musclemind.com,9049836060921,Urban Carry-On Cargo Pants,,Musclemind activeleisure,47095031726329,M,8906189274763,3699.00,True,Available,28,https://musclemind.com/products/urban-carry-on-cargopants-brown
https://musclemind.com,9049836060921,Urban Carry-On Cargo Pants,,Musclemind activeleisure,47095031759097,L,8906189274770,3699.00,True,Available,24,https://musclemind.com/products/urban-carry-on-cargopants-brown
https://musclemind.com,9049836060921,Urban Carry-On Cargo Pants,,Musclemind activeleisure,47095031791865,XL,8906189274787,3699.00,True,Available,25,https://musclemind.com/products/urban-carry-on-cargopants-brown
https://musclemind.com,9049836060921,Urban Carry-On Cargo Pants,,Musclemind activeleisure,47095031824633,XXL,8906189274794,3699.00,True,Available,21,https://musclemind.com/products/urban-carry-on-cargopants-brown
https://musclemind.com,9049845825785,Cozy Go Quarter Zip Sweatshirt,,Musclemind activeleisure,47095086153977,XS,8906189274602,2599.00,True,Available,23,https://musclemind.com/products/cozy-go-quarter-zip-sweatshirt-brown
https://musclemind.com,9049845825785,Cozy Go Quarter Zip Sweatshirt,,Musclemind activeleisure,47095086186745,S,8906189274619,2599.00,True,Available,28,https://musclemind.com/products/cozy-go-quarter-zip-sweatshirt-brown
https://musclemind.com,9049845825785,Cozy Go Quarter Zip Sweatshirt,,Musclemind activeleisure,47095086219513,M,8906189274626,2599.00,True,Available,29,https://musclemind.com/products/cozy-go-quarter-zip-sweatshirt-brown
https://musclemind.com,9049845825785,Cozy Go Quarter Zip Sweatshirt,,Musclemind activeleisure,47095086252281,L,8906189274633,2599.00,True,Available,26,https://musclemind.com/products/cozy-go-quarter-zip-sweatshirt-brown
https://musclemind.com,9049845825785,Cozy Go Quarter Zip Sweatshirt,,Musclemind activeleisure,47095086285049,XL,8906189274640,2599.00,True,Available,9,https://musclemind.com/products/cozy-go-quarter-zip-sweatshirt-brown
https://musclemind.com,9048436375801,Urban Carry-On Cargo Pants,,Musclemind activeleisure,47091684475129,S,8906189274800,3699.00,True,Available,11,https://musclemind.com/products/urban-carry-on-cargopants-black
https://musclemind.com,9048436375801,Urban Carry-On Cargo Pants,,Musclemind activeleisure,47091684507897,M,8906189274817,3699.00,True,Available,20,https://musclemind.com/products/urban-carry-on-cargopants-black
https://musclemind.com,9048436375801,Urban Carry-On Cargo Pants,,Musclemind activeleisure,47091684573433,L,8906189274824,3699.00,True,Available,23,https://musclemind.com/products/urban-carry-on-cargopants-black
https://musclemind.com,9048436375801,Urban Carry-On Cargo Pants,,Musclemind activeleisure,47091684540665,XL,8906189274831,3699.00,True,Available,26,https://musclemind.com/products/urban-carry-on-cargopants-black
https://musclemind.com,9048436375801,Urban Carry-On Cargo Pants,,Musclemind activeleisure,47091684606201,XXL,8906189274848,3699.00,True,Available,16,https://musclemind.com/products/urban-carry-on-cargopants-black
https://musclemind.com,8594341495033,Cloud Ease Oversized Cropped Hoodie,Women Hoodie,Musclemind activeleisure,46882713272569,XS,8906189271632,1299.00,True,Available,15,https://musclemind.com/products/cloud-ease-oversized-cropped-hoodie-brown
https://musclemind.com,8594341495033,Cloud Ease Oversized Cropped Hoodie,Women Hoodie,Musclemind activeleisure,46882713305337,S,8906189271649,1299.00,True,Available,25,https://musclemind.com/products/cloud-ease-oversized-cropped-hoodie-brown
https://musclemind.com,8594341495033,Cloud Ease Oversized Cropped Hoodie,Women Hoodie,Musclemind activeleisure,46882713338105,M,8906189271656,1299.00,True,Available,18,https://musclemind.com/products/cloud-ease-oversized-cropped-hoodie-brown
https://musclemind.com,8594341495033,Cloud Ease Oversized Cropped Hoodie,Women Hoodie,Musclemind activeleisure,46882713370873,L,8906189271663,1299.00,True,Available,23,https://musclemind.com/products/cloud-ease-oversized-cropped-hoodie-brown
https://musclemind.com,8594341495033,Cloud Ease Oversized Cropped Hoodie,Women Hoodie,Musclemind activeleisure,46882713403641,XL,8906189271670,1299.00,True,Available,18,https://musclemind.com/products/cloud-ease-oversized-cropped-hoodie-brown
https://musclemind.com,9048268210425,Urban Quarter Zip Sweatshirt,,Musclemind activeleisure,47091501629689,S,8906189274503,2599.00,True,Available,10,https://musclemind.com/products/urban-quarter-zip-sweatshirt-brown
https://musclemind.com,9048268210425,Urban Quarter Zip Sweatshirt,,Musclemind activeleisure,47091509002489,M,8906189274510,2599.00,True,Available,11,https://musclemind.com/products/urban-quarter-zip-sweatshirt-brown
https://musclemind.com,9048268210425,Urban Quarter Zip Sweatshirt,,Musclemind activeleisure,47091509035257,L,8906189274527,2599.00,True,Available,20,https://musclemind.com/products/urban-quarter-zip-sweatshirt-brown
https://musclemind.com,9048268210425,Urban Quarter Zip Sweatshirt,,Musclemind activeleisure,47091509068025,XL,8906189274534,2599.00,True,Available,19,https://musclemind.com/products/urban-quarter-zip-sweatshirt-brown
https://musclemind.com,9048268210425,Urban Quarter Zip Sweatshirt,,Musclemind activeleisure,47091509100793,XXL,8906189274541,2599.00,True,Available,9,https://musclemind.com/products/urban-quarter-zip-sweatshirt-brown
https://musclemind.com,8594341757177,Mens Cloud Ease Oversized Hoodie,Men Hoodie,Musclemind activeleisure,46882712944889,S,8906189270932,1299.00,True,Available,38,https://musclemind.com/products/mens-cloud-ease-oversized-hoodie-desert-dune
https://musclemind.com,8594341757177,Mens Cloud Ease Oversized Hoodie,Men Hoodie,Musclemind activeleisure,46882712977657,M,8906189270949,1299.00,True,Available,12,https://musclemind.com/products/mens-cloud-ease-oversized-hoodie-desert-dune
https://musclemind.com,8594341757177,Mens Cloud Ease Oversized Hoodie,Men Hoodie,Musclemind activeleisure,46882713010425,L,8906189270956,1299.00,True,Available,21,https://musclemind.com/products/mens-cloud-ease-oversized-hoodie-desert-dune
https://musclemind.com,8594341757177,Mens Cloud Ease Oversized Hoodie,Men Hoodie,Musclemind activeleisure,46882713043193,XL,8906189270963,1299.00,True,Available,6,https://musclemind.com/products/mens-cloud-ease-oversized-hoodie-desert-dune
https://musclemind.com,8594341757177,Mens Cloud Ease Oversized Hoodie,Men Hoodie,Musclemind activeleisure,46882713075961,XXL,8906189270970,1299.00,False,Sold Out,0,https://musclemind.com/products/mens-cloud-ease-oversized-hoodie-desert-dune
https://musclemind.com,9046841196793,Urban Quarter Zip Sweatshirt,,Musclemind activeleisure,47086965424377,S,8906189274459,2599.00,True,Available,1,https://musclemind.com/products/urban-quarter-zip-sweatshirt
https://musclemind.com,9046841196793,Urban Quarter Zip Sweatshirt,,Musclemind activeleisure,47086965457145,M,8906189274466,2599.00,True,Available,1,https://musclemind.com/products/urban-quarter-zip-sweatshirt
https://musclemind.com,9046841196793,Urban Quarter Zip Sweatshirt,,Musclemind activeleisure,47086965522681,L,8906189274473,2599.00,True,Available,7,https://musclemind.com/products/urban-quarter-zip-sweatshirt
https://musclemind.com,9046841196793,Urban Quarter Zip Sweatshirt,,Musclemind activeleisure,47086965489913,XL,8906189274480,2599.00,True,Available,7,https://musclemind.com/products/urban-quarter-zip-sweatshirt
https://musclemind.com,9046841196793,Urban Quarter Zip Sweatshirt,,Musclemind activeleisure,47086965555449,XXL,8906189274497,2599.00,True,Available,1,https://musclemind.com/products/urban-quarter-zip-sweatshirt
https://musclemind.com,8594341593337,Mens Cloud Ease Oversized Hoodie,Men Hoodie,Musclemind activeleisure,45669675794681,S,8906189270888,1299.00,True,Available,31,https://musclemind.com/products/mens-cloud-ease-oversized-hoodie-shadow-black
https://musclemind.com,8594341593337,Mens Cloud Ease Oversized Hoodie,Men Hoodie,Musclemind activeleisure,45669675827449,M,8906189270895,1299.00,True,Available,8,https://musclemind.com/products/mens-cloud-ease-oversized-hoodie-shadow-black
https://musclemind.com,8594341593337,Mens Cloud Ease Oversized Hoodie,Men Hoodie,Musclemind activeleisure,45669675860217,L,8906189270901,1299.00,True,Available,5,https://musclemind.com/products/mens-cloud-ease-oversized-hoodie-shadow-black
https://musclemind.com,8594341593337,Mens Cloud Ease Oversized Hoodie,Men Hoodie,Musclemind activeleisure,45669675892985,XL,8906189270918,1299.00,True,Available,12,https://musclemind.com/products/mens-cloud-ease-oversized-hoodie-shadow-black
https://musclemind.com,8594341593337,Mens Cloud Ease Oversized Hoodie,Men Hoodie,Musclemind activeleisure,45712567238905,XXL,8906189270925,1299.00,False,Sold Out,0,https://musclemind.com/products/mens-cloud-ease-oversized-hoodie-shadow-black
https://musclemind.com,8593906598137,Cloud Ease Cropped Hoodie,Women Hoodie,Musclemind activeleisure,45668252811513,XS,8906189271588,1299.00,True,Available,18,https://musclemind.com/products/cloud-eased-cropped-hoodie-black
https://musclemind.com,8593906598137,Cloud Ease Cropped Hoodie,Women Hoodie,Musclemind activeleisure,45668252844281,S,8906189271595,1299.00,True,Available,22,https://musclemind.com/products/cloud-eased-cropped-hoodie-black
https://musclemind.com,8593906598137,Cloud Ease Cropped Hoodie,Women Hoodie,Musclemind activeleisure,45668252877049,M,8906189271601,1299.00,True,Available,19,https://musclemind.com/products/cloud-eased-cropped-hoodie-black
https://musclemind.com,8593906598137,Cloud Ease Cropped Hoodie,Women Hoodie,Musclemind activeleisure,45668252909817,L,8906189271618,1299.00,True,Available,23,https://musclemind.com/products/cloud-eased-cropped-hoodie-black
https://musclemind.com,8593906598137,Cloud Ease Cropped Hoodie,Women Hoodie,Musclemind activeleisure,45668252942585,XL,8906189271625,1299.00,True,Available,19,https://musclemind.com/products/cloud-eased-cropped-hoodie-black
https://musclemind.com,8921245548793,Womens Seamless Slim fit T-shirt,,Musclemind activeleisure,46882702655737,XS,8906189274404,999.00,True,Available,32,https://musclemind.com/products/womens-seamless-slim-fit-t-shirt-purple
https://musclemind.com,8921245548793,Womens Seamless Slim fit T-shirt,,Musclemind activeleisure,46882702688505,S,8906189274411,999.00,True,Available,103,https://musclemind.com/products/womens-seamless-slim-fit-t-shirt-purple
https://musclemind.com,8921245548793,Womens Seamless Slim fit T-shirt,,Musclemind activeleisure,46882702721273,M,8906189274428,999.00,True,Available,103,https://musclemind.com/products/womens-seamless-slim-fit-t-shirt-purple
https://musclemind.com,8921245548793,Womens Seamless Slim fit T-shirt,,Musclemind activeleisure,46882702754041,L,8906189274435,999.00,True,Available,80,https://musclemind.com/products/womens-seamless-slim-fit-t-shirt-purple
https://musclemind.com,8921245548793,Womens Seamless Slim fit T-shirt,,Musclemind activeleisure,46882702786809,XL,8906189274442,999.00,True,Available,7,https://musclemind.com/products/womens-seamless-slim-fit-t-shirt-purple
https://musclemind.com,8921245319417,Womens Seamless Slim fit T-shirt,,Musclemind activeleisure,46882702819577,XS,8906189274350,999.00,True,Available,35,https://musclemind.com/products/womens-seamless-slim-fit-t-shirt-teal
https://musclemind.com,8921245319417,Womens Seamless Slim fit T-shirt,,Musclemind activeleisure,46882702852345,S,8906189274367,999.00,True,Available,107,https://musclemind.com/products/womens-seamless-slim-fit-t-shirt-teal
https://musclemind.com,8921245319417,Womens Seamless Slim fit T-shirt,,Musclemind activeleisure,46882702885113,M,8906189274374,999.00,True,Available,94,https://musclemind.com/products/womens-seamless-slim-fit-t-shirt-teal
https://musclemind.com,8921245319417,Womens Seamless Slim fit T-shirt,,Musclemind activeleisure,46882702917881,L,8906189274381,999.00,True,Available,82,https://musclemind.com/products/womens-seamless-slim-fit-t-shirt-teal
https://musclemind.com,8921245319417,Womens Seamless Slim fit T-shirt,,Musclemind activeleisure,46882702950649,XL,8906189274398,999.00,True,Available,9,https://musclemind.com/products/womens-seamless-slim-fit-t-shirt-teal
https://musclemind.com,8921214877945,Womens Seamless Slim fit T-shirt,,Musclemind activeleisure,46882702983417,XS,8906189274305,999.00,True,Available,29,https://musclemind.com/products/womens-seamless-slim-fit-t-shirt-black
https://musclemind.com,8921214877945,Womens Seamless Slim fit T-shirt,,Musclemind activeleisure,46882703016185,S,8906189274312,999.00,True,Available,102,https://musclemind.com/products/womens-seamless-slim-fit-t-shirt-black
https://musclemind.com,8921214877945,Womens Seamless Slim fit T-shirt,,Musclemind activeleisure,46882703048953,M,8906189274329,999.00,True,Available,96,https://musclemind.com/products/womens-seamless-slim-fit-t-shirt-black
https://musclemind.com,8921214877945,Womens Seamless Slim fit T-shirt,,Musclemind activeleisure,46882703081721,L,8906189274336,999.00,True,Available,72,https://musclemind.com/products/womens-seamless-slim-fit-t-shirt-black
https://musclemind.com,8921214877945,Womens Seamless Slim fit T-shirt,,Musclemind activeleisure,46882703114489,XL,8906189274343,999.00,True,Available,5,https://musclemind.com/products/womens-seamless-slim-fit-t-shirt-black
https://musclemind.com,8921253052665,Womens Seamless Leggings,,Musclemind activeleisure,46882702328057,XS,8906189273902,999.00,True,Available,33,https://musclemind.com/products/womens-seamless-leggings-teal
https://musclemind.com,8921253052665,Womens Seamless Leggings,,Musclemind activeleisure,46882702360825,S,8906189273919,999.00,True,Available,104,https://musclemind.com/products/womens-seamless-leggings-teal
https://musclemind.com,8921253052665,Womens Seamless Leggings,,Musclemind activeleisure,46882702393593,M,8906189273926,999.00,True,Available,98,https://musclemind.com/products/womens-seamless-leggings-teal
https://musclemind.com,8921253052665,Womens Seamless Leggings,,Musclemind activeleisure,46882702426361,L,8906189273933,999.00,True,Available,75,https://musclemind.com/products/womens-seamless-leggings-teal
https://musclemind.com,8921253052665,Womens Seamless Leggings,,Musclemind activeleisure,46882702459129,XL,8906189273940,999.00,True,Available,7,https://musclemind.com/products/womens-seamless-leggings-teal
https://musclemind.com,8921254199545,Womens Seamless Leggings,,Musclemind activeleisure,46882702131449,XS,8906189273957,999.00,True,Available,32,https://musclemind.com/products/womens-seamless-leggings-purple
https://musclemind.com,8921254199545,Womens Seamless Leggings,,Musclemind activeleisure,46882702164217,S,8906189273964,999.00,True,Available,100,https://musclemind.com/products/womens-seamless-leggings-purple
https://musclemind.com,8921254199545,Womens Seamless Leggings,,Musclemind activeleisure,46882702196985,M,8906189273971,999.00,True,Available,99,https://musclemind.com/products/womens-seamless-leggings-purple
https://musclemind.com,8921254199545,Womens Seamless Leggings,,Musclemind activeleisure,46882702229753,L,8906189273988,999.00,True,Available,75,https://musclemind.com/products/womens-seamless-leggings-purple
https://musclemind.com,8921254199545,Womens Seamless Leggings,,Musclemind activeleisure,46882702262521,XL,8906189273995,999.00,True,Available,7,https://musclemind.com/products/womens-seamless-leggings-purple
https://musclemind.com,8921248891129,Womens Seamless Leggings,,Musclemind activeleisure,46882702491897,XS,8906189273858,999.00,True,Available,12,https://musclemind.com/products/womens-seamless-leggings-black
https://musclemind.com,8921248891129,Womens Seamless Leggings,,Musclemind activeleisure,46882702524665,S,8906189273865,999.00,True,Available,48,https://musclemind.com/products/womens-seamless-leggings-black
https://musclemind.com,8921248891129,Womens Seamless Leggings,,Musclemind activeleisure,46882702557433,M,8906189273872,999.00,True,Available,33,https://musclemind.com/products/womens-seamless-leggings-black
https://musclemind.com,8921248891129,Womens Seamless Leggings,,Musclemind activeleisure,46882702590201,L,8906189273889,999.00,True,Available,24,https://musclemind.com/products/womens-seamless-leggings-black
https://musclemind.com,8921248891129,Womens Seamless Leggings,,Musclemind activeleisure,46882702622969,XL,8906189273896,999.00,False,Sold Out,0,https://musclemind.com/products/womens-seamless-leggings-black
https://musclemind.com,8921212551417,Womens Biker Shorts,,Musclemind activeleisure,46882703311097,XS,8906189273759,999.00,True,Available,5,https://musclemind.com/products/womens-biker-shorts-teal
https://musclemind.com,8921212551417,Womens Biker Shorts,,Musclemind activeleisure,46882703343865,S,8906189273766,999.00,True,Available,2,https://musclemind.com/products/womens-biker-shorts-teal
https://musclemind.com,8921212551417,Womens Biker Shorts,,Musclemind activeleisure,46882703376633,M,8906189273773,999.00,True,Available,20,https://musclemind.com/products/womens-biker-shorts-teal
https://musclemind.com,8921212551417,Womens Biker Shorts,,Musclemind activeleisure,46882703409401,L,8906189273780,999.00,True,Available,23,https://musclemind.com/products/womens-biker-shorts-teal
https://musclemind.com,8921212551417,Womens Biker Shorts,,Musclemind activeleisure,46882703442169,XL,8906189273797,999.00,True,Available,2,https://musclemind.com/products/womens-biker-shorts-teal
https://musclemind.com,8921213141241,Womens Biker Shorts,,Musclemind activeleisure,46882703147257,XS,8906189273803,999.00,True,Available,3,https://musclemind.com/products/womens-biker-shorts-pink
https://musclemind.com,8921213141241,Womens Biker Shorts,,Musclemind activeleisure,46882703180025,S,8906189273810,999.00,True,Available,1,https://musclemind.com/products/womens-biker-shorts-pink
https://musclemind.com,8921213141241,Womens Biker Shorts,,Musclemind activeleisure,46882703212793,M,8906189273827,999.00,True,Available,12,https://musclemind.com/products/womens-biker-shorts-pink
https://musclemind.com,8921213141241,Womens Biker Shorts,,Musclemind activeleisure,46882703245561,L,8906189273834,999.00,True,Available,21,https://musclemind.com/products/womens-biker-shorts-pink
https://musclemind.com,8921213141241,Womens Biker Shorts,,Musclemind activeleisure,46882703278329,XL,8906189273841,999.00,True,Available,7,https://musclemind.com/products/womens-biker-shorts-pink
https://musclemind.com,8921210618105,Womens Biker Shorts,,Musclemind activeleisure,46882703474937,XS,8906189273704,999.00,False,Sold Out,0,https://musclemind.com/products/womens-biker-shorts-black
https://musclemind.com,8921210618105,Womens Biker Shorts,,Musclemind activeleisure,46882703507705,S,8906189273711,999.00,False,Sold Out,0,https://musclemind.com/products/womens-biker-shorts-black
https://musclemind.com,8921210618105,Womens Biker Shorts,,Musclemind activeleisure,46882703540473,M,8906189273728,999.00,True,Available,7,https://musclemind.com/products/womens-biker-shorts-black
https://musclemind.com,8921210618105,Womens Biker Shorts,,Musclemind activeleisure,46882703573241,L,8906189273735,999.00,True,Available,18,https://musclemind.com/products/womens-biker-shorts-black
https://musclemind.com,8921210618105,Womens Biker Shorts,,Musclemind activeleisure,46882703606009,XL,8906189273742,999.00,False,Sold Out,0,https://musclemind.com/products/womens-biker-shorts-black
https://musclemind.com,8918308487417,Womens Tank Top,,Musclemind activeleisure,46882703638777,XS,8906189274107,999.00,True,Available,1,https://musclemind.com/products/womens-tank-pink
https://musclemind.com,8918308487417,Womens Tank Top,,Musclemind activeleisure,46882703671545,S,8906189274114,999.00,False,Sold Out,0,https://musclemind.com/products/womens-tank-pink
https://musclemind.com,8918308487417,Womens Tank Top,,Musclemind activeleisure,46882703704313,M,8906189274121,999.00,True,Available,20,https://musclemind.com/products/womens-tank-pink
https://musclemind.com,8918308487417,Womens Tank Top,,Musclemind activeleisure,46882703737081,L,8906189274138,999.00,True,Available,26,https://musclemind.com/products/womens-tank-pink
https://musclemind.com,8918308487417,Womens Tank Top,,Musclemind activeleisure,46882703769849,XL,8906189274145,999.00,True,Available,1,https://musclemind.com/products/womens-tank-pink
https://musclemind.com,8918256124153,Womens Tank Top,,Musclemind activeleisure,46882703966457,XS,8906189274008,999.00,True,Available,7,https://musclemind.com/products/womens-tank-black
https://musclemind.com,8918256124153,Womens Tank Top,,Musclemind activeleisure,46882703999225,S,8906189274015,999.00,False,Sold Out,0,https://musclemind.com/products/womens-tank-black
https://musclemind.com,8918256124153,Womens Tank Top,,Musclemind activeleisure,46882704031993,M,8906189274022,999.00,True,Available,13,https://musclemind.com/products/womens-tank-black
https://musclemind.com,8918256124153,Womens Tank Top,,Musclemind activeleisure,46882704064761,L,8906189274039,999.00,True,Available,23,https://musclemind.com/products/womens-tank-black
https://musclemind.com,8918256124153,Womens Tank Top,,Musclemind activeleisure,46882704097529,XL,8906189274046,999.00,True,Available,3,https://musclemind.com/products/womens-tank-black
https://musclemind.com,8918287876345,Womens Tank Top,,Musclemind activeleisure,46882703802617,XS,8906189274053,999.00,True,Available,9,https://musclemind.com/products/womens-tank-teal
https://musclemind.com,8918287876345,Womens Tank Top,,Musclemind activeleisure,46882703835385,S,8906189274060,999.00,True,Available,6,https://musclemind.com/products/womens-tank-teal
https://musclemind.com,8918287876345,Womens Tank Top,,Musclemind activeleisure,46882703868153,M,8906189274077,999.00,True,Available,25,https://musclemind.com/products/womens-tank-teal
https://musclemind.com,8918287876345,Womens Tank Top,,Musclemind activeleisure,46882703900921,L,8906189274084,999.00,True,Available,23,https://musclemind.com/products/womens-tank-teal
https://musclemind.com,8918287876345,Womens Tank Top,,Musclemind activeleisure,46882703933689,XL,8906189274091,999.00,True,Available,7,https://musclemind.com/products/womens-tank-teal
https://musclemind.com,8918243672313,Womens Cycling Shorts,,Musclemind activeleisure,46882704130297,XS,8906189273650,1999.00,True,Available,4,https://musclemind.com/products/womens-cycling-shorts-pink
https://musclemind.com,8918243672313,Womens Cycling Shorts,,Musclemind activeleisure,46882704163065,S,8906189273667,1999.00,True,Available,11,https://musclemind.com/products/womens-cycling-shorts-pink
https://musclemind.com,8918243672313,Womens Cycling Shorts,,Musclemind activeleisure,46882704195833,M,8906189273674,1999.00,True,Available,48,https://musclemind.com/products/womens-cycling-shorts-pink
https://musclemind.com,8918243672313,Womens Cycling Shorts,,Musclemind activeleisure,46882704228601,L,8906189273681,1999.00,True,Available,15,https://musclemind.com/products/womens-cycling-shorts-pink
https://musclemind.com,8918243672313,Womens Cycling Shorts,,Musclemind activeleisure,46882704261369,XL,8906189273698,1999.00,True,Available,5,https://musclemind.com/products/womens-cycling-shorts-pink
https://musclemind.com,8918240297209,Womens Cycling Shorts,,Musclemind activeleisure,46882704294137,XS,8906189273605,1999.00,True,Available,4,https://musclemind.com/products/womens-cycling-shorts-teal
https://musclemind.com,8918240297209,Womens Cycling Shorts,,Musclemind activeleisure,46882704326905,S,8906189273612,1999.00,True,Available,17,https://musclemind.com/products/womens-cycling-shorts-teal
https://musclemind.com,8918240297209,Womens Cycling Shorts,,Musclemind activeleisure,46882704359673,M,8906189273629,1999.00,True,Available,44,https://musclemind.com/products/womens-cycling-shorts-teal
https://musclemind.com,8918240297209,Womens Cycling Shorts,,Musclemind activeleisure,46882704392441,L,8906189273636,1999.00,True,Available,22,https://musclemind.com/products/womens-cycling-shorts-teal
https://musclemind.com,8918240297209,Womens Cycling Shorts,,Musclemind activeleisure,46882704425209,XL,8906189273643,1999.00,True,Available,7,https://musclemind.com/products/womens-cycling-shorts-teal
https://musclemind.com,8918230827257,Womens Cycling Shorts,,Musclemind activeleisure,46882704490745,XS,8906189273551,1999.00,True,Available,8,https://musclemind.com/products/womens-cycling-shorts-black
https://musclemind.com,8918230827257,Womens Cycling Shorts,,Musclemind activeleisure,46882704523513,S,8906189273568,1999.00,True,Available,2,https://musclemind.com/products/womens-cycling-shorts-black
https://musclemind.com,8918230827257,Womens Cycling Shorts,,Musclemind activeleisure,46882704556281,M,8906189273575,1999.00,True,Available,30,https://musclemind.com/products/womens-cycling-shorts-black
https://musclemind.com,8918230827257,Womens Cycling Shorts,,Musclemind activeleisure,46882704589049,L,8906189273582,1999.00,True,Available,3,https://musclemind.com/products/womens-cycling-shorts-black
https://musclemind.com,8918230827257,Womens Cycling Shorts,,Musclemind activeleisure,46882704621817,XL,8906189273599,1999.00,False,Sold Out,0,https://musclemind.com/products/womens-cycling-shorts-black
https://musclemind.com,8918208971001,Womens Sports Bra,,Musclemind activeleisure,46882704654585,XS,8906189274251,999.00,True,Available,2,https://musclemind.com/products/womens-sports-bra-pink
https://musclemind.com,8918208971001,Womens Sports Bra,,Musclemind activeleisure,46882704687353,S,8906189274268,999.00,True,Available,4,https://musclemind.com/products/womens-sports-bra-pink
https://musclemind.com,8918208971001,Womens Sports Bra,,Musclemind activeleisure,46882704720121,M,8906189274275,999.00,True,Available,50,https://musclemind.com/products/womens-sports-bra-pink
https://musclemind.com,8918208971001,Womens Sports Bra,,Musclemind activeleisure,46882704752889,L,8906189274282,999.00,True,Available,51,https://musclemind.com/products/womens-sports-bra-pink
https://musclemind.com,8918208971001,Womens Sports Bra,,Musclemind activeleisure,46882704785657,XL,8906189274299,999.00,False,Sold Out,0,https://musclemind.com/products/womens-sports-bra-pink
https://musclemind.com,8918202679545,Womens Sports Bra,,Musclemind activeleisure,46882704818425,XS,8906189274206,999.00,False,Sold Out,0,https://musclemind.com/products/womens-sports-bra-teal
https://musclemind.com,8918202679545,Womens Sports Bra,,Musclemind activeleisure,46882704851193,S,8906189274213,999.00,True,Available,12,https://musclemind.com/products/womens-sports-bra-teal
https://musclemind.com,8918202679545,Womens Sports Bra,,Musclemind activeleisure,46882704883961,M,8906189274220,999.00,True,Available,53,https://musclemind.com/products/womens-sports-bra-teal
https://musclemind.com,8918202679545,Womens Sports Bra,,Musclemind activeleisure,46882704916729,L,8906189274237,999.00,True,Available,47,https://musclemind.com/products/womens-sports-bra-teal
https://musclemind.com,8918202679545,Womens Sports Bra,,Musclemind activeleisure,46882704949497,XL,8906189274244,999.00,True,Available,7,https://musclemind.com/products/womens-sports-bra-teal
https://musclemind.com,8918177743097,Womens Sports Bra,,Musclemind activeleisure,46882704982265,XS,8906189274152,999.00,False,Sold Out,0,https://musclemind.com/products/womens-sports-bra-black
https://musclemind.com,8918177743097,Womens Sports Bra,,Musclemind activeleisure,46882705015033,S,8906189274169,999.00,False,Sold Out,0,https://musclemind.com/products/womens-sports-bra-black
https://musclemind.com,8918177743097,Womens Sports Bra,,Musclemind activeleisure,46882705047801,M,8906189274176,999.00,True,Available,38,https://musclemind.com/products/womens-sports-bra-black
https://musclemind.com,8918177743097,Womens Sports Bra,,Musclemind activeleisure,46882705080569,L,8906189274183,999.00,True,Available,37,https://musclemind.com/products/womens-sports-bra-black
https://musclemind.com,8918177743097,Womens Sports Bra,,Musclemind activeleisure,46882705113337,XL,8906189274190,999.00,False,Sold Out,0,https://musclemind.com/products/womens-sports-bra-black
https://musclemind.com,8916494352633,Mens Sleeveless Seamless Compression T-shirt,,Musclemind activeleisure,46882705146105,S,8906189273155,1899.00,True,Available,18,https://musclemind.com/products/mens-sleeveless-seamless-compression-t-shirt-grey
https://musclemind.com,8916494352633,Mens Sleeveless Seamless Compression T-shirt,,Musclemind activeleisure,46882705178873,M,8906189273162,1899.00,True,Available,95,https://musclemind.com/products/mens-sleeveless-seamless-compression-t-shirt-grey
https://musclemind.com,8916494352633,Mens Sleeveless Seamless Compression T-shirt,,Musclemind activeleisure,46882705211641,L,8906189273179,1899.00,True,Available,103,https://musclemind.com/products/mens-sleeveless-seamless-compression-t-shirt-grey
https://musclemind.com,8916494352633,Mens Sleeveless Seamless Compression T-shirt,,Musclemind activeleisure,46882705244409,XL,8906189273186,1899.00,True,Available,75,https://musclemind.com/products/mens-sleeveless-seamless-compression-t-shirt-grey
https://musclemind.com,8916491141369,Mens Sleeveless Seamless Compression T-shirt,,Musclemind activeleisure,46882705277177,S,8906189273209,1899.00,True,Available,14,https://musclemind.com/products/mens-sleeveless-seamless-compression-t-shirt-black
https://musclemind.com,8916491141369,Mens Sleeveless Seamless Compression T-shirt,,Musclemind activeleisure,46882705309945,M,8906189273216,1899.00,True,Available,70,https://musclemind.com/products/mens-sleeveless-seamless-compression-t-shirt-black
https://musclemind.com,8916491141369,Mens Sleeveless Seamless Compression T-shirt,,Musclemind activeleisure,46882705342713,L,8906189273223,1899.00,True,Available,92,https://musclemind.com/products/mens-sleeveless-seamless-compression-t-shirt-black
https://musclemind.com,8916491141369,Mens Sleeveless Seamless Compression T-shirt,,Musclemind activeleisure,46882705375481,XL,8906189273230,1899.00,True,Available,62,https://musclemind.com/products/mens-sleeveless-seamless-compression-t-shirt-black
https://musclemind.com,8916484194553,Mens Gentlemen Joggers,,Musclemind activeleisure,46882705572089,S,8906189273506,2599.00,True,Available,27,https://musclemind.com/products/mens-gentlemen-joggers-dark-grey
https://musclemind.com,8916484194553,Mens Gentlemen Joggers,,Musclemind activeleisure,46882705604857,M,8906189273513,2599.00,True,Available,52,https://musclemind.com/products/mens-gentlemen-joggers-dark-grey
https://musclemind.com,8916484194553,Mens Gentlemen Joggers,,Musclemind activeleisure,46882705637625,L,8906189273520,2599.00,True,Available,54,https://musclemind.com/products/mens-gentlemen-joggers-dark-grey
https://musclemind.com,8916484194553,Mens Gentlemen Joggers,,Musclemind activeleisure,46882705670393,XL,8906189273537,2599.00,True,Available,74,https://musclemind.com/products/mens-gentlemen-joggers-dark-grey
https://musclemind.com,8916484194553,Mens Gentlemen Joggers,,Musclemind activeleisure,46882705703161,XXL,8906189273544,2599.00,True,Available,24,https://musclemind.com/products/mens-gentlemen-joggers-dark-grey
https://musclemind.com,8916482130169,Mens Gentlemen Joggers,,Musclemind activeleisure,46882705735929,S,8906189273407,2599.00,True,Available,20,https://musclemind.com/products/mens-gentlemen-joggers-black
https://musclemind.com,8916482130169,Mens Gentlemen Joggers,,Musclemind activeleisure,46882705768697,M,8906189273414,2599.00,True,Available,43,https://musclemind.com/products/mens-gentlemen-joggers-black
https://musclemind.com,8916482130169,Mens Gentlemen Joggers,,Musclemind activeleisure,46882705801465,L,8906189273421,2599.00,True,Available,61,https://musclemind.com/products/mens-gentlemen-joggers-black
https://musclemind.com,8916482130169,Mens Gentlemen Joggers,,Musclemind activeleisure,46882705834233,XL,8906189273438,2599.00,True,Available,53,https://musclemind.com/products/mens-gentlemen-joggers-black
https://musclemind.com,8916482130169,Mens Gentlemen Joggers,,Musclemind activeleisure,46882705867001,XXL,8906189273445,2599.00,True,Available,18,https://musclemind.com/products/mens-gentlemen-joggers-black
https://musclemind.com,8916486095097,Mens Gentlemen Joggers,,Musclemind activeleisure,46882705408249,S,8906189273452,2599.00,True,Available,24,https://musclemind.com/products/mens-gentlemen-joggers-light-grey
https://musclemind.com,8916486095097,Mens Gentlemen Joggers,,Musclemind activeleisure,46882705441017,M,8906189273469,2599.00,True,Available,56,https://musclemind.com/products/mens-gentlemen-joggers-light-grey
https://musclemind.com,8916486095097,Mens Gentlemen Joggers,,Musclemind activeleisure,46882705473785,L,8906189273476,2599.00,True,Available,49,https://musclemind.com/products/mens-gentlemen-joggers-light-grey
https://musclemind.com,8916486095097,Mens Gentlemen Joggers,,Musclemind activeleisure,46882705506553,XL,8906189273483,2599.00,True,Available,92,https://musclemind.com/products/mens-gentlemen-joggers-light-grey
https://musclemind.com,8916486095097,Mens Gentlemen Joggers,,Musclemind activeleisure,46882705539321,XXL,8906189273490,2599.00,True,Available,23,https://musclemind.com/products/mens-gentlemen-joggers-light-grey
https://musclemind.com,8916475347193,Mens Flat Knit Polo,,Musclemind activeleisure,46882705932537,S,8906189273001,1799.00,False,Sold Out,0,https://musclemind.com/products/mens-flat-knit-polo-grey
https://musclemind.com,8916475347193,Mens Flat Knit Polo,,Musclemind activeleisure,46882705965305,M,8906189273018,1799.00,False,Sold Out,0,https://musclemind.com/products/mens-flat-knit-polo-grey
https://musclemind.com,8916475347193,Mens Flat Knit Polo,,Musclemind activeleisure,46882705998073,L,8906189273025,1799.00,False,Sold Out,0,https://musclemind.com/products/mens-flat-knit-polo-grey
https://musclemind.com,8916475347193,Mens Flat Knit Polo,,Musclemind activeleisure,46882706030841,XL,8906189273032,1799.00,True,Available,5,https://musclemind.com/products/mens-flat-knit-polo-grey
https://musclemind.com,8916475347193,Mens Flat Knit Polo,,Musclemind activeleisure,46882706063609,XXL,8906189273049,1799.00,True,Available,3,https://musclemind.com/products/mens-flat-knit-polo-grey
https://musclemind.com,8916474757369,Mens Flat Knit Polo,Polo tshirt,Musclemind activeleisure,46882706096377,S,8906189272950,1799.00,False,Sold Out,0,https://musclemind.com/products/mens-flat-knit-polo-beige
https://musclemind.com,8916474757369,Mens Flat Knit Polo,Polo tshirt,Musclemind activeleisure,46882706129145,M,8906189272967,1799.00,False,Sold Out,0,https://musclemind.com/products/mens-flat-knit-polo-beige
https://musclemind.com,8916474757369,Mens Flat Knit Polo,Polo tshirt,Musclemind activeleisure,46882706161913,L,8906189272974,1799.00,True,Available,9,https://musclemind.com/products/mens-flat-knit-polo-beige
https://musclemind.com,8916474757369,Mens Flat Knit Polo,Polo tshirt,Musclemind activeleisure,46882706194681,XL,8906189272981,1799.00,True,Available,3,https://musclemind.com/products/mens-flat-knit-polo-beige
https://musclemind.com,8916474757369,Mens Flat Knit Polo,Polo tshirt,Musclemind activeleisure,46882706227449,XXL,8906189272998,1799.00,True,Available,5,https://musclemind.com/products/mens-flat-knit-polo-beige
https://musclemind.com,8916472955129,Mens Flat Knit Polo,,Musclemind activeleisure,46882706260217,S,8906189273056,1799.00,False,Sold Out,0,https://musclemind.com/products/mens-flat-knit-polo-black
https://musclemind.com,8916472955129,Mens Flat Knit Polo,,Musclemind activeleisure,46882706292985,M,8906189273063,1799.00,False,Sold Out,0,https://musclemind.com/products/mens-flat-knit-polo-black
https://musclemind.com,8916472955129,Mens Flat Knit Polo,,Musclemind activeleisure,46882706325753,L,8906189273070,1799.00,True,Available,14,https://musclemind.com/products/mens-flat-knit-polo-black
https://musclemind.com,8916472955129,Mens Flat Knit Polo,,Musclemind activeleisure,46882706358521,XL,8906189273087,1799.00,True,Available,2,https://musclemind.com/products/mens-flat-knit-polo-black
https://musclemind.com,8916472955129,Mens Flat Knit Polo,,Musclemind activeleisure,46882706391289,XXL,8906189273094,1799.00,True,Available,2,https://musclemind.com/products/mens-flat-knit-polo-black
https://musclemind.com,8916461551865,Mens Cargo Shorts,,Musclemind activeleisure,46882706424057,S,8906189273353,1899.00,True,Available,28,https://musclemind.com/products/mens-cargo-shorts-grey
https://musclemind.com,8916461551865,Mens Cargo Shorts,,Musclemind activeleisure,46882706456825,M,8906189273360,1899.00,True,Available,29,https://musclemind.com/products/mens-cargo-shorts-grey
https://musclemind.com,8916461551865,Mens Cargo Shorts,,Musclemind activeleisure,46882706489593,L,8906189273377,1899.00,True,Available,25,https://musclemind.com/products/mens-cargo-shorts-grey
https://musclemind.com,8916461551865,Mens Cargo Shorts,,Musclemind activeleisure,46882706522361,XL,8906189273384,1899.00,True,Available,6,https://musclemind.com/products/mens-cargo-shorts-grey
https://musclemind.com,8916461551865,Mens Cargo Shorts,,Musclemind activeleisure,46882706555129,XXL,8906189273391,1899.00,True,Available,5,https://musclemind.com/products/mens-cargo-shorts-grey
https://musclemind.com,8916461158649,Mens Cargo Shorts,,Musclemind activeleisure,46882706587897,S,8906189273308,1899.00,True,Available,20,https://musclemind.com/products/mens-cargo-shorts-beige
https://musclemind.com,8916461158649,Mens Cargo Shorts,,Musclemind activeleisure,46882706620665,M,8906189273315,1899.00,True,Available,23,https://musclemind.com/products/mens-cargo-shorts-beige
https://musclemind.com,8916461158649,Mens Cargo Shorts,,Musclemind activeleisure,46882706653433,L,8906189273322,1899.00,True,Available,11,https://musclemind.com/products/mens-cargo-shorts-beige
https://musclemind.com,8916461158649,Mens Cargo Shorts,,Musclemind activeleisure,46882706686201,XL,8906189273339,1899.00,True,Available,9,https://musclemind.com/products/mens-cargo-shorts-beige
https://musclemind.com,8916461158649,Mens Cargo Shorts,,Musclemind activeleisure,46882706718969,XXL,8906189273346,1899.00,True,Available,5,https://musclemind.com/products/mens-cargo-shorts-beige
https://musclemind.com,8916268712185,Mens Sleeveless Hoodie Tank,,Musclemind activeleisure,46882706915577,S,8906189272905,1899.00,False,Sold Out,0,https://musclemind.com/products/mens-sleeveless-hoodie-tank-grey
https://musclemind.com,8916268712185,Mens Sleeveless Hoodie Tank,,Musclemind activeleisure,46882706948345,M,8906189272912,1899.00,False,Sold Out,0,https://musclemind.com/products/mens-sleeveless-hoodie-tank-grey
https://musclemind.com,8916268712185,Mens Sleeveless Hoodie Tank,,Musclemind activeleisure,46882706981113,L,8906189272929,1899.00,False,Sold Out,0,https://musclemind.com/products/mens-sleeveless-hoodie-tank-grey
https://musclemind.com,8916268712185,Mens Sleeveless Hoodie Tank,,Musclemind activeleisure,46882707013881,XL,8906189272936,1899.00,False,Sold Out,0,https://musclemind.com/products/mens-sleeveless-hoodie-tank-grey
https://musclemind.com,8916268712185,Mens Sleeveless Hoodie Tank,,Musclemind activeleisure,46882707046649,XXL,8906189272943,1899.00,False,Sold Out,0,https://musclemind.com/products/mens-sleeveless-hoodie-tank-grey
https://musclemind.com,8916456931577,Mens Cargo Shorts,,Musclemind activeleisure,46882706751737,S,8906189273254,1899.00,True,Available,24,https://musclemind.com/products/mens-cargo-shorts-black
https://musclemind.com,8916456931577,Mens Cargo Shorts,,Musclemind activeleisure,46882706784505,M,8906189273261,1899.00,True,Available,27,https://musclemind.com/products/mens-cargo-shorts-black
https://musclemind.com,8916456931577,Mens Cargo Shorts,,Musclemind activeleisure,46882706817273,L,8906189273278,1899.00,True,Available,13,https://musclemind.com/products/mens-cargo-shorts-black
https://musclemind.com,8916456931577,Mens Cargo Shorts,,Musclemind activeleisure,46882706850041,XL,8906189273285,1899.00,False,Sold Out,0,https://musclemind.com/products/mens-cargo-shorts-black
https://musclemind.com,8916456931577,Mens Cargo Shorts,,Musclemind activeleisure,46882706882809,XXL,8906189273292,1899.00,True,Available,7,https://musclemind.com/products/mens-cargo-shorts-black
https://musclemind.com,8916263731449,Mens Sleeveless Hoodie Tank,,Musclemind activeleisure,46882707079417,S,8906189272851,1899.00,False,Sold Out,0,https://musclemind.com/products/mens-sleeveless-hoodie-tank-beige
https://musclemind.com,8916263731449,Mens Sleeveless Hoodie Tank,,Musclemind activeleisure,46882707112185,M,8906189272868,1899.00,False,Sold Out,0,https://musclemind.com/products/mens-sleeveless-hoodie-tank-beige
https://musclemind.com,8916263731449,Mens Sleeveless Hoodie Tank,,Musclemind activeleisure,46882707144953,L,8906189272875,1899.00,False,Sold Out,0,https://musclemind.com/products/mens-sleeveless-hoodie-tank-beige
https://musclemind.com,8916263731449,Mens Sleeveless Hoodie Tank,,Musclemind activeleisure,46882707177721,XL,8906189272882,1899.00,True,Available,2,https://musclemind.com/products/mens-sleeveless-hoodie-tank-beige
https://musclemind.com,8916263731449,Mens Sleeveless Hoodie Tank,,Musclemind activeleisure,46882707210489,XXL,8906189272899,1899.00,False,Sold Out,0,https://musclemind.com/products/mens-sleeveless-hoodie-tank-beige
https://musclemind.com,8916181811449,Mens Sleeveless Hoodie Tank,,Musclemind activeleisure,46882707276025,S,8906189272806,1899.00,False,Sold Out,0,https://musclemind.com/products/mens-sleeveless-hoodie-tank-black
https://musclemind.com,8916181811449,Mens Sleeveless Hoodie Tank,,Musclemind activeleisure,46882707308793,M,8906189272813,1899.00,False,Sold Out,0,https://musclemind.com/products/mens-sleeveless-hoodie-tank-black
https://musclemind.com,8916181811449,Mens Sleeveless Hoodie Tank,,Musclemind activeleisure,46882707341561,L,8906189272820,1899.00,False,Sold Out,0,https://musclemind.com/products/mens-sleeveless-hoodie-tank-black
https://musclemind.com,8916181811449,Mens Sleeveless Hoodie Tank,,Musclemind activeleisure,46882707374329,XL,8906189272837,1899.00,True,Available,11,https://musclemind.com/products/mens-sleeveless-hoodie-tank-black
https://musclemind.com,8916181811449,Mens Sleeveless Hoodie Tank,,Musclemind activeleisure,46882707407097,XXL,8906189272844,1899.00,False,Sold Out,0,https://musclemind.com/products/mens-sleeveless-hoodie-tank-black
https://musclemind.com,8591147204857,Womens Acid Wash Oversized T-Shirt,Women Tee,Musclemind activeleisure,46882714648825,XS,8906189271489,2209.00,True,Available,1,https://musclemind.com/products/womens-acid-wash-oversized-t-shirt-blue
https://musclemind.com,8591147204857,Womens Acid Wash Oversized T-Shirt,Women Tee,Musclemind activeleisure,46882714681593,S,8906189271496,2209.00,True,Available,1,https://musclemind.com/products/womens-acid-wash-oversized-t-shirt-blue
https://musclemind.com,8591147204857,Womens Acid Wash Oversized T-Shirt,Women Tee,Musclemind activeleisure,46882714714361,M,8906189271502,2209.00,True,Available,2,https://musclemind.com/products/womens-acid-wash-oversized-t-shirt-blue
https://musclemind.com,8591147204857,Womens Acid Wash Oversized T-Shirt,Women Tee,Musclemind activeleisure,46882714747129,L,8906189271519,2209.00,True,Available,4,https://musclemind.com/products/womens-acid-wash-oversized-t-shirt-blue
https://musclemind.com,8591147204857,Womens Acid Wash Oversized T-Shirt,Women Tee,Musclemind activeleisure,46882714779897,XL,8906189271526,2209.00,True,Available,1,https://musclemind.com/products/womens-acid-wash-oversized-t-shirt-blue
https://musclemind.com,8771191243001,In-built Bra Top,,Musclemind activeleisure,46882707439865,XS,8906189272400,999.00,True,Available,16,https://musclemind.com/products/in-built-bra-top-beige
https://musclemind.com,8771191243001,In-built Bra Top,,Musclemind activeleisure,46882707472633,S,8906189272417,999.00,True,Available,26,https://musclemind.com/products/in-built-bra-top-beige
https://musclemind.com,8771191243001,In-built Bra Top,,Musclemind activeleisure,46882707505401,M,8906189272424,999.00,True,Available,21,https://musclemind.com/products/in-built-bra-top-beige
https://musclemind.com,8771191243001,In-built Bra Top,,Musclemind activeleisure,46882707538169,L,8906189272431,999.00,True,Available,27,https://musclemind.com/products/in-built-bra-top-beige
https://musclemind.com,8771191243001,In-built Bra Top,,Musclemind activeleisure,46882707570937,XL,8906189272448,999.00,True,Available,17,https://musclemind.com/products/in-built-bra-top-beige
https://musclemind.com,8771191111929,In-built Bra Top,,Musclemind activeleisure,46882707603705,XS,8906189272509,999.00,True,Available,18,https://musclemind.com/products/in-built-bra-top-pink
https://musclemind.com,8771191111929,In-built Bra Top,,Musclemind activeleisure,46882707636473,S,8906189272516,999.00,True,Available,40,https://musclemind.com/products/in-built-bra-top-pink
https://musclemind.com,8771191111929,In-built Bra Top,,Musclemind activeleisure,46882707669241,M,8906189272523,999.00,True,Available,31,https://musclemind.com/products/in-built-bra-top-pink
https://musclemind.com,8771191111929,In-built Bra Top,,Musclemind activeleisure,46882707702009,L,8906189272530,999.00,True,Available,32,https://musclemind.com/products/in-built-bra-top-pink
https://musclemind.com,8771191111929,In-built Bra Top,,Musclemind activeleisure,46882707734777,XL,8906189272547,999.00,True,Available,12,https://musclemind.com/products/in-built-bra-top-pink
https://musclemind.com,8771190980857,Womens Printed V-Neck T-shirt,,Musclemind activeleisure,46882707767545,XS,8906189272301,999.00,True,Available,9,https://musclemind.com/products/womens-printed-v-neck-t-shirt-pink
https://musclemind.com,8771190980857,Womens Printed V-Neck T-shirt,,Musclemind activeleisure,46882707800313,S,8906189272318,999.00,True,Available,30,https://musclemind.com/products/womens-printed-v-neck-t-shirt-pink
https://musclemind.com,8771190980857,Womens Printed V-Neck T-shirt,,Musclemind activeleisure,46882707833081,M,8906189272325,999.00,True,Available,23,https://musclemind.com/products/womens-printed-v-neck-t-shirt-pink
https://musclemind.com,8771190980857,Womens Printed V-Neck T-shirt,,Musclemind activeleisure,46882707865849,L,8906189272332,999.00,True,Available,32,https://musclemind.com/products/womens-printed-v-neck-t-shirt-pink
https://musclemind.com,8771190980857,Womens Printed V-Neck T-shirt,,Musclemind activeleisure,46882707898617,XL,8906189272349,999.00,True,Available,19,https://musclemind.com/products/womens-printed-v-neck-t-shirt-pink
https://musclemind.com,8771188359417,Womens Acid Wash Denim Joggers,,Musclemind activeleisure,46882707931385,XS,8906189272608,1299.00,True,Available,9,https://musclemind.com/products/womens-acid-wash-denim-joggers-blue
https://musclemind.com,8771188359417,Womens Acid Wash Denim Joggers,,Musclemind activeleisure,46882707964153,S,8906189272615,1299.00,True,Available,56,https://musclemind.com/products/womens-acid-wash-denim-joggers-blue
https://musclemind.com,8771188359417,Womens Acid Wash Denim Joggers,,Musclemind activeleisure,46882707996921,M,8906189272622,1299.00,True,Available,45,https://musclemind.com/products/womens-acid-wash-denim-joggers-blue
https://musclemind.com,8771188359417,Womens Acid Wash Denim Joggers,,Musclemind activeleisure,46882708029689,L,8906189272639,1299.00,True,Available,11,https://musclemind.com/products/womens-acid-wash-denim-joggers-blue
https://musclemind.com,8771188359417,Womens Acid Wash Denim Joggers,,Musclemind activeleisure,46882708062457,XL,8906189272646,1299.00,False,Sold Out,0,https://musclemind.com/products/womens-acid-wash-denim-joggers-blue
https://musclemind.com,8771186622713,High Waist Flare Pants,,Musclemind activeleisure,46882708259065,XS,8906189272707,1999.00,True,Available,1,https://musclemind.com/products/high-waist-flare-pants-maroon
https://musclemind.com,8771186622713,High Waist Flare Pants,,Musclemind activeleisure,46882708291833,S,8906189272714,1999.00,True,Available,1,https://musclemind.com/products/high-waist-flare-pants-maroon
https://musclemind.com,8771186622713,High Waist Flare Pants,,Musclemind activeleisure,46882708324601,M,8906189272721,1999.00,False,Sold Out,0,https://musclemind.com/products/high-waist-flare-pants-maroon
https://musclemind.com,8771186622713,High Waist Flare Pants,,Musclemind activeleisure,46882708357369,L,8906189272738,1999.00,False,Sold Out,0,https://musclemind.com/products/high-waist-flare-pants-maroon
https://musclemind.com,8771186622713,High Waist Flare Pants,,Musclemind activeleisure,46882708390137,XL,8906189272745,1999.00,False,Sold Out,0,https://musclemind.com/products/high-waist-flare-pants-maroon
https://musclemind.com,8771186852089,High Waist Flare Pants,,Musclemind activeleisure,46882708095225,XS,8906189272752,1999.00,False,Sold Out,0,https://musclemind.com/products/high-waist-flare-pants-white
https://musclemind.com,8771186852089,High Waist Flare Pants,,Musclemind activeleisure,46882708127993,S,8906189272769,1999.00,False,Sold Out,0,https://musclemind.com/products/high-waist-flare-pants-white
https://musclemind.com,8771186852089,High Waist Flare Pants,,Musclemind activeleisure,46882708160761,M,8906189272776,1999.00,False,Sold Out,0,https://musclemind.com/products/high-waist-flare-pants-white
https://musclemind.com,8771186852089,High Waist Flare Pants,,Musclemind activeleisure,46882708193529,L,8906189272783,1999.00,False,Sold Out,0,https://musclemind.com/products/high-waist-flare-pants-white
https://musclemind.com,8771186852089,High Waist Flare Pants,,Musclemind activeleisure,46882708226297,XL,8906189272790,1999.00,False,Sold Out,0,https://musclemind.com/products/high-waist-flare-pants-white
https://musclemind.com,8769839661305,Mens Acid Wash Denim Joggers,,Musclemind activeleisure,46882708422905,S,8906189272103,1299.00,True,Available,15,https://musclemind.com/products/mens-acid-wash-denim-joggers-blue
https://musclemind.com,8769839661305,Mens Acid Wash Denim Joggers,,Musclemind activeleisure,46882708455673,M,8906189272110,1299.00,True,Available,39,https://musclemind.com/products/mens-acid-wash-denim-joggers-blue
https://musclemind.com,8769839661305,Mens Acid Wash Denim Joggers,,Musclemind activeleisure,46882708488441,L,8906189272127,1299.00,True,Available,31,https://musclemind.com/products/mens-acid-wash-denim-joggers-blue
https://musclemind.com,8769839661305,Mens Acid Wash Denim Joggers,,Musclemind activeleisure,46882708521209,XL,8906189272134,1299.00,True,Available,9,https://musclemind.com/products/mens-acid-wash-denim-joggers-blue
https://musclemind.com,8769839661305,Mens Acid Wash Denim Joggers,,Musclemind activeleisure,46882708553977,XXL,8906189272141,1299.00,False,Sold Out,0,https://musclemind.com/products/mens-acid-wash-denim-joggers-blue
https://musclemind.com,8769839235321,Mens V-Neck T-Shirt,,Musclemind activeleisure,46882708586745,S,8906189271854,999.00,True,Available,9,https://musclemind.com/products/mens-v-neck-t-shirt-yellow
https://musclemind.com,8769839235321,Mens V-Neck T-Shirt,,Musclemind activeleisure,46882708619513,M,8906189271861,999.00,True,Available,22,https://musclemind.com/products/mens-v-neck-t-shirt-yellow
https://musclemind.com,8769839235321,Mens V-Neck T-Shirt,,Musclemind activeleisure,46882708652281,L,8906189271878,999.00,True,Available,25,https://musclemind.com/products/mens-v-neck-t-shirt-yellow
https://musclemind.com,8769839235321,Mens V-Neck T-Shirt,,Musclemind activeleisure,46882708685049,XL,8906189271885,999.00,True,Available,30,https://musclemind.com/products/mens-v-neck-t-shirt-yellow
https://musclemind.com,8769839235321,Mens V-Neck T-Shirt,,Musclemind activeleisure,46882708717817,XXL,8906189271892,999.00,True,Available,13,https://musclemind.com/products/mens-v-neck-t-shirt-yellow
https://musclemind.com,8769838907641,Mens V-Neck T-Shirt,,Musclemind activeleisure,46882708750585,S,8906189271908,999.00,True,Available,10,https://musclemind.com/products/mens-v-neck-t-shirt-brown
https://musclemind.com,8769838907641,Mens V-Neck T-Shirt,,Musclemind activeleisure,46882708783353,M,8906189271915,999.00,True,Available,23,https://musclemind.com/products/mens-v-neck-t-shirt-brown
https://musclemind.com,8769838907641,Mens V-Neck T-Shirt,,Musclemind activeleisure,46882708816121,L,8906189271922,999.00,True,Available,19,https://musclemind.com/products/mens-v-neck-t-shirt-brown
https://musclemind.com,8769838907641,Mens V-Neck T-Shirt,,Musclemind activeleisure,46882708848889,XL,8906189271939,999.00,True,Available,27,https://musclemind.com/products/mens-v-neck-t-shirt-brown
https://musclemind.com,8769838907641,Mens V-Neck T-Shirt,,Musclemind activeleisure,46882708881657,XXL,8906189271946,999.00,True,Available,12,https://musclemind.com/products/mens-v-neck-t-shirt-brown
https://musclemind.com,8769838514425,Mens Acid Wash Denim Shorts,,Musclemind activeleisure,46882708947193,S,8906189272257,999.00,True,Available,7,https://musclemind.com/products/mens-acid-wash-denim-shorts-blue
https://musclemind.com,8769838514425,Mens Acid Wash Denim Shorts,,Musclemind activeleisure,46882708979961,M,8906189272264,999.00,True,Available,61,https://musclemind.com/products/mens-acid-wash-denim-shorts-blue
https://musclemind.com,8769838514425,Mens Acid Wash Denim Shorts,,Musclemind activeleisure,46882709012729,L,8906189272271,999.00,True,Available,37,https://musclemind.com/products/mens-acid-wash-denim-shorts-blue
https://musclemind.com,8769838514425,Mens Acid Wash Denim Shorts,,Musclemind activeleisure,46882709045497,XL,8906189272288,999.00,True,Available,15,https://musclemind.com/products/mens-acid-wash-denim-shorts-blue
https://musclemind.com,8769838514425,Mens Acid Wash Denim Shorts,,Musclemind activeleisure,46882709078265,XXL,8906189272295,999.00,True,Available,4,https://musclemind.com/products/mens-acid-wash-denim-shorts-blue
https://musclemind.com,8769836777721,Mens Compression Half Sleeve T-shirt,,Musclemind activeleisure,46882709111033,S,8906189272158,999.00,True,Available,16,https://musclemind.com/products/mens-compression-half-sleeve-tshirt-brown
https://musclemind.com,8769836777721,Mens Compression Half Sleeve T-shirt,,Musclemind activeleisure,46882709143801,M,8906189272165,999.00,True,Available,11,https://musclemind.com/products/mens-compression-half-sleeve-tshirt-brown
https://musclemind.com,8769836777721,Mens Compression Half Sleeve T-shirt,,Musclemind activeleisure,46882709176569,L,8906189272172,999.00,True,Available,9,https://musclemind.com/products/mens-compression-half-sleeve-tshirt-brown
https://musclemind.com,8769836777721,Mens Compression Half Sleeve T-shirt,,Musclemind activeleisure,46882709209337,XL,8906189272189,999.00,True,Available,29,https://musclemind.com/products/mens-compression-half-sleeve-tshirt-brown
https://musclemind.com,8769836777721,Mens Compression Half Sleeve T-shirt,,Musclemind activeleisure,46882709242105,XXL,8906189272196,999.00,True,Available,17,https://musclemind.com/products/mens-compression-half-sleeve-tshirt-brown
https://musclemind.com,8769545732345,Mens Acid Wash Denim Shorts,,Musclemind activeleisure,46882709602553,S,8906189272202,999.00,True,Available,21,https://musclemind.com/products/mens-acid-wash-denim-shorts-black
https://musclemind.com,8769545732345,Mens Acid Wash Denim Shorts,,Musclemind activeleisure,46882709635321,M,8906189272219,999.00,True,Available,51,https://musclemind.com/products/mens-acid-wash-denim-shorts-black
https://musclemind.com,8769545732345,Mens Acid Wash Denim Shorts,,Musclemind activeleisure,46882709668089,L,8906189272226,999.00,True,Available,32,https://musclemind.com/products/mens-acid-wash-denim-shorts-black
https://musclemind.com,8769545732345,Mens Acid Wash Denim Shorts,,Musclemind activeleisure,46882709700857,XL,8906189272233,999.00,True,Available,3,https://musclemind.com/products/mens-acid-wash-denim-shorts-black
https://musclemind.com,8769545732345,Mens Acid Wash Denim Shorts,,Musclemind activeleisure,46882709733625,XXL,8906189272240,999.00,False,Sold Out,0,https://musclemind.com/products/mens-acid-wash-denim-shorts-black
https://musclemind.com,8769565098233,Womens Acid Wash Denim Joggers,,Musclemind activeleisure,46882709438713,XS,8906189272554,1299.00,True,Available,32,https://musclemind.com/products/womens-acid-wash-denim-joggers-black
https://musclemind.com,8769565098233,Womens Acid Wash Denim Joggers,,Musclemind activeleisure,46882709471481,S,8906189272561,1299.00,True,Available,60,https://musclemind.com/products/womens-acid-wash-denim-joggers-black
https://musclemind.com,8769565098233,Womens Acid Wash Denim Joggers,,Musclemind activeleisure,46882709504249,M,8906189272578,1299.00,True,Available,23,https://musclemind.com/products/womens-acid-wash-denim-joggers-black
https://musclemind.com,8769565098233,Womens Acid Wash Denim Joggers,,Musclemind activeleisure,46882709537017,L,8906189272585,1299.00,True,Available,16,https://musclemind.com/products/womens-acid-wash-denim-joggers-black
https://musclemind.com,8769565098233,Womens Acid Wash Denim Joggers,,Musclemind activeleisure,46882709569785,XL,8906189272592,1299.00,True,Available,3,https://musclemind.com/products/womens-acid-wash-denim-joggers-black
https://musclemind.com,8769521156345,Mens Acid Wash Denim Joggers,,Musclemind activeleisure,46882709766393,S,8906189272059,1299.00,True,Available,17,https://musclemind.com/products/mens-acid-wash-denim-joggers-black
https://musclemind.com,8769521156345,Mens Acid Wash Denim Joggers,,Musclemind activeleisure,46882709799161,M,8906189272066,1299.00,True,Available,44,https://musclemind.com/products/mens-acid-wash-denim-joggers-black
https://musclemind.com,8769521156345,Mens Acid Wash Denim Joggers,,Musclemind activeleisure,46882709831929,L,8906189272073,1299.00,True,Available,39,https://musclemind.com/products/mens-acid-wash-denim-joggers-black
https://musclemind.com,8769521156345,Mens Acid Wash Denim Joggers,,Musclemind activeleisure,46882709864697,XL,8906189272080,1299.00,False,Sold Out,0,https://musclemind.com/products/mens-acid-wash-denim-joggers-black
https://musclemind.com,8769521156345,Mens Acid Wash Denim Joggers,,Musclemind activeleisure,46882709897465,XXL,8906189272097,1299.00,False,Sold Out,0,https://musclemind.com/products/mens-acid-wash-denim-joggers-black
https://musclemind.com,8769836056825,Mens Compression Half Sleeve T-shirt,,Musclemind activeleisure,46882709274873,S,8906189272004,999.00,True,Available,4,https://musclemind.com/products/mens-compression-half-sleeve-tshirt-white
https://musclemind.com,8769836056825,Mens Compression Half Sleeve T-shirt,,Musclemind activeleisure,46882709307641,M,8906189272011,999.00,True,Available,10,https://musclemind.com/products/mens-compression-half-sleeve-tshirt-white
https://musclemind.com,8769836056825,Mens Compression Half Sleeve T-shirt,,Musclemind activeleisure,46882709340409,L,8906189272028,999.00,True,Available,18,https://musclemind.com/products/mens-compression-half-sleeve-tshirt-white
https://musclemind.com,8769836056825,Mens Compression Half Sleeve T-shirt,,Musclemind activeleisure,46882709373177,XL,8906189272035,999.00,True,Available,32,https://musclemind.com/products/mens-compression-half-sleeve-tshirt-white
https://musclemind.com,8769836056825,Mens Compression Half Sleeve T-shirt,,Musclemind activeleisure,46882709405945,XXL,8906189272042,999.00,True,Available,16,https://musclemind.com/products/mens-compression-half-sleeve-tshirt-white
https://musclemind.com,8769501561081,Womens Printed V-Neck T-shirt,,Musclemind activeleisure,46882710094073,XS,8906189272356,999.00,True,Available,10,https://musclemind.com/products/womens-printed-v-neck-t-shirt-black
https://musclemind.com,8769501561081,Womens Printed V-Neck T-shirt,,Musclemind activeleisure,46882710126841,S,8906189272363,999.00,True,Available,33,https://musclemind.com/products/womens-printed-v-neck-t-shirt-black
https://musclemind.com,8769501561081,Womens Printed V-Neck T-shirt,,Musclemind activeleisure,46882710159609,M,8906189272370,999.00,True,Available,26,https://musclemind.com/products/womens-printed-v-neck-t-shirt-black
https://musclemind.com,8769501561081,Womens Printed V-Neck T-shirt,,Musclemind activeleisure,46882710192377,L,8906189272387,999.00,True,Available,37,https://musclemind.com/products/womens-printed-v-neck-t-shirt-black
https://musclemind.com,8769501561081,Womens Printed V-Neck T-shirt,,Musclemind activeleisure,46882710225145,XL,8906189272394,999.00,True,Available,14,https://musclemind.com/products/womens-printed-v-neck-t-shirt-black
https://musclemind.com,8768689242361,In-built Bra Top,,Musclemind activeleisure,46882710257913,XS,8906189272455,999.00,True,Available,13,https://musclemind.com/products/in-built-bra-top-black
https://musclemind.com,8768689242361,In-built Bra Top,,Musclemind activeleisure,46882710290681,S,8906189272462,999.00,True,Available,40,https://musclemind.com/products/in-built-bra-top-black
https://musclemind.com,8768689242361,In-built Bra Top,,Musclemind activeleisure,46882710323449,M,8906189272479,999.00,True,Available,26,https://musclemind.com/products/in-built-bra-top-black
https://musclemind.com,8768689242361,In-built Bra Top,,Musclemind activeleisure,46882710356217,L,8906189272486,999.00,True,Available,32,https://musclemind.com/products/in-built-bra-top-black
https://musclemind.com,8768689242361,In-built Bra Top,,Musclemind activeleisure,46882710388985,XL,8906189272493,999.00,True,Available,16,https://musclemind.com/products/in-built-bra-top-black
https://musclemind.com,8769504641273,Mens V-Neck T-Shirt,,Musclemind activeleisure,46882709930233,S,8906189271809,999.00,False,Sold Out,0,https://musclemind.com/products/mens-v-neck-t-shirt-black
https://musclemind.com,8769504641273,Mens V-Neck T-Shirt,,Musclemind activeleisure,46882709963001,M,8906189271816,999.00,True,Available,12,https://musclemind.com/products/mens-v-neck-t-shirt-black
https://musclemind.com,8769504641273,Mens V-Neck T-Shirt,,Musclemind activeleisure,46882709995769,L,8906189271823,999.00,True,Available,13,https://musclemind.com/products/mens-v-neck-t-shirt-black
https://musclemind.com,8769504641273,Mens V-Neck T-Shirt,,Musclemind activeleisure,46882710028537,XL,8906189271830,999.00,True,Available,18,https://musclemind.com/products/mens-v-neck-t-shirt-black
https://musclemind.com,8769504641273,Mens V-Neck T-Shirt,,Musclemind activeleisure,46882710061305,XXL,8906189271847,999.00,True,Available,17,https://musclemind.com/products/mens-v-neck-t-shirt-black
https://musclemind.com,8767566774521,High Waist Flare Pants,,Musclemind activeleisure,46882711109881,XS,8906189272653,1999.00,True,Available,18,https://musclemind.com/products/high-waist-flare-pants-black
https://musclemind.com,8767566774521,High Waist Flare Pants,,Musclemind activeleisure,46882711142649,S,8906189272660,1999.00,True,Available,15,https://musclemind.com/products/high-waist-flare-pants-black
https://musclemind.com,8767566774521,High Waist Flare Pants,,Musclemind activeleisure,46882711175417,M,8906189272677,1999.00,False,Sold Out,0,https://musclemind.com/products/high-waist-flare-pants-black
https://musclemind.com,8767566774521,High Waist Flare Pants,,Musclemind activeleisure,46882711208185,L,8906189272684,1999.00,True,Available,1,https://musclemind.com/products/high-waist-flare-pants-black
https://musclemind.com,8767566774521,High Waist Flare Pants,,Musclemind activeleisure,46882711240953,XL,8906189272691,1999.00,False,Sold Out,0,https://musclemind.com/products/high-waist-flare-pants-black
https://musclemind.com,8767566774521,High Waist Flare Pants,,Musclemind activeleisure,48803584508153,XXL,8906189276323,1999.00,False,Sold Out,0,https://musclemind.com/products/high-waist-flare-pants-black
https://musclemind.com,8594342215929,Mens Cloud Ease Cargo Pants,Men Cargo,Musclemind activeleisure,46882712256761,S,8906189271236,3699.00,True,Available,3,https://musclemind.com/products/mens-cloud-ease-cargo-pants-desert-dune
https://musclemind.com,8594342215929,Mens Cloud Ease Cargo Pants,Men Cargo,Musclemind activeleisure,46882712289529,M,8906189271243,3699.00,True,Available,14,https://musclemind.com/products/mens-cloud-ease-cargo-pants-desert-dune
https://musclemind.com,8594342215929,Mens Cloud Ease Cargo Pants,Men Cargo,Musclemind activeleisure,46882712322297,L,8906189271250,3699.00,True,Available,20,https://musclemind.com/products/mens-cloud-ease-cargo-pants-desert-dune
https://musclemind.com,8594342215929,Mens Cloud Ease Cargo Pants,Men Cargo,Musclemind activeleisure,46882712355065,XL,8906189271267,3699.00,True,Available,38,https://musclemind.com/products/mens-cloud-ease-cargo-pants-desert-dune
https://musclemind.com,8594342215929,Mens Cloud Ease Cargo Pants,Men Cargo,Musclemind activeleisure,46882712387833,XXL,8906189271274,3699.00,True,Available,16,https://musclemind.com/products/mens-cloud-ease-cargo-pants-desert-dune
https://musclemind.com,8497214750969,Seamless Compression Half Sleeve T-shirt,Compression,Musclemind activeleisure,48393022341369,XS,8906189275661,2599.00,True,Available,34,https://musclemind.com/products/seamless-compression-half-sleeve-t-shirt-dark-grey
https://musclemind.com,8497214750969,Seamless Compression Half Sleeve T-shirt,Compression,Musclemind activeleisure,46882716614905,S,8906189270178,2599.00,True,Available,81,https://musclemind.com/products/seamless-compression-half-sleeve-t-shirt-dark-grey
https://musclemind.com,8497214750969,Seamless Compression Half Sleeve T-shirt,Compression,Musclemind activeleisure,46882716647673,M,8906189270307,2599.00,True,Available,68,https://musclemind.com/products/seamless-compression-half-sleeve-t-shirt-dark-grey
https://musclemind.com,8497214750969,Seamless Compression Half Sleeve T-shirt,Compression,Musclemind activeleisure,46882716680441,L,8906189270314,2599.00,True,Available,25,https://musclemind.com/products/seamless-compression-half-sleeve-t-shirt-dark-grey
https://musclemind.com,8497214750969,Seamless Compression Half Sleeve T-shirt,Compression,Musclemind activeleisure,46882716713209,XL,8906189270321,2599.00,False,Sold Out,0,https://musclemind.com/products/seamless-compression-half-sleeve-t-shirt-dark-grey
https://musclemind.com,8767336579321,Mens Compression Half Sleeve T-shirt,,Musclemind activeleisure,46882711437561,S,8906189271953,999.00,False,Sold Out,0,https://musclemind.com/products/mens-compression-half-sleeve-tshirt-black
https://musclemind.com,8767336579321,Mens Compression Half Sleeve T-shirt,,Musclemind activeleisure,46882711470329,M,8906189271960,999.00,True,Available,2,https://musclemind.com/products/mens-compression-half-sleeve-tshirt-black
https://musclemind.com,8767336579321,Mens Compression Half Sleeve T-shirt,,Musclemind activeleisure,46882711503097,L,8906189271977,999.00,True,Available,9,https://musclemind.com/products/mens-compression-half-sleeve-tshirt-black
https://musclemind.com,8767336579321,Mens Compression Half Sleeve T-shirt,,Musclemind activeleisure,46882711535865,XL,8906189271984,999.00,True,Available,17,https://musclemind.com/products/mens-compression-half-sleeve-tshirt-black
https://musclemind.com,8767336579321,Mens Compression Half Sleeve T-shirt,,Musclemind activeleisure,46882711568633,XXL,8906189271991,999.00,True,Available,16,https://musclemind.com/products/mens-compression-half-sleeve-tshirt-black
https://musclemind.com,8594342117625,Mens Cloud Ease Cargo Pants,Men Cargo,Musclemind activeleisure,46882712420601,S,8906189271182,3699.00,False,Sold Out,0,https://musclemind.com/products/mens-cloud-ease-cargo-pants-shadow-black
https://musclemind.com,8594342117625,Mens Cloud Ease Cargo Pants,Men Cargo,Musclemind activeleisure,46882712453369,M,8906189271199,3699.00,False,Sold Out,0,https://musclemind.com/products/mens-cloud-ease-cargo-pants-shadow-black
https://musclemind.com,8594342117625,Mens Cloud Ease Cargo Pants,Men Cargo,Musclemind activeleisure,46882712486137,L,8906189271205,3699.00,False,Sold Out,0,https://musclemind.com/products/mens-cloud-ease-cargo-pants-shadow-black
https://musclemind.com,8594342117625,Mens Cloud Ease Cargo Pants,Men Cargo,Musclemind activeleisure,46882712518905,XL,8906189271212,3699.00,True,Available,15,https://musclemind.com/products/mens-cloud-ease-cargo-pants-shadow-black
https://musclemind.com,8594342117625,Mens Cloud Ease Cargo Pants,Men Cargo,Musclemind activeleisure,46882712551673,XXL,8906189271229,3699.00,False,Sold Out,0,https://musclemind.com/products/mens-cloud-ease-cargo-pants-shadow-black
https://musclemind.com,8594341953785,Womens Cloud Ease Cargo Pants,Women Cargo,Musclemind activeleisure,46882712617209,XS,8906189271335,3599.00,True,Available,20,https://musclemind.com/products/womens-cloud-ease-cargo-pants-desert-dune
https://musclemind.com,8594341953785,Womens Cloud Ease Cargo Pants,Women Cargo,Musclemind activeleisure,46882712649977,S,8906189271342,3599.00,True,Available,46,https://musclemind.com/products/womens-cloud-ease-cargo-pants-desert-dune
https://musclemind.com,8594341953785,Womens Cloud Ease Cargo Pants,Women Cargo,Musclemind activeleisure,46882712682745,M,8906189271359,3599.00,True,Available,9,https://musclemind.com/products/womens-cloud-ease-cargo-pants-desert-dune
https://musclemind.com,8594341953785,Womens Cloud Ease Cargo Pants,Women Cargo,Musclemind activeleisure,46882712715513,L,8906189271366,3599.00,True,Available,18,https://musclemind.com/products/womens-cloud-ease-cargo-pants-desert-dune
https://musclemind.com,8594341953785,Womens Cloud Ease Cargo Pants,Women Cargo,Musclemind activeleisure,46882712748281,XL,8906189271373,3599.00,True,Available,8,https://musclemind.com/products/womens-cloud-ease-cargo-pants-desert-dune
https://musclemind.com,8593877172473,Mens Oversized Graphic T-shirt,Men Tee,Musclemind activeleisure,46882713633017,S,8906189271083,1899.00,True,Available,2,https://musclemind.com/products/mens-oversized-graphic-t-shirt-midnight-roar
https://musclemind.com,8593877172473,Mens Oversized Graphic T-shirt,Men Tee,Musclemind activeleisure,46882713665785,M,8906189271090,1899.00,False,Sold Out,0,https://musclemind.com/products/mens-oversized-graphic-t-shirt-midnight-roar
https://musclemind.com,8593877172473,Mens Oversized Graphic T-shirt,Men Tee,Musclemind activeleisure,46882713698553,L,8906189271106,1899.00,False,Sold Out,0,https://musclemind.com/products/mens-oversized-graphic-t-shirt-midnight-roar
https://musclemind.com,8593877172473,Mens Oversized Graphic T-shirt,Men Tee,Musclemind activeleisure,46882713731321,XL,8906189271113,1899.00,True,Available,14,https://musclemind.com/products/mens-oversized-graphic-t-shirt-midnight-roar
https://musclemind.com,8593877172473,Mens Oversized Graphic T-shirt,Men Tee,Musclemind activeleisure,46882713764089,XXL,8906189271120,1899.00,True,Available,1,https://musclemind.com/products/mens-oversized-graphic-t-shirt-midnight-roar
https://musclemind.com,8594341855481,Womens Cloud Ease Cargo Pants,Women Cargo,Musclemind activeleisure,46882712781049,XS,8906189271281,3599.00,True,Available,15,https://musclemind.com/products/womens-cloud-ease-cargo-pants-black
https://musclemind.com,8594341855481,Womens Cloud Ease Cargo Pants,Women Cargo,Musclemind activeleisure,46882712813817,S,8906189271298,3599.00,True,Available,32,https://musclemind.com/products/womens-cloud-ease-cargo-pants-black
https://musclemind.com,8594341855481,Womens Cloud Ease Cargo Pants,Women Cargo,Musclemind activeleisure,46882712846585,M,8906189271304,3599.00,True,Available,15,https://musclemind.com/products/womens-cloud-ease-cargo-pants-black
https://musclemind.com,8594341855481,Womens Cloud Ease Cargo Pants,Women Cargo,Musclemind activeleisure,46882712879353,L,8906189271311,3599.00,True,Available,26,https://musclemind.com/products/womens-cloud-ease-cargo-pants-black
https://musclemind.com,8594341855481,Womens Cloud Ease Cargo Pants,Women Cargo,Musclemind activeleisure,46882712912121,XL,8906189271328,3599.00,True,Available,7,https://musclemind.com/products/womens-cloud-ease-cargo-pants-black
https://musclemind.com,8592432726265,Mens Oversized Acid Wash T-Shirt,Men Tee,Musclemind activeleisure,46882713796857,S,8906189271038,2209.00,False,Sold Out,0,https://musclemind.com/products/mens-oversized-acid-wash-t-shirt-stormy-blue
https://musclemind.com,8592432726265,Mens Oversized Acid Wash T-Shirt,Men Tee,Musclemind activeleisure,46882713829625,M,8906189271045,2209.00,False,Sold Out,0,https://musclemind.com/products/mens-oversized-acid-wash-t-shirt-stormy-blue
https://musclemind.com,8592432726265,Mens Oversized Acid Wash T-Shirt,Men Tee,Musclemind activeleisure,46882713862393,L,8906189271052,2209.00,True,Available,5,https://musclemind.com/products/mens-oversized-acid-wash-t-shirt-stormy-blue
https://musclemind.com,8592432726265,Mens Oversized Acid Wash T-Shirt,Men Tee,Musclemind activeleisure,46882713895161,XL,8906189271069,2209.00,True,Available,4,https://musclemind.com/products/mens-oversized-acid-wash-t-shirt-stormy-blue
https://musclemind.com,8592432726265,Mens Oversized Acid Wash T-Shirt,Men Tee,Musclemind activeleisure,46882713927929,XXL,8906189271076,2209.00,False,Sold Out,0,https://musclemind.com/products/mens-oversized-acid-wash-t-shirt-stormy-blue
https://musclemind.com,8591258386681,Mens Oversized Acid Wash T-Shirt,Men Tee,Musclemind activeleisure,46882714484985,S,8906189270987,2209.00,False,Sold Out,0,https://musclemind.com/products/mens-oversized-acid-wash-t-shirt-volcano-grey
https://musclemind.com,8591258386681,Mens Oversized Acid Wash T-Shirt,Men Tee,Musclemind activeleisure,46882714517753,M,8906189270994,2209.00,False,Sold Out,0,https://musclemind.com/products/mens-oversized-acid-wash-t-shirt-volcano-grey
https://musclemind.com,8591258386681,Mens Oversized Acid Wash T-Shirt,Men Tee,Musclemind activeleisure,46882714550521,L,8906189271007,2209.00,False,Sold Out,0,https://musclemind.com/products/mens-oversized-acid-wash-t-shirt-volcano-grey
https://musclemind.com,8591258386681,Mens Oversized Acid Wash T-Shirt,Men Tee,Musclemind activeleisure,46882714583289,XL,8906189271014,2209.00,False,Sold Out,0,https://musclemind.com/products/mens-oversized-acid-wash-t-shirt-volcano-grey
https://musclemind.com,8591258386681,Mens Oversized Acid Wash T-Shirt,Men Tee,Musclemind activeleisure,46882714616057,XXL,8906189271021,2209.00,False,Sold Out,0,https://musclemind.com/products/mens-oversized-acid-wash-t-shirt-volcano-grey
https://musclemind.com,8592425550073,Womens Acid Wash Oversized T-shirt,Women Tee,Musclemind activeleisure,46882713960697,XS,8906189271533,2209.00,True,Available,4,https://musclemind.com/products/womens-acid-wash-oversized-t-shirt-green
https://musclemind.com,8592425550073,Womens Acid Wash Oversized T-shirt,Women Tee,Musclemind activeleisure,46882713993465,S,8906189271540,2209.00,True,Available,1,https://musclemind.com/products/womens-acid-wash-oversized-t-shirt-green
https://musclemind.com,8592425550073,Womens Acid Wash Oversized T-shirt,Women Tee,Musclemind activeleisure,46882714026233,M,8906189271557,2209.00,True,Available,2,https://musclemind.com/products/womens-acid-wash-oversized-t-shirt-green
https://musclemind.com,8592425550073,Womens Acid Wash Oversized T-shirt,Women Tee,Musclemind activeleisure,46882714059001,L,8906189271564,2209.00,True,Available,2,https://musclemind.com/products/womens-acid-wash-oversized-t-shirt-green
https://musclemind.com,8592425550073,Womens Acid Wash Oversized T-shirt,Women Tee,Musclemind activeleisure,46882714091769,XL,8906189271571,2209.00,True,Available,2,https://musclemind.com/products/womens-acid-wash-oversized-t-shirt-green
https://musclemind.com,8592417325305,Mens Oversized Graphic T-shirt,Men Tee,Musclemind activeleisure,46882714321145,S,8906189271137,1899.00,False,Sold Out,0,https://musclemind.com/products/mens-oversized-graphic-t-shirt-bone-white
https://musclemind.com,8592417325305,Mens Oversized Graphic T-shirt,Men Tee,Musclemind activeleisure,46882714353913,M,8906189271144,1899.00,True,Available,9,https://musclemind.com/products/mens-oversized-graphic-t-shirt-bone-white
https://musclemind.com,8592417325305,Mens Oversized Graphic T-shirt,Men Tee,Musclemind activeleisure,46882714386681,L,8906189271151,1899.00,True,Available,10,https://musclemind.com/products/mens-oversized-graphic-t-shirt-bone-white
https://musclemind.com,8592417325305,Mens Oversized Graphic T-shirt,Men Tee,Musclemind activeleisure,46882714419449,XL,8906189271168,1899.00,True,Available,16,https://musclemind.com/products/mens-oversized-graphic-t-shirt-bone-white
https://musclemind.com,8592417325305,Mens Oversized Graphic T-shirt,Men Tee,Musclemind activeleisure,46882714452217,XXL,8906189271175,1899.00,False,Sold Out,0,https://musclemind.com/products/mens-oversized-graphic-t-shirt-bone-white
https://musclemind.com,8592418668793,Womens Oversized Graphic T-Shirt,Women Tee,Musclemind activeleisure,46882714157305,XS,8906189271434,1899.00,True,Available,21,https://musclemind.com/products/womens-oversized-graphic-t-shirt-desert-dune
https://musclemind.com,8592418668793,Womens Oversized Graphic T-Shirt,Women Tee,Musclemind activeleisure,46882714190073,S,8906189271441,1899.00,True,Available,40,https://musclemind.com/products/womens-oversized-graphic-t-shirt-desert-dune
https://musclemind.com,8592418668793,Womens Oversized Graphic T-Shirt,Women Tee,Musclemind activeleisure,46882714222841,M,8906189271458,1899.00,True,Available,47,https://musclemind.com/products/womens-oversized-graphic-t-shirt-desert-dune
https://musclemind.com,8592418668793,Womens Oversized Graphic T-Shirt,Women Tee,Musclemind activeleisure,46882714255609,L,8906189271465,1899.00,True,Available,41,https://musclemind.com/products/womens-oversized-graphic-t-shirt-desert-dune
https://musclemind.com,8592418668793,Womens Oversized Graphic T-Shirt,Women Tee,Musclemind activeleisure,46882714288377,XL,8906189271472,1899.00,True,Available,15,https://musclemind.com/products/womens-oversized-graphic-t-shirt-desert-dune
https://musclemind.com,8591142420729,Womens Oversized Graphic T-Shirt,Women Tee,Musclemind activeleisure,46882714812665,XS,8906189271380,1899.00,True,Available,17,https://musclemind.com/products/womens-oversized-graphic-t-shirt-black
https://musclemind.com,8591142420729,Womens Oversized Graphic T-Shirt,Women Tee,Musclemind activeleisure,46882714845433,S,8906189271397,1899.00,True,Available,42,https://musclemind.com/products/womens-oversized-graphic-t-shirt-black
https://musclemind.com,8591142420729,Womens Oversized Graphic T-Shirt,Women Tee,Musclemind activeleisure,46882714878201,M,8906189271403,1899.00,True,Available,28,https://musclemind.com/products/womens-oversized-graphic-t-shirt-black
https://musclemind.com,8591142420729,Womens Oversized Graphic T-Shirt,Women Tee,Musclemind activeleisure,46882714910969,L,8906189271410,1899.00,True,Available,45,https://musclemind.com/products/womens-oversized-graphic-t-shirt-black
https://musclemind.com,8591142420729,Womens Oversized Graphic T-Shirt,Women Tee,Musclemind activeleisure,46882714943737,XL,8906189271427,1899.00,True,Available,17,https://musclemind.com/products/womens-oversized-graphic-t-shirt-black
https://musclemind.com,8499981058297,Seamless Compression Half Sleeve T-shirt,Compression,Musclemind activeleisure,48393019097337,XS,8906189275678,2599.00,True,Available,38,https://musclemind.com/products/seamless-compression-half-sleeve-t-shirt-off-white
https://musclemind.com,8499981058297,Seamless Compression Half Sleeve T-shirt,Compression,Musclemind activeleisure,46882715631865,S,8906189270185,2599.00,True,Available,90,https://musclemind.com/products/seamless-compression-half-sleeve-t-shirt-off-white
https://musclemind.com,8499981058297,Seamless Compression Half Sleeve T-shirt,Compression,Musclemind activeleisure,46882715664633,M,8906189270338,2599.00,True,Available,84,https://musclemind.com/products/seamless-compression-half-sleeve-t-shirt-off-white
https://musclemind.com,8499981058297,Seamless Compression Half Sleeve T-shirt,Compression,Musclemind activeleisure,46882715697401,L,8906189270345,2599.00,True,Available,37,https://musclemind.com/products/seamless-compression-half-sleeve-t-shirt-off-white
https://musclemind.com,8499981058297,Seamless Compression Half Sleeve T-shirt,Compression,Musclemind activeleisure,46882715730169,XL,8906189270352,2599.00,False,Sold Out,0,https://musclemind.com/products/seamless-compression-half-sleeve-t-shirt-off-white
https://musclemind.com,8499993936121,Vogue Polo Full Sleeves T-Shirt,Polo Women,Musclemind activeleisure,46882715304185,XS,8906189270710,999.00,True,Available,12,https://musclemind.com/products/vogue-polo-full-sleeves-t-shirt-grey
https://musclemind.com,8499993936121,Vogue Polo Full Sleeves T-Shirt,Polo Women,Musclemind activeleisure,46882715336953,S,8906189270727,999.00,True,Available,44,https://musclemind.com/products/vogue-polo-full-sleeves-t-shirt-grey
https://musclemind.com,8499993936121,Vogue Polo Full Sleeves T-Shirt,Polo Women,Musclemind activeleisure,46882715369721,M,8906189270734,999.00,True,Available,44,https://musclemind.com/products/vogue-polo-full-sleeves-t-shirt-grey
https://musclemind.com,8499993936121,Vogue Polo Full Sleeves T-Shirt,Polo Women,Musclemind activeleisure,46882715402489,L,8906189270741,999.00,False,Sold Out,0,https://musclemind.com/products/vogue-polo-full-sleeves-t-shirt-grey
https://musclemind.com,8499993936121,Vogue Polo Full Sleeves T-Shirt,Polo Women,Musclemind activeleisure,46882715435257,XL,8906189270758,999.00,False,Sold Out,0,https://musclemind.com/products/vogue-polo-full-sleeves-t-shirt-grey
https://musclemind.com,8500013269241,Vogue Polo Full Sleeves T-Shirt,Polo Women,Musclemind activeleisure,46882715140345,XS,8906189270871,999.00,True,Available,6,https://musclemind.com/products/vogue-polo-full-sleeves-t-shirt
https://musclemind.com,8500013269241,Vogue Polo Full Sleeves T-Shirt,Polo Women,Musclemind activeleisure,46882715173113,S,8906189270574,999.00,True,Available,36,https://musclemind.com/products/vogue-polo-full-sleeves-t-shirt
https://musclemind.com,8500013269241,Vogue Polo Full Sleeves T-Shirt,Polo Women,Musclemind activeleisure,46882715205881,M,8906189270581,999.00,True,Available,19,https://musclemind.com/products/vogue-polo-full-sleeves-t-shirt
https://musclemind.com,8500013269241,Vogue Polo Full Sleeves T-Shirt,Polo Women,Musclemind activeleisure,46882715238649,L,8906189270598,999.00,True,Available,8,https://musclemind.com/products/vogue-polo-full-sleeves-t-shirt
https://musclemind.com,8500013269241,Vogue Polo Full Sleeves T-Shirt,Polo Women,Musclemind activeleisure,46882715271417,XL,8906189270604,999.00,True,Available,10,https://musclemind.com/products/vogue-polo-full-sleeves-t-shirt
https://musclemind.com,8499966214393,Seamless Workout Leggings,Legging,Musclemind activeleisure,46882715926777,XS,8906189270475,999.00,True,Available,32,https://musclemind.com/products/seamless-workout-leggings-dark-mauve
https://musclemind.com,8499966214393,Seamless Workout Leggings,Legging,Musclemind activeleisure,46882715959545,S,8906189270482,999.00,True,Available,62,https://musclemind.com/products/seamless-workout-leggings-dark-mauve
https://musclemind.com,8499966214393,Seamless Workout Leggings,Legging,Musclemind activeleisure,46882715992313,M,8906189270499,999.00,True,Available,47,https://musclemind.com/products/seamless-workout-leggings-dark-mauve
https://musclemind.com,8499966214393,Seamless Workout Leggings,Legging,Musclemind activeleisure,46882716025081,L,8906189270505,999.00,True,Available,59,https://musclemind.com/products/seamless-workout-leggings-dark-mauve
https://musclemind.com,8499966214393,Seamless Workout Leggings,Legging,Musclemind activeleisure,46882716057849,XL,8906189270512,999.00,True,Available,27,https://musclemind.com/products/seamless-workout-leggings-dark-mauve
https://musclemind.com,8499987906809,Vogue Polo Full Sleeves T-Shirt,Polo Women,Musclemind activeleisure,46882715468025,XS,8906189270666,999.00,True,Available,1,https://musclemind.com/products/vogue-polo-full-sleeves-t-shirt-green
https://musclemind.com,8499987906809,Vogue Polo Full Sleeves T-Shirt,Polo Women,Musclemind activeleisure,46882715500793,S,8906189270673,999.00,True,Available,21,https://musclemind.com/products/vogue-polo-full-sleeves-t-shirt-green
https://musclemind.com,8499987906809,Vogue Polo Full Sleeves T-Shirt,Polo Women,Musclemind activeleisure,46882715533561,M,8906189270680,999.00,True,Available,18,https://musclemind.com/products/vogue-polo-full-sleeves-t-shirt-green
https://musclemind.com,8499987906809,Vogue Polo Full Sleeves T-Shirt,Polo Women,Musclemind activeleisure,46882715566329,L,8906189270697,999.00,False,Sold Out,0,https://musclemind.com/products/vogue-polo-full-sleeves-t-shirt-green
https://musclemind.com,8499987906809,Vogue Polo Full Sleeves T-Shirt,Polo Women,Musclemind activeleisure,46882715599097,XL,8906189270703,999.00,True,Available,7,https://musclemind.com/products/vogue-polo-full-sleeves-t-shirt-green
https://musclemind.com,8499975127289,Polo Full Sleeves T-Shirt,Polo Men,Musclemind activeleisure,46882715762937,S,8906189270161,999.00,False,Sold Out,0,https://musclemind.com/products/polo-full-sleeves-t-shirt-green
https://musclemind.com,8499975127289,Polo Full Sleeves T-Shirt,Polo Men,Musclemind activeleisure,46882715795705,M,8906189270260,999.00,False,Sold Out,0,https://musclemind.com/products/polo-full-sleeves-t-shirt-green
https://musclemind.com,8499975127289,Polo Full Sleeves T-Shirt,Polo Men,Musclemind activeleisure,46882715828473,L,8906189270277,999.00,False,Sold Out,0,https://musclemind.com/products/polo-full-sleeves-t-shirt-green
https://musclemind.com,8499975127289,Polo Full Sleeves T-Shirt,Polo Men,Musclemind activeleisure,46882715861241,XL,8906189270284,999.00,False,Sold Out,0,https://musclemind.com/products/polo-full-sleeves-t-shirt-green
https://musclemind.com,8499975127289,Polo Full Sleeves T-Shirt,Polo Men,Musclemind activeleisure,46882715894009,XXL,8906189270291,999.00,False,Sold Out,0,https://musclemind.com/products/polo-full-sleeves-t-shirt-green
https://musclemind.com,8499962773753,All Day Jogger,Joggers,Musclemind activeleisure,46882716090617,S,8906189270376,999.00,False,Sold Out,0,https://musclemind.com/products/all-day-jogger-black
https://musclemind.com,8499962773753,All Day Jogger,Joggers,Musclemind activeleisure,46882716123385,M,8906189270383,999.00,False,Sold Out,0,https://musclemind.com/products/all-day-jogger-black
https://musclemind.com,8499962773753,All Day Jogger,Joggers,Musclemind activeleisure,46882716156153,L,8906189270390,999.00,False,Sold Out,0,https://musclemind.com/products/all-day-jogger-black
https://musclemind.com,8499962773753,All Day Jogger,Joggers,Musclemind activeleisure,46882716188921,XL,8906189270406,999.00,True,Available,22,https://musclemind.com/products/all-day-jogger-black
https://musclemind.com,8499962773753,All Day Jogger,Joggers,Musclemind activeleisure,46882716221689,XXL,8906189270413,999.00,False,Sold Out,0,https://musclemind.com/products/all-day-jogger-black
https://musclemind.com,8497216454905,Seamless Sports Bra,Bra,Musclemind activeleisure,46882716254457,XS,8906189270819,999.00,True,Available,32,https://musclemind.com/products/seamless-sports-bra-jet-black
https://musclemind.com,8497216454905,Seamless Sports Bra,Bra,Musclemind activeleisure,46882716287225,S,8906189270826,999.00,True,Available,37,https://musclemind.com/products/seamless-sports-bra-jet-black
https://musclemind.com,8497216454905,Seamless Sports Bra,Bra,Musclemind activeleisure,46882716319993,M,8906189270833,999.00,False,Sold Out,0,https://musclemind.com/products/seamless-sports-bra-jet-black
https://musclemind.com,8497216454905,Seamless Sports Bra,Bra,Musclemind activeleisure,46882716352761,L,8906189270840,999.00,True,Available,11,https://musclemind.com/products/seamless-sports-bra-jet-black
https://musclemind.com,8497216454905,Seamless Sports Bra,Bra,Musclemind activeleisure,46882716385529,XL,8906189270857,999.00,False,Sold Out,0,https://musclemind.com/products/seamless-sports-bra-jet-black
https://musclemind.com,8497215308025,Seamless Workout Leggings,Legging,Musclemind activeleisure,46882716418297,XS,8906189270529,999.00,True,Available,35,https://musclemind.com/products/seamless-workout-leggings-jet-black
https://musclemind.com,8497215308025,Seamless Workout Leggings,Legging,Musclemind activeleisure,46882716451065,S,8906189270536,999.00,True,Available,63,https://musclemind.com/products/seamless-workout-leggings-jet-black
https://musclemind.com,8497215308025,Seamless Workout Leggings,Legging,Musclemind activeleisure,46882716483833,M,8906189270543,999.00,True,Available,18,https://musclemind.com/products/seamless-workout-leggings-jet-black
https://musclemind.com,8497215308025,Seamless Workout Leggings,Legging,Musclemind activeleisure,46882716516601,L,8906189270550,999.00,True,Available,35,https://musclemind.com/products/seamless-workout-leggings-jet-black
https://musclemind.com,8497215308025,Seamless Workout Leggings,Legging,Musclemind activeleisure,46882716549369,XL,8906189270567,999.00,True,Available,19,https://musclemind.com/products/seamless-workout-leggings-jet-black
https://musclemind.com,8497213997305,Polo Full Sleeves T-Shirt,Polo Men,Musclemind activeleisure,46882716745977,S,8906189270147,999.00,True,Available,4,https://musclemind.com/products/polo-full-sleeves-t-shirt-black
https://musclemind.com,8497213997305,Polo Full Sleeves T-Shirt,Polo Men,Musclemind activeleisure,46882716778745,M,8906189270192,999.00,True,Available,5,https://musclemind.com/products/polo-full-sleeves-t-shirt-black
https://musclemind.com,8497213997305,Polo Full Sleeves T-Shirt,Polo Men,Musclemind activeleisure,46882716811513,L,8906189270208,999.00,True,Available,13,https://musclemind.com/products/polo-full-sleeves-t-shirt-black
https://musclemind.com,8497213997305,Polo Full Sleeves T-Shirt,Polo Men,Musclemind activeleisure,46882716844281,XL,8906189270215,999.00,True,Available,23,https://musclemind.com/products/polo-full-sleeves-t-shirt-black
https://musclemind.com,8497213997305,Polo Full Sleeves T-Shirt,Polo Men,Musclemind activeleisure,46882716877049,XXL,8906189270222,999.00,True,Available,9,https://musclemind.com/products/polo-full-sleeves-t-shirt-black
https://musclemind.com,8497213767929,All Day Jogger,Joggers,Musclemind activeleisure,46882716909817,S,8906189270420,999.00,False,Sold Out,0,https://musclemind.com/products/all-day-jogger-grey
https://musclemind.com,8497213767929,All Day Jogger,Joggers,Musclemind activeleisure,46882716942585,M,8906189270437,999.00,False,Sold Out,0,https://musclemind.com/products/all-day-jogger-grey
https://musclemind.com,8497213767929,All Day Jogger,Joggers,Musclemind activeleisure,46882716975353,L,8906189270444,999.00,False,Sold Out,0,https://musclemind.com/products/all-day-jogger-grey
https://musclemind.com,8497213767929,All Day Jogger,Joggers,Musclemind activeleisure,46882717008121,XL,8906189270451,999.00,True,Available,27,https://musclemind.com/products/all-day-jogger-grey
https://musclemind.com,8497213767929,All Day Jogger,Joggers,Musclemind activeleisure,46882717040889,XXL,8906189270468,999.00,True,Available,13,https://musclemind.com/products/all-day-jogger-grey
https://musclemind.com,8553600385273,Seamless Sports Bra,Bra,Musclemind activeleisure,46882714976505,XS,8906189270765,999.00,True,Available,37,https://musclemind.com/products/seamless-sports-bra-dark-mauve
https://musclemind.com,8553600385273,Seamless Sports Bra,Bra,Musclemind activeleisure,46882715009273,S,8906189270772,999.00,True,Available,51,https://musclemind.com/products/seamless-sports-bra-dark-mauve
https://musclemind.com,8553600385273,Seamless Sports Bra,Bra,Musclemind activeleisure,46882715042041,M,8906189270789,999.00,False,Sold Out,0,https://musclemind.com/products/seamless-sports-bra-dark-mauve
https://musclemind.com,8553600385273,Seamless Sports Bra,Bra,Musclemind activeleisure,46882715074809,L,8906189270796,999.00,True,Available,14,https://musclemind.com/products/seamless-sports-bra-dark-mauve
https://musclemind.com,8553600385273,Seamless Sports Bra,Bra,Musclemind activeleisure,46882715107577,XL,8906189270802,999.00,False,Sold Out,0,https://musclemind.com/products/seamless-sports-bra-dark-mauve
https://musclemind.com,8497200988409,Vogue Polo Full Sleeves T-Shirt,Polo Women,Musclemind activeleisure,46882717073657,XS,8906189270611,999.00,True,Available,13,https://musclemind.com/products/vogue-polo-full-sleeves-t-shirt-black
https://musclemind.com,8497200988409,Vogue Polo Full Sleeves T-Shirt,Polo Women,Musclemind activeleisure,46882717106425,S,8906189270628,999.00,True,Available,39,https://musclemind.com/products/vogue-polo-full-sleeves-t-shirt-black
https://musclemind.com,8497200988409,Vogue Polo Full Sleeves T-Shirt,Polo Women,Musclemind activeleisure,46882717139193,M,8906189270635,999.00,True,Available,7,https://musclemind.com/products/vogue-polo-full-sleeves-t-shirt-black
https://musclemind.com,8497200988409,Vogue Polo Full Sleeves T-Shirt,Polo Women,Musclemind activeleisure,46882717171961,L,8906189270642,999.00,True,Available,10,https://musclemind.com/products/vogue-polo-full-sleeves-t-shirt-black
https://musclemind.com,8497200988409,Vogue Polo Full Sleeves T-Shirt,Polo Women,Musclemind activeleisure,46882717204729,XL,8906189270659,999.00,False,Sold Out,0,https://musclemind.com/products/vogue-polo-full-sleeves-t-shirt-black
