date,store_name,product_name,size,sku,price,units_sold,units_restocked,estimated_revenue,stock_remaining_today,product_url
2026-08-25,Cava Athleisure,Cherry Heartline Sports Bra,XS,WSB3918RDXS,1399.0,0,1,0.0,1,https://cavaathleisure.com/products/cherry-heartline-sports-bra
2026-08-25,Cava Athleisure,Brown Trailscape Tracks,32,MJR5410BNM,2049.0,1,0,2049.0,11,https://cavaathleisure.com/products/brown-trailscape-tracks
2026-08-25,Cava Athleisure,Brown Hourglass Booty Shorts,XS,WSH0845BNXS,1099.0,1,0,1099.0,37,https://cavaathleisure.com/products/brown-hourglass-booty-shorts
2026-08-25,Cava Athleisure,Brown Hourglass Booty Shorts,S,WSH0845BNS,1099.0,1,0,1099.0,112,https://cavaathleisure.com/products/brown-hourglass-booty-shorts
2026-08-25,Cava Athleisure,Brown Hourglass Booty Shorts,M,WSH0845BNM,1099.0,1,0,1099.0,28,https://cavaathleisure.com/products/brown-hourglass-booty-shorts
2026-08-25,Cava Athleisure,Coral Sculpt Crew Top,L,WTP0218ORL,899.0,0,1,0.0,110,https://cavaathleisure.com/products/coral-sculpt-crew-top
2026-08-25,Cava Athleisure,Mint Sculpt Crew Top,S,WTP0218GRS,899.0,1,0,899.0,174,https://cavaathleisure.com/products/mint-sculpt-crew-top
2026-08-25,Cava Athleisure,Coral Sculpt Core Top,S,WTP0118ORS,799.0,0,2,0.0,129,https://cavaathleisure.com/products/coral-sculpt-core-top
2026-08-25,Cava Athleisure,Coral Sculpt Core Top,M,WTP0118ORM,799.0,0,1,0.0,33,https://cavaathleisure.com/products/coral-sculpt-core-top
2026-08-25,Cava Athleisure,Mint Sculpt Booty Shorts,S,WSH0418GRS,999.0,2,0,1998.0,244,https://cavaathleisure.com/products/mint-sculpt-booty-shorts
2026-08-25,Cava Athleisure,Pink Sculpt Crew Top,S,WTP0218PNS,899.0,2,0,1798.0,50,https://cavaathleisure.com/products/pink-sculpt-crew-top
2026-08-25,Cava Athleisure,Pink Sculpt Crew Top,M,WTP0218PNM,899.0,3,0,2697.0,6,https://cavaathleisure.com/products/pink-sculpt-crew-top
2026-08-25,Cava Athleisure,Pink Sculpt Core Top,XS,WTP0118PNXS,799.0,1,0,799.0,1,https://cavaathleisure.com/products/pink-sculpt-core-top
2026-08-25,Cava Athleisure,Pink Sculpt Core Leggings,XS,WLG0218PNXS,1199.0,28,0,33572.0,20,https://cavaathleisure.com/products/pink-sculpt-core-leggings
2026-08-25,Cava Athleisure,Pink Sculpt Core Leggings,S,WLG0218PNS,1199.0,137,0,164263.0,20,https://cavaathleisure.com/products/pink-sculpt-core-leggings
2026-08-25,Cava Athleisure,Pink Sculpt Core Leggings,M,WLG0218PNM,1199.0,157,0,188243.0,1,https://cavaathleisure.com/products/pink-sculpt-core-leggings
2026-08-25,Cava Athleisure,Pink Sculpt Core Leggings,L,WLG0218PNL,1199.0,91,0,109109.0,1,https://cavaathleisure.com/products/pink-sculpt-core-leggings
2026-08-25,Cava Athleisure,Pink Sculpt Core Leggings,XL,WLG0218PNXL,1199.0,44,0,52756.0,1,https://cavaathleisure.com/products/pink-sculpt-core-leggings
2026-08-25,Cava Athleisure,Pink Sculpt Core Leggings,XXL,WLG0218PNXXL,1199.0,38,0,45562.0,1,https://cavaathleisure.com/products/pink-sculpt-core-leggings
2026-08-25,Cava Athleisure,Pink Sculpt Bootcut Leggings,XS,WFP0118PNXS,1299.0,1,0,1299.0,0,https://cavaathleisure.com/products/pink-sculpt-bootcut-leggings
2026-08-25,Cava Athleisure,Pink Sculpt Bootcut Leggings,XS,WFP01T18PNS,1299.0,10,0,12990.0,20,https://cavaathleisure.com/products/pink-sculpt-bootcut-leggings
2026-08-25,Cava Athleisure,Pink Sculpt Bootcut Leggings,S,WFP0118PNS,1299.0,36,0,46764.0,1,https://cavaathleisure.com/products/pink-sculpt-bootcut-leggings
2026-08-25,Cava Athleisure,Pink Sculpt Bootcut Leggings,S,WFP01T18PNS,1299.0,28,0,36372.0,1,https://cavaathleisure.com/products/pink-sculpt-bootcut-leggings
2026-08-25,Cava Athleisure,Pink Sculpt Bootcut Leggings,M,WFP0118PNM,1299.0,64,0,83136.0,1,https://cavaathleisure.com/products/pink-sculpt-bootcut-leggings
2026-08-25,Cava Athleisure,Pink Sculpt Bootcut Leggings,M,WFP01T18PNM,1299.0,41,0,53259.0,1,https://cavaathleisure.com/products/pink-sculpt-bootcut-leggings
2026-08-25,Cava Athleisure,Pink Sculpt Bootcut Leggings,L,WFP0118PNL,1299.0,61,0,79239.0,1,https://cavaathleisure.com/products/pink-sculpt-bootcut-leggings
2026-08-25,Cava Athleisure,Pink Sculpt Bootcut Leggings,L,WFP01T18PNL,1299.0,86,0,111714.0,1,https://cavaathleisure.com/products/pink-sculpt-bootcut-leggings
2026-08-25,Cava Athleisure,Pink Sculpt Bootcut Leggings,XL,WFP0118PNXL,1299.0,28,0,36372.0,1,https://cavaathleisure.com/products/pink-sculpt-bootcut-leggings
2026-08-25,Cava Athleisure,Pink Sculpt Bootcut Leggings,XL,WFP01T18PNXL,1299.0,118,0,153282.0,1,https://cavaathleisure.com/products/pink-sculpt-bootcut-leggings
2026-08-25,Cava Athleisure,Pink Sculpt Bootcut Leggings,XXL,WFP0118PNXXL,1299.0,6,0,7794.0,1,https://cavaathleisure.com/products/pink-sculpt-bootcut-leggings
2026-08-25,Cava Athleisure,Pink Sculpt Bootcut Leggings,XXL,WFP01T18PNXXL,1299.0,24,0,31176.0,1,https://cavaathleisure.com/products/pink-sculpt-bootcut-leggings
2026-08-25,Cava Athleisure,Wine Hyper Mesh Sports Bra,XS,WSB102RDXS,1499.0,1,0,1499.0,8,https://cavaathleisure.com/products/wine-hyper-mesh-sports-bra
2026-08-25,Cava Athleisure,Wine Hyper Mesh Sports Bra,M,WSB102RDM,1499.0,1,0,1499.0,0,https://cavaathleisure.com/products/wine-hyper-mesh-sports-bra
2026-08-25,Cava Athleisure,Wine Hyper Mesh Sports Bra,XXL,WSB102RDXXL,1499.0,1,0,1499.0,1,https://cavaathleisure.com/products/wine-hyper-mesh-sports-bra
2026-08-25,Cava Athleisure,Cava Next Gen Card,Default Title,Cava-Next-Gen-Card,0.0,21736,0,0.0,999,https://cavaathleisure.com/products/cava-next-gen-card
2026-08-25,Cava Athleisure,Cherry Next Gen Swirl Skorts,12-13Y,GSK11145RD12-13Y,1299.0,10,0,12990.0,1,https://cavaathleisure.com/products/cherry-next-gen-swirl-skorts
2026-08-25,Cava Athleisure,Cherry Next Gen Swirl Skorts,14+Y,GSK11145RD14-Y,1299.0,34,0,44166.0,1,https://cavaathleisure.com/products/cherry-next-gen-swirl-skorts
2026-08-25,Cava Athleisure,Pink Next Gen Swirl Skorts,14+Y,GSK11145PN14-Y,1299.0,29,0,37671.0,1,https://cavaathleisure.com/products/pink-next-gen-swirl-skorts
2026-08-25,Cava Athleisure,Steel Blue Next Gen Swirl Skorts,12-13Y,GSK11145BL12-13Y,1299.0,16,0,20784.0,1,https://cavaathleisure.com/products/steel-blue-next-gen-swirl-skorts
2026-08-25,Cava Athleisure,Steel Blue Next Gen Swirl Skorts,14+Y,GSK11145BL14-Y,1299.0,40,0,51960.0,1,https://cavaathleisure.com/products/steel-blue-next-gen-swirl-skorts
2026-08-25,Cava Athleisure,Black Next Gen Swirl Skorts,14+Y,GSK11145BK14-Y,1299.0,20,0,25980.0,1,https://cavaathleisure.com/products/black-next-gen-swirl-skorts
2026-08-25,Cava Athleisure,Ivory Next Gen Swirl Skorts,10-11Y,GSK11145WH10-11Y,1299.0,5,0,6495.0,1,https://cavaathleisure.com/products/ivory-next-gen-swirl-skorts
2026-08-25,Cava Athleisure,Ivory Next Gen Swirl Skorts,12-13Y,GSK11145WH12-13Y,1299.0,22,0,28578.0,1,https://cavaathleisure.com/products/ivory-next-gen-swirl-skorts
2026-08-25,Cava Athleisure,Ivory Next Gen Swirl Skorts,14+Y,GSK11145WH14-Y,1299.0,51,0,66249.0,1,https://cavaathleisure.com/products/ivory-next-gen-swirl-skorts
2026-08-25,Cava Athleisure,Cherry Next Gen Active Jacket,10-11Y,GJK11245RD10-11Y,1599.0,8,0,12792.0,1,https://cavaathleisure.com/products/cherry-next-gen-sculptor-jacket
2026-08-25,Cava Athleisure,Cherry Next Gen Active Jacket,12-13Y,GJK11245RD12-13Y,1599.0,22,0,35178.0,1,https://cavaathleisure.com/products/cherry-next-gen-sculptor-jacket
2026-08-25,Cava Athleisure,Cherry Next Gen Active Jacket,14+Y,GJK11245RD14-Y,1599.0,43,0,68757.0,1,https://cavaathleisure.com/products/cherry-next-gen-sculptor-jacket
2026-08-25,Cava Athleisure,Pink Next Gen Active Jacket,10-11Y,GJK11245PN10-11Y,1599.0,2,0,3198.0,1,https://cavaathleisure.com/products/blush-pink-next-gen-sculptor-jacket
2026-08-25,Cava Athleisure,Pink Next Gen Active Jacket,12-13Y,GJK11245PN12-13Y,1599.0,3,0,4797.0,1,https://cavaathleisure.com/products/blush-pink-next-gen-sculptor-jacket
2026-08-25,Cava Athleisure,Pink Next Gen Active Jacket,14+Y,GJK11245PN14-Y,1599.0,28,0,44772.0,1,https://cavaathleisure.com/products/blush-pink-next-gen-sculptor-jacket
2026-08-25,Cava Athleisure,Steel Blue Next Gen Active Jacket,10-11Y,GJK11245BL10-11Y,1599.0,21,0,33579.0,1,https://cavaathleisure.com/products/steel-blue-next-gen-sculptor-jacket
2026-08-25,Cava Athleisure,Steel Blue Next Gen Active Jacket,12-13Y,GJK11245BL12-13Y,1599.0,31,0,49569.0,1,https://cavaathleisure.com/products/steel-blue-next-gen-sculptor-jacket
2026-08-25,Cava Athleisure,Steel Blue Next Gen Active Jacket,14+Y,GJK11245BL14-Y,1599.0,49,0,78351.0,1,https://cavaathleisure.com/products/steel-blue-next-gen-sculptor-jacket
2026-08-25,Cava Athleisure,Black Next Gen Active Jacket,10-11Y,GJK11245BK10-11Y,1599.0,26,0,41574.0,1,https://cavaathleisure.com/products/black-next-gen-sculptor-jacket
2026-08-25,Cava Athleisure,Black Next Gen Active Jacket,12-13Y,GJK11245BK12-13Y,1599.0,18,0,28782.0,1,https://cavaathleisure.com/products/black-next-gen-sculptor-jacket
2026-08-25,Cava Athleisure,Black Next Gen Active Jacket,14+Y,GJK11245BK14-Y,1599.0,36,0,57564.0,1,https://cavaathleisure.com/products/black-next-gen-sculptor-jacket
2026-08-25,Cava Athleisure,Ivory Next Gen Active Jacket,10-11Y,GJK11245WH10-11Y,1599.0,29,0,46371.0,1,https://cavaathleisure.com/products/ivory-next-gen-sculptor-jacket
2026-08-25,Cava Athleisure,Ivory Next Gen Active Jacket,12-13Y,GJK11245WH12-13Y,1599.0,35,0,55965.0,1,https://cavaathleisure.com/products/ivory-next-gen-sculptor-jacket
2026-08-25,Cava Athleisure,Ivory Next Gen Active Jacket,14+Y,GJK11245WH14-Y,1599.0,45,0,71955.0,1,https://cavaathleisure.com/products/ivory-next-gen-sculptor-jacket
2026-08-25,Cava Athleisure,Cherry Hourglass Booty Shorts,S,WSH0818RDS,1099.0,76,0,83524.0,1,https://cavaathleisure.com/products/cherry-hourglass-booty-shorts
2026-08-25,Cava Athleisure,Cherry Hourglass Booty Shorts,M,WSH0818RDM,1099.0,53,0,58247.0,1,https://cavaathleisure.com/products/cherry-hourglass-booty-shorts
2026-08-25,Cava Athleisure,Cherry Hourglass Booty Shorts,L,WSH0818RDL,1099.0,36,0,39564.0,1,https://cavaathleisure.com/products/cherry-hourglass-booty-shorts
2026-08-25,Cava Athleisure,Cherry Hourglass Booty Shorts,XL,WSH0818RDXL,1099.0,0,1,0.0,1,https://cavaathleisure.com/products/cherry-hourglass-booty-shorts
2026-08-25,Cava Athleisure,Cherry Hourglass Booty Shorts,XXL,WSH0818RDXXL,1099.0,4,0,4396.0,1,https://cavaathleisure.com/products/cherry-hourglass-booty-shorts
2026-08-25,Cava Athleisure,Cherry Pleated Mini Dress,XS,WDR4918RDXS,2049.0,62,0,127038.0,1,https://cavaathleisure.com/products/cherry-pleated-mini-dress
2026-08-25,Cava Athleisure,Cherry Pleated Mini Dress,S,WDR4918RDS,2049.0,87,0,178263.0,1,https://cavaathleisure.com/products/cherry-pleated-mini-dress
2026-08-25,Cava Athleisure,Cherry Pleated Mini Dress,M,WDR4918RDM,2049.0,52,0,106548.0,1,https://cavaathleisure.com/products/cherry-pleated-mini-dress
2026-08-25,Cava Athleisure,Cherry Pleated Mini Dress,L,WDR4918RDL,2049.0,19,0,38931.0,1,https://cavaathleisure.com/products/cherry-pleated-mini-dress
2026-08-25,Cava Athleisure,Cherry Pleated Mini Dress,XL,WDR4918RDXL,2049.0,7,0,14343.0,1,https://cavaathleisure.com/products/cherry-pleated-mini-dress
2026-08-25,Cava Athleisure,Green Pleated Mini Dress,XS,WDR4918GRXS,2049.0,68,0,139332.0,1,https://cavaathleisure.com/products/green-pleated-mini-dress
2026-08-25,Cava Athleisure,Green Pleated Mini Dress,S,WDR4918GRS,2049.0,103,0,211047.0,1,https://cavaathleisure.com/products/green-pleated-mini-dress
2026-08-25,Cava Athleisure,Green Pleated Mini Dress,M,WDR4918GRM,2049.0,85,0,174165.0,1,https://cavaathleisure.com/products/green-pleated-mini-dress
2026-08-25,Cava Athleisure,Green Pleated Mini Dress,L,WDR4918GRL,2049.0,34,0,69666.0,1,https://cavaathleisure.com/products/green-pleated-mini-dress
2026-08-25,Cava Athleisure,Green Pleated Mini Dress,XL,WDR4918GRXL,2049.0,20,0,40980.0,1,https://cavaathleisure.com/products/green-pleated-mini-dress
2026-08-25,Cava Athleisure,Green Pleated Mini Dress,XXL,WDR4918GRXXL,2049.0,3,0,6147.0,1,https://cavaathleisure.com/products/green-pleated-mini-dress
2026-08-25,Cava Athleisure,Black Pleated Mini Dress,XS,WDR4918BKXS,2049.0,64,0,131136.0,1,https://cavaathleisure.com/products/black-pleated-mini-dress
2026-08-25,Cava Athleisure,Black Pleated Mini Dress,S,WDR4918BKS,2049.0,90,0,184410.0,1,https://cavaathleisure.com/products/black-pleated-mini-dress
2026-08-25,Cava Athleisure,Black Pleated Mini Dress,M,WDR4918BKM,2049.0,73,0,149577.0,1,https://cavaathleisure.com/products/black-pleated-mini-dress
2026-08-25,Cava Athleisure,Black Pleated Mini Dress,L,WDR4918BKL,2049.0,35,0,71715.0,1,https://cavaathleisure.com/products/black-pleated-mini-dress
2026-08-25,Cava Athleisure,Black Pleated Mini Dress,XL,WDR4918BKXL,2049.0,12,0,24588.0,1,https://cavaathleisure.com/products/black-pleated-mini-dress
2026-08-25,Cava Athleisure,Cherry Pintuck Flared Pants,XS,WFP5218RDXS,1499.0,26,0,38974.0,1,https://cavaathleisure.com/products/cherry-pintuck-flared-pants
2026-08-25,Cava Athleisure,Cherry Pintuck Flared Pants,S,WFP5218RDS,1499.0,53,0,79447.0,1,https://cavaathleisure.com/products/cherry-pintuck-flared-pants
2026-08-25,Cava Athleisure,Cherry Pintuck Flared Pants,M,WFP5218RDM,1499.0,75,0,112425.0,1,https://cavaathleisure.com/products/cherry-pintuck-flared-pants
2026-08-25,Cava Athleisure,Cherry Pintuck Flared Pants,L,WFP5218RDL,1499.0,30,0,44970.0,1,https://cavaathleisure.com/products/cherry-pintuck-flared-pants
2026-08-25,Cava Athleisure,Cherry Pintuck Flared Pants,XL,WFP5218RDXL,1499.0,17,0,25483.0,1,https://cavaathleisure.com/products/cherry-pintuck-flared-pants
2026-08-25,Cava Athleisure,Cherry Pintuck Flared Pants,XXL,WFP5218RDXXL,1499.0,4,0,5996.0,1,https://cavaathleisure.com/products/cherry-pintuck-flared-pants
2026-08-25,Cava Athleisure,Green Pintuck Flared Pants,XS,WFP5218GRXS,1499.0,23,0,34477.0,1,https://cavaathleisure.com/products/green-pintuck-flared-pants
2026-08-25,Cava Athleisure,Green Pintuck Flared Pants,S,WFP5218GRS,1499.0,56,0,83944.0,1,https://cavaathleisure.com/products/green-pintuck-flared-pants
2026-08-25,Cava Athleisure,Green Pintuck Flared Pants,M,WFP5218GRM,1499.0,79,0,118421.0,1,https://cavaathleisure.com/products/green-pintuck-flared-pants
2026-08-25,Cava Athleisure,Green Pintuck Flared Pants,L,WFP5218GRL,1499.0,46,0,68954.0,1,https://cavaathleisure.com/products/green-pintuck-flared-pants
2026-08-25,Cava Athleisure,Green Pintuck Flared Pants,XL,WFP5218GRXL,1499.0,25,0,37475.0,1,https://cavaathleisure.com/products/green-pintuck-flared-pants
2026-08-25,Cava Athleisure,Green Pintuck Flared Pants,XXL,WFP5218GRXXL,1499.0,10,0,14990.0,1,https://cavaathleisure.com/products/green-pintuck-flared-pants
2026-08-25,Cava Athleisure,Black Pintuck Flared Pants,XS,WFP5218BKXS,1499.0,5,0,7495.0,1,https://cavaathleisure.com/products/black-pintuck-flared-pants
2026-08-25,Cava Athleisure,Black Pintuck Flared Pants,M,WFP5218BKM,1499.0,14,0,20986.0,1,https://cavaathleisure.com/products/black-pintuck-flared-pants
2026-08-25,Cava Athleisure,Black Club Corset Top,XS,WTP4818BKXS,1249.0,9,0,11241.0,1,https://cavaathleisure.com/products/black-club-corset-top
2026-08-25,Cava Athleisure,Black Club Corset Top,S,WTP4818BKS,1249.0,73,0,91177.0,1,https://cavaathleisure.com/products/black-club-corset-top
2026-08-25,Cava Athleisure,Black Club Corset Top,M,WTP4818BKM,1249.0,72,0,89928.0,1,https://cavaathleisure.com/products/black-club-corset-top
2026-08-25,Cava Athleisure,Black Club Corset Top,L,WTP4818BKL,1249.0,10,0,12490.0,1,https://cavaathleisure.com/products/black-club-corset-top
2026-08-25,Cava Athleisure,Black Club Corset Top,XL,WTP4818BKXL,1249.0,7,0,8743.0,1,https://cavaathleisure.com/products/black-club-corset-top
2026-08-25,Cava Athleisure,Cherry Club Corset Top,XS,WTP4818RDXS,1249.0,6,0,7494.0,1,https://cavaathleisure.com/products/cherry-club-corset-top
2026-08-25,Cava Athleisure,Cherry Club Corset Top,S,WTP4818RDS,1249.0,43,0,53707.0,1,https://cavaathleisure.com/products/cherry-club-corset-top
2026-08-25,Cava Athleisure,Cherry Club Corset Top,M,WTP4818RDM,1249.0,41,0,51209.0,1,https://cavaathleisure.com/products/cherry-club-corset-top
2026-08-25,Cava Athleisure,Cherry Club Corset Top,L,WTP4818RDL,1249.0,16,0,19984.0,1,https://cavaathleisure.com/products/cherry-club-corset-top
2026-08-25,Cava Athleisure,Green Club Corset Top,XS,WTP4818GRXS,1249.0,21,0,26229.0,1,https://cavaathleisure.com/products/green-club-corset-top
2026-08-25,Cava Athleisure,Green Club Corset Top,S,WTP4818GRS,1249.0,85,0,106165.0,1,https://cavaathleisure.com/products/green-club-corset-top
2026-08-25,Cava Athleisure,Green Club Corset Top,M,WTP4818GRM,1249.0,76,0,94924.0,1,https://cavaathleisure.com/products/green-club-corset-top
2026-08-25,Cava Athleisure,Green Club Corset Top,L,WTP4818GRL,1249.0,45,0,56205.0,1,https://cavaathleisure.com/products/green-club-corset-top
2026-08-25,Cava Athleisure,Green Club Corset Top,XL,WTP4818GRXL,1249.0,7,0,8743.0,1,https://cavaathleisure.com/products/green-club-corset-top
2026-08-25,Cava Athleisure,Green Club Corset Top,XXL,WTP4818GRXXL,1249.0,1,0,1249.0,1,https://cavaathleisure.com/products/green-club-corset-top
2026-08-25,Cava Athleisure,Lilac Hourglass Booty Shorts,S,WSH0845PUS,1099.0,33,0,36267.0,1,https://cavaathleisure.com/products/lilac-hourglass-booty-shorts
2026-08-25,Cava Athleisure,Lilac Hourglass Booty Shorts,L,WSH0845PUL,1099.0,1,0,1099.0,1,https://cavaathleisure.com/products/lilac-hourglass-booty-shorts
2026-08-25,Cava Athleisure,Cherry Hourglass Snug Leggings,XS,WLG1018RDXS,1299.0,10,0,12990.0,1,https://cavaathleisure.com/products/cherry-hourglass-snug-leggings
2026-08-25,Cava Athleisure,Cherry Hourglass Snug Leggings,S,WLG1018RDS,1299.0,36,0,46764.0,1,https://cavaathleisure.com/products/cherry-hourglass-snug-leggings
2026-08-25,Cava Athleisure,Toasted ADPT™ Wrap Top,S,WTP10245BNS,1299.0,1,0,1299.0,0,https://cavaathleisure.com/products/toasted-adpt-wrap-top
2026-08-25,Cava Athleisure,Toasted ADPT™ Wrap Top,XXL,WTP10245BNXXL,1299.0,1,0,1299.0,1,https://cavaathleisure.com/products/toasted-adpt-wrap-top
2026-08-25,Cava Athleisure,Ruby Hourglass Booty Shorts,XS,WSH0845RDXS,1099.0,20,0,21980.0,1,https://cavaathleisure.com/products/ruby-hourglass-booty-shorts
2026-08-25,Cava Athleisure,Ruby Hourglass Booty Shorts,S,WSH0845RDS,1099.0,60,0,65940.0,1,https://cavaathleisure.com/products/ruby-hourglass-booty-shorts
2026-08-25,Cava Athleisure,Ruby Hourglass Booty Shorts,M,WSH0845RDM,1099.0,2,0,2198.0,1,https://cavaathleisure.com/products/ruby-hourglass-booty-shorts
2026-08-25,Cava Athleisure,Ruby Hourglass Booty Shorts,L,WSH0845RDL,1099.0,1,0,1099.0,1,https://cavaathleisure.com/products/ruby-hourglass-booty-shorts
2026-08-25,Cava Athleisure,Cherry Hourglass Flared Leggings,XS,WFPACU0218RDXS,1429.0,10,0,14290.0,1,https://cavaathleisure.com/products/cherry-hourglass-flared-leggings
2026-08-25,Cava Athleisure,Cherry Hourglass Flared Leggings,XS,WFPACU0418RDXS,1429.0,21,0,30009.0,1,https://cavaathleisure.com/products/cherry-hourglass-flared-leggings
2026-08-25,Cava Athleisure,Cherry Hourglass Flared Leggings,S,WFPACU0218RDS,1429.0,2,0,2858.0,0,https://cavaathleisure.com/products/cherry-hourglass-flared-leggings
2026-08-25,Cava Athleisure,Cherry Hourglass Flared Leggings,M,WFPACU0418RDM,1429.0,14,0,20006.0,1,https://cavaathleisure.com/products/cherry-hourglass-flared-leggings
2026-08-25,Cava Athleisure,Cherry Hourglass Flared Leggings,L,WFPACU0218RDL,1429.0,4,0,5716.0,1,https://cavaathleisure.com/products/cherry-hourglass-flared-leggings
2026-08-25,Cava Athleisure,Cherry Hourglass Flared Leggings,L,WFPACU0418RDL,1429.0,5,0,7145.0,1,https://cavaathleisure.com/products/cherry-hourglass-flared-leggings
2026-08-25,Cava Athleisure,Cherry Hourglass Flared Leggings,XL,WFPACU0218RDXL,1429.0,25,0,35725.0,1,https://cavaathleisure.com/products/cherry-hourglass-flared-leggings
2026-08-25,Cava Athleisure,Cherry Hourglass Flared Leggings,XL,WFPACU0418RDXL,1429.0,20,0,28580.0,1,https://cavaathleisure.com/products/cherry-hourglass-flared-leggings
2026-08-25,Cava Athleisure,Cherry Hourglass Flared Leggings,XXL,WFPACU0418RDXXL,1429.0,22,0,31438.0,1,https://cavaathleisure.com/products/cherry-hourglass-flared-leggings
2026-08-25,Cava Athleisure,Lilac ADPT™ Wrap Top,XS,WTP10245PUXS,1299.0,68,0,88332.0,1,https://cavaathleisure.com/products/lilac-adpt™-wrap-top
2026-08-25,Cava Athleisure,Lilac ADPT™ Wrap Top,S,WTP10245PUS,1299.0,194,0,252006.0,1,https://cavaathleisure.com/products/lilac-adpt™-wrap-top
2026-08-25,Cava Athleisure,Lilac ADPT™ Wrap Top,M,WTP10245PUM,1299.0,145,0,188355.0,1,https://cavaathleisure.com/products/lilac-adpt™-wrap-top
2026-08-25,Cava Athleisure,Lilac ADPT™ Wrap Top,L,WTP10245PUL,1299.0,41,0,53259.0,1,https://cavaathleisure.com/products/lilac-adpt™-wrap-top
2026-08-25,Cava Athleisure,Lilac ADPT™ Wrap Top,XL,WTP10245PUXL,1299.0,31,0,40269.0,1,https://cavaathleisure.com/products/lilac-adpt™-wrap-top
2026-08-25,Cava Athleisure,Lilac ADPT™ Wrap Top,XXL,WTP10245PUXXL,1299.0,8,0,10392.0,1,https://cavaathleisure.com/products/lilac-adpt™-wrap-top
2026-08-25,Cava Athleisure,Blush ADPT™ Wrap Top,XS,WTP10245PNXS,1299.0,46,0,59754.0,1,https://cavaathleisure.com/products/blush-adpt-wrap-top
2026-08-25,Cava Athleisure,Blush ADPT™ Wrap Top,S,WTP10245PNS,1299.0,193,0,250707.0,1,https://cavaathleisure.com/products/blush-adpt-wrap-top
2026-08-25,Cava Athleisure,Blush ADPT™ Wrap Top,M,WTP10245PNM,1299.0,127,0,164973.0,1,https://cavaathleisure.com/products/blush-adpt-wrap-top
2026-08-25,Cava Athleisure,Blush ADPT™ Wrap Top,L,WTP10245PNL,1299.0,13,0,16887.0,1,https://cavaathleisure.com/products/blush-adpt-wrap-top
2026-08-25,Cava Athleisure,Blush ADPT™ Wrap Top,XL,WTP10245PNXL,1299.0,18,0,23382.0,1,https://cavaathleisure.com/products/blush-adpt-wrap-top
2026-08-25,Cava Athleisure,Blush ADPT™ Wrap Top,XXL,WTP10245PNXXL,1299.0,21,0,27279.0,1,https://cavaathleisure.com/products/blush-adpt-wrap-top
2026-08-25,Cava Athleisure,Ivory ADPT™ Wrap Top,XS,WTP10245WHXS,1299.0,58,0,75342.0,1,https://cavaathleisure.com/products/ivory-adpt-wrap-top
2026-08-25,Cava Athleisure,Ivory ADPT™ Wrap Top,S,WTP10245WHS,1299.0,188,0,244212.0,1,https://cavaathleisure.com/products/ivory-adpt-wrap-top
2026-08-25,Cava Athleisure,Ivory ADPT™ Wrap Top,M,WTP10245WHM,1299.0,150,0,194850.0,1,https://cavaathleisure.com/products/ivory-adpt-wrap-top
2026-08-25,Cava Athleisure,Ivory ADPT™ Wrap Top,L,WTP10245WHL,1299.0,22,0,28578.0,1,https://cavaathleisure.com/products/ivory-adpt-wrap-top
2026-08-25,Cava Athleisure,Ivory ADPT™ Wrap Top,XL,WTP10245WHXL,1299.0,29,0,37671.0,1,https://cavaathleisure.com/products/ivory-adpt-wrap-top
2026-08-25,Cava Athleisure,Ivory ADPT™ Wrap Top,XXL,WTP10245WHXXL,1299.0,17,0,22083.0,1,https://cavaathleisure.com/products/ivory-adpt-wrap-top
2026-08-25,Cava Athleisure,Ruby ADPT™ Wrap Top,M,WTP10245RDM,1299.0,10,0,12990.0,1,https://cavaathleisure.com/products/ruby-adpt-wrap-top
2026-08-25,Cava Athleisure,Ruby ADPT™ Wrap Top,L,WTP10245RDL,1299.0,8,0,10392.0,1,https://cavaathleisure.com/products/ruby-adpt-wrap-top
2026-08-25,Cava Athleisure,Navy Athletic Quarter-Zip,XL,MTS5710NYXL,1699.0,27,0,45873.0,1,https://cavaathleisure.com/products/navy-athletic-quarter-zip
2026-08-25,Cava Athleisure,Navy Athletic Quarter-Zip,XXL,MTS5710NYXXL,1699.0,31,0,52669.0,1,https://cavaathleisure.com/products/navy-athletic-quarter-zip
2026-08-25,Cava Athleisure,Ice Blue Athletic Quarter-Zip,XL,MTS5710BLXL,1699.0,47,0,79853.0,1,https://cavaathleisure.com/products/ice-blue-athletic-quarter-zip
2026-08-25,Cava Athleisure,Ice Blue Athletic Quarter-Zip,XXL,MTS5710BLXXL,1699.0,46,0,78154.0,1,https://cavaathleisure.com/products/ice-blue-athletic-quarter-zip
2026-08-25,Cava Athleisure,Lilac Refine Crop Tank,XS,WTN10145PUXS,999.0,28,0,27972.0,1,https://cavaathleisure.com/products/lilac-refine-crop-tank
2026-08-25,Cava Athleisure,Lilac Refine Crop Tank,S,WTN10145PUS,999.0,75,0,74925.0,1,https://cavaathleisure.com/products/lilac-refine-crop-tank
2026-08-25,Cava Athleisure,Lilac Refine Crop Tank,M,WTN10145PUM,999.0,115,0,114885.0,1,https://cavaathleisure.com/products/lilac-refine-crop-tank
2026-08-25,Cava Athleisure,Lilac Refine Crop Tank,L,WTN10145PUL,999.0,76,0,75924.0,1,https://cavaathleisure.com/products/lilac-refine-crop-tank
2026-08-25,Cava Athleisure,Lilac Refine Crop Tank,XL,WTN10145PUXL,999.0,34,0,33966.0,1,https://cavaathleisure.com/products/lilac-refine-crop-tank
2026-08-25,Cava Athleisure,Lilac Refine Crop Tank,XXL,WTN10145PUXXL,999.0,9,0,8991.0,1,https://cavaathleisure.com/products/lilac-refine-crop-tank
2026-08-25,Cava Athleisure,Steel Blue Refine Crop Tank,XS,WTN10145BLXS,999.0,8,0,7992.0,1,https://cavaathleisure.com/products/steel-blue-refine-crop-tank
2026-08-25,Cava Athleisure,Steel Blue Refine Crop Tank,S,WTN10145BLS,999.0,53,0,52947.0,1,https://cavaathleisure.com/products/steel-blue-refine-crop-tank
2026-08-25,Cava Athleisure,Steel Blue Refine Crop Tank,M,WTN10145BLM,999.0,70,0,69930.0,1,https://cavaathleisure.com/products/steel-blue-refine-crop-tank
2026-08-25,Cava Athleisure,Steel Blue Refine Crop Tank,L,WTN10145BLL,999.0,40,0,39960.0,1,https://cavaathleisure.com/products/steel-blue-refine-crop-tank
2026-08-25,Cava Athleisure,Steel Blue Refine Crop Tank,XL,WTN10145BLXL,999.0,24,0,23976.0,1,https://cavaathleisure.com/products/steel-blue-refine-crop-tank
2026-08-25,Cava Athleisure,Steel Blue Refine Crop Tank,XXL,WTN10145BLXXL,999.0,11,0,10989.0,1,https://cavaathleisure.com/products/steel-blue-refine-crop-tank
2026-08-25,Cava Athleisure,Ivory Hourglass Flared Leggings,XS,WFPACU0145WHXS,1429.0,41,0,58589.0,1,https://cavaathleisure.com/products/ivory-hourglass-flared-leggings
2026-08-25,Cava Athleisure,Ivory Hourglass Flared Leggings,XS,WFPACU0245WHXS,1429.0,16,0,22864.0,1,https://cavaathleisure.com/products/ivory-hourglass-flared-leggings
2026-08-25,Cava Athleisure,Ivory Hourglass Flared Leggings,XS,WFPACU0445WHXS,1429.0,4,0,5716.0,1,https://cavaathleisure.com/products/ivory-hourglass-flared-leggings
2026-08-25,Cava Athleisure,Ivory Hourglass Flared Leggings,S,WFPACU0145WHS,1429.0,42,0,60018.0,1,https://cavaathleisure.com/products/ivory-hourglass-flared-leggings
2026-08-25,Cava Athleisure,Ivory Hourglass Flared Leggings,S,WFPACU0245WHS,1429.0,43,0,61447.0,1,https://cavaathleisure.com/products/ivory-hourglass-flared-leggings
2026-08-25,Cava Athleisure,Ivory Hourglass Flared Leggings,M,WFPACU0145WHM,1429.0,153,0,218637.0,1,https://cavaathleisure.com/products/ivory-hourglass-flared-leggings
2026-08-25,Cava Athleisure,Ivory Hourglass Flared Leggings,M,WFPACU0245WHM,1429.0,112,0,160048.0,1,https://cavaathleisure.com/products/ivory-hourglass-flared-leggings
2026-08-25,Cava Athleisure,Ivory Hourglass Flared Leggings,L,WFPACU0145WHL,1429.0,142,0,202918.0,1,https://cavaathleisure.com/products/ivory-hourglass-flared-leggings
2026-08-25,Cava Athleisure,Ivory Hourglass Flared Leggings,L,WFPACU0245WHL,1429.0,182,0,260078.0,1,https://cavaathleisure.com/products/ivory-hourglass-flared-leggings
2026-08-25,Cava Athleisure,Ivory Hourglass Flared Leggings,XL,WFPACU0145WHXL,1429.0,31,0,44299.0,1,https://cavaathleisure.com/products/ivory-hourglass-flared-leggings
2026-08-25,Cava Athleisure,Ivory Hourglass Flared Leggings,XL,WFPACU0245WHXL,1429.0,19,0,27151.0,1,https://cavaathleisure.com/products/ivory-hourglass-flared-leggings
2026-08-25,Cava Athleisure,Ivory Hourglass Flared Leggings,XL,WFPACU0445WHXL,1429.0,1,0,1429.0,1,https://cavaathleisure.com/products/ivory-hourglass-flared-leggings
2026-08-25,Cava Athleisure,Ivory Hourglass Flared Leggings,XXL,WFPACU0145WHXXL,1429.0,42,0,60018.0,1,https://cavaathleisure.com/products/ivory-hourglass-flared-leggings
2026-08-25,Cava Athleisure,Ivory Hourglass Flared Leggings,XXL,WFPACU0245WHXXL,1429.0,119,0,170051.0,1,https://cavaathleisure.com/products/ivory-hourglass-flared-leggings
2026-08-25,Cava Athleisure,Ivory Hourglass Flared Leggings,XXL,WFPACU0445WHXXL,1429.0,1,0,1429.0,1,https://cavaathleisure.com/products/ivory-hourglass-flared-leggings
2026-08-25,Cava Athleisure,Ruby Refine Crop Tank,XS,WTN10145RDXS,999.0,13,0,12987.0,1,https://cavaathleisure.com/products/ruby-refine-crop-tank
2026-08-25,Cava Athleisure,Ruby Refine Crop Tank,S,WTN10145RDS,999.0,23,0,22977.0,1,https://cavaathleisure.com/products/ruby-refine-crop-tank
2026-08-25,Cava Athleisure,Ruby Refine Crop Tank,M,WTN10145RDM,999.0,38,0,37962.0,1,https://cavaathleisure.com/products/ruby-refine-crop-tank
2026-08-25,Cava Athleisure,Ruby Refine Crop Tank,L,WTN10145RDL,999.0,37,0,36963.0,1,https://cavaathleisure.com/products/ruby-refine-crop-tank
2026-08-25,Cava Athleisure,Ruby Refine Crop Tank,XL,WTN10145RDXL,999.0,21,0,20979.0,1,https://cavaathleisure.com/products/ruby-refine-crop-tank
2026-08-25,Cava Athleisure,Ruby Refine Crop Tank,XXL,WTN10145RDXXL,999.0,5,0,4995.0,1,https://cavaathleisure.com/products/ruby-refine-crop-tank
2026-08-25,Cava Athleisure,Navy Contrast Techpique Sleeveless Polo,XS,WTPCS0410NYXS,1359.0,25,0,33975.0,1,https://cavaathleisure.com/products/navy-contrast-techpique-sleeveless-polo
2026-08-25,Cava Athleisure,Navy Contrast Techpique Sleeveless Polo,S,WTPCS0410NYS,1359.0,80,0,108720.0,1,https://cavaathleisure.com/products/navy-contrast-techpique-sleeveless-polo
2026-08-25,Cava Athleisure,Navy Contrast Techpique Sleeveless Polo,M,WTPCS0410NYM,1359.0,41,0,55719.0,1,https://cavaathleisure.com/products/navy-contrast-techpique-sleeveless-polo
2026-08-25,Cava Athleisure,Navy Contrast Techpique Sleeveless Polo,XL,WTPCS0410NYXL,1359.0,39,0,53001.0,1,https://cavaathleisure.com/products/navy-contrast-techpique-sleeveless-polo
2026-08-25,Cava Athleisure,Navy Contrast Techpique Sleeveless Polo,XXL,WTPCS0410NYXXL,1359.0,23,0,31257.0,1,https://cavaathleisure.com/products/navy-contrast-techpique-sleeveless-polo
2026-08-25,Cava Athleisure,Ivory Contrast Techpique Sleeveless Polo,XS,WTPCS0410WHXS,1359.0,44,0,59796.0,1,https://cavaathleisure.com/products/ivory-contrast-techpique-sleeveless-polo
2026-08-25,Cava Athleisure,Ivory Contrast Techpique Sleeveless Polo,S,WTPCS0410WHS,1359.0,109,0,148131.0,1,https://cavaathleisure.com/products/ivory-contrast-techpique-sleeveless-polo
2026-08-25,Cava Athleisure,Ivory Contrast Techpique Sleeveless Polo,M,WTPCS0410WHM,1359.0,92,0,125028.0,1,https://cavaathleisure.com/products/ivory-contrast-techpique-sleeveless-polo
2026-08-25,Cava Athleisure,Ivory Contrast Techpique Sleeveless Polo,L,WTPCS0410WHL,1359.0,33,0,44847.0,1,https://cavaathleisure.com/products/ivory-contrast-techpique-sleeveless-polo
2026-08-25,Cava Athleisure,Ivory Contrast Techpique Sleeveless Polo,XL,WTPCS0410WHXL,1359.0,49,0,66591.0,1,https://cavaathleisure.com/products/ivory-contrast-techpique-sleeveless-polo
2026-08-25,Cava Athleisure,Ivory Contrast Techpique Sleeveless Polo,XXL,WTPCS0410WHXXL,1359.0,30,0,40770.0,1,https://cavaathleisure.com/products/ivory-contrast-techpique-sleeveless-polo
2026-08-25,Cava Athleisure,"Light Grey 5"" Double Layer Rift Shorts",36,MSH5310GYXL,1847.0,1,0,1847.0,1,https://cavaathleisure.com/products/light-grey-5-double-layer-rift-shorts
2026-08-25,Cava Athleisure,Green Contour Jacket,XS,WJK4718GRXS,2199.0,39,0,85761.0,1,https://cavaathleisure.com/products/green-contour-jacket
2026-08-25,Cava Athleisure,Green Contour Jacket,S,WJK4718GRS,2199.0,101,0,222099.0,1,https://cavaathleisure.com/products/green-contour-jacket
2026-08-25,Cava Athleisure,Green Contour Jacket,M,WJK4718GRM,2199.0,130,0,285870.0,1,https://cavaathleisure.com/products/green-contour-jacket
2026-08-25,Cava Athleisure,Green Contour Jacket,L,WJK4718GRL,2199.0,65,0,142935.0,1,https://cavaathleisure.com/products/green-contour-jacket
2026-08-25,Cava Athleisure,Green Contour Jacket,XL,WJK4718GRXL,2199.0,22,0,48378.0,1,https://cavaathleisure.com/products/green-contour-jacket
2026-08-25,Cava Athleisure,Green Contour Jacket,XXL,WJK4718GRXXL,2199.0,4,0,8796.0,1,https://cavaathleisure.com/products/green-contour-jacket
2026-08-25,Cava Athleisure,Brown Refine Crop Tank,S,WTN10145BNS,999.0,6,0,5994.0,1,https://cavaathleisure.com/products/brown-refine-crop-tank
2026-08-25,Cava Athleisure,Brown Refine Crop Tank,M,WTN10145BNM,999.0,5,0,4995.0,1,https://cavaathleisure.com/products/brown-refine-crop-tank
2026-08-25,Cava Athleisure,Brown Refine Crop Tank,L,WTN10145BNL,999.0,6,0,5994.0,1,https://cavaathleisure.com/products/brown-refine-crop-tank
2026-08-25,Cava Athleisure,Brown Refine Crop Tank,XL,WTN10145BNXL,999.0,5,0,4995.0,1,https://cavaathleisure.com/products/brown-refine-crop-tank
2026-08-25,Cava Athleisure,Brown Refine Crop Tank,XXL,WTN10145BNXXL,999.0,1,0,999.0,1,https://cavaathleisure.com/products/brown-refine-crop-tank
2026-08-25,Cava Athleisure,Black Contour Jacket,S,WJK4718BKS,2199.0,26,0,57174.0,1,https://cavaathleisure.com/products/black-contour-jacket
2026-08-25,Cava Athleisure,Black Contour Jacket,M,WJK4718BKM,2199.0,26,0,57174.0,1,https://cavaathleisure.com/products/black-contour-jacket
2026-08-25,Cava Athleisure,Ivory Refine Crop Tank,XS,WTN10145WHXS,999.0,24,0,23976.0,1,https://cavaathleisure.com/products/ivory-refine-crop-tank
2026-08-25,Cava Athleisure,Ivory Refine Crop Tank,S,WTN10145WHS,999.0,66,0,65934.0,1,https://cavaathleisure.com/products/ivory-refine-crop-tank
2026-08-25,Cava Athleisure,Ivory Refine Crop Tank,M,WTN10145WHM,999.0,88,0,87912.0,1,https://cavaathleisure.com/products/ivory-refine-crop-tank
2026-08-25,Cava Athleisure,Ivory Refine Crop Tank,L,WTN10145WHL,999.0,73,0,72927.0,1,https://cavaathleisure.com/products/ivory-refine-crop-tank
2026-08-25,Cava Athleisure,Ivory Refine Crop Tank,XL,WTN10145WHXL,999.0,34,0,33966.0,1,https://cavaathleisure.com/products/ivory-refine-crop-tank
2026-08-25,Cava Athleisure,Ivory Refine Crop Tank,XXL,WTN10145WHXXL,999.0,5,0,4995.0,1,https://cavaathleisure.com/products/ivory-refine-crop-tank
2026-08-25,Cava Athleisure,Brown Trailscape Jacket,S,MJK5610BNS,2799.0,37,0,103563.0,1,https://cavaathleisure.com/products/brown-trailscape-jacket
2026-08-25,Cava Athleisure,Brown Trailscape Jacket,M,MJK5610BNM,2799.0,67,0,187533.0,1,https://cavaathleisure.com/products/brown-trailscape-jacket
2026-08-25,Cava Athleisure,Brown Trailscape Jacket,L,MJK5610BNL,2799.0,67,0,187533.0,1,https://cavaathleisure.com/products/brown-trailscape-jacket
2026-08-25,Cava Athleisure,Brown Trailscape Jacket,XL,MJK5610BNXL,2799.0,73,0,204327.0,1,https://cavaathleisure.com/products/brown-trailscape-jacket
2026-08-25,Cava Athleisure,Brown Trailscape Jacket,XXL,MJK5610BNXXL,2799.0,42,0,117558.0,1,https://cavaathleisure.com/products/brown-trailscape-jacket
2026-08-25,Cava Athleisure,Ice Blue Contour Jacket,XS,WJK4718BLXS,2199.0,22,0,48378.0,1,https://cavaathleisure.com/products/ice-blue-contour-jacket
2026-08-25,Cava Athleisure,Ice Blue Contour Jacket,S,WJK4718BLS,2199.0,77,0,169323.0,1,https://cavaathleisure.com/products/ice-blue-contour-jacket
2026-08-25,Cava Athleisure,Ice Blue Contour Jacket,M,WJK4718BLM,2199.0,88,0,193512.0,1,https://cavaathleisure.com/products/ice-blue-contour-jacket
2026-08-25,Cava Athleisure,Ice Blue Contour Jacket,L,WJK4718BLL,2199.0,36,0,79164.0,1,https://cavaathleisure.com/products/ice-blue-contour-jacket
2026-08-25,Cava Athleisure,Light Grey Trailscape Jacket,S,MJK5610GYS,2799.0,31,0,86769.0,1,https://cavaathleisure.com/products/light-grey-trailscape-jacket
2026-08-25,Cava Athleisure,Light Grey Trailscape Jacket,M,MJK5610GYM,2799.0,51,0,142749.0,1,https://cavaathleisure.com/products/light-grey-trailscape-jacket
2026-08-25,Cava Athleisure,Light Grey Trailscape Jacket,L,MJK5610GYL,2799.0,60,0,167940.0,1,https://cavaathleisure.com/products/light-grey-trailscape-jacket
2026-08-25,Cava Athleisure,Light Grey Trailscape Jacket,XL,MJK5610GYXL,2799.0,74,0,207126.0,1,https://cavaathleisure.com/products/light-grey-trailscape-jacket
2026-08-25,Cava Athleisure,Light Grey Trailscape Jacket,XXL,MJK5610GYXXL,2799.0,42,0,117558.0,1,https://cavaathleisure.com/products/light-grey-trailscape-jacket
2026-08-25,Cava Athleisure,Navy Trailscape Jacket,S,MJK5610NYS,2799.0,45,0,125955.0,1,https://cavaathleisure.com/products/navy-trailscape-jacket
2026-08-25,Cava Athleisure,Navy Trailscape Jacket,M,MJK5610NYM,2799.0,67,0,187533.0,1,https://cavaathleisure.com/products/navy-trailscape-jacket
2026-08-25,Cava Athleisure,Navy Trailscape Jacket,L,MJK5610NYL,2799.0,73,0,204327.0,1,https://cavaathleisure.com/products/navy-trailscape-jacket
2026-08-25,Cava Athleisure,Navy Trailscape Jacket,XL,MJK5610NYXL,2799.0,74,0,207126.0,1,https://cavaathleisure.com/products/navy-trailscape-jacket
2026-08-25,Cava Athleisure,Navy Trailscape Jacket,XXL,MJK5610NYXXL,2799.0,51,0,142749.0,1,https://cavaathleisure.com/products/navy-trailscape-jacket
2026-08-25,Cava Athleisure,Light Grey Athletic Quarter-Zip,XL,MTS5710GYXL,1699.0,21,0,35679.0,1,https://cavaathleisure.com/products/light-grey-athletic-quarter-zip
2026-08-25,Cava Athleisure,Light Grey Athletic Quarter-Zip,XXL,MTS5710GYXXL,1699.0,46,0,78154.0,1,https://cavaathleisure.com/products/light-grey-athletic-quarter-zip
2026-08-25,Cava Athleisure,White Velocity Training Tee,XL,MTS5518WHXL,1343.0,2,0,2686.0,1,https://cavaathleisure.com/products/white-velocity-training-tee
2026-08-25,Cava Athleisure,White Velocity Training Tee,XXL,MTS5518WHXXL,1343.0,25,0,33575.0,1,https://cavaathleisure.com/products/white-velocity-training-tee
2026-08-25,Cava Athleisure,Ice Blue Velocity Training Tee,XL,MTS5518BLXL,1343.0,20,0,26860.0,1,https://cavaathleisure.com/products/ice-blue-velocity-training-tee
2026-08-25,Cava Athleisure,Ice Blue Velocity Training Tee,XXL,MTS5518BLXXL,1343.0,29,0,38947.0,1,https://cavaathleisure.com/products/ice-blue-velocity-training-tee
2026-08-25,Cava Athleisure,Teal Velocity Training Tee,XL,MTS5518GRXL,1343.0,3,0,4029.0,1,https://cavaathleisure.com/products/teal-velocity-training-tee
2026-08-25,Cava Athleisure,Teal Velocity Training Tee,XXL,MTS5518GRXXL,1343.0,25,0,33575.0,1,https://cavaathleisure.com/products/teal-velocity-training-tee
2026-08-25,Cava Athleisure,Black Trailscape Jacket,S,MJK5610BKS,2799.0,43,0,120357.0,1,https://cavaathleisure.com/products/trailscape-jacketblack-trailscape-jacket
2026-08-25,Cava Athleisure,Black Trailscape Jacket,M,MJK5610BKM,2799.0,66,0,184734.0,1,https://cavaathleisure.com/products/trailscape-jacketblack-trailscape-jacket
2026-08-25,Cava Athleisure,Black Trailscape Jacket,L,MJK5610BKL,2799.0,60,0,167940.0,1,https://cavaathleisure.com/products/trailscape-jacketblack-trailscape-jacket
2026-08-25,Cava Athleisure,Black Trailscape Jacket,XL,MJK5610BKXL,2799.0,76,0,212724.0,1,https://cavaathleisure.com/products/trailscape-jacketblack-trailscape-jacket
2026-08-25,Cava Athleisure,Black Trailscape Jacket,XXL,MJK5610BKXXL,2799.0,52,0,145548.0,1,https://cavaathleisure.com/products/trailscape-jacketblack-trailscape-jacket
2026-08-25,Cava Athleisure,Black Velocity Training Tee,L,MTS5518BKL,1343.0,1,0,1343.0,0,https://cavaathleisure.com/products/black-velocity-training-tee
2026-08-25,Cava Athleisure,Black Velocity Training Tee,XXL,MTS5518BKXXL,1343.0,2,0,2686.0,1,https://cavaathleisure.com/products/black-velocity-training-tee
2026-08-25,Cava Athleisure,Lilac Hyper Mesh Sports Bra,XS,WSB021PUXS,1499.0,60,0,89940.0,1,https://cavaathleisure.com/products/lilac-hyper-mesh-sports-bra
2026-08-25,Cava Athleisure,Lilac Hyper Mesh Sports Bra,S,WSB021PUS,1499.0,114,0,170886.0,1,https://cavaathleisure.com/products/lilac-hyper-mesh-sports-bra
2026-08-25,Cava Athleisure,Lilac Hyper Mesh Sports Bra,M,WSB021PUM,1499.0,9,0,13491.0,1,https://cavaathleisure.com/products/lilac-hyper-mesh-sports-bra
2026-08-25,Cava Athleisure,Lilac Hyper Mesh Sports Bra,L,WSB021PUL,1499.0,2,0,2998.0,1,https://cavaathleisure.com/products/lilac-hyper-mesh-sports-bra
2026-08-25,Cava Athleisure,Plum Cotton Recovery Jacket,XS,WJK3616PUXS,1264.0,17,0,21488.0,1,https://cavaathleisure.com/products/plum-cotton-recovery-jacket
2026-08-25,Cava Athleisure,Plum Cotton Recovery Jacket,S,WJK3616PUS,1264.0,17,0,21488.0,1,https://cavaathleisure.com/products/plum-cotton-recovery-jacket
2026-08-25,Cava Athleisure,Plum Cotton Recovery Jacket,M,WJK3616PUM,1264.0,21,0,26544.0,1,https://cavaathleisure.com/products/plum-cotton-recovery-jacket
2026-08-25,Cava Athleisure,Red Pulse Seamless Tee,S,MTSCS12117RDS,899.0,29,0,26071.0,1,https://cavaathleisure.com/products/red-pulse-seamless-tee
2026-08-25,Cava Athleisure,Red Pulse Seamless Tee,M,MTSCS12117RDM,899.0,1,0,899.0,1,https://cavaathleisure.com/products/red-pulse-seamless-tee
2026-08-25,Cava Athleisure,Red Pulse Seamless Tee,L,MTSCS12117RDL,899.0,11,0,9889.0,1,https://cavaathleisure.com/products/red-pulse-seamless-tee
2026-08-25,Cava Athleisure,Red Pulse Seamless Tee,XL,MTSCS12117RDXL,899.0,83,0,74617.0,1,https://cavaathleisure.com/products/red-pulse-seamless-tee
2026-08-25,Cava Athleisure,Red Pulse Seamless Tee,XXL,MTSCS12117RDXXL,899.0,50,0,44950.0,1,https://cavaathleisure.com/products/red-pulse-seamless-tee
2026-08-25,Cava Athleisure,Dark Slate Ace Bond Polo,M,MTSCS12214GYM,1299.0,1,0,1299.0,1,https://cavaathleisure.com/products/dark-slate-ace-bond-polo
2026-08-25,Cava Athleisure,Navy Ripple Swim Skorts,XS,WSWSK3414NYXS,2493.0,14,0,34902.0,1,https://cavaathleisure.com/products/navy-ripple-swim-skorts
2026-08-25,Cava Athleisure,Navy Ripple Swim Skorts,S,WSWSK3414NYS,2493.0,21,0,52353.0,1,https://cavaathleisure.com/products/navy-ripple-swim-skorts
2026-08-25,Cava Athleisure,Cherry Ripple Swim Skorts,XS,WSWSK3414RDXS,2499.0,54,0,134946.0,1,https://cavaathleisure.com/products/cherry-ripple-swim-skorts
2026-08-25,Cava Athleisure,Cherry Ripple Swim Skorts,S,WSWSK3414RDS,2499.0,36,0,89964.0,1,https://cavaathleisure.com/products/cherry-ripple-swim-skorts
2026-08-25,Cava Athleisure,Black Ripple Swim Skorts,XS,WSWSK3414BKXS,2489.0,5,0,12445.0,1,https://cavaathleisure.com/products/black-ripple-swim-skorts
2026-08-25,Cava Athleisure,Black Cava Essential Tote,Free Size,WAC6014BK,1699.0,99,0,168201.0,1,https://cavaathleisure.com/products/black-cava-essential-tote
2026-08-25,Cava Athleisure,Sage Green Cava Essential Tote,Free Size,WAC5814GR,1717.0,27,0,46359.0,1,https://cavaathleisure.com/products/sage-green-cava-essential-tote
2026-08-25,Cava Athleisure,Ivory Cava Essential Tote,Free Size,WAC5914WH,1699.0,134,0,227666.0,1,https://cavaathleisure.com/products/ivory-cava-essential-tote
2026-08-25,Cava Athleisure,Cherry Plie Pleated Skort,XS,WSKCS0610RDXS,1699.0,280,0,475720.0,1,https://cavaathleisure.com/products/cherry-plie-pleated-skort
2026-08-25,Cava Athleisure,Cherry Plie Pleated Skort,S,WSKCS0610RDS,1699.0,192,0,326208.0,1,https://cavaathleisure.com/products/cherry-plie-pleated-skort
2026-08-25,Cava Athleisure,Cherry Plie Pleated Skort,XL,WSKCS0610RDXL,1699.0,36,0,61164.0,1,https://cavaathleisure.com/products/cherry-plie-pleated-skort
2026-08-25,Cava Athleisure,Cherry Plie Pleated Skort,XXL,WSKCS0610RDXXL,1699.0,7,0,11893.0,1,https://cavaathleisure.com/products/cherry-plie-pleated-skort
2026-08-25,Cava Athleisure,Steel Blue Hourglass Flared Leggings,XS,WFPACU0145BLXS,1429.0,37,0,52873.0,1,https://cavaathleisure.com/products/steel-blue-hourglass-flared-leggings
2026-08-25,Cava Athleisure,Steel Blue Hourglass Flared Leggings,XS,WFPACU0245BLXS,1429.0,5,0,7145.0,1,https://cavaathleisure.com/products/steel-blue-hourglass-flared-leggings
2026-08-25,Cava Athleisure,Steel Blue Hourglass Flared Leggings,S,WFPACU0145BLS,1429.0,9,0,12861.0,1,https://cavaathleisure.com/products/steel-blue-hourglass-flared-leggings
2026-08-25,Cava Athleisure,Steel Blue Hourglass Flared Leggings,S,WFPACU0245BLS,1429.0,61,0,87169.0,1,https://cavaathleisure.com/products/steel-blue-hourglass-flared-leggings
2026-08-25,Cava Athleisure,Steel Blue Hourglass Flared Leggings,M,WFPACU0145BLM,1429.0,52,0,74308.0,1,https://cavaathleisure.com/products/steel-blue-hourglass-flared-leggings
2026-08-25,Cava Athleisure,Steel Blue Hourglass Flared Leggings,M,WFPACU0245BLM,1429.0,120,0,171480.0,1,https://cavaathleisure.com/products/steel-blue-hourglass-flared-leggings
2026-08-25,Cava Athleisure,Steel Blue Hourglass Flared Leggings,L,WFPACU0145BLL,1429.0,26,0,37154.0,1,https://cavaathleisure.com/products/steel-blue-hourglass-flared-leggings
2026-08-25,Cava Athleisure,Steel Blue Hourglass Flared Leggings,L,WFPACU0245BLL,1429.0,73,0,104317.0,1,https://cavaathleisure.com/products/steel-blue-hourglass-flared-leggings
2026-08-25,Cava Athleisure,Steel Blue Hourglass Flared Leggings,XL,WFPACU0145BLXL,1429.0,59,0,84311.0,1,https://cavaathleisure.com/products/steel-blue-hourglass-flared-leggings
2026-08-25,Cava Athleisure,Steel Blue Hourglass Flared Leggings,XL,WFPACU0245BLXL,1429.0,109,0,155761.0,1,https://cavaathleisure.com/products/steel-blue-hourglass-flared-leggings
2026-08-25,Cava Athleisure,Steel Blue Hourglass Flared Leggings,XXL,WFPACU0145BLXXL,1429.0,7,0,10003.0,1,https://cavaathleisure.com/products/steel-blue-hourglass-flared-leggings
2026-08-25,Cava Athleisure,Steel Blue Hourglass Flared Leggings,XXL,WFPACU0245BLXXL,1429.0,20,0,28580.0,1,https://cavaathleisure.com/products/steel-blue-hourglass-flared-leggings
2026-08-25,Cava Athleisure,Wine Hourglass Booty Shorts,XS,WSH0845WRDXS,1099.0,122,0,134078.0,1,https://cavaathleisure.com/products/wine-hourglass-booty-shorts
2026-08-25,Cava Athleisure,Wine Hourglass Booty Shorts,S,WSH0845WRDS,1099.0,512,0,562688.0,1,https://cavaathleisure.com/products/wine-hourglass-booty-shorts
2026-08-25,Cava Athleisure,Wine Hourglass Booty Shorts,M,WSH0845WRDM,1099.0,286,0,314314.0,1,https://cavaathleisure.com/products/wine-hourglass-booty-shorts
2026-08-25,Cava Athleisure,Wine Hourglass Booty Shorts,L,WSH0845WRDL,1099.0,130,0,142870.0,1,https://cavaathleisure.com/products/wine-hourglass-booty-shorts
2026-08-25,Cava Athleisure,Wine Hourglass Booty Shorts,XL,WSH0845WRDXL,1099.0,45,0,49455.0,1,https://cavaathleisure.com/products/wine-hourglass-booty-shorts
2026-08-25,Cava Athleisure,Wine Hourglass Booty Shorts,XXL,WSH0845WRDXXL,1099.0,2,0,2198.0,1,https://cavaathleisure.com/products/wine-hourglass-booty-shorts
2026-08-25,Cava Athleisure,Steel Blue Hourglass Booty Shorts,XS,WSH0845BLXS,1099.0,15,0,16485.0,1,https://cavaathleisure.com/products/steel-blue-hourglass-booty-shorts
2026-08-25,Cava Athleisure,Steel Blue Hourglass Booty Shorts,S,WSH0845BLS,1099.0,67,0,73633.0,1,https://cavaathleisure.com/products/steel-blue-hourglass-booty-shorts
2026-08-25,Cava Athleisure,Steel Blue Hourglass Booty Shorts,M,WSH0845BLM,1099.0,60,0,65940.0,1,https://cavaathleisure.com/products/steel-blue-hourglass-booty-shorts
2026-08-25,Cava Athleisure,Steel Blue Hourglass Booty Shorts,L,WSH0845BLL,1099.0,29,0,31871.0,1,https://cavaathleisure.com/products/steel-blue-hourglass-booty-shorts
2026-08-25,Cava Athleisure,Steel Blue Hourglass Booty Shorts,XL,WSH0845BLXL,1099.0,2,0,2198.0,1,https://cavaathleisure.com/products/steel-blue-hourglass-booty-shorts
2026-08-25,Cava Athleisure,"Shadow 5"" Pacer Shorts",30,MSH4217GY30,1596.0,2,0,3192.0,1,https://cavaathleisure.com/products/shadow-5-pacer-shorts
2026-08-25,Cava Athleisure,"Shadow 5"" Pacer Shorts",38,MSH4217GY38,1596.0,21,0,33516.0,1,https://cavaathleisure.com/products/shadow-5-pacer-shorts
2026-08-25,Cava Athleisure,"Black 5"" Pacer Shorts",30,MSH4217BK30,1599.0,4,0,6396.0,1,https://cavaathleisure.com/products/black-5-pacer-shorts
2026-08-25,Cava Athleisure,"Black 5"" Pacer Shorts",32,MSH4217BK32,1599.0,74,0,118326.0,1,https://cavaathleisure.com/products/black-5-pacer-shorts
2026-08-25,Cava Athleisure,"Black 5"" Pacer Shorts",38,MSH4217BK38,1599.0,7,0,11193.0,1,https://cavaathleisure.com/products/black-5-pacer-shorts
2026-08-25,Cava Athleisure,"Teal 5"" Pacer Shorts",30,MSH4217GR30,1599.0,33,0,52767.0,1,https://cavaathleisure.com/products/teal-5-pacer-shorts
2026-08-25,Cava Athleisure,"Teal 5"" Pacer Shorts",32,MSH4217GR32,1599.0,160,0,255840.0,1,https://cavaathleisure.com/products/teal-5-pacer-shorts
2026-08-25,Cava Athleisure,"Teal 5"" Pacer Shorts",34,MSH4217GR34,1599.0,74,0,118326.0,1,https://cavaathleisure.com/products/teal-5-pacer-shorts
2026-08-25,Cava Athleisure,"Teal 5"" Pacer Shorts",36,MSH4217GR36,1599.0,29,0,46371.0,1,https://cavaathleisure.com/products/teal-5-pacer-shorts
2026-08-25,Cava Athleisure,"Teal 5"" Pacer Shorts",38,MSH4217GR38,1599.0,25,0,39975.0,1,https://cavaathleisure.com/products/teal-5-pacer-shorts
2026-08-25,Cava Athleisure,Purple Fluid Ozone Sleeveless Tank,XXL,MTN4314PBKXXL,1199.0,2,0,2398.0,1,https://cavaathleisure.com/products/purple-fluid-ozone-sleeveless-tank
2026-08-25,Cava Athleisure,Teal Fluid Ozone Sleeveless Tank,XXL,MTN4314PGRXXL,1199.0,4,0,4796.0,1,https://cavaathleisure.com/products/teal-fluid-ozone-sleeveless-tank
2026-08-25,Cava Athleisure,Teal Fluid Strap Back Sports Bra,L,WSB1917PGRL,1299.0,1,0,1299.0,0,https://cavaathleisure.com/products/teal-fluid-strap-back-sports-bra
2026-08-25,Cava Athleisure,Teal Fluid Strap Back Sports Bra,XL,WSB1917PGRXL,1299.0,3,0,3897.0,1,https://cavaathleisure.com/products/teal-fluid-strap-back-sports-bra
2026-08-25,Cava Athleisure,Teal Fluid Strap Back Sports Bra,XXL,WSB1917PGRXXL,1299.0,10,0,12990.0,1,https://cavaathleisure.com/products/teal-fluid-strap-back-sports-bra
2026-08-25,Cava Athleisure,Blush Overlap Tank,XS,WTN041PNXS,949.0,19,0,18031.0,1,https://cavaathleisure.com/products/blush-pink-overlap-tank
2026-08-25,Cava Athleisure,Blush Overlap Tank,XXL,WTN041PNXXL,949.0,2,0,1898.0,1,https://cavaathleisure.com/products/blush-pink-overlap-tank
2026-08-25,Cava Athleisure,Slate Contour Flared Leggings,S,WFP3714GYS,1399.0,82,0,114718.0,1,https://cavaathleisure.com/products/slate-contour-flared-leggings
2026-08-25,Cava Athleisure,Slate Contour Flared Leggings,M,WFP3714GYM,1399.0,81,0,113319.0,1,https://cavaathleisure.com/products/slate-contour-flared-leggings
2026-08-25,Cava Athleisure,Slate Contour Flared Leggings,L,WFP3714GYL,1399.0,105,0,146895.0,1,https://cavaathleisure.com/products/slate-contour-flared-leggings
2026-08-25,Cava Athleisure,Slate Contour Flared Leggings,XXL,WFP3714GYXXL,1399.0,35,0,48965.0,1,https://cavaathleisure.com/products/slate-contour-flared-leggings
2026-08-25,Cava Athleisure,Pink Strap Back Sports Bra,XS,WSB1917PNXS,1199.0,191,0,229009.0,1,https://cavaathleisure.com/products/pink-strap-back-sports-bra
2026-08-25,Cava Athleisure,Pink Strap Back Sports Bra,S,WSB1917PNS,1199.0,87,0,104313.0,1,https://cavaathleisure.com/products/pink-strap-back-sports-bra
2026-08-25,Cava Athleisure,Pink Strap Back Sports Bra,M,WSB1917PNM,1199.0,162,0,194238.0,1,https://cavaathleisure.com/products/pink-strap-back-sports-bra
2026-08-25,Cava Athleisure,Pink Strap Back Sports Bra,L,WSB1917PNL,1199.0,185,0,221815.0,1,https://cavaathleisure.com/products/pink-strap-back-sports-bra
2026-08-25,Cava Athleisure,Pink Strap Back Sports Bra,XL,WSB1917PNXL,1199.0,161,0,193039.0,1,https://cavaathleisure.com/products/pink-strap-back-sports-bra
2026-08-25,Cava Athleisure,Pink Strap Back Sports Bra,XXL,WSB1917PNXXL,1199.0,102,0,122298.0,1,https://cavaathleisure.com/products/pink-strap-back-sports-bra
2026-08-25,Cava Athleisure,Black Contour Flared Leggings,XS,WFP3714BKXS,1399.0,96,0,134304.0,1,https://cavaathleisure.com/products/black-contour-flared-leggings
2026-08-25,Cava Athleisure,Black Contour Flared Leggings,S,WFP3714BKS,1399.0,89,0,124511.0,1,https://cavaathleisure.com/products/black-contour-flared-leggings
2026-08-25,Cava Athleisure,Black Contour Flared Leggings,M,WFP3714BKM,1399.0,77,0,107723.0,1,https://cavaathleisure.com/products/black-contour-flared-leggings
2026-08-25,Cava Athleisure,Black Contour Flared Leggings,L,WFP3714BKL,1399.0,84,0,117516.0,1,https://cavaathleisure.com/products/black-contour-flared-leggings
2026-08-25,Cava Athleisure,Black Contour Flared Leggings,XL,WFP3714BKXL,1399.0,78,0,109122.0,1,https://cavaathleisure.com/products/black-contour-flared-leggings
2026-08-25,Cava Athleisure,Cherry Contour Flared Leggings,S,WFP3714RDS,1399.0,84,0,117516.0,1,https://cavaathleisure.com/products/cherry-contour-flared-leggings
2026-08-25,Cava Athleisure,Cherry Contour Flared Leggings,M,WFP3714RDM,1399.0,153,0,214047.0,1,https://cavaathleisure.com/products/cherry-contour-flared-leggings
2026-08-25,Cava Athleisure,Cherry Contour Flared Leggings,L,WFP3714RDL,1399.0,33,0,46167.0,1,https://cavaathleisure.com/products/cherry-contour-flared-leggings
2026-08-25,Cava Athleisure,Cherry Contour Flared Leggings,XXL,WFP3714RDXXL,1399.0,38,0,53162.0,1,https://cavaathleisure.com/products/cherry-contour-flared-leggings
2026-08-25,Cava Athleisure,Navy Contoured Seamless Sports Bra,M,WSBUD17NYM,999.0,1,0,999.0,0,https://cavaathleisure.com/products/navy-contoured-seamless-sports-bra
2026-08-25,Cava Athleisure,Plum Contoured Seamless Sports Bra,S,WSBUD17PUS,999.0,4,0,3996.0,1,https://cavaathleisure.com/products/plum-contoured-seamless-sports-bra
2026-08-25,Cava Athleisure,Slate Studio Compression Leggings,XS,WLG3714GYXS,999.0,10,0,9990.0,1,https://cavaathleisure.com/products/slate-studio-compression-leggings
2026-08-25,Cava Athleisure,Slate Studio Compression Leggings,S,WLG3714GYS,999.0,24,0,23976.0,1,https://cavaathleisure.com/products/slate-studio-compression-leggings
2026-08-25,Cava Athleisure,Cherry Studio Compression Leggings,XS,WLG3714RDXS,999.0,12,0,11988.0,1,https://cavaathleisure.com/products/cherry-studio-compression-leggings
2026-08-25,Cava Athleisure,Cherry Studio Compression Leggings,S,WLG3714RDS,999.0,8,0,7992.0,1,https://cavaathleisure.com/products/cherry-studio-compression-leggings
2026-08-25,Cava Athleisure,Blush Hourglass Swirl Skorts,XS,WSK4114PNXS,1599.0,9,0,14391.0,1,https://cavaathleisure.com/products/blush-hourglass-swirl-skorts
2026-08-25,Cava Athleisure,Blush Hourglass Swirl Skorts,S,WSK4114PNS,1599.0,22,0,35178.0,1,https://cavaathleisure.com/products/blush-hourglass-swirl-skorts
2026-08-25,Cava Athleisure,Blush Hourglass Swirl Skorts,M,WSK4114PNM,1599.0,17,0,27183.0,1,https://cavaathleisure.com/products/blush-hourglass-swirl-skorts
2026-08-25,Cava Athleisure,Blush Hourglass Swirl Skorts,L,WSK4114PNL,1599.0,16,0,25584.0,1,https://cavaathleisure.com/products/blush-hourglass-swirl-skorts
2026-08-25,Cava Athleisure,Blush Hourglass Swirl Skorts,XL,WSK4114PNXL,1599.0,7,0,11193.0,1,https://cavaathleisure.com/products/blush-hourglass-swirl-skorts
2026-08-25,Cava Athleisure,Blush Hourglass Swirl Skorts,XXL,WSK4114PNXXL,1599.0,5,0,7995.0,1,https://cavaathleisure.com/products/blush-hourglass-swirl-skorts
2026-08-25,Cava Athleisure,Wine Hourglass Swirl Skorts,XS,WSK4114WRDXS,1599.0,108,0,172692.0,1,https://cavaathleisure.com/products/wine-hourglass-swirl-skorts
2026-08-25,Cava Athleisure,Wine Hourglass Swirl Skorts,S,WSK4114WRDS,1599.0,224,0,358176.0,1,https://cavaathleisure.com/products/wine-hourglass-swirl-skorts
2026-08-25,Cava Athleisure,Wine Hourglass Swirl Skorts,M,WSK4114WRDM,1599.0,101,0,161499.0,1,https://cavaathleisure.com/products/wine-hourglass-swirl-skorts
2026-08-25,Cava Athleisure,Wine Hourglass Swirl Skorts,L,WSK4114WRDL,1599.0,80,0,127920.0,1,https://cavaathleisure.com/products/wine-hourglass-swirl-skorts
2026-08-25,Cava Athleisure,Wine Hourglass Swirl Skorts,XL,WSK4114WRDXL,1599.0,11,0,17589.0,1,https://cavaathleisure.com/products/wine-hourglass-swirl-skorts
2026-08-25,Cava Athleisure,Wine Hourglass Swirl Skorts,XXL,WSK4114WRDXXL,1599.0,38,0,60762.0,1,https://cavaathleisure.com/products/wine-hourglass-swirl-skorts
2026-08-25,Cava Athleisure,Black Hourglass Swirl Skorts,XS,WSK4114BKXS,1599.0,61,0,97539.0,1,https://cavaathleisure.com/products/black-hourglass-swirl-skorts
2026-08-25,Cava Athleisure,Black Hourglass Swirl Skorts,S,WSK4114BKS,1599.0,27,0,43173.0,1,https://cavaathleisure.com/products/black-hourglass-swirl-skorts
2026-08-25,Cava Athleisure,Black Hourglass Swirl Skorts,M,WSK4114BKM,1599.0,16,0,25584.0,1,https://cavaathleisure.com/products/black-hourglass-swirl-skorts
2026-08-25,Cava Athleisure,Black Hourglass Swirl Skorts,XXL,WSK4114BKXXL,1599.0,18,0,28782.0,1,https://cavaathleisure.com/products/black-hourglass-swirl-skorts
2026-08-25,Cava Athleisure,Pink Heartline Sports Bra,XS,WSB3914MPNXS,1399.0,57,0,79743.0,1,https://cavaathleisure.com/products/pink-heartline-sports-bra
2026-08-25,Cava Athleisure,Pink Heartline Sports Bra,S,WSB3914MPNS,1399.0,54,0,75546.0,1,https://cavaathleisure.com/products/pink-heartline-sports-bra
2026-08-25,Cava Athleisure,Pink Heartline Sports Bra,M,WSB3914MPNM,1399.0,73,0,102127.0,1,https://cavaathleisure.com/products/pink-heartline-sports-bra
2026-08-25,Cava Athleisure,Pink Heartline Sports Bra,L,WSB3914MPNL,1399.0,11,0,15389.0,1,https://cavaathleisure.com/products/pink-heartline-sports-bra
2026-08-25,Cava Athleisure,Pink Heartline Sports Bra,XL,WSB3914MPNXL,1399.0,21,0,29379.0,1,https://cavaathleisure.com/products/pink-heartline-sports-bra
2026-08-25,Cava Athleisure,Pink Heartline Sports Bra,XXL,WSB3914MPNXXL,1399.0,1,0,1399.0,1,https://cavaathleisure.com/products/pink-heartline-sports-bra
2026-08-25,Cava Athleisure,Blush Heartline Sports Bra,XS,WSB3914PNXS,1596.0,59,0,94164.0,1,https://cavaathleisure.com/products/blush-heartline-sports-bra
2026-08-25,Cava Athleisure,Blush Heartline Sports Bra,S,WSB3914PNS,1596.0,97,0,154812.0,1,https://cavaathleisure.com/products/blush-heartline-sports-bra
2026-08-25,Cava Athleisure,Blush Heartline Sports Bra,M,WSB3914PNM,1596.0,138,0,220248.0,1,https://cavaathleisure.com/products/blush-heartline-sports-bra
2026-08-25,Cava Athleisure,Blush Heartline Sports Bra,L,WSB3914PNL,1596.0,30,0,47880.0,1,https://cavaathleisure.com/products/blush-heartline-sports-bra
2026-08-25,Cava Athleisure,Blush Heartline Sports Bra,XXL,WSB3914PNXXL,1596.0,38,0,60648.0,1,https://cavaathleisure.com/products/blush-heartline-sports-bra
2026-08-25,Cava Athleisure,Black Heartline Sports Bra,XS,WSB3914BKXS,1399.0,6,0,8394.0,20,https://cavaathleisure.com/products/black-heartline-sports-bra
2026-08-25,Cava Athleisure,Black Heartline Sports Bra,S,WSB3914BKS,1399.0,24,0,33576.0,1,https://cavaathleisure.com/products/black-heartline-sports-bra
2026-08-25,Cava Athleisure,Black Heartline Sports Bra,M,WSB3914BKM,1399.0,22,0,30778.0,1,https://cavaathleisure.com/products/black-heartline-sports-bra
2026-08-25,Cava Athleisure,Black Heartline Sports Bra,XL,WSB3914BKXL,1399.0,22,0,30778.0,1,https://cavaathleisure.com/products/black-heartline-sports-bra
2026-08-25,Cava Athleisure,Black Heartline Sports Bra,XXL,WSB3914BKXXL,1399.0,1,0,1399.0,1,https://cavaathleisure.com/products/black-heartline-sports-bra
2026-08-25,Cava Athleisure,Slate Ozone Sleeveless Tank,L,MTN4314GYL,1199.0,1,0,1199.0,0,https://cavaathleisure.com/products/slate-ozone-sleeveless-tank
2026-08-25,Cava Athleisure,Slate Ozone Sleeveless Tank,XXL,MTN4314GYXXL,1199.0,12,0,14388.0,1,https://cavaathleisure.com/products/slate-ozone-sleeveless-tank
2026-08-25,Cava Athleisure,Pink Hourglass Booty Shorts,XS,WSH0814PNXS,1099.0,130,0,142870.0,1,https://cavaathleisure.com/products/pink-hourglass-booty-shorts
2026-08-25,Cava Athleisure,Pink Hourglass Booty Shorts,S,WSH0814PNS,1099.0,204,0,224196.0,1,https://cavaathleisure.com/products/pink-hourglass-booty-shorts
2026-08-25,Cava Athleisure,Pink Hourglass Booty Shorts,M,WSH0814PNM,1099.0,184,0,202216.0,1,https://cavaathleisure.com/products/pink-hourglass-booty-shorts
2026-08-25,Cava Athleisure,Pink Hourglass Booty Shorts,L,WSH0814PNL,1099.0,132,0,145068.0,1,https://cavaathleisure.com/products/pink-hourglass-booty-shorts
2026-08-25,Cava Athleisure,Pink Hourglass Booty Shorts,XL,WSH0814PNXL,1099.0,102,0,112098.0,1,https://cavaathleisure.com/products/pink-hourglass-booty-shorts
2026-08-25,Cava Athleisure,Pink Hourglass Booty Shorts,XXL,WSH0814PNXXL,1099.0,48,0,52752.0,1,https://cavaathleisure.com/products/pink-hourglass-booty-shorts
2026-08-25,Cava Athleisure,Plum Seamless Cinched Leggings,XS,WLGUD17PUXS,1099.0,95,0,104405.0,1,https://cavaathleisure.com/products/plum-seamless-cinched-leggings
2026-08-25,Cava Athleisure,Plum Seamless Cinched Leggings,S,WLGUD17PUS,1099.0,72,0,79128.0,1,https://cavaathleisure.com/products/plum-seamless-cinched-leggings
2026-08-25,Cava Athleisure,Plum Seamless Cinched Leggings,L,WLGUD17PUL,1099.0,1,0,1099.0,1,https://cavaathleisure.com/products/plum-seamless-cinched-leggings
2026-08-25,Cava Athleisure,Navy Seamless Cinched Leggings,XS,WLGUD17NYXS,1099.0,93,0,102207.0,1,https://cavaathleisure.com/products/navy-seamless-cinched-leggings
2026-08-25,Cava Athleisure,Ivory Ultra Support Sports Bra,XS,WSB0114WHXS,1399.0,174,0,243426.0,1,https://cavaathleisure.com/products/ivory-ultra-support-sports-bra
2026-08-25,Cava Athleisure,Ivory Ultra Support Sports Bra,S,WSB0114WHS,1399.0,283,0,395917.0,1,https://cavaathleisure.com/products/ivory-ultra-support-sports-bra
2026-08-25,Cava Athleisure,Ivory Ultra Support Sports Bra,M,WSB0114WHM,1399.0,360,0,503640.0,1,https://cavaathleisure.com/products/ivory-ultra-support-sports-bra
2026-08-25,Cava Athleisure,Ivory Ultra Support Sports Bra,L,WSB0114WHL,1399.0,205,0,286795.0,1,https://cavaathleisure.com/products/ivory-ultra-support-sports-bra
2026-08-25,Cava Athleisure,Ivory Ultra Support Sports Bra,XL,WSB0114WHXL,1399.0,25,0,34975.0,1,https://cavaathleisure.com/products/ivory-ultra-support-sports-bra
2026-08-25,Cava Athleisure,Ivory Ultra Support Sports Bra,XXL,WSB0114WHXXL,1399.0,43,0,60157.0,1,https://cavaathleisure.com/products/ivory-ultra-support-sports-bra
2026-08-25,Cava Athleisure,Cherry Hourglass Swirl Skorts,XS,WSK4114RDXS,1599.0,234,0,374166.0,1,https://cavaathleisure.com/products/cherry-hourglass-swirl-skorts
2026-08-25,Cava Athleisure,Cherry Hourglass Swirl Skorts,S,WSK4114RDS,1599.0,352,0,562848.0,1,https://cavaathleisure.com/products/cherry-hourglass-swirl-skorts
2026-08-25,Cava Athleisure,Cherry Hourglass Swirl Skorts,M,WSK4114RDM,1599.0,404,0,645996.0,1,https://cavaathleisure.com/products/cherry-hourglass-swirl-skorts
2026-08-25,Cava Athleisure,Cherry Hourglass Swirl Skorts,L,WSK4114RDL,1599.0,172,0,275028.0,1,https://cavaathleisure.com/products/cherry-hourglass-swirl-skorts
2026-08-25,Cava Athleisure,Cherry Hourglass Swirl Skorts,XXL,WSK4114RDXXL,1599.0,24,0,38376.0,1,https://cavaathleisure.com/products/cherry-hourglass-swirl-skorts
2026-08-25,Cava Athleisure,Cherry Sculptor Jacket,XS,WJKSET510RDXS,1799.0,5,0,8995.0,1,https://cavaathleisure.com/products/cherry-sculptor-jacket
2026-08-25,Cava Athleisure,Cherry Sculptor Jacket,S,WJKSET510RDS,1799.0,16,0,28784.0,1,https://cavaathleisure.com/products/cherry-sculptor-jacket
2026-08-25,Cava Athleisure,Cherry Sculptor Jacket,M,WJKSET510RDM,1799.0,7,0,12593.0,1,https://cavaathleisure.com/products/cherry-sculptor-jacket
2026-08-25,Cava Athleisure,Cherry Sculptor Jacket,L,WJKSET510RDL,1799.0,0,1,0.0,1,https://cavaathleisure.com/products/cherry-sculptor-jacket
2026-08-25,Cava Athleisure,Steel Blue Hourglass Snug Leggings,XS,WLG1045BLXS,1299.0,10,0,12990.0,1,https://cavaathleisure.com/products/steel-blue-hourglass-snug-leggings
2026-08-25,Cava Athleisure,Steel Blue Hourglass Snug Leggings,S,WLG1045BLS,1299.0,58,0,75342.0,1,https://cavaathleisure.com/products/steel-blue-hourglass-snug-leggings
2026-08-25,Cava Athleisure,Steel Blue Hourglass Snug Leggings,M,WLG1045BLM,1299.0,28,0,36372.0,1,https://cavaathleisure.com/products/steel-blue-hourglass-snug-leggings
2026-08-25,Cava Athleisure,Steel Blue Hourglass Snug Leggings,L,WLG1045BLL,1299.0,30,0,38970.0,1,https://cavaathleisure.com/products/steel-blue-hourglass-snug-leggings
2026-08-25,Cava Athleisure,Steel Blue Hourglass Snug Leggings,XXL,WLG1045BLXXL,1299.0,21,0,27279.0,1,https://cavaathleisure.com/products/steel-blue-hourglass-snug-leggings
2026-08-25,Cava Athleisure,Wine Hourglass Snug Leggings,XS,WLG1045WRDXS,1299.0,42,0,54558.0,1,https://cavaathleisure.com/products/wine-hourglass-snug-leggings
2026-08-25,Cava Athleisure,Wine Hourglass Snug Leggings,S,WLG1045WRDS,1299.0,95,0,123405.0,1,https://cavaathleisure.com/products/wine-hourglass-snug-leggings
2026-08-25,Cava Athleisure,Wine Hourglass Snug Leggings,M,WLG1045WRDM,1299.0,167,0,216933.0,1,https://cavaathleisure.com/products/wine-hourglass-snug-leggings
2026-08-25,Cava Athleisure,Wine Hourglass Snug Leggings,L,WLG1045WRDL,1299.0,174,0,226026.0,1,https://cavaathleisure.com/products/wine-hourglass-snug-leggings
2026-08-25,Cava Athleisure,Wine Hourglass Snug Leggings,XL,WLG1045WRDXL,1299.0,39,0,50661.0,1,https://cavaathleisure.com/products/wine-hourglass-snug-leggings
2026-08-25,Cava Athleisure,Wine Hourglass Snug Leggings,XXL,WLG1045WRDXXL,1299.0,65,0,84435.0,1,https://cavaathleisure.com/products/wine-hourglass-snug-leggings
2026-08-25,Cava Athleisure,Toasted Swirl Tennis Skorts,XXS,WSKSET445BNXXS,1399.0,18,0,25182.0,1,https://cavaathleisure.com/products/toasted-swirl-tennis-skorts
2026-08-25,Cava Athleisure,Toasted Swirl Tennis Skorts,XS,WSKSET445BNXS,1399.0,132,0,184668.0,1,https://cavaathleisure.com/products/toasted-swirl-tennis-skorts
2026-08-25,Cava Athleisure,Toasted Swirl Tennis Skorts,M,WSKSET445BNM,1399.0,0,1,0.0,1,https://cavaathleisure.com/products/toasted-swirl-tennis-skorts
2026-08-25,Cava Athleisure,Toasted Swirl Tennis Skorts,XXXL,WSKSET445BNXXXL,1399.0,18,0,25182.0,1,https://cavaathleisure.com/products/toasted-swirl-tennis-skorts
2026-08-25,Cava Athleisure,Classic Overlap Tee - Pack of 2,XS,WTP1SET2NYSRXS,2209.0,23,0,50807.0,1,https://cavaathleisure.com/products/classic-overlap-tee-pack-of-2
2026-08-25,Cava Athleisure,Classic Overlap Tee - Pack of 2,S,WTP1SET2NYSRS,2209.0,10,0,22090.0,1,https://cavaathleisure.com/products/classic-overlap-tee-pack-of-2
2026-08-25,Cava Athleisure,Classic Overlap Tee - Pack of 2,L,WTP1SET2NYSRL,2209.0,0,1,0.0,1,https://cavaathleisure.com/products/classic-overlap-tee-pack-of-2
2026-08-25,Cava Athleisure,Essential Overlap Tees - Pack of 2,XS,WTP1SET2NYNY2XS,2209.0,23,0,50807.0,1,https://cavaathleisure.com/products/essential-overlap-tees-pack-of-2
2026-08-25,Cava Athleisure,Essential Overlap Tees - Pack of 2,S,WTP1SET2NYNY2S,2209.0,41,0,90569.0,1,https://cavaathleisure.com/products/essential-overlap-tees-pack-of-2
2026-08-25,Cava Athleisure,Essential Overlap Tees - Pack of 2,M,WTP1SET2NYNY2M,2209.0,74,0,163466.0,1,https://cavaathleisure.com/products/essential-overlap-tees-pack-of-2
2026-08-25,Cava Athleisure,Essential Overlap Tees - Pack of 2,L,WTP1SET2NYNY2L,2209.0,59,0,130331.0,1,https://cavaathleisure.com/products/essential-overlap-tees-pack-of-2
2026-08-25,Cava Athleisure,Petrol Blue Adaptive Quarter Zip,XL,WHD4445NYXL,1559.0,4,0,6236.0,1,https://cavaathleisure.com/products/petrol-blue-adaptive-quarter-zip
2026-08-25,Cava Athleisure,Grey Adaptive Quarter Zip,XL,WHD4445GYXL,1559.0,8,0,12472.0,1,https://cavaathleisure.com/products/grey-adaptive-quarter-zip
2026-08-25,Cava Athleisure,Shadow Everywear Sweatshirt,M,MHD1615BKM,749.0,0,1,0.0,0,https://cavaathleisure.com/products/shadow-everywear-sweatshirt
2026-08-25,Cava Athleisure,Shadow Everywear Sweatshirt,XL,MHD1615BKXL,749.0,1,0,749.0,1,https://cavaathleisure.com/products/shadow-everywear-sweatshirt
2026-08-25,Cava Athleisure,Shadow Everywear Sweatshirt,XXL,MHD1615BKXXL,749.0,4,0,2996.0,1,https://cavaathleisure.com/products/shadow-everywear-sweatshirt
2026-08-25,Cava Athleisure,Shadow Cotton Leisure Shorts,XL,MSH1616BKXL,799.0,1,0,799.0,1,https://cavaathleisure.com/products/shadow-cotton-leisure-shorts
2026-08-25,Cava Athleisure,Shadow Everywear Leisure Tee,S,MTS1614BKS,699.0,44,0,30756.0,1,https://cavaathleisure.com/products/shadow-everywear-leisure-tee
2026-08-25,Cava Athleisure,Shadow Everywear Leisure Tee,M,MTS1614BKM,699.0,73,0,51027.0,1,https://cavaathleisure.com/products/shadow-everywear-leisure-tee
2026-08-25,Cava Athleisure,Shadow Everywear Leisure Tee,L,MTS1614BKL,699.0,116,0,81084.0,1,https://cavaathleisure.com/products/shadow-everywear-leisure-tee
2026-08-25,Cava Athleisure,Shadow Everywear Leisure Tee,XL,MTS1614BKXL,699.0,32,0,22368.0,1,https://cavaathleisure.com/products/shadow-everywear-leisure-tee
2026-08-25,Cava Athleisure,Blue Everywear Leisure Tee,S,MTS1614NYS,699.0,66,0,46134.0,1,https://cavaathleisure.com/products/blue-everywear-leisure-tee
2026-08-25,Cava Athleisure,Blue Everywear Leisure Tee,M,MTS1614NYM,699.0,72,0,50328.0,1,https://cavaathleisure.com/products/blue-everywear-leisure-tee
2026-08-25,Cava Athleisure,Blue Everywear Leisure Tee,L,MTS1614NYL,699.0,54,0,37746.0,1,https://cavaathleisure.com/products/blue-everywear-leisure-tee
2026-08-25,Cava Athleisure,Blue Everywear Leisure Tee,XL,MTS1614NYXL,699.0,36,0,25164.0,1,https://cavaathleisure.com/products/blue-everywear-leisure-tee
2026-08-25,Cava Athleisure,Blue Everywear Leisure Tee,XXL,MTS1614NYXXL,699.0,23,0,16077.0,1,https://cavaathleisure.com/products/blue-everywear-leisure-tee
2026-08-25,Cava Athleisure,Green Everywear Leisure Tee,XL,MTS1614GRXL,599.0,1,0,599.0,1,https://cavaathleisure.com/products/green-everywear-leisure-tee
2026-08-25,Cava Athleisure,Dusty Pink Everywear Leisure Tee,S,MTS1614BGS,699.0,54,0,37746.0,1,https://cavaathleisure.com/products/dusty-pink-everywear-leisure-tee
2026-08-25,Cava Athleisure,Dusty Pink Everywear Leisure Tee,M,MTS1614BGM,699.0,107,0,74793.0,1,https://cavaathleisure.com/products/dusty-pink-everywear-leisure-tee
2026-08-25,Cava Athleisure,Dusty Pink Everywear Leisure Tee,L,MTS1614BGL,699.0,107,0,74793.0,1,https://cavaathleisure.com/products/dusty-pink-everywear-leisure-tee
2026-08-25,Cava Athleisure,Dusty Pink Everywear Leisure Tee,XL,MTS1614BGXL,699.0,47,0,32853.0,1,https://cavaathleisure.com/products/dusty-pink-everywear-leisure-tee
2026-08-25,Cava Athleisure,Dusty Pink Everywear Leisure Tee,XXL,MTS1614BGXXL,699.0,19,0,13281.0,1,https://cavaathleisure.com/products/dusty-pink-everywear-leisure-tee
2026-08-25,Cava Athleisure,Blue Everywear Sweatshirt,XL,MHD1615NYXL,749.0,12,0,8988.0,1,https://cavaathleisure.com/products/blue-everywear-sweatshirt
2026-08-25,Cava Athleisure,Blue Everywear Sweatshirt,XXL,MHD1615NYXXL,749.0,1,0,749.0,1,https://cavaathleisure.com/products/blue-everywear-sweatshirt
2026-08-25,Cava Athleisure,Green Everywear Sweatshirt,L,MHD1615GRL,749.0,1,0,749.0,1,https://cavaathleisure.com/products/green-everywear-sweatshirt
2026-08-25,Cava Athleisure,Green Everywear Sweatshirt,XL,MHD1615GRXL,749.0,22,0,16478.0,1,https://cavaathleisure.com/products/green-everywear-sweatshirt
2026-08-25,Cava Athleisure,Green Everywear Sweatshirt,XXL,MHD1615GRXXL,749.0,13,0,9737.0,1,https://cavaathleisure.com/products/green-everywear-sweatshirt
2026-08-25,Cava Athleisure,Brown Everywear Sweatshirt,XL,MHD1615BNXL,749.0,10,0,7490.0,1,https://cavaathleisure.com/products/brown-everywear-sweatshirt
2026-08-25,Cava Athleisure,Brown Everywear Sweatshirt,XXL,MHD1615BNXXL,749.0,5,0,3745.0,1,https://cavaathleisure.com/products/brown-everywear-sweatshirt
2026-08-25,Cava Athleisure,Dusty Pink Everywear Sweatshirt,XL,MHD1615BGXL,749.0,25,0,18725.0,1,https://cavaathleisure.com/products/dusty-pink-everywear-sweatshirt
2026-08-25,Cava Athleisure,Dusty Pink Everywear Sweatshirt,XXL,MHD1615BGXXL,749.0,6,0,4494.0,1,https://cavaathleisure.com/products/dusty-pink-everywear-sweatshirt
2026-08-25,Cava Athleisure,Blue Wide Leg Joggers,S,MJR1617NYS,1399.0,1,0,1399.0,1,https://cavaathleisure.com/products/blue-wide-leg-joggers
2026-08-25,Cava Athleisure,Blue Wide Leg Joggers,M,MJR1617NYM,1399.0,87,0,121713.0,1,https://cavaathleisure.com/products/blue-wide-leg-joggers
2026-08-25,Cava Athleisure,Blue Wide Leg Joggers,L,MJR1617NYL,1399.0,57,0,79743.0,1,https://cavaathleisure.com/products/blue-wide-leg-joggers
2026-08-25,Cava Athleisure,Brown Wide Leg Joggers,S,MJR1617BNS,1399.0,24,0,33576.0,1,https://cavaathleisure.com/products/brown-wide-leg-joggers
2026-08-25,Cava Athleisure,Brown Wide Leg Joggers,XL,MJR1617BNXL,1399.0,2,0,2798.0,1,https://cavaathleisure.com/products/brown-wide-leg-joggers
2026-08-25,Cava Athleisure,Green Cotton Leisure Shorts,S,MSH1616GRS,799.0,2,0,1598.0,1,https://cavaathleisure.com/products/green-cotton-leisure-shorts
2026-08-25,Cava Athleisure,Pine Rib-knit Trousers,L,WJR3714GRL,1300.0,38,0,49400.0,1,https://cavaathleisure.com/products/pine-rib-knit-trousers
2026-08-25,Cava Athleisure,Pine Rib-knit Trousers,XL,WJR3714GRXL,1300.0,12,0,15600.0,1,https://cavaathleisure.com/products/pine-rib-knit-trousers
2026-08-25,Cava Athleisure,Yellow Rib-knit Trousers,S,WJR3714YLS,1300.0,2,0,2600.0,1,https://cavaathleisure.com/products/yellow-rib-knit-trousers
2026-08-25,Cava Athleisure,Yellow Rib-knit Trousers,M,WJR3714YLM,1300.0,7,0,9100.0,1,https://cavaathleisure.com/products/yellow-rib-knit-trousers
2026-08-25,Cava Athleisure,Yellow Rib-knit Trousers,L,WJR3714YLL,1300.0,58,0,75400.0,1,https://cavaathleisure.com/products/yellow-rib-knit-trousers
2026-08-25,Cava Athleisure,Yellow Rib-knit Trousers,XL,WJR3714YLXL,1300.0,30,0,39000.0,1,https://cavaathleisure.com/products/yellow-rib-knit-trousers
2026-08-25,Cava Athleisure,Cream Club Cardigan,L,WJK3614WHL,1299.0,5,0,6495.0,1,https://cavaathleisure.com/products/cream-club-cardigan
2026-08-25,Cava Athleisure,Yellow Club Cardigan,S,WJK3614YLS,1299.0,2,0,2598.0,1,https://cavaathleisure.com/products/yellow-club-cardigan
2026-08-25,Cava Athleisure,Yellow Club Cardigan,M,WJK3614YLM,1299.0,52,0,67548.0,1,https://cavaathleisure.com/products/yellow-club-cardigan
2026-08-25,Cava Athleisure,Yellow Club Cardigan,L,WJK3614YLL,1299.0,22,0,28578.0,1,https://cavaathleisure.com/products/yellow-club-cardigan
2026-08-25,Cava Athleisure,Yellow Club Cardigan,XL,WJK3614YLXL,1299.0,1,0,1299.0,1,https://cavaathleisure.com/products/yellow-club-cardigan
2026-08-25,Cava Athleisure,Butter Yellow Ultra Support Sports Bra,XS,WSB14CS01YLXS,1399.0,24,0,33576.0,1,https://cavaathleisure.com/products/butter-yellow-ultra-support-sports-bra
2026-08-25,Cava Athleisure,Butter Yellow Ultra Support Sports Bra,S,WSB14CS01YLS,1399.0,6,0,8394.0,1,https://cavaathleisure.com/products/butter-yellow-ultra-support-sports-bra
2026-08-25,Cava Athleisure,Butter Yellow Ultra Support Sports Bra,M,WSB14CS01YLM,1399.0,75,0,104925.0,1,https://cavaathleisure.com/products/butter-yellow-ultra-support-sports-bra
2026-08-25,Cava Athleisure,Butter Yellow Ultra Support Sports Bra,L,WSB14CS01YLL,1399.0,122,0,170678.0,1,https://cavaathleisure.com/products/butter-yellow-ultra-support-sports-bra
2026-08-25,Cava Athleisure,Butter Yellow Ultra Support Sports Bra,XL,WSB14CS01YLXL,1399.0,38,0,53162.0,1,https://cavaathleisure.com/products/butter-yellow-ultra-support-sports-bra
2026-08-25,Cava Athleisure,Butter Yellow Ultra Support Sports Bra,XXL,WSB14CS01YLXXL,1399.0,38,0,53162.0,1,https://cavaathleisure.com/products/butter-yellow-ultra-support-sports-bra
2026-08-25,Cava Athleisure,Grey Cotton Baby Tee,XL,WTS1631GMLXL,714.0,13,0,9282.0,1,https://cavaathleisure.com/products/grey-cotton-baby-tee
2026-08-25,Cava Athleisure,Pink Cotton Baby Tee,XL,WTS1631PNXL,714.0,28,0,19992.0,1,https://cavaathleisure.com/products/pink-cotton-baby-tee
2026-08-25,Cava Athleisure,Black Cotton Baby Tee,XL,WTS1631BKXL,714.0,7,0,4998.0,1,https://cavaathleisure.com/products/black-cotton-baby-tee
2026-08-25,Cava Athleisure,Beige Signature Sprint Joggers,XS,MNJR702-Volar-11-Bge-XS,957.0,3,0,2871.0,1,https://cavaathleisure.com/products/beige-signature-sprint-joggers
2026-08-25,Cava Athleisure,Beige Signature Sprint Joggers,S,MNJR702-Volar-11-Bge-S,957.0,22,0,21054.0,1,https://cavaathleisure.com/products/beige-signature-sprint-joggers
2026-08-25,Cava Athleisure,Ruby Hourglass Snug Leggings,XS,WLG1045RDXS,1299.0,2,0,2598.0,1,https://cavaathleisure.com/products/ruby-hourglass-snug-legging
2026-08-25,Cava Athleisure,Sculpt Insert Card,Default Title,SCULPT-TQ-CD,0.0,998,0,0.0,1,https://cavaathleisure.com/products/sculpt-insert-card
2026-08-25,Cava Athleisure,Ice Blue Sculpt Core Top,XS,WTP901BLXS,799.0,8,0,6392.0,1,https://cavaathleisure.com/products/ice-blue-sculpt-core-top
2026-08-25,Cava Athleisure,Ice Blue Sculpt Core Top,S,WTP901BLS,799.0,0,1,0.0,1,https://cavaathleisure.com/products/ice-blue-sculpt-core-top
2026-08-25,Cava Athleisure,Ice Blue Sculpt Core Top,M,WTP901BLM,799.0,26,0,20774.0,1,https://cavaathleisure.com/products/ice-blue-sculpt-core-top
2026-08-25,Cava Athleisure,White Sculpt Core Top,XS,WTP901WHXS,799.0,128,0,102272.0,1,https://cavaathleisure.com/products/white-sculpt-core-top
2026-08-25,Cava Athleisure,White Sculpt Core Top,S,WTP901WHS,799.0,49,0,39151.0,1,https://cavaathleisure.com/products/white-sculpt-core-top
2026-08-25,Cava Athleisure,White Sculpt Core Top,L,WTP901WHL,799.0,13,0,10387.0,1,https://cavaathleisure.com/products/white-sculpt-core-top
2026-08-25,Cava Athleisure,White Sculpt Core Top,XXL,WTP901WHXXL,799.0,1,0,799.0,1,https://cavaathleisure.com/products/white-sculpt-core-top
2026-08-25,Cava Athleisure,Brown Sculpt V-Neck Top,XS,WTP904BNXS,879.0,56,0,49224.0,1,https://cavaathleisure.com/products/brown-sculpt-v-neck-top
2026-08-25,Cava Athleisure,Brown Sculpt V-Neck Top,S,WTP904BNS,879.0,28,0,24612.0,1,https://cavaathleisure.com/products/brown-sculpt-v-neck-top
2026-08-25,Cava Athleisure,Brown Sculpt V-Neck Top,M,WTP904BNM,879.0,33,0,29007.0,1,https://cavaathleisure.com/products/brown-sculpt-v-neck-top
2026-08-25,Cava Athleisure,Brown Sculpt V-Neck Top,L,WTP904BNL,879.0,17,0,14943.0,1,https://cavaathleisure.com/products/brown-sculpt-v-neck-top
2026-08-25,Cava Athleisure,Brown Sculpt V-Neck Top,XL,WTP904BNXL,879.0,4,0,3516.0,1,https://cavaathleisure.com/products/brown-sculpt-v-neck-top
2026-08-25,Cava Athleisure,Brown Sculpt V-Neck Top,XXL,WTP904BNXXL,879.0,2,0,1758.0,1,https://cavaathleisure.com/products/brown-sculpt-v-neck-top
2026-08-25,Cava Athleisure,Black Sculpt Crew Top,XS,WTP902BKXS,899.0,18,0,16182.0,1,https://cavaathleisure.com/products/black-sculpt-crew-top
2026-08-25,Cava Athleisure,Black Sculpt Crew Top,S,WTP902BKS,899.0,64,0,57536.0,1,https://cavaathleisure.com/products/black-sculpt-crew-top
2026-08-25,Cava Athleisure,Black Sculpt Crew Top,M,WTP902BKM,899.0,0,1,0.0,1,https://cavaathleisure.com/products/black-sculpt-crew-top
2026-08-25,Cava Athleisure,Black Sculpt Crew Top,XL,WTP902BKXL,899.0,0,1,0.0,1,https://cavaathleisure.com/products/black-sculpt-crew-top
2026-08-25,Cava Athleisure,Burgundy Sculpt Crew Top,XS,WTP902RDXS,899.0,20,0,17980.0,1,https://cavaathleisure.com/products/burgundy-sculpt-crew-top
2026-08-25,Cava Athleisure,Burgundy Sculpt Crew Top,S,WTP902RDS,899.0,93,0,83607.0,1,https://cavaathleisure.com/products/burgundy-sculpt-crew-top
2026-08-25,Cava Athleisure,Burgundy Sculpt Crew Top,M,WTP902RDM,899.0,37,0,33263.0,1,https://cavaathleisure.com/products/burgundy-sculpt-crew-top
2026-08-25,Cava Athleisure,Burgundy Sculpt Crew Top,L,WTP902RDL,899.0,10,0,8990.0,1,https://cavaathleisure.com/products/burgundy-sculpt-crew-top
2026-08-25,Cava Athleisure,Burgundy Sculpt Crew Top,XL,WTP902RDXL,899.0,3,0,2697.0,1,https://cavaathleisure.com/products/burgundy-sculpt-crew-top
2026-08-25,Cava Athleisure,Ice Blue Sculpt Crew Top,XS,WTP902BLXS,899.0,6,0,5394.0,1,https://cavaathleisure.com/products/ice-blue-sculpt-crew-top
2026-08-25,Cava Athleisure,Ice Blue Sculpt Crew Top,S,WTP902BLS,899.0,20,0,17980.0,1,https://cavaathleisure.com/products/ice-blue-sculpt-crew-top
2026-08-25,Cava Athleisure,Ice Blue Sculpt Crew Top,M,WTP902BLM,899.0,7,0,6293.0,1,https://cavaathleisure.com/products/ice-blue-sculpt-crew-top
2026-08-25,Cava Athleisure,Ice Blue Sculpt Crew Top,L,WTP902BLL,899.0,2,0,1798.0,1,https://cavaathleisure.com/products/ice-blue-sculpt-crew-top
2026-08-25,Cava Athleisure,White Sculpt Crew Top,XS,WTP902WHXS,899.0,54,0,48546.0,1,https://cavaathleisure.com/products/white-sculpt-crew-top
2026-08-25,Cava Athleisure,White Sculpt Crew Top,S,WTP902WHS,899.0,103,0,92597.0,1,https://cavaathleisure.com/products/white-sculpt-crew-top
2026-08-25,Cava Athleisure,White Sculpt Crew Top,M,WTP902WHM,899.0,109,0,97991.0,1,https://cavaathleisure.com/products/white-sculpt-crew-top
2026-08-25,Cava Athleisure,White Sculpt Crew Top,L,WTP902WHL,899.0,53,0,47647.0,1,https://cavaathleisure.com/products/white-sculpt-crew-top
2026-08-25,Cava Athleisure,White Sculpt Crew Top,XL,WTP902WHXL,899.0,66,0,59334.0,1,https://cavaathleisure.com/products/white-sculpt-crew-top
2026-08-25,Cava Athleisure,White Sculpt Crew Top,XXL,WTP902WHXXL,899.0,24,0,21576.0,1,https://cavaathleisure.com/products/white-sculpt-crew-top
2026-08-25,Cava Athleisure,Hot Pink Sculpt Crew Top,XS,WTP902PNXS,899.0,26,0,23374.0,1,https://cavaathleisure.com/products/hot-pink-sculpt-crew-top
2026-08-25,Cava Athleisure,Hot Pink Sculpt Crew Top,S,WTP902PNS,899.0,145,0,130355.0,1,https://cavaathleisure.com/products/hot-pink-sculpt-crew-top
2026-08-25,Cava Athleisure,Hot Pink Sculpt Crew Top,M,WTP902PNM,899.0,150,0,134850.0,1,https://cavaathleisure.com/products/hot-pink-sculpt-crew-top
2026-08-25,Cava Athleisure,Hot Pink Sculpt Crew Top,L,WTP902PNL,899.0,7,0,6293.0,1,https://cavaathleisure.com/products/hot-pink-sculpt-crew-top
2026-08-25,Cava Athleisure,Hot Pink Sculpt Crew Top,XL,WTP902PNXL,899.0,23,0,20677.0,1,https://cavaathleisure.com/products/hot-pink-sculpt-crew-top
2026-08-25,Cava Athleisure,Black Sculpt Scoop Top,S,WTP903BKS,899.0,51,0,45849.0,1,https://cavaathleisure.com/products/black-sculpt-scoop-top
2026-08-25,Cava Athleisure,Burgundy Sculpt Scoop Top,XS,WTP903RDXS,899.0,1,0,899.0,0,https://cavaathleisure.com/products/burgundy-sculpt-scoop-top
2026-08-25,Cava Athleisure,Burgundy Sculpt Scoop Top,S,WTP903RDS,899.0,4,0,3596.0,1,https://cavaathleisure.com/products/burgundy-sculpt-scoop-top
2026-08-25,Cava Athleisure,Black Sculpt Core Leggings,XS,WLG902BKXS,1199.0,156,0,187044.0,1,https://cavaathleisure.com/products/black-sculpt-core-leggings
2026-08-25,Cava Athleisure,Black Sculpt Core Leggings,S,WLG902BKS,1199.0,537,0,643863.0,1,https://cavaathleisure.com/products/black-sculpt-core-leggings
2026-08-25,Cava Athleisure,Black Sculpt Core Leggings,M,WLG902BKM,1199.0,375,0,449625.0,1,https://cavaathleisure.com/products/black-sculpt-core-leggings
2026-08-25,Cava Athleisure,Black Sculpt Core Leggings,L,WLG902BKL,1199.0,219,0,262581.0,1,https://cavaathleisure.com/products/black-sculpt-core-leggings
2026-08-25,Cava Athleisure,Black Sculpt Core Leggings,XL,WLG902BKXL,1199.0,217,0,260183.0,1,https://cavaathleisure.com/products/black-sculpt-core-leggings
2026-08-25,Cava Athleisure,Black Sculpt Core Leggings,XXL,WLG902BKXXL,1199.0,48,0,57552.0,1,https://cavaathleisure.com/products/black-sculpt-core-leggings
2026-08-25,Cava Athleisure,Brown Sculpt Core Leggings,XS,WLG902BNXS,1199.0,77,0,92323.0,1,https://cavaathleisure.com/products/brown-sculpt-core-leggings
2026-08-25,Cava Athleisure,Brown Sculpt Core Leggings,S,WLG902BNS,1199.0,244,0,292556.0,1,https://cavaathleisure.com/products/brown-sculpt-core-leggings
2026-08-25,Cava Athleisure,Brown Sculpt Core Leggings,M,WLG902BNM,1199.0,139,0,166661.0,1,https://cavaathleisure.com/products/brown-sculpt-core-leggings
2026-08-25,Cava Athleisure,Brown Sculpt Core Leggings,L,WLG902BNL,1199.0,94,0,112706.0,1,https://cavaathleisure.com/products/brown-sculpt-core-leggings
2026-08-25,Cava Athleisure,Brown Sculpt Core Leggings,XL,WLG902BNXL,1199.0,49,0,58751.0,1,https://cavaathleisure.com/products/brown-sculpt-core-leggings
2026-08-25,Cava Athleisure,Brown Sculpt Core Leggings,XXL,WLG902BNXXL,1199.0,34,0,40766.0,1,https://cavaathleisure.com/products/brown-sculpt-core-leggings
2026-08-25,Cava Athleisure,Navy Sculpt Core Leggings,XS,WLG902NYXS,1199.0,7,0,8393.0,1,https://cavaathleisure.com/products/navy-sculpt-core-leggings
2026-08-25,Cava Athleisure,Navy Sculpt Core Leggings,S,WLG902NYS,1199.0,77,0,92323.0,1,https://cavaathleisure.com/products/navy-sculpt-core-leggings
2026-08-25,Cava Athleisure,Burgundy Sculpt Core Leggings,XS,WLG902RDXS,1199.0,44,0,52756.0,1,https://cavaathleisure.com/products/burgundy-sculpt-core-leggings
2026-08-25,Cava Athleisure,Burgundy Sculpt Core Leggings,S,WLG902RDS,1199.0,146,0,175054.0,1,https://cavaathleisure.com/products/burgundy-sculpt-core-leggings
2026-08-25,Cava Athleisure,Burgundy Sculpt Core Leggings,M,WLG902RDM,1199.0,51,0,61149.0,1,https://cavaathleisure.com/products/burgundy-sculpt-core-leggings
2026-08-25,Cava Athleisure,Burgundy Sculpt Core Leggings,L,WLG902RDL,1199.0,67,0,80333.0,1,https://cavaathleisure.com/products/burgundy-sculpt-core-leggings
2026-08-25,Cava Athleisure,Burgundy Sculpt Core Leggings,XL,WLG902RDXL,1199.0,27,0,32373.0,1,https://cavaathleisure.com/products/burgundy-sculpt-core-leggings
2026-08-25,Cava Athleisure,Burgundy Sculpt Core Leggings,XXL,WLG902RDXXL,1199.0,15,0,17985.0,1,https://cavaathleisure.com/products/burgundy-sculpt-core-leggings
2026-08-25,Cava Athleisure,Ice Blue Sculpt Core Leggings,XS,WLG902BLXS,1199.0,20,0,23980.0,1,https://cavaathleisure.com/products/ice-blue-sculpt-core-leggings
2026-08-25,Cava Athleisure,Ice Blue Sculpt Core Leggings,S,WLG902BLS,1199.0,134,0,160666.0,1,https://cavaathleisure.com/products/ice-blue-sculpt-core-leggings
2026-08-25,Cava Athleisure,Ice Blue Sculpt Core Leggings,M,WLG902BLM,1199.0,119,0,142681.0,1,https://cavaathleisure.com/products/ice-blue-sculpt-core-leggings
2026-08-25,Cava Athleisure,Ice Blue Sculpt Core Leggings,L,WLG902BLL,1199.0,72,0,86328.0,1,https://cavaathleisure.com/products/ice-blue-sculpt-core-leggings
2026-08-25,Cava Athleisure,Ice Blue Sculpt Core Leggings,XL,WLG902BLXL,1199.0,6,0,7194.0,1,https://cavaathleisure.com/products/ice-blue-sculpt-core-leggings
2026-08-25,Cava Athleisure,Hot Pink Sculpt Core Leggings,XS,WLG902PNXS,1199.0,21,0,25179.0,1,https://cavaathleisure.com/products/hot-pink-sculpt-core-leggings
2026-08-25,Cava Athleisure,Hot Pink Sculpt Core Leggings,S,WLG902PNS,1199.0,199,0,238601.0,1,https://cavaathleisure.com/products/hot-pink-sculpt-core-leggings
2026-08-25,Cava Athleisure,Hot Pink Sculpt Core Leggings,M,WLG902PNM,1199.0,134,0,160666.0,1,https://cavaathleisure.com/products/hot-pink-sculpt-core-leggings
2026-08-25,Cava Athleisure,Hot Pink Sculpt Core Leggings,L,WLG902PNL,1199.0,87,0,104313.0,1,https://cavaathleisure.com/products/hot-pink-sculpt-core-leggings
2026-08-25,Cava Athleisure,Hot Pink Sculpt Core Leggings,XL,WLG902PNXL,1199.0,28,0,33572.0,1,https://cavaathleisure.com/products/hot-pink-sculpt-core-leggings
2026-08-25,Cava Athleisure,Hot Pink Sculpt Core Leggings,XXL,WLG902PNXXL,1199.0,45,0,53955.0,1,https://cavaathleisure.com/products/hot-pink-sculpt-core-leggings
2026-08-25,Cava Athleisure,Black Sculpt Bootcut Leggings,XS,WFP901BKXS,1299.0,62,0,80538.0,1,https://cavaathleisure.com/products/black-sculpt-bootcut-leggings
2026-08-25,Cava Athleisure,Black Sculpt Bootcut Leggings,XS,WFP01T9BKXS,1299.0,220,0,285780.0,1,https://cavaathleisure.com/products/black-sculpt-bootcut-leggings
2026-08-25,Cava Athleisure,Black Sculpt Bootcut Leggings,S,WFP901BKS,1299.0,284,0,368916.0,1,https://cavaathleisure.com/products/black-sculpt-bootcut-leggings
2026-08-25,Cava Athleisure,Black Sculpt Bootcut Leggings,S,WFP01T9BKS,1299.0,354,0,459846.0,1,https://cavaathleisure.com/products/black-sculpt-bootcut-leggings
2026-08-25,Cava Athleisure,Black Sculpt Bootcut Leggings,M,WFP901BKM,1299.0,270,0,350730.0,1,https://cavaathleisure.com/products/black-sculpt-bootcut-leggings
2026-08-25,Cava Athleisure,Black Sculpt Bootcut Leggings,M,WFP01T9BKM,1299.0,228,0,296172.0,1,https://cavaathleisure.com/products/black-sculpt-bootcut-leggings
2026-08-25,Cava Athleisure,Black Sculpt Bootcut Leggings,L,WFP901BKL,1299.0,223,0,289677.0,1,https://cavaathleisure.com/products/black-sculpt-bootcut-leggings
2026-08-25,Cava Athleisure,Black Sculpt Bootcut Leggings,L,WFP01T9BKL,1299.0,370,0,480630.0,1,https://cavaathleisure.com/products/black-sculpt-bootcut-leggings
2026-08-25,Cava Athleisure,Black Sculpt Bootcut Leggings,XL,WFP901BKXL,1299.0,74,0,96126.0,1,https://cavaathleisure.com/products/black-sculpt-bootcut-leggings
2026-08-25,Cava Athleisure,Black Sculpt Bootcut Leggings,XL,WFP01T9BKXL,1299.0,368,0,478032.0,1,https://cavaathleisure.com/products/black-sculpt-bootcut-leggings
2026-08-25,Cava Athleisure,Black Sculpt Bootcut Leggings,XXL,WFP901BKXXL,1299.0,24,0,31176.0,1,https://cavaathleisure.com/products/black-sculpt-bootcut-leggings
2026-08-25,Cava Athleisure,Black Sculpt Bootcut Leggings,XXL,WFP01T9BKXXL,1299.0,45,0,58455.0,1,https://cavaathleisure.com/products/black-sculpt-bootcut-leggings
2026-08-25,Cava Athleisure,Storm Blue Sculpt Core Leggings,XS,WLG902SBLXS,1199.0,32,0,38368.0,1,https://cavaathleisure.com/products/storm-blue-sculpt-core-leggings
2026-08-25,Cava Athleisure,Storm Blue Sculpt Core Leggings,S,WLG902SBLS,1199.0,172,0,206228.0,1,https://cavaathleisure.com/products/storm-blue-sculpt-core-leggings
2026-08-25,Cava Athleisure,Storm Blue Sculpt Core Leggings,M,WLG902SBLM,1199.0,49,0,58751.0,1,https://cavaathleisure.com/products/storm-blue-sculpt-core-leggings
2026-08-25,Cava Athleisure,Storm Blue Sculpt Core Leggings,L,WLG902SBLL,1199.0,66,0,79134.0,1,https://cavaathleisure.com/products/storm-blue-sculpt-core-leggings
2026-08-25,Cava Athleisure,Storm Blue Sculpt Core Leggings,XL,WLG902SBLXL,1199.0,13,0,15587.0,1,https://cavaathleisure.com/products/storm-blue-sculpt-core-leggings
2026-08-25,Cava Athleisure,Storm Blue Sculpt Core Leggings,XXL,WLG902SBLXXL,1199.0,22,0,26378.0,1,https://cavaathleisure.com/products/storm-blue-sculpt-core-leggings
2026-08-25,Cava Athleisure,Brown Sculpt Bootcut Leggings,XS,WFP901BNXS,1299.0,1,0,1299.0,0,https://cavaathleisure.com/products/brown-sculpt-bootcut-leggings
2026-08-25,Cava Athleisure,Brown Sculpt Bootcut Leggings,XS,WFP01T9BNXS,1299.0,79,0,102621.0,1,https://cavaathleisure.com/products/brown-sculpt-bootcut-leggings
2026-08-25,Cava Athleisure,Brown Sculpt Bootcut Leggings,S,WFP01T9BNS,1299.0,120,0,155880.0,1,https://cavaathleisure.com/products/brown-sculpt-bootcut-leggings
2026-08-25,Cava Athleisure,Brown Sculpt Bootcut Leggings,M,WFP01T9BNM,1299.0,26,0,33774.0,1,https://cavaathleisure.com/products/brown-sculpt-bootcut-leggings
2026-08-25,Cava Athleisure,Brown Sculpt Bootcut Leggings,L,WFP01T9BNL,1299.0,76,0,98724.0,1,https://cavaathleisure.com/products/brown-sculpt-bootcut-leggings
2026-08-25,Cava Athleisure,Brown Sculpt Bootcut Leggings,XL,WFP01T9BNXL,1299.0,89,0,115611.0,1,https://cavaathleisure.com/products/brown-sculpt-bootcut-leggings
2026-08-25,Cava Athleisure,Brown Sculpt Bootcut Leggings,XXL,WFP01T9BNXXL,1299.0,66,0,85734.0,1,https://cavaathleisure.com/products/brown-sculpt-bootcut-leggings
2026-08-25,Cava Athleisure,Ice Blue Petite Sculpt Bootcut Leggings,XS,WFP901BLXS,1299.0,65,0,84435.0,1,https://cavaathleisure.com/products/ice-blue-sculpt-bootcut-leggings
2026-08-25,Cava Athleisure,Ice Blue Petite Sculpt Bootcut Leggings,S,WFP901BLS,1299.0,101,0,131199.0,1,https://cavaathleisure.com/products/ice-blue-sculpt-bootcut-leggings
2026-08-25,Cava Athleisure,Ice Blue Petite Sculpt Bootcut Leggings,M,WFP901BLM,1299.0,105,0,136395.0,1,https://cavaathleisure.com/products/ice-blue-sculpt-bootcut-leggings
2026-08-25,Cava Athleisure,Ice Blue Petite Sculpt Bootcut Leggings,L,WFP901BLL,1299.0,31,0,40269.0,1,https://cavaathleisure.com/products/ice-blue-sculpt-bootcut-leggings
2026-08-25,Cava Athleisure,Ice Blue Petite Sculpt Bootcut Leggings,XL,WFP901BLXL,1299.0,20,0,25980.0,1,https://cavaathleisure.com/products/ice-blue-sculpt-bootcut-leggings
2026-08-25,Cava Athleisure,Ice Blue Petite Sculpt Bootcut Leggings,XXL,WFP901BLXXL,1299.0,9,0,11691.0,1,https://cavaathleisure.com/products/ice-blue-sculpt-bootcut-leggings
2026-08-25,Cava Athleisure,Burgundy Petite Sculpt Bootcut Leggings,XS,WFP901RDXS,1299.0,28,0,36372.0,1,https://cavaathleisure.com/products/burgundy-sculpt-bootcut-leggings
2026-08-25,Cava Athleisure,Burgundy Petite Sculpt Bootcut Leggings,S,WFP901RDS,1299.0,88,0,114312.0,1,https://cavaathleisure.com/products/burgundy-sculpt-bootcut-leggings
2026-08-25,Cava Athleisure,Burgundy Petite Sculpt Bootcut Leggings,M,WFP901RDM,1299.0,141,0,183159.0,1,https://cavaathleisure.com/products/burgundy-sculpt-bootcut-leggings
2026-08-25,Cava Athleisure,Burgundy Petite Sculpt Bootcut Leggings,L,WFP901RDL,1299.0,73,0,94827.0,1,https://cavaathleisure.com/products/burgundy-sculpt-bootcut-leggings
2026-08-25,Cava Athleisure,Burgundy Petite Sculpt Bootcut Leggings,XL,WFP901RDXL,1299.0,17,0,22083.0,1,https://cavaathleisure.com/products/burgundy-sculpt-bootcut-leggings
2026-08-25,Cava Athleisure,Burgundy Petite Sculpt Bootcut Leggings,XXL,WFP901RDXXL,1299.0,10,0,12990.0,1,https://cavaathleisure.com/products/burgundy-sculpt-bootcut-leggings
2026-08-25,Cava Athleisure,Hot Pink Sculpt Bootcut Leggings,XS,WFP901PNXS,1299.0,70,0,90930.0,1,https://cavaathleisure.com/products/hot-pink-sculpt-bootcut-leggings
2026-08-25,Cava Athleisure,Hot Pink Sculpt Bootcut Leggings,XS,WFP01T9PNXS,1299.0,114,0,148086.0,1,https://cavaathleisure.com/products/hot-pink-sculpt-bootcut-leggings
2026-08-25,Cava Athleisure,Hot Pink Sculpt Bootcut Leggings,S,WFP901PNS,1299.0,183,0,237717.0,1,https://cavaathleisure.com/products/hot-pink-sculpt-bootcut-leggings
2026-08-25,Cava Athleisure,Hot Pink Sculpt Bootcut Leggings,S,WFP01T9PNS,1299.0,335,0,435165.0,1,https://cavaathleisure.com/products/hot-pink-sculpt-bootcut-leggings
2026-08-25,Cava Athleisure,Hot Pink Sculpt Bootcut Leggings,M,WFP901PNM,1299.0,137,0,177963.0,1,https://cavaathleisure.com/products/hot-pink-sculpt-bootcut-leggings
2026-08-25,Cava Athleisure,Hot Pink Sculpt Bootcut Leggings,M,WFP01T9PNM,1299.0,232,0,301368.0,1,https://cavaathleisure.com/products/hot-pink-sculpt-bootcut-leggings
2026-08-25,Cava Athleisure,Hot Pink Sculpt Bootcut Leggings,L,WFP901PNL,1299.0,120,0,155880.0,1,https://cavaathleisure.com/products/hot-pink-sculpt-bootcut-leggings
2026-08-25,Cava Athleisure,Hot Pink Sculpt Bootcut Leggings,L,WFP01T9PNL,1299.0,178,0,231222.0,1,https://cavaathleisure.com/products/hot-pink-sculpt-bootcut-leggings
2026-08-25,Cava Athleisure,Hot Pink Sculpt Bootcut Leggings,XL,WFP901PNXL,1299.0,48,0,62352.0,1,https://cavaathleisure.com/products/hot-pink-sculpt-bootcut-leggings
2026-08-25,Cava Athleisure,Hot Pink Sculpt Bootcut Leggings,XL,WFP01T9PNXL,1299.0,88,0,114312.0,1,https://cavaathleisure.com/products/hot-pink-sculpt-bootcut-leggings
2026-08-25,Cava Athleisure,Hot Pink Sculpt Bootcut Leggings,XXL,WFP901PNXXL,1299.0,17,0,22083.0,1,https://cavaathleisure.com/products/hot-pink-sculpt-bootcut-leggings
2026-08-25,Cava Athleisure,Hot Pink Sculpt Bootcut Leggings,XXL,WFP01T9PNXXL,1299.0,34,0,44166.0,1,https://cavaathleisure.com/products/hot-pink-sculpt-bootcut-leggings
2026-08-25,Cava Athleisure,Storm Blue Sculpt Bootcut Leggings,S,WFP901SBLS,1299.0,24,0,31176.0,1,https://cavaathleisure.com/products/storm-blue-sculpt-bootcut-leggings
2026-08-25,Cava Athleisure,Storm Blue Sculpt Bootcut Leggings,S,WFP01T9SBLS,1299.0,223,0,289677.0,1,https://cavaathleisure.com/products/storm-blue-sculpt-bootcut-leggings
2026-08-25,Cava Athleisure,Storm Blue Sculpt Bootcut Leggings,M,WFP01T9SBLM,1299.0,20,0,25980.0,1,https://cavaathleisure.com/products/storm-blue-sculpt-bootcut-leggings
2026-08-25,Cava Athleisure,Storm Blue Sculpt Bootcut Leggings,L,WFP01T9SBLL,1299.0,19,0,24681.0,1,https://cavaathleisure.com/products/storm-blue-sculpt-bootcut-leggings
2026-08-25,Cava Athleisure,Storm Blue Sculpt Bootcut Leggings,XL,WFP01T9SBLXL,1299.0,22,0,28578.0,1,https://cavaathleisure.com/products/storm-blue-sculpt-bootcut-leggings
2026-08-25,Cava Athleisure,Black Sculpt V-Neck Top,XS,WTP904BKXS,899.0,37,0,33263.0,1,https://cavaathleisure.com/products/black-sculpt-v-neck-top
2026-08-25,Cava Athleisure,Black Sculpt V-Neck Top,S,WTP904BKS,899.0,61,0,54839.0,1,https://cavaathleisure.com/products/black-sculpt-v-neck-top
2026-08-25,Cava Athleisure,Black Sculpt V-Neck Top,M,WTP904BKM,899.0,8,0,7192.0,1,https://cavaathleisure.com/products/black-sculpt-v-neck-top
2026-08-25,Cava Athleisure,Burgundy Sculpt V-Neck Top,XS,WTP904RDXS,899.0,72,0,64728.0,1,https://cavaathleisure.com/products/burgundy-sculpt-v-neck-top
2026-08-25,Cava Athleisure,Burgundy Sculpt V-Neck Top,S,WTP904RDS,899.0,62,0,55738.0,1,https://cavaathleisure.com/products/burgundy-sculpt-v-neck-top
2026-08-25,Cava Athleisure,Burgundy Sculpt V-Neck Top,M,WTP904RDM,899.0,115,0,103385.0,1,https://cavaathleisure.com/products/burgundy-sculpt-v-neck-top
2026-08-25,Cava Athleisure,Burgundy Sculpt V-Neck Top,L,WTP904RDL,899.0,66,0,59334.0,1,https://cavaathleisure.com/products/burgundy-sculpt-v-neck-top
2026-08-25,Cava Athleisure,Burgundy Sculpt V-Neck Top,XL,WTP904RDXL,899.0,30,0,26970.0,1,https://cavaathleisure.com/products/burgundy-sculpt-v-neck-top
2026-08-25,Cava Athleisure,Burgundy Sculpt V-Neck Top,XXL,WTP904RDXXL,899.0,34,0,30566.0,1,https://cavaathleisure.com/products/burgundy-sculpt-v-neck-top
2026-08-25,Cava Athleisure,White Sculpt V-Neck Top,XS,WTP904WHXS,899.0,55,0,49445.0,1,https://cavaathleisure.com/products/white-sculpt-v-neck-top
2026-08-25,Cava Athleisure,White Sculpt V-Neck Top,S,WTP904WHS,899.0,26,0,23374.0,1,https://cavaathleisure.com/products/white-sculpt-v-neck-top
2026-08-25,Cava Athleisure,White Sculpt V-Neck Top,M,WTP904WHM,899.0,53,0,47647.0,1,https://cavaathleisure.com/products/white-sculpt-v-neck-top
2026-08-25,Cava Athleisure,White Sculpt V-Neck Top,L,WTP904WHL,899.0,24,0,21576.0,1,https://cavaathleisure.com/products/white-sculpt-v-neck-top
2026-08-25,Cava Athleisure,White Sculpt V-Neck Top,XXL,WTP904WHXXL,899.0,17,0,15283.0,1,https://cavaathleisure.com/products/white-sculpt-v-neck-top
2026-08-25,Cava Athleisure,White Sculpt Scoop Top,XS,WTP903WHXS,899.0,31,0,27869.0,1,https://cavaathleisure.com/products/white-sculpt-scoop-top
2026-08-25,Cava Athleisure,White Sculpt Scoop Top,S,WTP903WHS,899.0,40,0,35960.0,1,https://cavaathleisure.com/products/white-sculpt-scoop-top
2026-08-25,Cava Athleisure,White Sculpt Scoop Top,M,WTP903WHM,899.0,15,0,13485.0,1,https://cavaathleisure.com/products/white-sculpt-scoop-top
2026-08-25,Cava Athleisure,White Sculpt Scoop Top,XL,WTP903WHXL,899.0,14,0,12586.0,1,https://cavaathleisure.com/products/white-sculpt-scoop-top
2026-08-25,Cava Athleisure,Ice Blue Sculpt Booty Shorts,XS,WSH904BLXS,999.0,70,0,69930.0,1,https://cavaathleisure.com/products/ice-blue-sculpt-booty-shorts
2026-08-25,Cava Athleisure,Ice Blue Sculpt Booty Shorts,S,WSH904BLS,999.0,130,0,129870.0,1,https://cavaathleisure.com/products/ice-blue-sculpt-booty-shorts
2026-08-25,Cava Athleisure,Ice Blue Sculpt Booty Shorts,M,WSH904BLM,999.0,73,0,72927.0,1,https://cavaathleisure.com/products/ice-blue-sculpt-booty-shorts
2026-08-25,Cava Athleisure,Ice Blue Sculpt Booty Shorts,L,WSH904BLL,999.0,29,0,28971.0,1,https://cavaathleisure.com/products/ice-blue-sculpt-booty-shorts
2026-08-25,Cava Athleisure,Ice Blue Sculpt Booty Shorts,XL,WSH904BLXL,999.0,3,0,2997.0,1,https://cavaathleisure.com/products/ice-blue-sculpt-booty-shorts
2026-08-25,Cava Athleisure,Black Sculpt Capri,S,WLG903BKS,999.0,57,0,56943.0,1,https://cavaathleisure.com/products/black-sculpt-capri
2026-08-25,Cava Athleisure,Hot Pink Sculpt Booty Shorts,XS,WSH904PNXS,999.0,48,0,47952.0,1,https://cavaathleisure.com/products/hot-pink-sculpt-booty-shorts
2026-08-25,Cava Athleisure,Hot Pink Sculpt Booty Shorts,S,WSH904PNS,999.0,98,0,97902.0,1,https://cavaathleisure.com/products/hot-pink-sculpt-booty-shorts
2026-08-25,Cava Athleisure,Hot Pink Sculpt Booty Shorts,M,WSH904PNM,999.0,107,0,106893.0,1,https://cavaathleisure.com/products/hot-pink-sculpt-booty-shorts
2026-08-25,Cava Athleisure,Hot Pink Sculpt Booty Shorts,L,WSH904PNL,999.0,32,0,31968.0,1,https://cavaathleisure.com/products/hot-pink-sculpt-booty-shorts
2026-08-25,Cava Athleisure,Hot Pink Sculpt Booty Shorts,XL,WSH904PNXL,999.0,54,0,53946.0,1,https://cavaathleisure.com/products/hot-pink-sculpt-booty-shorts
2026-08-25,Cava Athleisure,Hot Pink Sculpt Booty Shorts,XXL,WSH904PNXXL,999.0,4,0,3996.0,1,https://cavaathleisure.com/products/hot-pink-sculpt-booty-shorts
2026-08-25,Cava Athleisure,Basic Supima Polo T-shirt - Pack of 2,S,MTS5CS103BKBGS,2039.0,13,0,26507.0,1,https://cavaathleisure.com/products/basic-supima-polo-t-shirt-pack-of-2
2026-08-25,Cava Athleisure,Navy Sculpt Capri,S,WLG903NYS,999.0,52,0,51948.0,1,https://cavaathleisure.com/products/navy-sculpt-capri
2026-08-25,Cava Athleisure,Burgundy Sculpt Capri,XS,WLG903RDXS,999.0,8,0,7992.0,1,https://cavaathleisure.com/products/burgundy-sculpt-capri
2026-08-25,Cava Athleisure,Burgundy Sculpt Capri,S,WLG903RDS,999.0,48,0,47952.0,1,https://cavaathleisure.com/products/burgundy-sculpt-capri
2026-08-25,Cava Athleisure,Burgundy Sculpt Capri,M,WLG903RDM,999.0,1,0,999.0,1,https://cavaathleisure.com/products/burgundy-sculpt-capri
2026-08-25,Cava Athleisure,Black Sculpt Booty Shorts,XS,WSH904BKXS,999.0,5,0,4995.0,1,https://cavaathleisure.com/products/black-sculpt-booty-shorts
2026-08-25,Cava Athleisure,Black Sculpt Booty Shorts,M,WSH904BKM,999.0,80,0,79920.0,1,https://cavaathleisure.com/products/black-sculpt-booty-shorts
2026-08-25,Cava Athleisure,Black Sculpt Booty Shorts,L,WSH904BKL,999.0,26,0,25974.0,1,https://cavaathleisure.com/products/black-sculpt-booty-shorts
2026-08-25,Cava Athleisure,Black Sculpt Booty Shorts,XL,WSH904BKXL,999.0,2,0,1998.0,1,https://cavaathleisure.com/products/black-sculpt-booty-shorts
2026-08-25,Cava Athleisure,Modern Supima Crew Neck T-shirt - Pack of 2,XXL,MTS16CS101GRPUXXL,1799.0,1,0,1799.0,1,https://cavaathleisure.com/products/modern-supima-crew-neck-t-shirt-pack-of-2
2026-08-25,Cava Athleisure,Staple Supima V-Neck T-shirt - Pack of 3,L,MTS5CS102BKPUWHL,2698.0,1,0,2698.0,1,https://cavaathleisure.com/products/staple-supima-v-neck-t-shirt-pack-of-3
2026-08-25,Cava Athleisure,Essential Supima Crew Neck T-shirt - Pack of 2,L,MTS5CS101BKBGL,1799.0,1,0,1799.0,1,https://cavaathleisure.com/products/essential-supima-crew-neck-t-shirt-pack-of-2
2026-08-25,Cava Athleisure,Essential Supima Crew Neck T-shirt - Pack of 2,XXL,MTS5CS101BKBGXXL,1799.0,1,0,1799.0,1,https://cavaathleisure.com/products/essential-supima-crew-neck-t-shirt-pack-of-2
2026-08-25,Cava Athleisure,Basic Sculpt Scoop Tops - Pack of 2,S,WTP903WHBKS,1799.0,39,0,70161.0,1,https://cavaathleisure.com/products/basic-sculpt-scoop-tops-pack-of-2
2026-08-25,Cava Athleisure,Basic Sculpt V-Neck Tops - Pack of 2,XS,WTP904WHBKXS,1699.0,36,0,61164.0,1,https://cavaathleisure.com/products/basic-sculpt-v-neck-tops-pack-of-2
2026-08-25,Cava Athleisure,Basic Sculpt V-Neck Tops - Pack of 2,S,WTP904WHBKS,1699.0,25,0,42475.0,1,https://cavaathleisure.com/products/basic-sculpt-v-neck-tops-pack-of-2
2026-08-25,Cava Athleisure,Basic Sculpt V-Neck Tops - Pack of 2,M,WTP904WHBKM,1699.0,7,0,11893.0,1,https://cavaathleisure.com/products/basic-sculpt-v-neck-tops-pack-of-2
2026-08-25,Cava Athleisure,Basic Sculpt Crew Tops - Pack of 2,XS,WTP902WHBKXS,1699.0,17,0,28883.0,1,https://cavaathleisure.com/products/basic-sculpt-crew-tops-pack-of-2
2026-08-25,Cava Athleisure,Basic Sculpt Crew Tops - Pack of 2,S,WTP902WHBKS,1699.0,63,0,107037.0,1,https://cavaathleisure.com/products/basic-sculpt-crew-tops-pack-of-2
2026-08-25,Cava Athleisure,Essential Sculpt V-Neck Tops - Pack of 3,XS,WTP904WHBKBNXS,2399.0,36,0,86364.0,1,https://cavaathleisure.com/products/essential-sculpt-v-neck-tops-pack-of-3
2026-08-25,Cava Athleisure,Essential Sculpt V-Neck Tops - Pack of 3,S,WTP904WHBKBNS,2399.0,25,0,59975.0,1,https://cavaathleisure.com/products/essential-sculpt-v-neck-tops-pack-of-3
2026-08-25,Cava Athleisure,Essential Sculpt V-Neck Tops - Pack of 3,M,WTP904WHBKBNM,2399.0,7,0,16793.0,1,https://cavaathleisure.com/products/essential-sculpt-v-neck-tops-pack-of-3
2026-08-25,Cava Athleisure,Pop Sculpt Crew Tops - Pack of 3,XS,WTP902PNWHBLXS,2399.0,5,0,11995.0,1,https://cavaathleisure.com/products/pop-sculpt-crew-tops-pack-of-3
2026-08-25,Cava Athleisure,Pop Sculpt Crew Tops - Pack of 3,S,WTP902PNWHBLS,2399.0,19,0,45581.0,1,https://cavaathleisure.com/products/pop-sculpt-crew-tops-pack-of-3
2026-08-25,Cava Athleisure,Pop Sculpt Crew Tops - Pack of 3,M,WTP902PNWHBLM,2399.0,6,0,14394.0,1,https://cavaathleisure.com/products/pop-sculpt-crew-tops-pack-of-3
2026-08-25,Cava Athleisure,Pop Sculpt Crew Tops - Pack of 3,L,WTP902PNWHBLL,2399.0,1,0,2399.0,1,https://cavaathleisure.com/products/pop-sculpt-crew-tops-pack-of-3
2026-08-25,Cava Athleisure,Essential Sculpt Capris - Pack of 3,S,WLG903RDNYBKS,3599.0,42,0,151158.0,1,https://cavaathleisure.com/products/essential-sculpt-capris-pack-of-3
2026-08-25,Cava Athleisure,Basic Sculpt Capris - Pack of 2,S,WLG903NYBKS,2599.0,45,0,116955.0,1,https://cavaathleisure.com/products/basic-sculpt-capris-pack-of-2
2026-08-25,Cava Athleisure,Core Sculpt Capris - Pack of 2,S,WLG903BKRDS,2599.0,47,0,122153.0,1,https://cavaathleisure.com/products/core-sculpt-capris-pack-of-2
2026-08-25,Cava Athleisure,Essential Supima V Neck - Pack of 2,L,MTSCS102BKWHL,2079.0,16,0,33264.0,1,https://cavaathleisure.com/products/essential-supima-v-neck-pack-of-2
2026-08-25,Cava Athleisure,Essential Supima V Neck - Pack of 2,XXL,MTSCS102BKWHXXL,2079.0,5,0,10395.0,1,https://cavaathleisure.com/products/essential-supima-v-neck-pack-of-2
2026-08-25,Cava Athleisure,Classic Supima V Neck - Pack of 2,S,MTS102NYBGS,1949.0,23,0,44827.0,1,https://cavaathleisure.com/products/classic-supima-v-neck-pack-of-2
2026-08-25,Cava Athleisure,Classic Supima V Neck - Pack of 2,M,MTS102NYBGM,1949.0,26,0,50674.0,1,https://cavaathleisure.com/products/classic-supima-v-neck-pack-of-2
2026-08-25,Cava Athleisure,Classic Supima V Neck - Pack of 2,L,MTS102NYBGL,1949.0,30,0,58470.0,1,https://cavaathleisure.com/products/classic-supima-v-neck-pack-of-2
2026-08-25,Cava Athleisure,Classic Supima V Neck - Pack of 2,XL,MTS102NYBGXL,1949.0,6,0,11694.0,1,https://cavaathleisure.com/products/classic-supima-v-neck-pack-of-2
2026-08-25,Cava Athleisure,Classic Supima V Neck - Pack of 2,XXL,MTS102NYBGXXL,1949.0,9,0,17541.0,1,https://cavaathleisure.com/products/classic-supima-v-neck-pack-of-2
2026-08-25,Cava Athleisure,Staple Supima V Neck - Pack of 3,L,MTS102BKBGWHL,2819.0,16,0,45104.0,1,https://cavaathleisure.com/products/staple-supima-v-neck-pack-of-3
2026-08-25,Cava Athleisure,Staple Supima V Neck - Pack of 3,XL,MTS102BKBGWHXL,2819.0,1,0,2819.0,1,https://cavaathleisure.com/products/staple-supima-v-neck-pack-of-3
2026-08-25,Cava Athleisure,Staple Supima V Neck - Pack of 3,XXL,MTS102BKBGWHXXL,2819.0,5,0,14095.0,1,https://cavaathleisure.com/products/staple-supima-v-neck-pack-of-3
2026-08-25,Cava Athleisure,Modern Supima V Neck - Pack of 2,S,MTS102PUGRS,1949.0,22,0,42878.0,1,https://cavaathleisure.com/products/modern-supima-v-neck-pack-of-2
2026-08-25,Cava Athleisure,Modern Supima V Neck - Pack of 2,M,MTS102PUGRM,1949.0,2,0,3898.0,1,https://cavaathleisure.com/products/modern-supima-v-neck-pack-of-2
2026-08-25,Cava Athleisure,Modern Supima V Neck - Pack of 2,L,MTS102PUGRL,1949.0,1,0,1949.0,1,https://cavaathleisure.com/products/modern-supima-v-neck-pack-of-2
2026-08-25,Cava Athleisure,Modern Supima V Neck - Pack of 2,XL,MTS102PUGRXL,1949.0,3,0,5847.0,1,https://cavaathleisure.com/products/modern-supima-v-neck-pack-of-2
2026-08-25,Cava Athleisure,Aerial Contrast Leggings - Pack of 2,S,WLG1011BKRDS,3249.0,41,0,133209.0,1,https://cavaathleisure.com/products/aerial-contrast-leggings-pack-of-2
2026-08-25,Cava Athleisure,Navy Cotton Wrap Top,XXL,WTP1624NYXXL,714.0,13,0,9282.0,1,https://cavaathleisure.com/products/navy-cotton-wrap-top
2026-08-25,Cava Athleisure,Black Cotton Wrap Top,S,WTP1624BKS,714.0,1,0,714.0,1,https://cavaathleisure.com/products/black-cotton-wrap-top
2026-08-25,Cava Athleisure,Navy Cotton Recovery Jacket,XS,WJK1636NYXS,1264.0,8,0,10112.0,1,https://cavaathleisure.com/products/navy-cotton-recovery-jacket
2026-08-25,Cava Athleisure,Black Cotton Recovery Jacket,XS,WJK1636BKXS,1264.0,1,0,1264.0,1,https://cavaathleisure.com/products/black-cotton-recovery-jacket
2026-08-25,Cava Athleisure,Grey Cotton Scoop Tank,XL,WTN1622GMLXL,879.0,1,0,879.0,1,https://cavaathleisure.com/products/grey-cotton-scoop-tank
2026-08-25,Cava Athleisure,Grey Cotton Twirl Skorts,XS,WSK1635GMLXS,1119.0,70,0,78330.0,1,https://cavaathleisure.com/products/grey-cotton-twirl-skort
2026-08-25,Cava Athleisure,Grey Cotton Twirl Skorts,S,WSK1635GMLS,1119.0,123,0,137637.0,1,https://cavaathleisure.com/products/grey-cotton-twirl-skort
2026-08-25,Cava Athleisure,Grey Cotton Twirl Skorts,M,WSK1635GMLM,1119.0,35,0,39165.0,1,https://cavaathleisure.com/products/grey-cotton-twirl-skort
2026-08-25,Cava Athleisure,Toasted Aerial Crop Tank,XL,WTN8SET12BNXL,1192.0,91,0,108472.0,1,https://cavaathleisure.com/products/toasted-aerial-crop-tank
2026-08-25,Cava Athleisure,Toasted Aerial Crop Tank,XXL,WTN8SET12BNXXL,1192.0,45,0,53640.0,1,https://cavaathleisure.com/products/toasted-aerial-crop-tank
2026-08-25,Cava Athleisure,Pink Aerial Crop Tank,XL,WTN8SET12BPNXL,999.0,80,0,79920.0,1,https://cavaathleisure.com/products/pink-aerial-crop-tank
2026-08-25,Cava Athleisure,Pink Aerial Crop Tank,XXL,WTN8SET12BPNXXL,999.0,45,0,44955.0,1,https://cavaathleisure.com/products/pink-aerial-crop-tank
2026-08-25,Cava Athleisure,Toasted Aerial Leggings,XS,WLG8SET12BNXS,999.0,29,0,28971.0,1,https://cavaathleisure.com/products/toasted-aerial-leggings
2026-08-25,Cava Athleisure,Toasted Aerial Leggings,S,WLG8SET12BNS,999.0,55,0,54945.0,1,https://cavaathleisure.com/products/toasted-aerial-leggings
2026-08-25,Cava Athleisure,Toasted Aerial Leggings,M,WLG8SET12BNM,999.0,28,0,27972.0,1,https://cavaathleisure.com/products/toasted-aerial-leggings
2026-08-25,Cava Athleisure,Pink Aerial Leggings,M,WLG8SET12PNM,1125.0,41,0,46125.0,1,https://cavaathleisure.com/products/pink-aerial-leggings
2026-08-25,Cava Athleisure,Pink Aerial Leggings,XL,WLG8SET12PNXL,1125.0,10,0,11250.0,1,https://cavaathleisure.com/products/pink-aerial-leggings
2026-08-25,Cava Athleisure,Toasted Sculptor Jacket,XS,WJK14SET5BNXS,1799.0,54,0,97146.0,1,https://cavaathleisure.com/products/toasted-brown-sculptor-jacket
2026-08-25,Cava Athleisure,Toasted Sculptor Jacket,S,WJK14SET5BNS,1799.0,140,0,251860.0,1,https://cavaathleisure.com/products/toasted-brown-sculptor-jacket
2026-08-25,Cava Athleisure,Toasted Sculptor Jacket,M,WJK14SET5BNM,1799.0,179,0,322021.0,1,https://cavaathleisure.com/products/toasted-brown-sculptor-jacket
2026-08-25,Cava Athleisure,Toasted Sculptor Jacket,L,WJK14SET5BNL,1799.0,70,0,125930.0,1,https://cavaathleisure.com/products/toasted-brown-sculptor-jacket
2026-08-25,Cava Athleisure,Toasted Sculptor Jacket,XL,WJK14SET5BNXL,1799.0,37,0,66563.0,1,https://cavaathleisure.com/products/toasted-brown-sculptor-jacket
2026-08-25,Cava Athleisure,Toasted Sculptor Jacket,XXL,WJK14SET5BNXXL,1799.0,45,0,80955.0,1,https://cavaathleisure.com/products/toasted-brown-sculptor-jacket
2026-08-25,Cava Athleisure,Butter Yellow Sculptor Jacket,XS,WJK14SET5YLXS,1799.0,38,0,68362.0,1,https://cavaathleisure.com/products/butter-yellow-sculptor-jacket
2026-08-25,Cava Athleisure,Butter Yellow Sculptor Jacket,S,WJK14SET5YLS,1799.0,76,0,136724.0,1,https://cavaathleisure.com/products/butter-yellow-sculptor-jacket
2026-08-25,Cava Athleisure,Butter Yellow Sculptor Jacket,M,WJK14SET5YLM,1799.0,113,0,203287.0,1,https://cavaathleisure.com/products/butter-yellow-sculptor-jacket
2026-08-25,Cava Athleisure,Butter Yellow Sculptor Jacket,L,WJK14SET5YLL,1799.0,73,0,131327.0,1,https://cavaathleisure.com/products/butter-yellow-sculptor-jacket
2026-08-25,Cava Athleisure,Butter Yellow Sculptor Jacket,XL,WJK14SET5YLXL,1799.0,31,0,55769.0,1,https://cavaathleisure.com/products/butter-yellow-sculptor-jacket
2026-08-25,Cava Athleisure,Butter Yellow Sculptor Jacket,XXL,WJK14SET5YLXXL,1799.0,15,0,26985.0,1,https://cavaathleisure.com/products/butter-yellow-sculptor-jacket
2026-08-25,Cava Athleisure,Mint Cava Essential Sweatshirt,XS,WHD16536BLXS,1199.0,55,0,65945.0,1,https://cavaathleisure.com/products/mint-cava-essential-sweatshirt
2026-08-25,Cava Athleisure,Mint Cava Essential Sweatshirt,S,WHD16536BLS,1199.0,218,0,261382.0,1,https://cavaathleisure.com/products/mint-cava-essential-sweatshirt
2026-08-25,Cava Athleisure,Mint Cava Essential Sweatshirt,M,WHD16536BLM,1199.0,344,0,412456.0,1,https://cavaathleisure.com/products/mint-cava-essential-sweatshirt
2026-08-25,Cava Athleisure,Mint Cava Essential Sweatshirt,L,WHD16536BLL,1199.0,91,0,109109.0,1,https://cavaathleisure.com/products/mint-cava-essential-sweatshirt
2026-08-25,Cava Athleisure,Mint Cava Essential Sweatshirt,XL,WHD16536BLXL,1199.0,103,0,123497.0,1,https://cavaathleisure.com/products/mint-cava-essential-sweatshirt
2026-08-25,Cava Athleisure,Mint Cava Essential Sweatshirt,XXL,WHD16536BLXXL,1199.0,37,0,44363.0,1,https://cavaathleisure.com/products/mint-cava-essential-sweatshirt
2026-08-25,Cava Athleisure,Pine Plie Pleated Skort,S,WSK14CS06GRS,1699.0,31,0,52669.0,1,https://cavaathleisure.com/products/pine-green-pleated-skort
2026-08-25,Cava Athleisure,Pine Plie Pleated Skort,M,WSK14CS06GRM,1699.0,1,0,1699.0,1,https://cavaathleisure.com/products/pine-green-pleated-skort
2026-08-25,Cava Athleisure,Wine High Impact Sports Bra,XS,WSB1CS02WRDXS,1299.0,64,0,83136.0,1,https://cavaathleisure.com/products/wine-high-impact-sports-bra
2026-08-25,Cava Athleisure,Butter Yellow Plie Pleated Skort,S,WSK14CS06YLS,1699.0,57,0,96843.0,1,https://cavaathleisure.com/products/butter-yellow-pleated-skort
2026-08-25,Cava Athleisure,Grey Cava Essential Sweatshirt,M,TP536-Vamos-86-BerlinGrey-M,1199.0,18,0,21582.0,1,https://cavaathleisure.com/products/grey-cava-essential-sweatshirt
2026-08-25,Cava Athleisure,Fuchsia Bow Sculpt Core Leggings,XS,WLG1402BRDXS,990.0,19,0,18810.0,1,https://cavaathleisure.com/products/fuchsia-bow-sculpt-core-leggings
2026-08-25,Cava Athleisure,Pink Gingham Sculpt Core Leggings,XS,WLG1402GPNXS,990.0,23,0,22770.0,1,https://cavaathleisure.com/products/pink-gingham-sculpt-core-leggings
2026-08-25,Cava Athleisure,Pink Gingham Sculpt Core Leggings,M,WLG1402GPNM,990.0,1,0,990.0,1,https://cavaathleisure.com/products/pink-gingham-sculpt-core-leggings
2026-08-25,Cava Athleisure,Pink Bow Sculpt Core Leggings,XS,WLG1402BPNXS,990.0,23,0,22770.0,1,https://cavaathleisure.com/products/pink-bow-sculpt-core-leggings
2026-08-25,Cava Athleisure,Pink Bow Sculpt Core Leggings,M,WLG1402BPNM,990.0,6,0,5940.0,1,https://cavaathleisure.com/products/pink-bow-sculpt-core-leggings
2026-08-25,Cava Athleisure,Mint Gingham Sculpt Core Leggings,XS,WLG1402GGRXS,990.0,21,0,20790.0,1,https://cavaathleisure.com/products/mint-gingham-sculpt-core-leggings
2026-08-25,Cava Athleisure,Mint Gingham Sculpt Core Leggings,M,WLG1402GGRM,990.0,12,0,11880.0,1,https://cavaathleisure.com/products/mint-gingham-sculpt-core-leggings
2026-08-25,Cava Athleisure,Midnight Gradient Sculpt Core Leggings,XS,WLG1402GMBLXS,990.0,55,0,54450.0,1,https://cavaathleisure.com/products/midnight-gradient-sculpt-core-leggings
2026-08-25,Cava Athleisure,Blush Swirl Tennis Skorts,XXS,WSKSET445PNXXS,1399.0,45,0,62955.0,1,https://cavaathleisure.com/products/blush-pink-swirl-tennis-skorts
2026-08-25,Cava Athleisure,Blush Swirl Tennis Skorts,XS,WSK14SET4PNXS,1399.0,223,0,311977.0,1,https://cavaathleisure.com/products/blush-pink-swirl-tennis-skorts
2026-08-25,Cava Athleisure,Blush Swirl Tennis Skorts,S,WSK14SET4PNS,1399.0,3,0,4197.0,1,https://cavaathleisure.com/products/blush-pink-swirl-tennis-skorts
2026-08-25,Cava Athleisure,Blush Swirl Tennis Skorts,M,WSK14SET4PNM,1399.0,28,0,39172.0,1,https://cavaathleisure.com/products/blush-pink-swirl-tennis-skorts
2026-08-25,Cava Athleisure,Blush Swirl Tennis Skorts,L,WSK14SET4PNL,1399.0,6,0,8394.0,1,https://cavaathleisure.com/products/blush-pink-swirl-tennis-skorts
2026-08-25,Cava Athleisure,Blush Swirl Tennis Skorts,XXL,WSK14SET4PNXXL,1399.0,7,0,9793.0,1,https://cavaathleisure.com/products/blush-pink-swirl-tennis-skorts
2026-08-25,Cava Athleisure,Blush Swirl Tennis Skorts,XXXL,WSKSET445PNXXXL,1399.0,47,0,65753.0,1,https://cavaathleisure.com/products/blush-pink-swirl-tennis-skorts
2026-08-25,Cava Athleisure,Hot Pink Swirl Tennis Skorts,XS,WSK14SET4BPNXS,1399.0,21,0,29379.0,1,https://cavaathleisure.com/products/hot-pink-swirl-tennis-skorts
2026-08-25,Cava Athleisure,Hot Pink Swirl Tennis Skorts,L,WSK14SET4BPNL,1399.0,4,0,5596.0,1,https://cavaathleisure.com/products/hot-pink-swirl-tennis-skorts
2026-08-25,Cava Athleisure,Hot Pink Swirl Tennis Skorts,XL,WSK14SET4BPNXL,1399.0,2,0,2798.0,1,https://cavaathleisure.com/products/hot-pink-swirl-tennis-skorts
2026-08-25,Cava Athleisure,Black Serve Side Oversized Printed Tee - Women,S,WTS1618BKGSMS,934.0,0,1,0.0,0,https://cavaathleisure.com/products/black-serve-side-oversized-printed-tee-women
2026-08-25,Cava Athleisure,Cobalt Hourglass Flared Leggings,XS,WFP1ACU01NYXS,1429.0,16,0,22864.0,1,https://cavaathleisure.com/products/cobalt-hourglass-flared-leggings
2026-08-25,Cava Athleisure,Cobalt Hourglass Flared Leggings,XS,WFP1ACU02NYXS,1429.0,9,0,12861.0,1,https://cavaathleisure.com/products/cobalt-hourglass-flared-leggings
2026-08-25,Cava Athleisure,Wine Hourglass Flared Leggings,XS,WFP1ACU01RDXS,1429.0,170,0,242930.0,1,https://cavaathleisure.com/products/wine-hourglass-flared-leggings
2026-08-25,Cava Athleisure,Wine Hourglass Flared Leggings,XS,WFP1ACU02RDXS,1429.0,63,0,90027.0,1,https://cavaathleisure.com/products/wine-hourglass-flared-leggings
2026-08-25,Cava Athleisure,Wine Hourglass Flared Leggings,XS,WFB1ACU04RDXS,1429.0,44,0,62876.0,1,https://cavaathleisure.com/products/wine-hourglass-flared-leggings
2026-08-25,Cava Athleisure,Wine Hourglass Flared Leggings,S,WFP1ACU01RDS,1429.0,310,0,442990.0,1,https://cavaathleisure.com/products/wine-hourglass-flared-leggings
2026-08-25,Cava Athleisure,Wine Hourglass Flared Leggings,S,WFP1ACU02RDS,1429.0,325,0,464425.0,1,https://cavaathleisure.com/products/wine-hourglass-flared-leggings
2026-08-25,Cava Athleisure,Wine Hourglass Flared Leggings,S,WFB1ACU04RDS,1429.0,85,0,121465.0,1,https://cavaathleisure.com/products/wine-hourglass-flared-leggings
2026-08-25,Cava Athleisure,Wine Hourglass Flared Leggings,M,WFP1ACU01RDM,1429.0,433,0,618757.0,1,https://cavaathleisure.com/products/wine-hourglass-flared-leggings
2026-08-25,Cava Athleisure,Wine Hourglass Flared Leggings,M,WFP1ACU02RDM,1429.0,260,0,371540.0,1,https://cavaathleisure.com/products/wine-hourglass-flared-leggings
2026-08-25,Cava Athleisure,Wine Hourglass Flared Leggings,M,WFB1ACU04RDM,1429.0,206,0,294374.0,1,https://cavaathleisure.com/products/wine-hourglass-flared-leggings
2026-08-25,Cava Athleisure,Wine Hourglass Flared Leggings,L,WFP1ACU01RDL,1429.0,306,0,437274.0,1,https://cavaathleisure.com/products/wine-hourglass-flared-leggings
2026-08-25,Cava Athleisure,Wine Hourglass Flared Leggings,L,WFP1ACU02RDL,1429.0,236,0,337244.0,1,https://cavaathleisure.com/products/wine-hourglass-flared-leggings
2026-08-25,Cava Athleisure,Wine Hourglass Flared Leggings,L,WFB1ACU04RDL,1429.0,114,0,162906.0,1,https://cavaathleisure.com/products/wine-hourglass-flared-leggings
2026-08-25,Cava Athleisure,Wine Hourglass Flared Leggings,XL,WFP1ACU01RDXL,1429.0,169,0,241501.0,1,https://cavaathleisure.com/products/wine-hourglass-flared-leggings
2026-08-25,Cava Athleisure,Wine Hourglass Flared Leggings,XL,WFP1ACU02RDXL,1429.0,89,0,127181.0,1,https://cavaathleisure.com/products/wine-hourglass-flared-leggings
2026-08-25,Cava Athleisure,Wine Hourglass Flared Leggings,XL,WFB1ACU04RDXL,1429.0,49,0,70021.0,1,https://cavaathleisure.com/products/wine-hourglass-flared-leggings
2026-08-25,Cava Athleisure,Wine Hourglass Flared Leggings,XXL,WFP1ACU01RDXXL,1429.0,68,0,97172.0,1,https://cavaathleisure.com/products/wine-hourglass-flared-leggings
2026-08-25,Cava Athleisure,Wine Hourglass Flared Leggings,XXL,WFP1ACU02RDXXL,1429.0,49,0,70021.0,1,https://cavaathleisure.com/products/wine-hourglass-flared-leggings
2026-08-25,Cava Athleisure,Wine Hourglass Flared Leggings,XXL,WFB1ACU04RDXXL,1429.0,40,0,57160.0,1,https://cavaathleisure.com/products/wine-hourglass-flared-leggings
2026-08-25,Cava Athleisure,Obsidian Black Hourglass Flared Leggings,XS,BTM-CAVA-ACU01-Black-XS,1429.0,387,0,553023.0,1,https://cavaathleisure.com/products/obsidian-black-hourglass-flared-leggings
2026-08-25,Cava Athleisure,Obsidian Black Hourglass Flared Leggings,XS,BTM-CAVA-ACU02-Black-XS,1429.0,428,0,611612.0,1,https://cavaathleisure.com/products/obsidian-black-hourglass-flared-leggings
2026-08-25,Cava Athleisure,Obsidian Black Hourglass Flared Leggings,XS,BTM-CAVA-ACU04-Black-XS,1429.0,182,0,260078.0,1,https://cavaathleisure.com/products/obsidian-black-hourglass-flared-leggings
2026-08-25,Cava Athleisure,Obsidian Black Hourglass Flared Leggings,S,BTM-CAVA-ACU01-Black-S,1429.0,743,0,1061747.0,1,https://cavaathleisure.com/products/obsidian-black-hourglass-flared-leggings
2026-08-25,Cava Athleisure,Obsidian Black Hourglass Flared Leggings,S,BTM-CAVA-ACU02-Black-S,1429.0,1047,0,1496163.0,1,https://cavaathleisure.com/products/obsidian-black-hourglass-flared-leggings
2026-08-25,Cava Athleisure,Obsidian Black Hourglass Flared Leggings,S,BTM-CAVA-ACU04-Black-S,1429.0,501,0,715929.0,1,https://cavaathleisure.com/products/obsidian-black-hourglass-flared-leggings
2026-08-25,Cava Athleisure,Obsidian Black Hourglass Flared Leggings,M,BTM-CAVA-ACU01-Black-M,1429.0,963,0,1376127.0,1,https://cavaathleisure.com/products/obsidian-black-hourglass-flared-leggings
2026-08-25,Cava Athleisure,Obsidian Black Hourglass Flared Leggings,M,BTM-CAVA-ACU02-Black-M,1429.0,1004,0,1434716.0,1,https://cavaathleisure.com/products/obsidian-black-hourglass-flared-leggings
2026-08-25,Cava Athleisure,Obsidian Black Hourglass Flared Leggings,M,BTM-CAVA-ACU04-Black-M,1429.0,245,0,350105.0,1,https://cavaathleisure.com/products/obsidian-black-hourglass-flared-leggings
2026-08-25,Cava Athleisure,Obsidian Black Hourglass Flared Leggings,L,BTM-CAVA-ACU01-Black-L,1429.0,672,0,960288.0,1,https://cavaathleisure.com/products/obsidian-black-hourglass-flared-leggings
2026-08-25,Cava Athleisure,Obsidian Black Hourglass Flared Leggings,L,BTM-CAVA-ACU02-Black-L,1429.0,657,0,938853.0,1,https://cavaathleisure.com/products/obsidian-black-hourglass-flared-leggings
2026-08-25,Cava Athleisure,Obsidian Black Hourglass Flared Leggings,L,BTM-CAVA-ACU04-Black-L,1429.0,143,0,204347.0,1,https://cavaathleisure.com/products/obsidian-black-hourglass-flared-leggings
2026-08-25,Cava Athleisure,Obsidian Black Hourglass Flared Leggings,XL,BTM-CAVA-ACU01-Black-XL,1429.0,361,0,515869.0,1,https://cavaathleisure.com/products/obsidian-black-hourglass-flared-leggings
2026-08-25,Cava Athleisure,Obsidian Black Hourglass Flared Leggings,XL,BTM-CAVA-ACU02-Black-XL,1429.0,408,0,583032.0,1,https://cavaathleisure.com/products/obsidian-black-hourglass-flared-leggings
2026-08-25,Cava Athleisure,Obsidian Black Hourglass Flared Leggings,XL,BTM-CAVA-ACU04-Black-XL,1429.0,188,0,268652.0,1,https://cavaathleisure.com/products/obsidian-black-hourglass-flared-leggings
2026-08-25,Cava Athleisure,Obsidian Black Hourglass Flared Leggings,XXL,BTM-CAVA-ACU01-Black-XXL,1429.0,222,0,317238.0,1,https://cavaathleisure.com/products/obsidian-black-hourglass-flared-leggings
2026-08-25,Cava Athleisure,Obsidian Black Hourglass Flared Leggings,XXL,BTM-CAVA-ACU02-Black-XXL,1429.0,192,0,274368.0,1,https://cavaathleisure.com/products/obsidian-black-hourglass-flared-leggings
2026-08-25,Cava Athleisure,Brown Hourglass Flared Leggings,XS,BTM-CAVA-ACU01-Brown-XS,1429.0,110,0,157190.0,1,https://cavaathleisure.com/products/brown-hourglass-flared-leggings
2026-08-25,Cava Athleisure,Brown Hourglass Flared Leggings,XS,BTM-CAVA-ACU02-Brown-XS,1429.0,77,0,110033.0,1,https://cavaathleisure.com/products/brown-hourglass-flared-leggings
2026-08-25,Cava Athleisure,Brown Hourglass Flared Leggings,S,BTM-CAVA-ACU01-Brown-S,1429.0,136,0,194344.0,1,https://cavaathleisure.com/products/brown-hourglass-flared-leggings
2026-08-25,Cava Athleisure,Brown Hourglass Flared Leggings,S,BTM-CAVA-ACU02-Brown-S,1429.0,409,0,584461.0,1,https://cavaathleisure.com/products/brown-hourglass-flared-leggings
2026-08-25,Cava Athleisure,Brown Hourglass Flared Leggings,M,BTM-CAVA-ACU01-Brown-M,1429.0,332,0,474428.0,1,https://cavaathleisure.com/products/brown-hourglass-flared-leggings
2026-08-25,Cava Athleisure,Brown Hourglass Flared Leggings,M,BTM-CAVA-ACU02-Brown-M,1429.0,572,0,817388.0,1,https://cavaathleisure.com/products/brown-hourglass-flared-leggings
2026-08-25,Cava Athleisure,Brown Hourglass Flared Leggings,M,BTM-CAVA-ACU04-Brown-M,1429.0,14,0,20006.0,1,https://cavaathleisure.com/products/brown-hourglass-flared-leggings
2026-08-25,Cava Athleisure,Brown Hourglass Flared Leggings,L,BTM-CAVA-ACU01-Brown-L,1429.0,156,0,222924.0,1,https://cavaathleisure.com/products/brown-hourglass-flared-leggings
2026-08-25,Cava Athleisure,Brown Hourglass Flared Leggings,L,BTM-CAVA-ACU02-Brown-L,1429.0,0,1,0.0,1,https://cavaathleisure.com/products/brown-hourglass-flared-leggings
2026-08-25,Cava Athleisure,Brown Hourglass Flared Leggings,L,BTM-CAVA-ACU04-Brown-L,1429.0,0,1,0.0,1,https://cavaathleisure.com/products/brown-hourglass-flared-leggings
2026-08-25,Cava Athleisure,Brown Hourglass Flared Leggings,XL,BTM-CAVA-ACU01-Brown-XL,1429.0,64,0,91456.0,1,https://cavaathleisure.com/products/brown-hourglass-flared-leggings
2026-08-25,Cava Athleisure,Brown Hourglass Flared Leggings,XL,BTM-CAVA-ACU02-Brown-XL,1429.0,100,0,142900.0,1,https://cavaathleisure.com/products/brown-hourglass-flared-leggings
2026-08-25,Cava Athleisure,Brown Hourglass Flared Leggings,XXL,BTM-CAVA-ACU01-Brown-XXL,1429.0,67,0,95743.0,1,https://cavaathleisure.com/products/brown-hourglass-flared-leggings
2026-08-25,Cava Athleisure,Brown Hourglass Flared Leggings,XXL,BTM-CAVA-ACU02-Brown-XXL,1429.0,3,0,4287.0,1,https://cavaathleisure.com/products/brown-hourglass-flared-leggings
2026-08-25,Cava Athleisure,Cream Supima V Neck T-Shirt - Regular Fit,S,MTS16CS102WHS,749.0,12,0,8988.0,1,https://cavaathleisure.com/products/cream-supima-v-neck-t-shirt-regular-fit
2026-08-25,Cava Athleisure,Cream Supima V Neck T-Shirt - Regular Fit,M,MTS16CS102WHM,749.0,15,0,11235.0,1,https://cavaathleisure.com/products/cream-supima-v-neck-t-shirt-regular-fit
2026-08-25,Cava Athleisure,Cream Supima V Neck T-Shirt - Regular Fit,L,MTS16CS102WHL,749.0,18,0,13482.0,1,https://cavaathleisure.com/products/cream-supima-v-neck-t-shirt-regular-fit
2026-08-25,Cava Athleisure,Cream Supima V Neck T-Shirt - Regular Fit,XL,MTS16CS102WHXL,749.0,19,0,14231.0,1,https://cavaathleisure.com/products/cream-supima-v-neck-t-shirt-regular-fit
2026-08-25,Cava Athleisure,Cream Supima V Neck T-Shirt - Regular Fit,XXL,MTS16CS102WHXXL,749.0,6,0,4494.0,1,https://cavaathleisure.com/products/cream-supima-v-neck-t-shirt-regular-fit
2026-08-25,Cava Athleisure,Burgundy Aerial Contrast Leggings,S,WLG1011RDS,1000.0,42,0,42000.0,1,https://cavaathleisure.com/products/burgundy-aerial-contrast-leggings
2026-08-25,Cava Athleisure,Blue Supima Polo T-Shirt - Regular Fit,S,MTS16CS103BLS,1104.0,15,0,16560.0,1,https://cavaathleisure.com/products/blue-supima-polo-t-shirt-regular-fit
2026-08-25,Cava Athleisure,Black Aerial Contrast Leggings,XS,WLG1011BKXS,1250.0,28,0,35000.0,1,https://cavaathleisure.com/products/black-aerial-contrast-leggings
2026-08-25,Cava Athleisure,Black Aerial Contrast Leggings,S,WLG1011BKS,1250.0,129,0,161250.0,1,https://cavaathleisure.com/products/black-aerial-contrast-leggings
2026-08-25,Cava Athleisure,Black Aerial Contrast Crop Tank,S,WTN1003BKS,900.0,30,0,27000.0,1,https://cavaathleisure.com/products/black-aerial-contrast-crop-tank
2026-08-25,Cava Athleisure,Black Aerial Contrast Crop Tank,L,WTN1003BKL,900.0,25,0,22500.0,1,https://cavaathleisure.com/products/black-aerial-contrast-crop-tank
2026-08-25,Cava Athleisure,Black Aerial Contrast Crop Tank,XL,WTN1003BKXL,900.0,34,0,30600.0,1,https://cavaathleisure.com/products/black-aerial-contrast-crop-tank
2026-08-25,Cava Athleisure,Black Aerial Contrast Crop Tank,XXL,WTN1003BKXXL,900.0,17,0,15300.0,1,https://cavaathleisure.com/products/black-aerial-contrast-crop-tank
2026-08-25,Cava Athleisure,Wine Swirl Tennis Skorts,XXS,WSKSET445WRDXXS,1399.0,25,0,34975.0,1,https://cavaathleisure.com/products/wine-swirl-tennis-skorts
2026-08-25,Cava Athleisure,Wine Swirl Tennis Skorts,XS,WSK9SET4WRDXS,1399.0,95,0,132905.0,1,https://cavaathleisure.com/products/wine-swirl-tennis-skorts
2026-08-25,Cava Athleisure,Wine Swirl Tennis Skorts,XS,WSKSET4L45WRDXS,1399.0,14,0,19586.0,1,https://cavaathleisure.com/products/wine-swirl-tennis-skorts
2026-08-25,Cava Athleisure,Wine Swirl Tennis Skorts,S,WSK9SET4WRDS,1399.0,62,0,86738.0,1,https://cavaathleisure.com/products/wine-swirl-tennis-skorts
2026-08-25,Cava Athleisure,Wine Swirl Tennis Skorts,M,WSK9SET4WRDM,1399.0,38,0,53162.0,1,https://cavaathleisure.com/products/wine-swirl-tennis-skorts
2026-08-25,Cava Athleisure,Wine Swirl Tennis Skorts,M,WSKSET4L45WRDM,1399.0,0,1,0.0,1,https://cavaathleisure.com/products/wine-swirl-tennis-skorts
2026-08-25,Cava Athleisure,Wine Swirl Tennis Skorts,L,WSK9SET4WRDL,1399.0,26,0,36374.0,1,https://cavaathleisure.com/products/wine-swirl-tennis-skorts
2026-08-25,Cava Athleisure,Wine Swirl Tennis Skorts,XL,WSK9SET4WRDXL,1399.0,29,0,40571.0,1,https://cavaathleisure.com/products/wine-swirl-tennis-skorts
2026-08-25,Cava Athleisure,Wine Swirl Tennis Skorts,XL,WSKSET4L45WRDXL,1399.0,7,0,9793.0,1,https://cavaathleisure.com/products/wine-swirl-tennis-skorts
2026-08-25,Cava Athleisure,Wine Swirl Tennis Skorts,XXL,WSK9SET4WRDXXL,1399.0,27,0,37773.0,1,https://cavaathleisure.com/products/wine-swirl-tennis-skorts
2026-08-25,Cava Athleisure,Wine Swirl Tennis Skorts,XXL,WSKSET4L45WRDXXL,1399.0,20,0,27980.0,1,https://cavaathleisure.com/products/wine-swirl-tennis-skorts
2026-08-25,Cava Athleisure,Wine Swirl Tennis Skorts,XXXL,WSKSET445WRDXXXL,1399.0,26,0,36374.0,1,https://cavaathleisure.com/products/wine-swirl-tennis-skorts
2026-08-25,Cava Athleisure,Wine Swirl Tennis Skorts,XXXL,WSKSET4L45WRDXXXL,1399.0,19,0,26581.0,1,https://cavaathleisure.com/products/wine-swirl-tennis-skorts
2026-08-25,Cava Athleisure,Red Strap Back Sports Bra,XL,WSB819RDXL,1199.0,43,0,51557.0,1,https://cavaathleisure.com/products/red-strap-back-sports-bra
2026-08-25,Cava Athleisure,Red Strap Back Sports Bra,XXL,WSB819RDXXL,1199.0,8,0,9592.0,1,https://cavaathleisure.com/products/red-strap-back-sports-bra
2026-08-25,Cava Athleisure,Black Strap Back Sports Bra,L,WSB819BKL,1199.0,3,0,3597.0,1,https://cavaathleisure.com/products/black-strap-back-sports-bra
2026-08-25,Cava Athleisure,Black Strap Back Sports Bra,XL,WSB819BKXL,1199.0,77,0,92323.0,1,https://cavaathleisure.com/products/black-strap-back-sports-bra
2026-08-25,Cava Athleisure,Black Strap Back Sports Bra,XXL,WSB819BKXXL,1199.0,52,0,62348.0,1,https://cavaathleisure.com/products/black-strap-back-sports-bra
2026-08-25,Cava Athleisure,Wine Sculptor Jacket,XS,WJK9SET5WRDXS,1799.0,45,0,80955.0,1,https://cavaathleisure.com/products/wine-sculptor-jacket
2026-08-25,Cava Athleisure,Wine Sculptor Jacket,S,WJK9SET5WRDS,1799.0,166,0,298634.0,1,https://cavaathleisure.com/products/wine-sculptor-jacket
2026-08-25,Cava Athleisure,Wine Sculptor Jacket,M,WJK9SET5WRDM,1799.0,267,0,480333.0,1,https://cavaathleisure.com/products/wine-sculptor-jacket
2026-08-25,Cava Athleisure,Wine Sculptor Jacket,L,WJK9SET5WRDL,1799.0,187,0,336413.0,1,https://cavaathleisure.com/products/wine-sculptor-jacket
2026-08-25,Cava Athleisure,Wine Sculptor Jacket,XL,WJK9SET5WRDXL,1799.0,53,0,95347.0,1,https://cavaathleisure.com/products/wine-sculptor-jacket
2026-08-25,Cava Athleisure,Wine Sculptor Jacket,XXL,WJK9SET5WRDXXL,1799.0,84,0,151116.0,1,https://cavaathleisure.com/products/wine-sculptor-jacket
2026-08-25,Cava Athleisure,Grey Pilates Club Sweatshirt,XL,WHD1630GYXL,800.0,10,0,8000.0,1,https://cavaathleisure.com/products/grey-pilates-club-sweatshirt
2026-08-25,Cava Athleisure,White Tenniscore Oversized Printed Tee - Men,XL,MTS1613WHTCXL,960.0,4,0,3840.0,1,https://cavaathleisure.com/products/white-tenniscore-oversized-printed-tee-men
2026-08-25,Cava Athleisure,White Tenniscore Oversized Printed Tee - Men,XXL,MTS1613WHTCXXL,960.0,2,0,1920.0,1,https://cavaathleisure.com/products/white-tenniscore-oversized-printed-tee-men
2026-08-25,Cava Athleisure,White Pickleball Oversized Printed Tee - Men,XXL,MTS1613WHPCXXL,844.0,6,0,5064.0,1,https://cavaathleisure.com/products/white-pickleball-oversized-printed-tee-men
2026-08-25,Cava Athleisure,White Certified Hoopers Oversized Printed Tee - Men,XL,MTS1613WHHCXL,939.0,7,0,6573.0,1,https://cavaathleisure.com/products/white-certified-hoopers-oversized-printed-tee-men
2026-08-25,Cava Athleisure,Grey Cava Buckle-up Bag,Free size,UNAC1416GY,1599.0,133,0,212667.0,1,https://cavaathleisure.com/products/grey-cava-buckle-up-bag
2026-08-25,Cava Athleisure,Black Cava Buckle-up Bag,Free size,UNAC1416BK,1599.0,26,0,41574.0,1,https://cavaathleisure.com/products/black-cava-buckle-up-bag
2026-08-25,Cava Athleisure,Dusky Purple Supima Crew Neck T-shirt - Regular Fit,XXL,MTS16CS101PUXXL,799.0,3,0,2397.0,1,https://cavaathleisure.com/products/dusky-purple-supima-crew-neck-t-shirt-regular-fit
2026-08-25,Cava Athleisure,Dusky Purple Supima V Neck T-shirt - Regular Fit,S,MTS16CS102PUS,967.0,29,0,28043.0,1,https://cavaathleisure.com/products/dusky-purple-supima-v-neck-t-shirt-regular-fit
2026-08-25,Cava Athleisure,Dusky Purple Supima V Neck T-shirt - Regular Fit,M,MTS16CS102PUM,967.0,23,0,22241.0,1,https://cavaathleisure.com/products/dusky-purple-supima-v-neck-t-shirt-regular-fit
2026-08-25,Cava Athleisure,Dusky Purple Supima V Neck T-shirt - Regular Fit,L,MTS16CS102PUL,967.0,2,0,1934.0,1,https://cavaathleisure.com/products/dusky-purple-supima-v-neck-t-shirt-regular-fit
2026-08-25,Cava Athleisure,Dusky Purple Supima V Neck T-shirt - Regular Fit,XL,MTS16CS102PUXL,967.0,4,0,3868.0,1,https://cavaathleisure.com/products/dusky-purple-supima-v-neck-t-shirt-regular-fit
2026-08-25,Cava Athleisure,Pine Supima Crew Neck T-Shirt - Regular Fit,XL,MTS16CS101GRXL,799.0,6,0,4794.0,1,https://cavaathleisure.com/products/pine-supima-crew-neck-t-shirt
2026-08-25,Cava Athleisure,Pine Supima Crew Neck T-Shirt - Regular Fit,XXL,MTS16CS101GRXXL,799.0,5,0,3995.0,1,https://cavaathleisure.com/products/pine-supima-crew-neck-t-shirt
2026-08-25,Cava Athleisure,Pine Supima V Neck T-Shirt - Regular Fit,S,MTS16CS102GRS,749.0,26,0,19474.0,1,https://cavaathleisure.com/products/pine-supima-v-neck-t-shirt
2026-08-25,Cava Athleisure,Pine Supima V Neck T-Shirt - Regular Fit,M,MTS16CS102GRM,749.0,3,0,2247.0,1,https://cavaathleisure.com/products/pine-supima-v-neck-t-shirt
2026-08-25,Cava Athleisure,Pine Supima V Neck T-Shirt - Regular Fit,L,MTS16CS102GRL,749.0,2,0,1498.0,1,https://cavaathleisure.com/products/pine-supima-v-neck-t-shirt
2026-08-25,Cava Athleisure,Pine Supima V Neck T-Shirt - Regular Fit,XL,MTS16CS102GRXL,749.0,9,0,6741.0,1,https://cavaathleisure.com/products/pine-supima-v-neck-t-shirt
2026-08-25,Cava Athleisure,Pine Supima V Neck T-Shirt - Regular Fit,XXL,MTS16CS102GRXXL,749.0,8,0,5992.0,1,https://cavaathleisure.com/products/pine-supima-v-neck-t-shirt
2026-08-25,Cava Athleisure,Pine Supima Polo T-Shirt - Regular Fit,S,MTS16CS103GRS,860.0,2,0,1720.0,1,https://cavaathleisure.com/products/pine-supima-polo-t-shirt
2026-08-25,Cava Athleisure,Ash Supima Polo T-Shirt - Regular Fit,S,MTS16CS103NYS,1099.0,1,0,1099.0,1,https://cavaathleisure.com/products/ash-supima-polo-t-shirt
2026-08-25,Cava Athleisure,Ash Supima Polo T-Shirt - Regular Fit,L,MTS16CS103NYL,1099.0,14,0,15386.0,1,https://cavaathleisure.com/products/ash-supima-polo-t-shirt
2026-08-25,Cava Athleisure,Ash Supima Polo T-Shirt - Regular Fit,XL,MTS16CS103NYXL,1099.0,17,0,18683.0,1,https://cavaathleisure.com/products/ash-supima-polo-t-shirt
2026-08-25,Cava Athleisure,Ash Supima Polo T-Shirt - Regular Fit,XXL,MTS16CS103NYXXL,1099.0,11,0,12089.0,1,https://cavaathleisure.com/products/ash-supima-polo-t-shirt
2026-08-25,Cava Athleisure,Pine Cava Essential Sweatshirt,S,WTS11536GRS,1199.0,8,0,9592.0,1,https://cavaathleisure.com/products/pine-cava-essential-sweatshirt
2026-08-25,Cava Athleisure,Pine Cava Essential Sweatshirt,M,WTS11536GRM,1199.0,1,0,1199.0,1,https://cavaathleisure.com/products/pine-cava-essential-sweatshirt
2026-08-25,Cava Athleisure,Sand Supima Polo T-Shirt - Regular Fit,S,MTS16CS103BGS,1099.0,14,0,15386.0,1,https://cavaathleisure.com/products/sand-supima-polo-t-shirt
2026-08-25,Cava Athleisure,Sand Supima Polo T-Shirt - Regular Fit,XL,MTS16CS103BGXL,1099.0,13,0,14287.0,1,https://cavaathleisure.com/products/sand-supima-polo-t-shirt
2026-08-25,Cava Athleisure,Sand Supima Polo T-Shirt - Regular Fit,XXL,MTS16CS103BGXXL,1099.0,25,0,27475.0,1,https://cavaathleisure.com/products/sand-supima-polo-t-shirt
2026-08-25,Cava Athleisure,Blue Sky-Rise Leggings,S,WLG9SET3BLS,1299.0,23,0,29877.0,1,https://cavaathleisure.com/products/blue-sky-rise-leggings
2026-08-25,Cava Athleisure,Blue Super Stretch Brami,S,WSB9SET3BLS,1199.0,137,0,164263.0,1,https://cavaathleisure.com/products/blue-super-stretch-brami
2026-08-25,Cava Athleisure,Blue Super Stretch Brami,M,WSB9SET3BLM,1199.0,5,0,5995.0,1,https://cavaathleisure.com/products/blue-super-stretch-brami
2026-08-25,Cava Athleisure,Blue Super Stretch Brami,XL,WSB9SET3BLXL,1199.0,27,0,32373.0,1,https://cavaathleisure.com/products/blue-super-stretch-brami
2026-08-25,Cava Athleisure,Cobalt Overlap Tee,XS,WTP1SET2NY2XS,999.0,79,0,78921.0,1,https://cavaathleisure.com/products/cobalt-overlap-tee
2026-08-25,Cava Athleisure,Cobalt Overlap Tee,S,WTP1SET2NY2S,999.0,108,0,107892.0,1,https://cavaathleisure.com/products/cobalt-overlap-tee
2026-08-25,Cava Athleisure,Cobalt Overlap Tee,M,WTP1SET2NY2M,999.0,75,0,74925.0,1,https://cavaathleisure.com/products/cobalt-overlap-tee
2026-08-25,Cava Athleisure,Cobalt Overlap Tee,L,WTP1SET2NY2L,999.0,60,0,59940.0,1,https://cavaathleisure.com/products/cobalt-overlap-tee
2026-08-25,Cava Athleisure,Cream Cava Essential Sweatshirt,XS,WTS11536WHXS,1199.0,9,0,10791.0,1,https://cavaathleisure.com/products/cream-cava-essential-sweatshirt
2026-08-25,Cava Athleisure,Cream Cava Essential Sweatshirt,S,WTS11536WHS,1199.0,42,0,50358.0,1,https://cavaathleisure.com/products/cream-cava-essential-sweatshirt
2026-08-25,Cava Athleisure,Cream Cava Essential Sweatshirt,M,WTS11536WHM,1199.0,6,0,7194.0,1,https://cavaathleisure.com/products/cream-cava-essential-sweatshirt
2026-08-25,Cava Athleisure,Cream Cava Essential Sweatshirt,XL,WTS11536WHXL,1199.0,41,0,49159.0,1,https://cavaathleisure.com/products/cream-cava-essential-sweatshirt
2026-08-25,Cava Athleisure,Cream Cava Essential Sweatshirt,XXL,WTS11536WHXXL,1199.0,19,0,22781.0,1,https://cavaathleisure.com/products/cream-cava-essential-sweatshirt
2026-08-25,Cava Athleisure,Cobalt Sprint Shorts - Lined,XL,WSH1409BLXL,910.0,5,0,4550.0,1,https://cavaathleisure.com/products/cobalt-sprint-shorts-lined
2026-08-25,Cava Athleisure,Black Pulse Seamless Tee,S,MTS1CS121BKS,899.0,11,0,9889.0,1,https://cavaathleisure.com/products/black-pulse-seamless-tee
2026-08-25,Cava Athleisure,Black Pulse Seamless Tee,L,MTS1CS121BKL,899.0,2,0,1798.0,1,https://cavaathleisure.com/products/black-pulse-seamless-tee
2026-08-25,Cava Athleisure,Black Pulse Seamless Tee,XL,MTS1CS121BKXL,899.0,99,0,89001.0,1,https://cavaathleisure.com/products/black-pulse-seamless-tee
2026-08-25,Cava Athleisure,Black Pulse Seamless Tee,XXL,MTS1CS121BKXXL,899.0,64,0,57536.0,1,https://cavaathleisure.com/products/black-pulse-seamless-tee
2026-08-25,Cava Athleisure,Green Pulse Seamless Tee,S,MTS1CS121GRS,815.0,12,0,9780.0,1,https://cavaathleisure.com/products/green-pulse-seamless-tee
2026-08-25,Cava Athleisure,Green Pulse Seamless Tee,XXL,MTS1CS121GRXXL,815.0,19,0,15485.0,1,https://cavaathleisure.com/products/green-pulse-seamless-tee
2026-08-25,Cava Athleisure,Ash Pulse Seamless Tee,S,MTS1CS121NYS,899.0,60,0,53940.0,1,https://cavaathleisure.com/products/ash-pulse-seamless-tee
2026-08-25,Cava Athleisure,Ash Pulse Seamless Tee,L,MTS1CS121NYL,899.0,85,0,76415.0,1,https://cavaathleisure.com/products/ash-pulse-seamless-tee
2026-08-25,Cava Athleisure,Ash Pulse Seamless Tee,XL,MTS1CS121NYXL,899.0,42,0,37758.0,1,https://cavaathleisure.com/products/ash-pulse-seamless-tee
2026-08-25,Cava Athleisure,Ash Pulse Seamless Tee,XXL,MTS1CS121NYXXL,899.0,29,0,26071.0,1,https://cavaathleisure.com/products/ash-pulse-seamless-tee
2026-08-25,Cava Athleisure,Cobalt Silhouette Zip Top,XS,WTP14ACU03BLXS,850.0,17,0,14450.0,1,https://cavaathleisure.com/products/cobalt-silhouette-zip-top
2026-08-25,Cava Athleisure,Cobalt Silhouette Zip Top,S,WTP14ACU03BLS,850.0,270,0,229500.0,1,https://cavaathleisure.com/products/cobalt-silhouette-zip-top
2026-08-25,Cava Athleisure,Cobalt Silhouette Zip Top,XL,WTP14ACU03BLXL,850.0,63,0,53550.0,1,https://cavaathleisure.com/products/cobalt-silhouette-zip-top
2026-08-25,Cava Athleisure,Brown Silhouette Zip Top,XS,WTP14ACU03BNXS,850.0,1,0,850.0,1,https://cavaathleisure.com/products/brown-silhouette-zip-top
2026-08-25,Cava Athleisure,Brown Silhouette Zip Top,S,WTP14ACU03BNS,850.0,101,0,85850.0,1,https://cavaathleisure.com/products/brown-silhouette-zip-top
2026-08-25,Cava Athleisure,Brown Silhouette Zip Top,XL,WTP14ACU03BNXL,850.0,1,0,850.0,1,https://cavaathleisure.com/products/brown-silhouette-zip-top
2026-08-25,Cava Athleisure,Cream Cava Oversized Jersey,XL,MTS1601WHXL,949.0,1,0,949.0,1,https://cavaathleisure.com/products/cream-cava-oversized-jersey
2026-08-25,Cava Athleisure,Steel Blue Graphic Oversized Tee - Men,XXL,MTS1602PNYXXL,699.0,2,0,1398.0,1,https://cavaathleisure.com/products/steel-blue-graphic-oversized-tee-men
2026-08-25,Cava Athleisure,Black Graphic Oversized Tee - Men,XL,MTS1602PBKXL,699.0,11,0,7689.0,1,https://cavaathleisure.com/products/black-graphic-oversized-tee-men
2026-08-25,Cava Athleisure,Black Graphic Oversized Tee - Men,XXL,MTS1602PBKXXL,699.0,5,0,3495.0,1,https://cavaathleisure.com/products/black-graphic-oversized-tee-men
2026-08-25,Cava Athleisure,Burgundy Contrast Trim Top,S,WSB1401RDS,630.0,29,0,18270.0,1,https://cavaathleisure.com/products/burgundy-contrast-trim-top
2026-08-25,Cava Athleisure,Burgundy Contrast Trim Top,M,WSB1401RDM,630.0,32,0,20160.0,1,https://cavaathleisure.com/products/burgundy-contrast-trim-top
2026-08-25,Cava Athleisure,Black Overlap Tank,XXL,WTN104BKXXL,949.0,14,0,13286.0,1,https://cavaathleisure.com/products/black-overlap-tank
2026-08-25,Cava Athleisure,Cobalt Overlap Tank,XS,WTN104NY2XS,949.0,10,0,9490.0,1,https://cavaathleisure.com/products/cobalt-overlap-tank
2026-08-25,Cava Athleisure,Cobalt Overlap Tank,L,WTN104NY2L,949.0,1,0,949.0,1,https://cavaathleisure.com/products/cobalt-overlap-tank
2026-08-25,Cava Athleisure,Charcoal Stride Golf Shorts,30,MSH112BL30,1049.0,29,0,30421.0,1,https://cavaathleisure.com/products/charcoal-stride-golf-shorts
2026-08-25,Cava Athleisure,Charcoal Stride Golf Shorts,32,MSH112BL32,1049.0,19,0,19931.0,1,https://cavaathleisure.com/products/charcoal-stride-golf-shorts
2026-08-25,Cava Athleisure,Charcoal Stride Golf Shorts,36,MSH112BL36,1049.0,4,0,4196.0,1,https://cavaathleisure.com/products/charcoal-stride-golf-shorts
2026-08-25,Cava Athleisure,Charcoal Stride Golf Shorts,38,MSH112BL38,1049.0,3,0,3147.0,1,https://cavaathleisure.com/products/charcoal-stride-golf-shorts
2026-08-25,Cava Athleisure,Cement Contrast Bonded Polo,S,MTS1405GYS,999.0,12,0,11988.0,1,https://cavaathleisure.com/products/cement-contrast-bonded-polo
2026-08-25,Cava Athleisure,Cement Contrast Bonded Polo,XXL,MTS1405GYXXL,999.0,1,0,999.0,1,https://cavaathleisure.com/products/cement-contrast-bonded-polo
2026-08-25,Cava Athleisure,Black Stride Golf Shorts,30,MSH112BK30,1049.0,17,0,17833.0,1,https://cavaathleisure.com/products/black-stride-golf-shorts
2026-08-25,Cava Athleisure,Black Stride Golf Shorts,32,MSH112BK32,1049.0,24,0,25176.0,1,https://cavaathleisure.com/products/black-stride-golf-shorts
2026-08-25,Cava Athleisure,Black Stride Golf Shorts,34,MSH112BK34,1049.0,21,0,22029.0,1,https://cavaathleisure.com/products/black-stride-golf-shorts
2026-08-25,Cava Athleisure,Black Contrast Bonded Polo,S,MTS1405BKS,999.0,22,0,21978.0,1,https://cavaathleisure.com/products/black-contrast-bonded-polo
2026-08-25,Cava Athleisure,Black Contrast Bonded Polo,XXL,MTS1405BKXXL,999.0,1,0,999.0,1,https://cavaathleisure.com/products/black-contrast-bonded-polo
2026-08-25,Cava Athleisure,Jade Contrast Bonded Polo,S,MTS1405GRS,999.0,28,0,27972.0,1,https://cavaathleisure.com/products/jade-contrast-bonded-polo
2026-08-25,Cava Athleisure,Jade Contrast Bonded Polo,L,MTS1405GRL,999.0,0,1,0.0,0,https://cavaathleisure.com/products/jade-contrast-bonded-polo
2026-08-25,Cava Athleisure,Jade Contrast Bonded Polo,XL,MTS1405GRXL,999.0,6,0,5994.0,1,https://cavaathleisure.com/products/jade-contrast-bonded-polo
2026-08-25,Cava Athleisure,Jade Contrast Bonded Polo,XXL,MTS1405GRXXL,999.0,18,0,17982.0,1,https://cavaathleisure.com/products/jade-contrast-bonded-polo
2026-08-25,Cava Athleisure,Cobalt Adaptive Track Pants,XS,WJR112NYXS,989.0,10,0,9890.0,1,https://cavaathleisure.com/products/cobalt-adaptive-track-pants
2026-08-25,Cava Athleisure,Brown Hourglass Snug Leggings,XS,WLG1010BNXS,1299.0,1,0,1299.0,1,https://cavaathleisure.com/products/brown-hourglass-snug-leggings
2026-08-25,Cava Athleisure,Brown Hourglass Snug Leggings,S,WLG1010BNS,1299.0,0,1,0.0,1,https://cavaathleisure.com/products/brown-hourglass-snug-leggings
2026-08-25,Cava Athleisure,Black Hourglass Snug Leggings,XS,WLG1010BKXS,1299.0,197,0,255903.0,1,https://cavaathleisure.com/products/black-hourglass-snug-leggings
2026-08-25,Cava Athleisure,Black Hourglass Snug Leggings,S,WLG1010BKS,1299.0,617,0,801483.0,1,https://cavaathleisure.com/products/black-hourglass-snug-leggings
2026-08-25,Cava Athleisure,Black Hourglass Snug Leggings,M,WLG1010BKM,1299.0,744,0,966456.0,1,https://cavaathleisure.com/products/black-hourglass-snug-leggings
2026-08-25,Cava Athleisure,Black Hourglass Snug Leggings,L,WLG1010BKL,1299.0,494,0,641706.0,1,https://cavaathleisure.com/products/black-hourglass-snug-leggings
2026-08-25,Cava Athleisure,Black Hourglass Snug Leggings,XL,WLG1010BKXL,1299.0,328,0,426072.0,1,https://cavaathleisure.com/products/black-hourglass-snug-leggings
2026-08-25,Cava Athleisure,Black Hourglass Snug Leggings,XXL,WLG1010BKXXL,1299.0,202,0,262398.0,1,https://cavaathleisure.com/products/black-hourglass-snug-leggings
2026-08-25,Cava Athleisure,Black Hourglass Booty Shorts,XS,WSH1008BKXS,1099.0,342,0,375858.0,1,https://cavaathleisure.com/products/black-hourglass-booty-shorts
2026-08-25,Cava Athleisure,Black Hourglass Booty Shorts,S,WSH1008BKS,1099.0,1169,0,1284731.0,1,https://cavaathleisure.com/products/black-hourglass-booty-shorts
2026-08-25,Cava Athleisure,Black Hourglass Booty Shorts,M,WSH1008BKM,1099.0,875,0,961625.0,1,https://cavaathleisure.com/products/black-hourglass-booty-shorts
2026-08-25,Cava Athleisure,Black Hourglass Booty Shorts,L,WSH1008BKL,1099.0,403,0,442897.0,1,https://cavaathleisure.com/products/black-hourglass-booty-shorts
2026-08-25,Cava Athleisure,Black Hourglass Booty Shorts,XL,WSH1008BKXL,1099.0,224,0,246176.0,1,https://cavaathleisure.com/products/black-hourglass-booty-shorts
2026-08-25,Cava Athleisure,Black Hourglass Booty Shorts,XXL,WSH1008BKXXL,1099.0,88,0,96712.0,1,https://cavaathleisure.com/products/black-hourglass-booty-shorts
2026-08-25,Cava Athleisure,Black Sprint Shorts - Lined,XL,WSH1409BKXL,1037.0,1,0,1037.0,0,https://cavaathleisure.com/products/black-sprint-shorts-lined
2026-08-25,Cava Athleisure,Black Hyper Mesh Sports Bra,XS,WSB102BKXS,1499.0,24,0,35976.0,1,https://cavaathleisure.com/products/black-hyper-mesh-sports-bra
2026-08-25,Cava Athleisure,Black Hyper Mesh Sports Bra,S,WSB102BKS,1499.0,1,0,1499.0,1,https://cavaathleisure.com/products/black-hyper-mesh-sports-bra
2026-08-25,Cava Athleisure,Beige Wide Cargo Joggers,XS,WJR5BEL532BGXS,805.0,26,0,20930.0,1,https://cavaathleisure.com/products/beige-wide-cargo-joggers
2026-08-25,Cava Athleisure,Beige Wide Cargo Joggers,S,WJR5BEL532BGS,805.0,74,0,59570.0,1,https://cavaathleisure.com/products/beige-wide-cargo-joggers
2026-08-25,Cava Athleisure,Beige Wide Cargo Joggers,M,WJR5BEL532BGM,805.0,113,0,90965.0,1,https://cavaathleisure.com/products/beige-wide-cargo-joggers
2026-08-25,Cava Athleisure,Beige Wide Cargo Joggers,L,WJR5BEL532BGL,805.0,19,0,15295.0,1,https://cavaathleisure.com/products/beige-wide-cargo-joggers
2026-08-25,Cava Athleisure,Beige Wide Cargo Joggers,XL,WJR5BEL532BGXL,805.0,9,0,7245.0,1,https://cavaathleisure.com/products/beige-wide-cargo-joggers
2026-08-25,Cava Athleisure,Moscow Blue Wide Cargo Joggers,XS,WJR5BEL532BLXS,690.0,11,0,7590.0,1,https://cavaathleisure.com/products/moscow-blue-wide-cargo-joggers
2026-08-25,Cava Athleisure,Moscow Blue Wide Cargo Joggers,S,WJR5BEL532BLS,690.0,28,0,19320.0,1,https://cavaathleisure.com/products/moscow-blue-wide-cargo-joggers
2026-08-25,Cava Athleisure,Moscow Blue Wide Cargo Joggers,M,WJR5BEL532BLM,690.0,47,0,32430.0,1,https://cavaathleisure.com/products/moscow-blue-wide-cargo-joggers
2026-08-25,Cava Athleisure,Moscow Blue Wide Cargo Joggers,L,WJR5BEL532BLL,690.0,3,0,2070.0,1,https://cavaathleisure.com/products/moscow-blue-wide-cargo-joggers
2026-08-25,Cava Athleisure,Olive Wide Cargo Joggers,XS,WJR5BEL532GRXS,678.0,3,0,2034.0,1,https://cavaathleisure.com/products/olive-wide-cargo-joggers
2026-08-25,Cava Athleisure,Olive Wide Cargo Joggers,S,WJR5BEL532GRS,678.0,20,0,13560.0,1,https://cavaathleisure.com/products/olive-wide-cargo-joggers
2026-08-25,Cava Athleisure,Olive Wide Cargo Joggers,M,WJR5BEL532GRM,678.0,14,0,9492.0,1,https://cavaathleisure.com/products/olive-wide-cargo-joggers
2026-08-25,Cava Athleisure,Olive Stride Golf Shorts,30,MSH112GR30,1049.0,20,0,20980.0,1,https://cavaathleisure.com/products/olive-stride-golf-shorts
2026-08-25,Cava Athleisure,Olive Stride Golf Shorts,36,MSH112GR36,1049.0,1,0,1049.0,1,https://cavaathleisure.com/products/olive-stride-golf-shorts
2026-08-25,Cava Athleisure,Olive Stride Golf Shorts,38,MSH112GR38,1049.0,0,1,0.0,0,https://cavaathleisure.com/products/olive-stride-golf-shorts
2026-08-25,Cava Athleisure,Toasted Cross Back Sports Bra,L,WSB14SET1BNL,1199.0,29,0,34771.0,1,https://cavaathleisure.com/products/toasted-cross-back-sports-bra
2026-08-25,Cava Athleisure,Toasted Cross Back Sports Bra,XL,WSB14SET1BNXL,1199.0,8,0,9592.0,1,https://cavaathleisure.com/products/toasted-cross-back-sports-bra
2026-08-25,Cava Athleisure,Toasted Cross Back Sports Bra,XXL,WSB14SET1BNXXL,1199.0,9,0,10791.0,1,https://cavaathleisure.com/products/toasted-cross-back-sports-bra
2026-08-25,Cava Athleisure,Ruby Aerial Leggings,XS,WLG10Set12RDXS,999.0,38,0,37962.0,1,https://cavaathleisure.com/products/ruby-aerial-leggings
2026-08-25,Cava Athleisure,Ruby Aerial Leggings,S,WLG10Set12RDS,999.0,123,0,122877.0,1,https://cavaathleisure.com/products/ruby-aerial-leggings
2026-08-25,Cava Athleisure,Ruby Aerial Leggings,M,WLG10Set12RDM,999.0,140,0,139860.0,1,https://cavaathleisure.com/products/ruby-aerial-leggings
2026-08-25,Cava Athleisure,Ruby Aerial Leggings,XL,WLG10Set12RDXL,999.0,34,0,33966.0,1,https://cavaathleisure.com/products/ruby-aerial-leggings
2026-08-25,Cava Athleisure,Navy Overlap Tee,XS,WTP1SET2NYXS,999.0,24,0,23976.0,1,https://cavaathleisure.com/products/navy-overlap-tee
2026-08-25,Cava Athleisure,Navy Overlap Tee,S,WTP1SET2NYS,999.0,42,0,41958.0,1,https://cavaathleisure.com/products/navy-overlap-tee
2026-08-25,Cava Athleisure,Navy Overlap Tee,M,WTP1SET2NYM,999.0,79,0,78921.0,1,https://cavaathleisure.com/products/navy-overlap-tee
2026-08-25,Cava Athleisure,Navy Overlap Tee,L,WTP1SET2NYL,999.0,72,0,71928.0,1,https://cavaathleisure.com/products/navy-overlap-tee
2026-08-25,Cava Athleisure,Beige Baseline Polo,S,MTS5CS108BGS,899.0,1,0,899.0,1,https://cavaathleisure.com/products/beige-baseline-polo
2026-08-25,Cava Athleisure,Beige Baseline Polo,M,MTS5CS108BGM,899.0,6,0,5394.0,1,https://cavaathleisure.com/products/beige-baseline-polo
2026-08-25,Cava Athleisure,Beige Baseline Polo,XXL,MTS5CS108BGXXL,899.0,3,0,2697.0,1,https://cavaathleisure.com/products/beige-baseline-polo
2026-08-25,Cava Athleisure,Grey Baseline Polo,S,MTS5CS108GYS,899.0,1,0,899.0,1,https://cavaathleisure.com/products/grey-baseline-polo
2026-08-25,Cava Athleisure,Grey Baseline Polo,L,MTS5CS108GYL,899.0,9,0,8091.0,1,https://cavaathleisure.com/products/grey-baseline-polo
2026-08-25,Cava Athleisure,Grey Baseline Polo,XXL,MTS5CS108GYXXL,899.0,8,0,7192.0,1,https://cavaathleisure.com/products/grey-baseline-polo
2026-08-25,Cava Athleisure,Jade Baseline Polo,XXL,MTS5CS108GRXXL,934.0,3,0,2802.0,1,https://cavaathleisure.com/products/jade-baseline-polo
2026-08-25,Cava Athleisure,Black Airy Resort Shirt,M,MTP1CS116BKM,1046.0,35,0,36610.0,1,https://cavaathleisure.com/products/black-airy-resort-shirt
2026-08-25,Cava Athleisure,Black Airy Resort Shirt,L,MTP1CS116BKL,1046.0,27,0,28242.0,1,https://cavaathleisure.com/products/black-airy-resort-shirt
2026-08-25,Cava Athleisure,Black Airy Resort Shirt,XL,MTP1CS116BKXL,1046.0,1,0,1046.0,1,https://cavaathleisure.com/products/black-airy-resort-shirt
2026-08-25,Cava Athleisure,Black Airy Resort Shirt,XXL,MTP1CS116BKXXL,1046.0,17,0,17782.0,1,https://cavaathleisure.com/products/black-airy-resort-shirt
2026-08-25,Cava Athleisure,Navy Airy Resort Shirt,M,MTP1CS116BLM,1050.0,28,0,29400.0,1,https://cavaathleisure.com/products/navy-airy-resort-shirt
2026-08-25,Cava Athleisure,Navy Airy Resort Shirt,L,MTP1CS116BLL,1050.0,47,0,49350.0,1,https://cavaathleisure.com/products/navy-airy-resort-shirt
2026-08-25,Cava Athleisure,Navy Airy Resort Shirt,XL,MTP1CS116BLXL,1050.0,14,0,14700.0,1,https://cavaathleisure.com/products/navy-airy-resort-shirt
2026-08-25,Cava Athleisure,Navy Airy Resort Shirt,XXL,MTP1CS116BLXXL,1050.0,15,0,15750.0,1,https://cavaathleisure.com/products/navy-airy-resort-shirt
2026-08-25,Cava Athleisure,Clay Airy Resort Shirt,S,MTP1CS116BGS,1050.0,17,0,17850.0,1,https://cavaathleisure.com/products/clay-airy-resort-shirt
2026-08-25,Cava Athleisure,Clay Airy Resort Shirt,M,MTP1CS116BGM,1050.0,61,0,64050.0,1,https://cavaathleisure.com/products/clay-airy-resort-shirt
2026-08-25,Cava Athleisure,Clay Airy Resort Shirt,L,MTP1CS116BGL,1050.0,55,0,57750.0,1,https://cavaathleisure.com/products/clay-airy-resort-shirt
2026-08-25,Cava Athleisure,Clay Airy Resort Shirt,XL,MTP1CS116BGXL,1050.0,16,0,16800.0,1,https://cavaathleisure.com/products/clay-airy-resort-shirt
2026-08-25,Cava Athleisure,Clay Airy Resort Shirt,XXL,MTP1CS116BGXXL,1050.0,21,0,22050.0,1,https://cavaathleisure.com/products/clay-airy-resort-shirt
2026-08-25,Cava Athleisure,Green Airy Resort Shirt,S,MTP1CS116GRS,1196.0,2,0,2392.0,1,https://cavaathleisure.com/products/green-airy-resort-shirt
2026-08-25,Cava Athleisure,Green Airy Resort Shirt,M,MTP1CS116GRM,1196.0,44,0,52624.0,1,https://cavaathleisure.com/products/green-airy-resort-shirt
2026-08-25,Cava Athleisure,Green Airy Resort Shirt,L,MTP1CS116GRL,1196.0,40,0,47840.0,1,https://cavaathleisure.com/products/green-airy-resort-shirt
2026-08-25,Cava Athleisure,Green Airy Resort Shirt,XL,MTP1CS116GRXL,1196.0,18,0,21528.0,1,https://cavaathleisure.com/products/green-airy-resort-shirt
2026-08-25,Cava Athleisure,Green Airy Resort Shirt,XXL,MTP1CS116GRXXL,1196.0,23,0,27508.0,1,https://cavaathleisure.com/products/green-airy-resort-shirt
2026-08-25,Cava Athleisure,Navy Stride Cargo Pants,38,MTR1CS118NY38,1799.0,8,0,14392.0,1,https://cavaathleisure.com/products/navy-stride-cargo-pants
2026-08-25,Cava Athleisure,Beige Stride Cargo Pants,38,MTR1CS118BG38,1399.0,7,0,9793.0,1,https://cavaathleisure.com/products/beige-stride-cargo-pants
2026-08-25,Cava Athleisure,"Black 5"" Train-In Shorts",32,MSH1CS119BK32,1499.0,5,0,7495.0,1,https://cavaathleisure.com/products/black-5-train-in-shorts
2026-08-25,Cava Athleisure,"Black 5"" Train-In Shorts",36,MSH1CS119BK36,1499.0,66,0,98934.0,1,https://cavaathleisure.com/products/black-5-train-in-shorts
2026-08-25,Cava Athleisure,"Black 5"" Train-In Shorts",38,MSH1CS119BK38,1499.0,1,0,1499.0,1,https://cavaathleisure.com/products/black-5-train-in-shorts
2026-08-25,Cava Athleisure,"Grey 5"" Train-In Shorts",32,MSH1CS119GY32,1499.0,2,0,2998.0,0,https://cavaathleisure.com/products/grey-train-in-shorts
2026-08-25,Cava Athleisure,"Grey 5"" Train-In Shorts",38,MSH1CS119GY38,1499.0,4,0,5996.0,1,https://cavaathleisure.com/products/grey-train-in-shorts
2026-08-25,Cava Athleisure,"Navy 5"" Train-In Shorts",32,MSH1CS119NY32,1499.0,117,0,175383.0,1,https://cavaathleisure.com/products/navy-train-in-shorts
2026-08-25,Cava Athleisure,"Navy 5"" Train-In Shorts",38,MSH1CS119NY38,1499.0,9,0,13491.0,1,https://cavaathleisure.com/products/navy-train-in-shorts
2026-08-25,Cava Athleisure,Teal Ace Bond Polo,XXL,MTS1CS122GRXXL,1299.0,11,0,14289.0,1,https://cavaathleisure.com/products/teal-ace-bond-polo
2026-08-25,Cava Athleisure,White Ace Bond Polo,L,MTS1CS122WHL,1299.0,2,0,2598.0,1,https://cavaathleisure.com/products/white-ace-bond-polo
2026-08-25,Cava Athleisure,White Ace Bond Polo,XXL,MTS1CS122WHXXL,1299.0,2,0,2598.0,1,https://cavaathleisure.com/products/white-ace-bond-polo
2026-08-25,Cava Athleisure,Pink Cross Back Sports Bra,XS,WSB14SET1PUXS,1199.0,32,0,38368.0,1,https://cavaathleisure.com/products/pink-cross-back-sports-bra
2026-08-25,Cava Athleisure,Pink Cross Back Sports Bra,S,WSB14SET1PUS,1199.0,54,0,64746.0,1,https://cavaathleisure.com/products/pink-cross-back-sports-bra
2026-08-25,Cava Athleisure,Pink Cross Back Sports Bra,XL,WSB14SET1PUXL,1199.0,6,0,7194.0,1,https://cavaathleisure.com/products/pink-cross-back-sports-bra
2026-08-25,Cava Athleisure,Pink Cross Back Sports Bra,XXL,WSB14SET1PUXXL,1199.0,18,0,21582.0,1,https://cavaathleisure.com/products/pink-cross-back-sports-bra
2026-08-25,Cava Athleisure,Moscow Blue Cross Back Sports Bra,XS,WSB14SET1BLXS,1199.0,217,0,260183.0,1,https://cavaathleisure.com/products/moscow-blue-cross-back-sports-bra
2026-08-25,Cava Athleisure,Moscow Blue Cross Back Sports Bra,S,WSB14SET1BLS,1199.0,0,1,0.0,1,https://cavaathleisure.com/products/moscow-blue-cross-back-sports-bra
2026-08-25,Cava Athleisure,Moscow Blue Cross Back Sports Bra,M,WSB14SET1BLM,1199.0,175,0,209825.0,1,https://cavaathleisure.com/products/moscow-blue-cross-back-sports-bra
2026-08-25,Cava Athleisure,Moscow Blue Cross Back Sports Bra,L,WSB14SET1BLL,1199.0,194,0,232606.0,1,https://cavaathleisure.com/products/moscow-blue-cross-back-sports-bra
2026-08-25,Cava Athleisure,Moscow Blue Cross Back Sports Bra,XL,WSB14SET1BLXL,1199.0,32,0,38368.0,1,https://cavaathleisure.com/products/moscow-blue-cross-back-sports-bra
2026-08-25,Cava Athleisure,Moscow Blue Cross Back Sports Bra,XXL,WSB14SET1BLXXL,1199.0,7,0,8393.0,1,https://cavaathleisure.com/products/moscow-blue-cross-back-sports-bra
2026-08-25,Cava Athleisure,Black Techpique Sleeveless Polo,XS,WTP10CS04BKXS,800.0,30,0,24000.0,1,https://cavaathleisure.com/products/black-techpique-sleeveless-polo
2026-08-25,Cava Athleisure,Black Techpique Sleeveless Polo,S,WTP10CS04BKS,800.0,70,0,56000.0,1,https://cavaathleisure.com/products/black-techpique-sleeveless-polo
2026-08-25,Cava Athleisure,Black Techpique Sleeveless Polo,M,WTP10CS04BKM,800.0,15,0,12000.0,1,https://cavaathleisure.com/products/black-techpique-sleeveless-polo
2026-08-25,Cava Athleisure,Black Techpique Sleeveless Polo,XL,WTP10CS04BKXL,800.0,26,0,20800.0,1,https://cavaathleisure.com/products/black-techpique-sleeveless-polo
2026-08-25,Cava Athleisure,Black Techpique Sleeveless Polo,XXL,WTP10CS04BKXXL,800.0,17,0,13600.0,1,https://cavaathleisure.com/products/black-techpique-sleeveless-polo
2026-08-25,Cava Athleisure,Pink Techpique Sleeveless Polo,XS,WTP10CS04PNXS,800.0,25,0,20000.0,1,https://cavaathleisure.com/products/pink-techpique-sleeveless-polo
2026-08-25,Cava Athleisure,Pink Techpique Sleeveless Polo,S,WTP10CS04PNS,800.0,48,0,38400.0,1,https://cavaathleisure.com/products/pink-techpique-sleeveless-polo
2026-08-25,Cava Athleisure,Pink Techpique Sleeveless Polo,M,WTP10CS04PNM,800.0,5,0,4000.0,1,https://cavaathleisure.com/products/pink-techpique-sleeveless-polo
2026-08-25,Cava Athleisure,Pink Techpique Sleeveless Polo,XL,WTP10CS04PNXL,800.0,22,0,17600.0,1,https://cavaathleisure.com/products/pink-techpique-sleeveless-polo
2026-08-25,Cava Athleisure,Pink Techpique Sleeveless Polo,XXL,WTP10CS04PNXXL,800.0,17,0,13600.0,1,https://cavaathleisure.com/products/pink-techpique-sleeveless-polo
2026-08-25,Cava Athleisure,White Techpique Sleeveless Polo,XL,WTP10CS04WHXL,783.0,3,0,2349.0,1,https://cavaathleisure.com/products/white-techpique-sleeveless-polo
2026-08-25,Cava Athleisure,White Techpique Sleeveless Polo,XXL,WTP10CS04WHXXL,783.0,9,0,7047.0,1,https://cavaathleisure.com/products/white-techpique-sleeveless-polo
2026-08-25,Cava Athleisure,Black High Impact Sports Bra,XS,WSB1CS02BKXS,1299.0,67,0,87033.0,1,https://cavaathleisure.com/products/black-impact-sport-bra
2026-08-25,Cava Athleisure,Black High Impact Sports Bra,M,WSB1CS02BKM,1299.0,0,1,0.0,1,https://cavaathleisure.com/products/black-impact-sport-bra
2026-08-25,Cava Athleisure,Ruby High Impact Sports Bra,XS,WSB1CS02RDXS,1299.0,123,0,159777.0,1,https://cavaathleisure.com/products/ruby-impact-sport-bra
2026-08-25,Cava Athleisure,Black Ultra Support Sports Bra,XS,WSB1CS01BKXS,1399.0,87,0,121713.0,1,https://cavaathleisure.com/products/black-all-square-sports-bra
2026-08-25,Cava Athleisure,Black Ultra Support Sports Bra,S,WSB1CS01BKS,1399.0,195,0,272805.0,1,https://cavaathleisure.com/products/black-all-square-sports-bra
2026-08-25,Cava Athleisure,Black Ultra Support Sports Bra,M,WSB1CS01BKM,1399.0,192,0,268608.0,1,https://cavaathleisure.com/products/black-all-square-sports-bra
2026-08-25,Cava Athleisure,Black Ultra Support Sports Bra,L,WSB1CS01BKL,1399.0,116,0,162284.0,1,https://cavaathleisure.com/products/black-all-square-sports-bra
2026-08-25,Cava Athleisure,Black Ultra Support Sports Bra,XL,WSB1CS01BKXL,1399.0,14,0,19586.0,1,https://cavaathleisure.com/products/black-all-square-sports-bra
2026-08-25,Cava Athleisure,Black Ultra Support Sports Bra,XXL,WSB1CS01BKXXL,1399.0,25,0,34975.0,1,https://cavaathleisure.com/products/black-all-square-sports-bra
2026-08-25,Cava Athleisure,Ruby Ultra Support Sports Bra,XS,WSB1CS01RDXS,1399.0,29,0,40571.0,1,https://cavaathleisure.com/products/ruby-all-square-sports-bra
2026-08-25,Cava Athleisure,Ruby Ultra Support Sports Bra,S,WSB1CS01RDS,1399.0,43,0,60157.0,1,https://cavaathleisure.com/products/ruby-all-square-sports-bra
2026-08-25,Cava Athleisure,Black Plie Pleated Skort,XS,WSK10CS06BKXS,1699.0,227,0,385673.0,1,https://cavaathleisure.com/products/black-pliee-pleated-skort
2026-08-25,Cava Athleisure,Black Plie Pleated Skort,S,WSK10CS06BKS,1699.0,332,0,564068.0,1,https://cavaathleisure.com/products/black-pliee-pleated-skort
2026-08-25,Cava Athleisure,Black Plie Pleated Skort,M,WSK10CS06BKM,1699.0,93,0,158007.0,1,https://cavaathleisure.com/products/black-pliee-pleated-skort
2026-08-25,Cava Athleisure,Black Plie Pleated Skort,L,WSK10CS06BKL,1699.0,27,0,45873.0,1,https://cavaathleisure.com/products/black-pliee-pleated-skort
2026-08-25,Cava Athleisure,Pink Plie Pleated Skort,XS,WSK10CS06PNXS,1699.0,244,0,414556.0,1,https://cavaathleisure.com/products/pink-pliee-pleated-skort
2026-08-25,Cava Athleisure,Pink Plie Pleated Skort,S,WSK10CS06PNS,1699.0,3,0,5097.0,1,https://cavaathleisure.com/products/pink-pliee-pleated-skort
2026-08-25,Cava Athleisure,Pink Plie Pleated Skort,XL,WSK10CS06PNXL,1699.0,1,0,1699.0,1,https://cavaathleisure.com/products/pink-pliee-pleated-skort
2026-08-25,Cava Athleisure,Pink Plie Pleated Skort,XXL,WSK10CS06PNXXL,1699.0,55,0,93445.0,1,https://cavaathleisure.com/products/pink-pliee-pleated-skort
2026-08-25,Cava Athleisure,Lilac Ultra Support Sports Bra,XS,WSB1CS01PUXS,1399.0,48,0,67152.0,1,https://cavaathleisure.com/products/lilac-all-square-sports-bra
2026-08-25,Cava Athleisure,Lilac Ultra Support Sports Bra,S,WSB1CS01PUS,1399.0,59,0,82541.0,1,https://cavaathleisure.com/products/lilac-all-square-sports-bra
2026-08-25,Cava Athleisure,Lilac Ultra Support Sports Bra,M,WSB1CS01PUM,1399.0,20,0,27980.0,1,https://cavaathleisure.com/products/lilac-all-square-sports-bra
2026-08-25,Cava Athleisure,Lilac Ultra Support Sports Bra,L,WSB1CS01PUL,1399.0,9,0,12591.0,1,https://cavaathleisure.com/products/lilac-all-square-sports-bra
2026-08-25,Cava Athleisure,Lilac Ultra Support Sports Bra,XL,WSB1CS01PUXL,1399.0,4,0,5596.0,1,https://cavaathleisure.com/products/lilac-all-square-sports-bra
2026-08-25,Cava Athleisure,Lilac Ultra Support Sports Bra,XXL,WSB1CS01PUXXL,1399.0,13,0,18187.0,1,https://cavaathleisure.com/products/lilac-all-square-sports-bra
2026-08-25,Cava Athleisure,Ivory Plie Pleated Skort,XS,WSK10CS06WHXS,1699.0,166,0,282034.0,1,https://cavaathleisure.com/products/ivory-pliee-pleated-skort
2026-08-25,Cava Athleisure,Ivory Plie Pleated Skort,S,WSK10CS06WHS,1699.0,33,0,56067.0,1,https://cavaathleisure.com/products/ivory-pliee-pleated-skort
2026-08-25,Cava Athleisure,Ivory Plie Pleated Skort,M,WSK10CS06WHM,1699.0,3,0,5097.0,1,https://cavaathleisure.com/products/ivory-pliee-pleated-skort
2026-08-25,Cava Athleisure,Ivory Plie Pleated Skort,XL,WSK10CS06WHXL,1699.0,1,0,1699.0,1,https://cavaathleisure.com/products/ivory-pliee-pleated-skort
2026-08-25,Cava Athleisure,Ivory Plie Pleated Skort,XXL,WSK10CS06WHXXL,1699.0,6,0,10194.0,1,https://cavaathleisure.com/products/ivory-pliee-pleated-skort
2026-08-25,Cava Athleisure,Navy Plie Pleated Skort,XS,WSK10CS06NYXS,1699.0,238,0,404362.0,1,https://cavaathleisure.com/products/navy-pliee-pleated-skort
2026-08-25,Cava Athleisure,Navy Plie Pleated Skort,S,WSK10CS06NYS,1699.0,319,0,541981.0,1,https://cavaathleisure.com/products/navy-pliee-pleated-skort
2026-08-25,Cava Athleisure,Navy Plie Pleated Skort,M,WSK10CS06NYM,1699.0,141,0,239559.0,1,https://cavaathleisure.com/products/navy-pliee-pleated-skort
2026-08-25,Cava Athleisure,Navy Plie Pleated Skort,XL,WSK10CS06NYXL,1699.0,28,0,47572.0,1,https://cavaathleisure.com/products/navy-pliee-pleated-skort
2026-08-25,Cava Athleisure,Navy Plie Pleated Skort,XXL,WSK10CS06NYXXL,1699.0,11,0,18689.0,1,https://cavaathleisure.com/products/navy-pliee-pleated-skort
2026-08-25,Cava Athleisure,White Sculpt Built-In Top,S,WTP1CS05WHS,950.0,1,0,950.0,1,https://cavaathleisure.com/products/white-sculpt-built-in-top
2026-08-25,Cava Athleisure,Ivory Courtside Dress,L,WDR1CS07WHL,1050.0,3,0,3150.0,1,https://cavaathleisure.com/products/ivory-courtside-dress
2026-08-25,Cava Athleisure,Ivory Courtside Dress,XL,WDR1CS07WHXL,1050.0,2,0,2100.0,1,https://cavaathleisure.com/products/ivory-courtside-dress
2026-08-25,Cava Athleisure,Green Aerial Leggings,XS,WLG10SET12GRXS,999.0,10,0,9990.0,1,https://cavaathleisure.com/products/green-aerial-leggings
2026-08-25,Cava Athleisure,Green Aerial Leggings,S,WLG10SET12GRS,999.0,31,0,30969.0,1,https://cavaathleisure.com/products/green-aerial-leggings
2026-08-25,Cava Athleisure,Green Aerial Leggings,M,WLG10SET12GRM,999.0,4,0,3996.0,1,https://cavaathleisure.com/products/green-aerial-leggings
2026-08-25,Cava Athleisure,Green Aerial Leggings,XL,WLG10SET12GRXL,999.0,1,0,999.0,1,https://cavaathleisure.com/products/green-aerial-leggings
2026-08-25,Cava Athleisure,Pink Sculptor Jacket,XS,WJK10Set5PNXS,1799.0,94,0,169106.0,1,https://cavaathleisure.com/products/pink-sculptor-jacket
2026-08-25,Cava Athleisure,Pink Sculptor Jacket,S,WJK10Set5PNS,1799.0,348,0,626052.0,1,https://cavaathleisure.com/products/pink-sculptor-jacket
2026-08-25,Cava Athleisure,Pink Sculptor Jacket,M,WJK10Set5PNM,1799.0,413,0,742987.0,1,https://cavaathleisure.com/products/pink-sculptor-jacket
2026-08-25,Cava Athleisure,Pink Sculptor Jacket,L,WJK10Set5PNL,1799.0,293,0,527107.0,1,https://cavaathleisure.com/products/pink-sculptor-jacket
2026-08-25,Cava Athleisure,Pink Sculptor Jacket,XL,WJK10Set5PNXL,1799.0,155,0,278845.0,1,https://cavaathleisure.com/products/pink-sculptor-jacket
2026-08-25,Cava Athleisure,Pink Sculptor Jacket,XXL,WJK10Set5PNXXL,1799.0,65,0,116935.0,1,https://cavaathleisure.com/products/pink-sculptor-jacket
2026-08-25,Cava Athleisure,Teal Urban Zipper Polo,S,MTS11CS120GRS,949.0,34,0,32266.0,1,https://cavaathleisure.com/products/green-urban-zipper-polo
2026-08-25,Cava Athleisure,Teal Urban Zipper Polo,L,MTS11CS120GRL,949.0,17,0,16133.0,1,https://cavaathleisure.com/products/green-urban-zipper-polo
2026-08-25,Cava Athleisure,Teal Urban Zipper Polo,XL,MTS11CS120GRXL,949.0,5,0,4745.0,1,https://cavaathleisure.com/products/green-urban-zipper-polo
2026-08-25,Cava Athleisure,Teal Urban Zipper Polo,XXL,MTS11CS120GRXXL,949.0,19,0,18031.0,1,https://cavaathleisure.com/products/green-urban-zipper-polo
2026-08-25,Cava Athleisure,Steel Blue Sculptor Jacket,XS,WJK10Set5NYXS,1799.0,117,0,210483.0,1,https://cavaathleisure.com/products/steel-blue-sculptor-jacket
2026-08-25,Cava Athleisure,Steel Blue Sculptor Jacket,S,WJK10Set5NYS,1799.0,296,0,532504.0,1,https://cavaathleisure.com/products/steel-blue-sculptor-jacket
2026-08-25,Cava Athleisure,Steel Blue Sculptor Jacket,M,WJK10Set5NYM,1799.0,602,0,1082998.0,1,https://cavaathleisure.com/products/steel-blue-sculptor-jacket
2026-08-25,Cava Athleisure,Steel Blue Sculptor Jacket,L,WJK10Set5NYL,1799.0,341,0,613459.0,1,https://cavaathleisure.com/products/steel-blue-sculptor-jacket
2026-08-25,Cava Athleisure,Steel Blue Sculptor Jacket,XL,WJK10Set5NYXL,1799.0,55,0,98945.0,1,https://cavaathleisure.com/products/steel-blue-sculptor-jacket
2026-08-25,Cava Athleisure,Steel Blue Sculptor Jacket,XXL,WJK10Set5NYXXL,1799.0,68,0,122332.0,1,https://cavaathleisure.com/products/steel-blue-sculptor-jacket
2026-08-25,Cava Athleisure,Black Urban Zipper Polo,XXL,MTS11CS120BKXXL,949.0,23,0,21827.0,1,https://cavaathleisure.com/products/black-urban-zipper-polo
2026-08-25,Cava Athleisure,Navy Everywear Joggers,M,MTR5CS111NYM,1499.0,39,0,58461.0,1,https://cavaathleisure.com/products/navy-everywear-pants
2026-08-25,Cava Athleisure,Navy Everywear Joggers,L,MTR5CS111NYL,1499.0,58,0,86942.0,1,https://cavaathleisure.com/products/navy-everywear-pants
2026-08-25,Cava Athleisure,Navy Everywear Joggers,XL,MTR5CS111NYXL,1499.0,1,0,1499.0,1,https://cavaathleisure.com/products/navy-everywear-pants
2026-08-25,Cava Athleisure,Black Everywear Joggers,M,MTR5CS111BKM,1499.0,7,0,10493.0,1,https://cavaathleisure.com/products/black-everywear-pants
2026-08-25,Cava Athleisure,Black Everywear Joggers,L,MTR5CS111BKL,1499.0,1,0,1499.0,1,https://cavaathleisure.com/products/black-everywear-pants
2026-08-25,Cava Athleisure,Light Beige Everywear Joggers,M,MTR5CS111BGM,1499.0,57,0,85443.0,1,https://cavaathleisure.com/products/light-beige-everywear-pants
2026-08-25,Cava Athleisure,Light Beige Everywear Joggers,L,MTR5CS111BGL,1499.0,51,0,76449.0,1,https://cavaathleisure.com/products/light-beige-everywear-pants
2026-08-25,Cava Athleisure,Light Beige Everywear Joggers,XL,MTR5CS111BGXL,1499.0,2,0,2998.0,1,https://cavaathleisure.com/products/light-beige-everywear-pants
2026-08-25,Cava Athleisure,White Relax-in Shorts,S,MSH5CS110WHS,749.0,8,0,5992.0,1,https://cavaathleisure.com/products/white-relax-in-shorts
2026-08-25,Cava Athleisure,White Relax-in Shorts,XXL,MSH5CS110WHXXL,749.0,12,0,8988.0,1,https://cavaathleisure.com/products/white-relax-in-shorts
2026-08-25,Cava Athleisure,Light Grey Relax-in Shorts,S,MSH5CS110GYS,750.0,10,0,7500.0,1,https://cavaathleisure.com/products/light-grey-relax-in-shorts
2026-08-25,Cava Athleisure,Light Grey Relax-in Shorts,L,MSH5CS110GYL,750.0,1,0,750.0,1,https://cavaathleisure.com/products/light-grey-relax-in-shorts
2026-08-25,Cava Athleisure,Light Grey Relax-in Shorts,XXL,MSH5CS110GYXXL,750.0,8,0,6000.0,1,https://cavaathleisure.com/products/light-grey-relax-in-shorts
2026-08-25,Cava Athleisure,Black Supima Polo T-shirt - Regular Fit,S,MTS5CS103BKS,1099.0,32,0,35168.0,1,https://cavaathleisure.com/products/black-supima-polo-t-shirt
2026-08-25,Cava Athleisure,Black Supima Polo T-shirt - Regular Fit,L,MTS5CS103BKL,1099.0,56,0,61544.0,1,https://cavaathleisure.com/products/black-supima-polo-t-shirt
2026-08-25,Cava Athleisure,Black Supima V Neck T-shirt - Regular Fit,L,MTS5CS102BKL,749.0,38,0,28462.0,1,https://cavaathleisure.com/products/black-supima-v-neck-t-shirt
2026-08-25,Cava Athleisure,Black Supima V Neck T-shirt - Regular Fit,XL,MTS5CS102BKXL,749.0,25,0,18725.0,1,https://cavaathleisure.com/products/black-supima-v-neck-t-shirt
2026-08-25,Cava Athleisure,Black Supima V Neck T-shirt - Regular Fit,XXL,MTS5CS102BKXXL,749.0,23,0,17227.0,1,https://cavaathleisure.com/products/black-supima-v-neck-t-shirt
2026-08-25,Cava Athleisure,Navy Supima V Neck T-shirt - Regular Fit,S,MTS5CS102NYS,749.0,30,0,22470.0,1,https://cavaathleisure.com/products/navy-supima-v-neck-t-shirt
2026-08-25,Cava Athleisure,Navy Supima V Neck T-shirt - Regular Fit,M,MTS5CS102NYM,749.0,43,0,32207.0,1,https://cavaathleisure.com/products/navy-supima-v-neck-t-shirt
2026-08-25,Cava Athleisure,Navy Supima V Neck T-shirt - Regular Fit,L,MTS5CS102NYL,749.0,64,0,47936.0,1,https://cavaathleisure.com/products/navy-supima-v-neck-t-shirt
2026-08-25,Cava Athleisure,Navy Supima V Neck T-shirt - Regular Fit,XL,MTS5CS102NYXL,749.0,35,0,26215.0,1,https://cavaathleisure.com/products/navy-supima-v-neck-t-shirt
2026-08-25,Cava Athleisure,Navy Supima V Neck T-shirt - Regular Fit,XXL,MTS5CS102NYXXL,749.0,20,0,14980.0,1,https://cavaathleisure.com/products/navy-supima-v-neck-t-shirt
2026-08-25,Cava Athleisure,Beige Supima V Neck T-shirt - Regular Fit,S,MTS5CS102BGS,749.0,25,0,18725.0,1,https://cavaathleisure.com/products/beige-supima-v-neck-t-shirt
2026-08-25,Cava Athleisure,Beige Supima V Neck T-shirt - Regular Fit,M,MTS5CS102BGM,749.0,27,0,20223.0,1,https://cavaathleisure.com/products/beige-supima-v-neck-t-shirt
2026-08-25,Cava Athleisure,Beige Supima V Neck T-shirt - Regular Fit,L,MTS5CS102BGL,749.0,38,0,28462.0,1,https://cavaathleisure.com/products/beige-supima-v-neck-t-shirt
2026-08-25,Cava Athleisure,Beige Supima V Neck T-shirt - Regular Fit,XL,MTS5CS102BGXL,749.0,7,0,5243.0,1,https://cavaathleisure.com/products/beige-supima-v-neck-t-shirt
2026-08-25,Cava Athleisure,Beige Supima V Neck T-shirt - Regular Fit,XXL,MTS5CS102BGXXL,749.0,11,0,8239.0,1,https://cavaathleisure.com/products/beige-supima-v-neck-t-shirt
2026-08-25,Cava Athleisure,Black Supima Crew Neck T-shirt - Relaxed Fit,L,MTS5CS101BKL,799.0,2,0,1598.0,1,https://cavaathleisure.com/products/black-supima-essentials-crew-neck
2026-08-25,Cava Athleisure,Black Supima Crew Neck T-shirt - Relaxed Fit,XL,MTS5CS101BKXL,799.0,16,0,12784.0,1,https://cavaathleisure.com/products/black-supima-essentials-crew-neck
2026-08-25,Cava Athleisure,Black Supima Crew Neck T-shirt - Relaxed Fit,XXL,MTS5CS101BKXXL,799.0,28,0,22372.0,1,https://cavaathleisure.com/products/black-supima-essentials-crew-neck
2026-08-25,Cava Athleisure,Beige Supima Crew Neck T-shirt - Relaxed Fit,S,MTS5CS101BGS,799.0,11,0,8789.0,1,https://cavaathleisure.com/products/beige-supima-crew-neck-t-shirt
2026-08-25,Cava Athleisure,Beige Supima Crew Neck T-shirt - Relaxed Fit,L,MTS5CS101BGL,799.0,16,0,12784.0,1,https://cavaathleisure.com/products/beige-supima-crew-neck-t-shirt
2026-08-25,Cava Athleisure,Beige Supima Crew Neck T-shirt - Relaxed Fit,XXL,MTS5CS101BGXXL,799.0,2,0,1598.0,1,https://cavaathleisure.com/products/beige-supima-crew-neck-t-shirt
2026-08-25,Cava Athleisure,Pink Sky-Rise Leggings,S,WLG9SET3PUS,1299.0,4,0,5196.0,1,https://cavaathleisure.com/products/pink-sky-rise-leggings
2026-08-25,Cava Athleisure,Pink Pulse Biker Shorts,S,WSH9SET1PUS,765.0,101,0,77265.0,1,https://cavaathleisure.com/products/pink-pulse-biker-shorts
2026-08-25,Cava Athleisure,Pink Pulse Biker Shorts,M,WSH9SET1PUM,765.0,1,0,765.0,1,https://cavaathleisure.com/products/pink-pulse-biker-shorts
2026-08-25,Cava Athleisure,Pink Pulse Biker Shorts,L,WSH9SET1PUL,765.0,15,0,11475.0,1,https://cavaathleisure.com/products/pink-pulse-biker-shorts
2026-08-25,Cava Athleisure,Pink Pulse Biker Shorts,XL,WSH9SET1PUXL,765.0,39,0,29835.0,1,https://cavaathleisure.com/products/pink-pulse-biker-shorts
2026-08-25,Cava Athleisure,Pink Super Stretch Brami,S,WSB9SET3PUS,1199.0,38,0,45562.0,1,https://cavaathleisure.com/products/pink-super-stretch-brami
2026-08-25,Cava Athleisure,Pink Super Stretch Brami,L,WSB9SET3PUL,1199.0,21,0,25179.0,1,https://cavaathleisure.com/products/pink-super-stretch-brami
2026-08-25,Cava Athleisure,Pink Super Stretch Brami,XL,WSB9SET3PUXL,1199.0,18,0,21582.0,1,https://cavaathleisure.com/products/pink-super-stretch-brami
2026-08-25,Cava Athleisure,Ruby Tank Us Later Top,L,TP-GEO-set3-008-YSH-Burgundy-L,1299.0,3,0,3897.0,1,https://cavaathleisure.com/products/ruby-tank-us-later-top
2026-08-25,Cava Athleisure,Steel Blue Swirl Tennis Skorts,XXS,WSKSET445BLXXS,1399.0,24,0,33576.0,1,https://cavaathleisure.com/products/steel-blue-swirl-tennis-skorts
2026-08-25,Cava Athleisure,Steel Blue Swirl Tennis Skorts,XS,BTM-ying-set4-skort-blue-XS,1399.0,54,0,75546.0,1,https://cavaathleisure.com/products/steel-blue-swirl-tennis-skorts
2026-08-25,Cava Athleisure,Steel Blue Swirl Tennis Skorts,XS,WSKSET4L45BLXS,1399.0,18,0,25182.0,1,https://cavaathleisure.com/products/steel-blue-swirl-tennis-skorts
2026-08-25,Cava Athleisure,Steel Blue Swirl Tennis Skorts,S,BTM-ying-set4-skort-blue-S,1399.0,19,0,26581.0,1,https://cavaathleisure.com/products/steel-blue-swirl-tennis-skorts
2026-08-25,Cava Athleisure,Steel Blue Swirl Tennis Skorts,L,BTM-ying-set4-skort-blue-L,1399.0,12,0,16788.0,1,https://cavaathleisure.com/products/steel-blue-swirl-tennis-skorts
2026-08-25,Cava Athleisure,Steel Blue Swirl Tennis Skorts,XL,WSKSET4L45BLXL,1399.0,3,0,4197.0,1,https://cavaathleisure.com/products/steel-blue-swirl-tennis-skorts
2026-08-25,Cava Athleisure,Steel Blue Swirl Tennis Skorts,XXL,BTM-ying-set4-skort-blue-XXL,1399.0,29,0,40571.0,1,https://cavaathleisure.com/products/steel-blue-swirl-tennis-skorts
2026-08-25,Cava Athleisure,Steel Blue Swirl Tennis Skorts,XXL,WSKSET4L45BLXXL,1399.0,21,0,29379.0,1,https://cavaathleisure.com/products/steel-blue-swirl-tennis-skorts
2026-08-25,Cava Athleisure,Steel Blue Swirl Tennis Skorts,XXXL,WSKSET445BLXXXL,1399.0,25,0,34975.0,1,https://cavaathleisure.com/products/steel-blue-swirl-tennis-skorts
2026-08-25,Cava Athleisure,Steel Blue Swirl Tennis Skorts,XXXL,WSKSET4L45BLXXXL,1399.0,17,0,23783.0,1,https://cavaathleisure.com/products/steel-blue-swirl-tennis-skorts
2026-08-25,Cava Athleisure,Sky Blue Sculpt Leggings,S,BEL511-Vamos-104-Lightblue-S,900.0,28,0,25200.0,1,https://cavaathleisure.com/products/sky-blue-sculpt-leggings
2026-08-25,Cava Athleisure,Sky Blue Sculpt Leggings,M,BEL511-Vamos-104-Lightblue-M,900.0,100,0,90000.0,1,https://cavaathleisure.com/products/sky-blue-sculpt-leggings
2026-08-25,Cava Athleisure,Sky Blue Sculpt Leggings,L,BEL511-Vamos-104-Lightblue-L,900.0,7,0,6300.0,1,https://cavaathleisure.com/products/sky-blue-sculpt-leggings
2026-08-25,Cava Athleisure,Sky Blue Sculpt Leggings,XL,BEL511-Vamos-104-Lightblue-XL,900.0,11,0,9900.0,1,https://cavaathleisure.com/products/sky-blue-sculpt-leggings
2026-08-25,Cava Athleisure,Sky Blue Sculpt Leggings,XXL,BEL511-Vamos-104-Lightblue-XXL,900.0,7,0,6300.0,1,https://cavaathleisure.com/products/sky-blue-sculpt-leggings
2026-08-25,Cava Athleisure,Ivory Tank Us Later Top,XS,TP-GEO-set3-008-YSH-Ivory-XS,1299.0,151,0,196149.0,1,https://cavaathleisure.com/products/ivory-tank-us-later-top
2026-08-25,Cava Athleisure,Ivory Tank Us Later Top,S,TP-GEO-set3-008-YSH-Ivory-S,1299.0,377,0,489723.0,1,https://cavaathleisure.com/products/ivory-tank-us-later-top
2026-08-25,Cava Athleisure,Ivory Tank Us Later Top,M,TP-GEO-set3-008-YSH-Ivory-M,1299.0,361,0,468939.0,1,https://cavaathleisure.com/products/ivory-tank-us-later-top
2026-08-25,Cava Athleisure,Ivory Tank Us Later Top,L,TP-GEO-set3-008-YSH-Ivory-L,1299.0,179,0,232521.0,1,https://cavaathleisure.com/products/ivory-tank-us-later-top
2026-08-25,Cava Athleisure,Ivory Tank Us Later Top,XL,TP-GEO-set3-008-YSH-Ivory-XL,1299.0,70,0,90930.0,1,https://cavaathleisure.com/products/ivory-tank-us-later-top
2026-08-25,Cava Athleisure,Ivory Tank Us Later Top,XXL,TP-GEO-set3-008-YSH-Ivory-XXL,1299.0,36,0,46764.0,1,https://cavaathleisure.com/products/ivory-tank-us-later-top
2026-08-25,Cava Athleisure,Lilac Swirl Tennis Skorts,XXS,BTM-ying-set4-skort-purple-XXS,1399.0,20,0,27980.0,1,https://cavaathleisure.com/products/lilac-swirl-tennis-skort
2026-08-25,Cava Athleisure,Lilac Swirl Tennis Skorts,XS,BTM-ying-set4-skort-purple-XS,1399.0,39,0,54561.0,1,https://cavaathleisure.com/products/lilac-swirl-tennis-skort
2026-08-25,Cava Athleisure,Lilac Swirl Tennis Skorts,S,BTM-ying-set4-skort-purple-S,1399.0,78,0,109122.0,1,https://cavaathleisure.com/products/lilac-swirl-tennis-skort
2026-08-25,Cava Athleisure,Lilac Swirl Tennis Skorts,L,BTM-ying-set4-skort-purple-L,1399.0,28,0,39172.0,1,https://cavaathleisure.com/products/lilac-swirl-tennis-skort
2026-08-25,Cava Athleisure,Lilac Swirl Tennis Skorts,XL,BTM-ying-set4-skort-purple-XL,1399.0,28,0,39172.0,1,https://cavaathleisure.com/products/lilac-swirl-tennis-skort
2026-08-25,Cava Athleisure,Lilac Swirl Tennis Skorts,XXL,BTM-ying-set4-skort-purple-XXL,1399.0,75,0,104925.0,1,https://cavaathleisure.com/products/lilac-swirl-tennis-skort
2026-08-25,Cava Athleisure,Lilac Swirl Tennis Skorts,XXXL,BTM-ying-set4-skort-purple-XXXL,1399.0,22,0,30778.0,1,https://cavaathleisure.com/products/lilac-swirl-tennis-skort
2026-08-25,Cava Athleisure,Cappucino Cava Essential Sweatshirt,XS,TP536-VAMOS-98-CAPPUCCINO-XS,1199.0,7,0,8393.0,1,https://cavaathleisure.com/products/cappucino-cava-essential-sweatshirt
2026-08-25,Cava Athleisure,Cappucino Cava Essential Sweatshirt,S,TP536-VAMOS-98-CAPPUCCINO-S,1199.0,3,0,3597.0,1,https://cavaathleisure.com/products/cappucino-cava-essential-sweatshirt
2026-08-25,Cava Athleisure,Cappucino Cava Essential Sweatshirt,M,TP536-VAMOS-98-CAPPUCCINO-M,1199.0,1,0,1199.0,1,https://cavaathleisure.com/products/cappucino-cava-essential-sweatshirt
2026-08-25,Cava Athleisure,Purple All-Day Flex Flare Pants,XS,WFB14SET1PUXS,920.0,11,0,10120.0,1,https://cavaathleisure.com/products/purple-all-day-flex-flare-pants
2026-08-25,Cava Athleisure,Red All-Day Flex Flare Pants,XS,WFB14SET1RDXS,920.0,3,0,2760.0,1,https://cavaathleisure.com/products/red-all-day-flex-flare-pants
2026-08-25,Cava Athleisure,Red All-Day Flex Flare Pants,S,WFB14SET1RDS,920.0,27,0,24840.0,1,https://cavaathleisure.com/products/red-all-day-flex-flare-pants
2026-08-25,Cava Athleisure,Charcoal Zip-It-Up Top,XS,TP-RON-set13-1574-Light-black-XS,1494.0,46,0,68724.0,1,https://cavaathleisure.com/products/charcoal-zip-it-up-top
2026-08-25,Cava Athleisure,Charcoal Zip-It-Up Top,S,TP-RON-set13-1574-Light-black-S,1494.0,41,0,61254.0,1,https://cavaathleisure.com/products/charcoal-zip-it-up-top
2026-08-25,Cava Athleisure,Mint Move Easy Leggings,XL,BTM-RON-set9-44849R-Lichen-XL,875.0,17,0,14875.0,1,https://cavaathleisure.com/products/mint-move-easy-leggings
2026-08-25,Cava Athleisure,Mint Seamless Sculpt Tee,XL,TP-RON-set9-20230824-1-Lichen-XL,600.0,17,0,10200.0,1,https://cavaathleisure.com/products/mint-seamless-sculpt-tee
2026-08-25,Cava Athleisure,Orange Dual Slit Adapt Joggers,XS,BTM-para-AWLC29-Autumn-sunset-XS,875.0,2,0,1750.0,1,https://cavaathleisure.com/products/orange-dual-slit-adapt-joggers
2026-08-25,Cava Athleisure,Orange Dual Slit Adapt Joggers,S,BTM-para-AWLC29-Autumn-sunset-S,875.0,9,0,7875.0,1,https://cavaathleisure.com/products/orange-dual-slit-adapt-joggers
2026-08-25,Cava Athleisure,Orange Dual Slit Adapt Joggers,M,BTM-para-AWLC29-Autumn-sunset-M,875.0,22,0,19250.0,1,https://cavaathleisure.com/products/orange-dual-slit-adapt-joggers
2026-08-25,Cava Athleisure,Orange Dual Slit Adapt Joggers,L,BTM-para-AWLC29-Autumn-sunset-L,875.0,8,0,7000.0,1,https://cavaathleisure.com/products/orange-dual-slit-adapt-joggers
2026-08-25,Cava Athleisure,Orange Dual Slit Adapt Joggers,XL,BTM-para-AWLC29-Autumn-sunset-XL,875.0,4,0,3500.0,1,https://cavaathleisure.com/products/orange-dual-slit-adapt-joggers
2026-08-25,Cava Athleisure,Blue Ease Wrap Top,S,TP-para-AWLC09-Poseidon-S,660.0,4,0,2640.0,1,https://cavaathleisure.com/products/azure-ease-wrap-top
2026-08-25,Cava Athleisure,Blue Ease Wrap Top,M,TP-para-AWLC09-Poseidon-M,660.0,23,0,15180.0,1,https://cavaathleisure.com/products/azure-ease-wrap-top
2026-08-25,Cava Athleisure,Blue Ease Wrap Top,L,TP-para-AWLC09-Poseidon-L,660.0,1,0,660.0,1,https://cavaathleisure.com/products/azure-ease-wrap-top
2026-08-25,Cava Athleisure,Black Ease Wrap Top,S,TP-para-AWLC09-Jet-black-S,550.0,10,0,5500.0,1,https://cavaathleisure.com/products/black-ease-wrap-top
2026-08-25,Cava Athleisure,Black Ease Wrap Top,M,TP-para-AWLC09-Jet-black-M,550.0,16,0,8800.0,1,https://cavaathleisure.com/products/black-ease-wrap-top
2026-08-25,Cava Athleisure,Sand Ease Wrap Top,XS,TP-para-AWLC09-Irish-cream-XS,660.0,4,0,2640.0,1,https://cavaathleisure.com/products/taupe-ease-wrap-top
2026-08-25,Cava Athleisure,Sand Ease Wrap Top,S,TP-para-AWLC09-Irish-cream-S,660.0,22,0,14520.0,1,https://cavaathleisure.com/products/taupe-ease-wrap-top
2026-08-25,Cava Athleisure,Sand Ease Wrap Top,M,TP-para-AWLC09-Irish-cream-M,660.0,39,0,25740.0,1,https://cavaathleisure.com/products/taupe-ease-wrap-top
2026-08-25,Cava Athleisure,Sand Ease Wrap Top,L,TP-para-AWLC09-Irish-cream-L,660.0,24,0,15840.0,1,https://cavaathleisure.com/products/taupe-ease-wrap-top
2026-08-25,Cava Athleisure,Sand Ease Wrap Top,XL,TP-para-AWLC09-Irish-cream-XL,660.0,9,0,5940.0,1,https://cavaathleisure.com/products/taupe-ease-wrap-top
2026-08-25,Cava Athleisure,Sand Ease Flare Pants,XS,BTM-para-AWLC05-Irish-cream-XS,875.0,7,0,6125.0,1,https://cavaathleisure.com/products/taupe-ease-flare-pants
2026-08-25,Cava Athleisure,Sand Ease Flare Pants,S,BTM-para-AWLC05-Irish-cream-S,875.0,15,0,13125.0,1,https://cavaathleisure.com/products/taupe-ease-flare-pants
2026-08-25,Cava Athleisure,Sand Ease Flare Pants,M,BTM-para-AWLC05-Irish-cream-M,875.0,23,0,20125.0,1,https://cavaathleisure.com/products/taupe-ease-flare-pants
2026-08-25,Cava Athleisure,Sand Ease Flare Pants,L,BTM-para-AWLC05-Irish-cream-L,875.0,4,0,3500.0,1,https://cavaathleisure.com/products/taupe-ease-flare-pants
2026-08-25,Cava Athleisure,Sand Ease Flare Pants,XXL,BTM-para-AWLC05-Irish-cream-XXL,875.0,1,0,875.0,1,https://cavaathleisure.com/products/taupe-ease-flare-pants
2026-08-25,Cava Athleisure,Sand Airy Two-Piece Top,XS,TP-para-AWLC10-Irish-cream-XS,805.0,8,0,6440.0,1,https://cavaathleisure.com/products/sand-airy-two-piece
2026-08-25,Cava Athleisure,Sand Airy Two-Piece Top,XL,TP-para-AWLC10-Irish-cream-XL,805.0,6,0,4830.0,1,https://cavaathleisure.com/products/sand-airy-two-piece
2026-08-25,Cava Athleisure,Sand Airy Two-Piece Top,XXL,TP-para-AWLC10-Irish-cream-XXL,805.0,5,0,4025.0,1,https://cavaathleisure.com/products/sand-airy-two-piece
2026-08-25,Cava Athleisure,Blue Offgrid Cargos,S,BTM-shiv-AWLC07-Provincial-blue-S,875.0,6,0,5250.0,1,https://cavaathleisure.com/products/blue-offgrid-cargos
2026-08-25,Cava Athleisure,Blue Offgrid Cargos,M,BTM-shiv-AWLC07-Provincial-blue-M,875.0,11,0,9625.0,1,https://cavaathleisure.com/products/blue-offgrid-cargos
2026-08-25,Cava Athleisure,Blue Offgrid Cargos,L,BTM-shiv-AWLC07-Provincial-blue-L,875.0,16,0,14000.0,1,https://cavaathleisure.com/products/blue-offgrid-cargos
2026-08-25,Cava Athleisure,Blue Offgrid Cargos,XL,BTM-shiv-AWLC07-Provincial-blue-XL,875.0,4,0,3500.0,1,https://cavaathleisure.com/products/blue-offgrid-cargos
2026-08-25,Cava Athleisure,Red Nomad Cargo Pants,XS,BTM-para-AWLC19-Cardinal-XS,875.0,2,0,1750.0,1,https://cavaathleisure.com/products/red-nomad-cargo-pants
2026-08-25,Cava Athleisure,Red Nomad Cargo Pants,S,BTM-para-AWLC19-Cardinal-S,875.0,15,0,13125.0,1,https://cavaathleisure.com/products/red-nomad-cargo-pants
2026-08-25,Cava Athleisure,Red Nomad Cargo Pants,M,BTM-para-AWLC19-Cardinal-M,875.0,18,0,15750.0,1,https://cavaathleisure.com/products/red-nomad-cargo-pants
2026-08-25,Cava Athleisure,Red Nomad Cargo Pants,L,BTM-para-AWLC19-Cardinal-L,875.0,11,0,9625.0,1,https://cavaathleisure.com/products/red-nomad-cargo-pants
2026-08-25,Cava Athleisure,Red Nomad Cargo Pants,XL,BTM-para-AWLC19-Cardinal-XL,875.0,4,0,3500.0,1,https://cavaathleisure.com/products/red-nomad-cargo-pants
2026-08-25,Cava Athleisure,Black Overlap Tee,L,TP-RON-set2-007-RON-Jet-Black-L,999.0,15,0,14985.0,1,https://cavaathleisure.com/products/black-overlap-tee
2026-08-25,Cava Athleisure,Black Overlap Tee,XL,TP-RON-set2-007-RON-Jet-Black-XL,999.0,1,0,999.0,1,https://cavaathleisure.com/products/black-overlap-tee
2026-08-25,Cava Athleisure,Blush Overlap Tee,XS,TP-RON-set2-007-RON-Sepia-Rose-XS,999.0,73,0,72927.0,1,https://cavaathleisure.com/products/blush-overlap-tee
2026-08-25,Cava Athleisure,Blush Overlap Tee,S,TP-RON-set2-007-RON-Sepia-Rose-S,999.0,11,0,10989.0,1,https://cavaathleisure.com/products/blush-overlap-tee
2026-08-25,Cava Athleisure,Blush Overlap Tee,L,TP-RON-set2-007-RON-Sepia-Rose-L,999.0,0,1,0.0,1,https://cavaathleisure.com/products/blush-overlap-tee
2026-08-25,Cava Athleisure,Olive Retro Flare Pants,XS/S,BTM-RON-set6-009-RON-Olive-Green-XS/S,990.0,36,0,35640.0,1,https://cavaathleisure.com/products/olive-retro-flare-pants
2026-08-25,Cava Athleisure,Grape Retro Flare Pants,XS/S,BTM-RON-set6-009-RON-Wine-Burgundy-XS/S,1140.0,21,0,23940.0,1,https://cavaathleisure.com/products/grape-retro-flare-pants
2026-08-25,Cava Athleisure,Grape Retro Flare Pants,M,BTM-RON-set6-009-RON-Wine-Burgundy-M,1140.0,25,0,28500.0,1,https://cavaathleisure.com/products/grape-retro-flare-pants
2026-08-25,Cava Athleisure,Olive Sway Pants,XS/S,BTM-RON-set7-021-GEO-Forest-XS/S,990.0,20,0,19800.0,1,https://cavaathleisure.com/products/olive-sway-pants
2026-08-25,Cava Athleisure,Black Aerial Crop Tank,XL,TP-RON-set12-WX1496-Black-XL,750.0,1,0,750.0,1,https://cavaathleisure.com/products/black-aerial-crop-tank
2026-08-25,Cava Athleisure,Black Aerial Crop Tank,XXL,TP-RON-set12-WX1496-Black-XXL,750.0,7,0,5250.0,1,https://cavaathleisure.com/products/black-aerial-crop-tank
2026-08-25,Cava Athleisure,White Cross Back Sports Bra,XS,TP-RON-set1-019-MNO-Coconut-Milk-XS,1199.0,128,0,153472.0,1,https://cavaathleisure.com/products/white-cross-back-sports-bra
2026-08-25,Cava Athleisure,White Cross Back Sports Bra,S,TP-RON-set1-019-MNO-Coconut-Milk-S,1199.0,490,0,587510.0,1,https://cavaathleisure.com/products/white-cross-back-sports-bra
2026-08-25,Cava Athleisure,White Cross Back Sports Bra,M,TP-RON-set1-019-MNO-Coconut-Milk-M,1199.0,482,0,577918.0,1,https://cavaathleisure.com/products/white-cross-back-sports-bra
2026-08-25,Cava Athleisure,White Cross Back Sports Bra,L,TP-RON-set1-019-MNO-Coconut-Milk-L,1199.0,243,0,291357.0,1,https://cavaathleisure.com/products/white-cross-back-sports-bra
2026-08-25,Cava Athleisure,White Cross Back Sports Bra,XL,TP-RON-set1-019-MNO-Coconut-Milk-XL,1199.0,155,0,185845.0,1,https://cavaathleisure.com/products/white-cross-back-sports-bra
2026-08-25,Cava Athleisure,White Cross Back Sports Bra,XXL,TP-RON-set1-019-MNO-Coconut-Milk-XXL,1199.0,136,0,163064.0,1,https://cavaathleisure.com/products/white-cross-back-sports-bra
2026-08-25,Cava Athleisure,Black Aerial Leggings,XS,BTM-RON-set12-CK1429-Black-XS,999.0,9,0,8991.0,1,https://cavaathleisure.com/products/black-aerial-leggings
2026-08-25,Cava Athleisure,Black Aerial Leggings,S,BTM-RON-set12-CK1429-Black-S,999.0,142,0,141858.0,1,https://cavaathleisure.com/products/black-aerial-leggings
2026-08-25,Cava Athleisure,Black Aerial Leggings,M,BTM-RON-set12-CK1429-Black-M,999.0,1,0,999.0,1,https://cavaathleisure.com/products/black-aerial-leggings
2026-08-25,Cava Athleisure,Black Super Stretch Brami,XS,TP-RON-set3-006-RON-Jet-Black-XS,1199.0,39,0,46761.0,1,https://cavaathleisure.com/products/black-super-stretch-brami
2026-08-25,Cava Athleisure,Black Super Stretch Brami,S,TP-RON-set3-006-RON-Jet-Black-S,1199.0,114,0,136686.0,1,https://cavaathleisure.com/products/black-super-stretch-brami
2026-08-25,Cava Athleisure,Black Super Stretch Brami,M,TP-RON-set3-006-RON-Jet-Black-M,1199.0,85,0,101915.0,1,https://cavaathleisure.com/products/black-super-stretch-brami
2026-08-25,Cava Athleisure,Black Super Stretch Brami,L,TP-RON-set3-006-RON-Jet-Black-L,1199.0,47,0,56353.0,1,https://cavaathleisure.com/products/black-super-stretch-brami
2026-08-25,Cava Athleisure,Black Super Stretch Brami,XL,TP-RON-set3-006-RON-Jet-Black-XL,1199.0,46,0,55154.0,1,https://cavaathleisure.com/products/black-super-stretch-brami
2026-08-25,Cava Athleisure,Black Super Stretch Brami,XXL,TP-RON-set3-006-RON-Jet-Black-XXL,1199.0,16,0,19184.0,1,https://cavaathleisure.com/products/black-super-stretch-brami
2026-08-25,Cava Athleisure,Black Cross Back Sports Bra,XS,TP-RON-set1-019-MNO-Jet-Black-XS,1199.0,214,0,256586.0,1,https://cavaathleisure.com/products/black-cross-back-sports-bra
2026-08-25,Cava Athleisure,Black Cross Back Sports Bra,S,TP-RON-set1-019-MNO-Jet-Black-S,1199.0,2079,0,2492721.0,1,https://cavaathleisure.com/products/black-cross-back-sports-bra
2026-08-25,Cava Athleisure,Black Cross Back Sports Bra,M,TP-RON-set1-019-MNO-Jet-Black-M,1199.0,1866,0,2237334.0,1,https://cavaathleisure.com/products/black-cross-back-sports-bra
2026-08-25,Cava Athleisure,Black Cross Back Sports Bra,L,TP-RON-set1-019-MNO-Jet-Black-L,1199.0,1001,0,1200199.0,1,https://cavaathleisure.com/products/black-cross-back-sports-bra
2026-08-25,Cava Athleisure,Black Cross Back Sports Bra,XL,TP-RON-set1-019-MNO-Jet-Black-XL,1199.0,526,0,630674.0,1,https://cavaathleisure.com/products/black-cross-back-sports-bra
2026-08-25,Cava Athleisure,Black Cross Back Sports Bra,XXL,TP-RON-set1-019-MNO-Jet-Black-XXL,1199.0,229,0,274571.0,1,https://cavaathleisure.com/products/black-cross-back-sports-bra
2026-08-25,Cava Athleisure,Ruby Super Stretch Brami,S,TP-RON-set3-006-RON-Anemone-S,1199.0,153,0,183447.0,1,https://cavaathleisure.com/products/ruby-super-stretch-brami
2026-08-25,Cava Athleisure,Ruby Sky-Rise Leggings,XS,BTM-RON-set3-RON-Anemone-XS,1299.0,60,0,77940.0,1,https://cavaathleisure.com/products/ruby-sky-rise-leggings
2026-08-25,Cava Athleisure,Ruby Sky-Rise Leggings,S,BTM-RON-set3-RON-Anemone-S,1299.0,230,0,298770.0,1,https://cavaathleisure.com/products/ruby-sky-rise-leggings
2026-08-25,Cava Athleisure,Ruby Sky-Rise Leggings,M,BTM-RON-set3-RON-Anemone-M,1299.0,95,0,123405.0,1,https://cavaathleisure.com/products/ruby-sky-rise-leggings
2026-08-25,Cava Athleisure,Ruby Sky-Rise Leggings,L,BTM-RON-set3-RON-Anemone-L,1299.0,59,0,76641.0,1,https://cavaathleisure.com/products/ruby-sky-rise-leggings
2026-08-25,Cava Athleisure,Ruby Sky-Rise Leggings,XXL,BTM-RON-set3-RON-Anemone-XXL,1299.0,8,0,10392.0,1,https://cavaathleisure.com/products/ruby-sky-rise-leggings
2026-08-25,Cava Athleisure,Black Sky-Rise Leggings,XS,BTM-RON-set3-RON-Jet-Black-XS,1299.0,179,0,232521.0,1,https://cavaathleisure.com/products/black-sky-rise-leggings
2026-08-25,Cava Athleisure,Black Sky-Rise Leggings,S,BTM-RON-set3-RON-Jet-Black-S,1299.0,241,0,313059.0,1,https://cavaathleisure.com/products/black-sky-rise-leggings
2026-08-25,Cava Athleisure,Black Sky-Rise Leggings,M,BTM-RON-set3-RON-Jet-Black-M,1299.0,215,0,279285.0,1,https://cavaathleisure.com/products/black-sky-rise-leggings
2026-08-25,Cava Athleisure,Black Sky-Rise Leggings,L,BTM-RON-set3-RON-Jet-Black-L,1299.0,187,0,242913.0,1,https://cavaathleisure.com/products/black-sky-rise-leggings
2026-08-25,Cava Athleisure,Black Sky-Rise Leggings,XL,BTM-RON-set3-RON-Jet-Black-XL,1299.0,48,0,62352.0,1,https://cavaathleisure.com/products/black-sky-rise-leggings
2026-08-25,Cava Athleisure,Black Sky-Rise Leggings,XXL,BTM-RON-set3-RON-Jet-Black-XXL,1299.0,62,0,80538.0,1,https://cavaathleisure.com/products/black-sky-rise-leggings
2026-08-25,Cava Athleisure,Brunette Sky-Rise Leggings,S,BTM-RON-set3-RON-Sorrel-Horse-S,1299.0,263,0,341637.0,1,https://cavaathleisure.com/products/brunette-sky-rise-leggings
2026-08-25,Cava Athleisure,Brunette Sky-Rise Leggings,M,BTM-RON-set3-RON-Sorrel-Horse-M,1299.0,322,0,418278.0,1,https://cavaathleisure.com/products/brunette-sky-rise-leggings
2026-08-25,Cava Athleisure,Brunette Sky-Rise Leggings,L,BTM-RON-set3-RON-Sorrel-Horse-L,1299.0,14,0,18186.0,1,https://cavaathleisure.com/products/brunette-sky-rise-leggings
2026-08-25,Cava Athleisure,Brunette Sky-Rise Leggings,XXL,BTM-RON-set3-RON-Sorrel-Horse-XXL,1299.0,2,0,2598.0,1,https://cavaathleisure.com/products/brunette-sky-rise-leggings
2026-08-25,Cava Athleisure,Amethyst Sway Pants,XS/S,BTM-RON-set7-021-GEO-Light-Purple-XS/S,900.0,33,0,29700.0,1,https://cavaathleisure.com/products/amethyst-sway-pants
2026-08-25,Cava Athleisure,Black Racerback Tank,S,TP-RON-set5-032-YSH-Jet-Black-S,1199.0,1,0,1199.0,0,https://cavaathleisure.com/products/black-racerback-tank
2026-08-25,Cava Athleisure,Black Racerback Tank,L,TP-RON-set5-032-YSH-Jet-Black-L,1199.0,29,0,34771.0,1,https://cavaathleisure.com/products/black-racerback-tank
2026-08-25,Cava Athleisure,Black Racerback Tank,XL,TP-RON-set5-032-YSH-Jet-Black-XL,1199.0,1,0,1199.0,1,https://cavaathleisure.com/products/black-racerback-tank
2026-08-25,Cava Athleisure,Ruby Racerback Tank,XS,TP-RON-set5-032-YSH-Anemone-XS,1199.0,78,0,93522.0,1,https://cavaathleisure.com/products/ruby-racerback-tank
2026-08-25,Cava Athleisure,Ruby Racerback Tank,S,TP-RON-set5-032-YSH-Anemone-S,1199.0,221,0,264979.0,1,https://cavaathleisure.com/products/ruby-racerback-tank
2026-08-25,Cava Athleisure,Ruby Racerback Tank,M,TP-RON-set5-032-YSH-Anemone-M,1199.0,149,0,178651.0,1,https://cavaathleisure.com/products/ruby-racerback-tank
2026-08-25,Cava Athleisure,Ruby Racerback Tank,L,TP-RON-set5-032-YSH-Anemone-L,1199.0,116,0,139084.0,1,https://cavaathleisure.com/products/ruby-racerback-tank
2026-08-25,Cava Athleisure,Ruby Racerback Tank,XL,TP-RON-set5-032-YSH-Anemone-XL,1199.0,15,0,17985.0,1,https://cavaathleisure.com/products/ruby-racerback-tank
2026-08-25,Cava Athleisure,Ruby Racerback Tank,XXL,TP-RON-set5-032-YSH-Anemone-XXL,1199.0,21,0,25179.0,1,https://cavaathleisure.com/products/ruby-racerback-tank
2026-08-25,Cava Athleisure,Blush Airflow Leggings,XS/S,BTM-RON-set5-010-YSH-Sepia-Rose-XS/S,875.0,6,0,5250.0,1,https://cavaathleisure.com/products/blush-airflow-leggings
2026-08-25,Cava Athleisure,Blush Airflow Leggings,M,BTM-RON-set5-010-YSH-Sepia-Rose-M,875.0,11,0,9625.0,1,https://cavaathleisure.com/products/blush-airflow-leggings
2026-08-25,Cava Athleisure,Blush Airflow Leggings,L,BTM-RON-set5-010-YSH-Sepia-Rose-L,875.0,2,0,1750.0,1,https://cavaathleisure.com/products/blush-airflow-leggings
2026-08-25,Cava Athleisure,Ivory Sculptor Jacket,XS,TP-Reely-set5-jkt-Blanc-de-Blanc-XS,1799.0,119,0,214081.0,1,https://cavaathleisure.com/products/ivory-sculptor-jacket
2026-08-25,Cava Athleisure,Ivory Sculptor Jacket,S,TP-Reely-set5-jkt-Blanc-de-Blanc-S,1799.0,190,0,341810.0,1,https://cavaathleisure.com/products/ivory-sculptor-jacket
2026-08-25,Cava Athleisure,Ivory Sculptor Jacket,M,TP-Reely-set5-jkt-Blanc-de-Blanc-M,1799.0,268,0,482132.0,1,https://cavaathleisure.com/products/ivory-sculptor-jacket
2026-08-25,Cava Athleisure,Ivory Sculptor Jacket,L,TP-Reely-set5-jkt-Blanc-de-Blanc-L,1799.0,97,0,174503.0,1,https://cavaathleisure.com/products/ivory-sculptor-jacket
2026-08-25,Cava Athleisure,Ivory Sculptor Jacket,XL,TP-Reely-set5-jkt-Blanc-de-Blanc-XL,1799.0,80,0,143920.0,1,https://cavaathleisure.com/products/ivory-sculptor-jacket
2026-08-25,Cava Athleisure,Ivory Sculptor Jacket,XXL,TP-Reely-set5-jkt-Blanc-de-Blanc-XXL,1799.0,22,0,39578.0,1,https://cavaathleisure.com/products/ivory-sculptor-jacket
2026-08-25,Cava Athleisure,Black Sculptor Jacket,XS,TP-Reely-set5-jkt-Jet-Black-XS,1799.0,152,0,273448.0,1,https://cavaathleisure.com/products/black-sculptor-jacket
2026-08-25,Cava Athleisure,Black Sculptor Jacket,S,TP-Reely-set5-jkt-Jet-Black-S,1799.0,572,0,1029028.0,1,https://cavaathleisure.com/products/black-sculptor-jacket
2026-08-25,Cava Athleisure,Black Sculptor Jacket,M,TP-Reely-set5-jkt-Jet-Black-M,1799.0,558,0,1003842.0,1,https://cavaathleisure.com/products/black-sculptor-jacket
2026-08-25,Cava Athleisure,Black Sculptor Jacket,L,TP-Reely-set5-jkt-Jet-Black-L,1799.0,251,0,451549.0,1,https://cavaathleisure.com/products/black-sculptor-jacket
2026-08-25,Cava Athleisure,Black Sculptor Jacket,XL,TP-Reely-set5-jkt-Jet-Black-XL,1799.0,150,0,269850.0,1,https://cavaathleisure.com/products/black-sculptor-jacket
2026-08-25,Cava Athleisure,Black Sculptor Jacket,XXL,TP-Reely-set5-jkt-Jet-Black-XXL,1799.0,36,0,64764.0,1,https://cavaathleisure.com/products/black-sculptor-jacket
2026-08-25,Cava Athleisure,Mauve Tank Us Later Top,XS,TP-GEO-set3-008-YSH-Dull-purple-18-XS,1299.0,201,0,261099.0,1,https://cavaathleisure.com/products/mauve-tank-us-later-top
2026-08-25,Cava Athleisure,Mauve Tank Us Later Top,S,TP-GEO-set3-008-YSH-Dull-purple-18-S,1299.0,323,0,419577.0,1,https://cavaathleisure.com/products/mauve-tank-us-later-top
2026-08-25,Cava Athleisure,Mauve Tank Us Later Top,M,TP-GEO-set3-008-YSH-Dull-purple-18-M,1299.0,319,0,414381.0,1,https://cavaathleisure.com/products/mauve-tank-us-later-top
2026-08-25,Cava Athleisure,Mauve Tank Us Later Top,L,TP-GEO-set3-008-YSH-Dull-purple-18-L,1299.0,204,0,264996.0,1,https://cavaathleisure.com/products/mauve-tank-us-later-top
2026-08-25,Cava Athleisure,Mauve Tank Us Later Top,XL,TP-GEO-set3-008-YSH-Dull-purple-18-XL,1299.0,66,0,85734.0,1,https://cavaathleisure.com/products/mauve-tank-us-later-top
2026-08-25,Cava Athleisure,Mauve Tank Us Later Top,XXL,TP-GEO-set3-008-YSH-Dull-purple-18-XXL,1299.0,65,0,84435.0,1,https://cavaathleisure.com/products/mauve-tank-us-later-top
2026-08-25,Cava Athleisure,Black Tank Us Later Top,XL,TP-GEO-set3-008-YSH-Black-02-XL,1299.0,53,0,68847.0,1,https://cavaathleisure.com/products/black-tank-us-later-top
2026-08-25,Cava Athleisure,Ivory Swirl Tennis Skorts,XXS,WSKSET445WHXXS,1399.0,10,0,13990.0,1,https://cavaathleisure.com/products/ivory-swirl-tennis-skorts
2026-08-25,Cava Athleisure,Ivory Swirl Tennis Skorts,XS,BTM-Reely-set4-skirt-Blanc-de-Blanc-XS,1399.0,33,0,46167.0,1,https://cavaathleisure.com/products/ivory-swirl-tennis-skorts
2026-08-25,Cava Athleisure,Ivory Swirl Tennis Skorts,XS,WSKSET4L45WHXS,1399.0,13,0,18187.0,1,https://cavaathleisure.com/products/ivory-swirl-tennis-skorts
2026-08-25,Cava Athleisure,Ivory Swirl Tennis Skorts,XXL,BTM-Reely-set4-skirt-Blanc-de-Blanc-XXL,1399.0,2,0,2798.0,1,https://cavaathleisure.com/products/ivory-swirl-tennis-skorts
2026-08-25,Cava Athleisure,Ivory Swirl Tennis Skorts,XXL,WSKSET4L45WHXXL,1399.0,19,0,26581.0,1,https://cavaathleisure.com/products/ivory-swirl-tennis-skorts
2026-08-25,Cava Athleisure,Ivory Swirl Tennis Skorts,XXXL,WSKSET445WHXXXL,1399.0,23,0,32177.0,1,https://cavaathleisure.com/products/ivory-swirl-tennis-skorts
2026-08-25,Cava Athleisure,Ivory Swirl Tennis Skorts,XXXL,WSKSET4L45WHXXL,1399.0,19,0,26581.0,1,https://cavaathleisure.com/products/ivory-swirl-tennis-skorts
2026-08-25,Cava Athleisure,Black Swirl Tennis Skorts,XS,BTM-Reely-set4-skirt-Jet-Black-XS,1399.0,594,0,831006.0,1,https://cavaathleisure.com/products/black-swirl-tennis-skorts
2026-08-25,Cava Athleisure,Black Swirl Tennis Skorts,XS,WSKSET4L45BKXS,1399.0,14,0,19586.0,1,https://cavaathleisure.com/products/black-swirl-tennis-skorts
2026-08-25,Cava Athleisure,Black Swirl Tennis Skorts,S,BTM-Reely-set4-skirt-Jet-Black-S,1399.0,151,0,211249.0,1,https://cavaathleisure.com/products/black-swirl-tennis-skorts
2026-08-25,Cava Athleisure,Black Swirl Tennis Skorts,M,BTM-Reely-set4-skirt-Jet-Black-M,1399.0,49,0,68551.0,1,https://cavaathleisure.com/products/black-swirl-tennis-skorts
2026-08-25,Cava Athleisure,Black Swirl Tennis Skorts,L,BTM-Reely-set4-skirt-Jet-Black-L,1399.0,7,0,9793.0,1,https://cavaathleisure.com/products/black-swirl-tennis-skorts
2026-08-25,Cava Athleisure,Black Swirl Tennis Skorts,XL,BTM-Reely-set4-skirt-Jet-Black-XL,1399.0,0,1,0.0,1,https://cavaathleisure.com/products/black-swirl-tennis-skorts
2026-08-25,Cava Athleisure,Obsidian Black Silhouette Zip Top,S,TP-CAVA-ACU03-Black-S,850.0,9,0,7650.0,1,https://cavaathleisure.com/products/obsidian-black-silhouette-zip-top
2026-08-25,Cava Athleisure,Obsidian Black Silhouette Zip Top,XL,TP-CAVA-ACU03-Black-XL,850.0,5,0,4250.0,1,https://cavaathleisure.com/products/obsidian-black-silhouette-zip-top
2026-08-25,Cava Athleisure,Slate Blue Seamless Cinched Activewear Set,S,TP/BTM-UD-Light-blue-S/S,1949.0,36,0,70164.0,1,https://cavaathleisure.com/products/slate-blue-seamless-cinched-activewear-set
2026-08-25,Cava Athleisure,Slate Blue Seamless Cinched Activewear Set,S,TP/BTM-UD-Light-blue-S/M,1949.0,36,0,70164.0,1,https://cavaathleisure.com/products/slate-blue-seamless-cinched-activewear-set
2026-08-25,Cava Athleisure,Slate Blue Seamless Cinched Activewear Set,S,TP/BTM-UD-Light-blue-S/L,1949.0,36,0,70164.0,1,https://cavaathleisure.com/products/slate-blue-seamless-cinched-activewear-set
2026-08-25,Cava Athleisure,Auburn Seamless Cinched Activewear Set,S,TP/BTM-UD-Wine-red-S/S,1949.0,230,0,448270.0,1,https://cavaathleisure.com/products/auburn-seamless-cinched-activewear-set
2026-08-25,Cava Athleisure,Auburn Seamless Cinched Activewear Set,S,TP/BTM-UD-Wine-red-S/M,1949.0,131,0,255319.0,1,https://cavaathleisure.com/products/auburn-seamless-cinched-activewear-set
2026-08-25,Cava Athleisure,Raven Black Seamless Cinched Activewear set,S,TP/BTM-UD-Jet-Black-S/S,1949.0,340,0,662660.0,1,https://cavaathleisure.com/products/raven-black-seamless-cinched-activewear-set
2026-08-25,Cava Athleisure,Raven Black Seamless Cinched Activewear set,S,TP/BTM-UD-Jet-Black-S/M,1949.0,102,0,198798.0,1,https://cavaathleisure.com/products/raven-black-seamless-cinched-activewear-set
2026-08-25,Cava Athleisure,Raven Black Seamless Cinched Activewear set,S,TP/BTM-UD-Jet-Black-S/L,1949.0,100,0,194900.0,1,https://cavaathleisure.com/products/raven-black-seamless-cinched-activewear-set
2026-08-25,Cava Athleisure,Raven Black Seamless Cinched Activewear set,M,TP/BTM-UD-Jet-Black-M/S,1949.0,88,0,171512.0,1,https://cavaathleisure.com/products/raven-black-seamless-cinched-activewear-set
2026-08-25,Cava Athleisure,Raven Black Seamless Cinched Activewear set,M,TP/BTM-UD-Jet-Black-M/M,1949.0,88,0,171512.0,1,https://cavaathleisure.com/products/raven-black-seamless-cinched-activewear-set
2026-08-25,Cava Athleisure,Raven Black Seamless Cinched Activewear set,M,TP/BTM-UD-Jet-Black-M/L,1949.0,88,0,171512.0,1,https://cavaathleisure.com/products/raven-black-seamless-cinched-activewear-set
2026-08-25,Cava Athleisure,Raven Black Seamless Cinched Activewear set,L,TP/BTM-UD-Jet-Black-L/S,1949.0,48,0,93552.0,1,https://cavaathleisure.com/products/raven-black-seamless-cinched-activewear-set
2026-08-25,Cava Athleisure,Raven Black Seamless Cinched Activewear set,L,TP/BTM-UD-Jet-Black-L/M,1949.0,48,0,93552.0,1,https://cavaathleisure.com/products/raven-black-seamless-cinched-activewear-set
2026-08-25,Cava Athleisure,Raven Black Seamless Cinched Activewear set,L,TP/BTM-UD-Jet-Black-L/L,1949.0,48,0,93552.0,1,https://cavaathleisure.com/products/raven-black-seamless-cinched-activewear-set
2026-08-25,Cava Athleisure,Auburn Contoured Seamless Sports Bra,XS,TP-UD-Wine-red-XS,999.0,49,0,48951.0,1,https://cavaathleisure.com/products/auburn-contoured-seamless-sports-bra
2026-08-25,Cava Athleisure,Auburn Contoured Seamless Sports Bra,S,TP-UD-Wine red-S,999.0,231,0,230769.0,1,https://cavaathleisure.com/products/auburn-contoured-seamless-sports-bra
2026-08-25,Cava Athleisure,Auburn Contoured Seamless Sports Bra,XL,TP-UD-Wine-red-XL,999.0,41,0,40959.0,1,https://cavaathleisure.com/products/auburn-contoured-seamless-sports-bra
2026-08-25,Cava Athleisure,Auburn Contoured Seamless Sports Bra,XXL,TP-UD-Wine-red-XXL,999.0,66,0,65934.0,1,https://cavaathleisure.com/products/auburn-contoured-seamless-sports-bra
2026-08-25,Cava Athleisure,Slate Blue Seamless Cinched Leggings,S,BTM-UD-Light-blue-S,1099.0,620,0,681380.0,1,https://cavaathleisure.com/products/slate-blue-seamless-cinched-leggings
2026-08-25,Cava Athleisure,Slate Blue Seamless Cinched Leggings,M,BTM-UD-Light-blue-M,1099.0,262,0,287938.0,1,https://cavaathleisure.com/products/slate-blue-seamless-cinched-leggings
2026-08-25,Cava Athleisure,Slate Blue Seamless Cinched Leggings,L,BTM-UD-Light-blue-L,1099.0,123,0,135177.0,1,https://cavaathleisure.com/products/slate-blue-seamless-cinched-leggings
2026-08-25,Cava Athleisure,Auburn Seamless Cinched Leggings,S,BTM-UD-Wine red-S,1099.0,487,0,535213.0,1,https://cavaathleisure.com/products/auburn-seamless-cinched-leggings
2026-08-25,Cava Athleisure,Auburn Seamless Cinched Leggings,M,BTM-UD-Wine red-M,1099.0,232,0,254968.0,1,https://cavaathleisure.com/products/auburn-seamless-cinched-leggings
2026-08-25,Cava Athleisure,Raven Black Seamless Cinched Leggings,XS,BTM-UD-Jet-Black-XS,1099.0,56,0,61544.0,1,https://cavaathleisure.com/products/raven-black-seamless-cinched-leggings
2026-08-25,Cava Athleisure,Raven Black Seamless Cinched Leggings,S,BTM-UD-Jet-Black-S,1099.0,667,0,733033.0,1,https://cavaathleisure.com/products/raven-black-seamless-cinched-leggings
2026-08-25,Cava Athleisure,Raven Black Seamless Cinched Leggings,M,BTM-UD-Jet-Black-M,1099.0,103,0,113197.0,1,https://cavaathleisure.com/products/raven-black-seamless-cinched-leggings
2026-08-25,Cava Athleisure,Raven Black Seamless Cinched Leggings,L,BTM-UD-Jet-Black-L,1099.0,101,0,110999.0,1,https://cavaathleisure.com/products/raven-black-seamless-cinched-leggings
2026-08-25,Cava Athleisure,Raven Black Seamless Cinched Leggings,XL,BTM-UD-Jet-Black-XL,1099.0,14,0,15386.0,1,https://cavaathleisure.com/products/raven-black-seamless-cinched-leggings
2026-08-25,Cava Athleisure,Raven Black Seamless Cinched Leggings,XXL,BTM-UD-Jet-Black-XXL,1099.0,74,0,81326.0,1,https://cavaathleisure.com/products/raven-black-seamless-cinched-leggings
2026-08-25,Cava Athleisure,Slate Blue Contoured Seamless Sports Bra,S,TP-UD-Light blue-S,999.0,37,0,36963.0,1,https://cavaathleisure.com/products/slate-blue-contoured-seamless-sports-bra
2026-08-25,Cava Athleisure,Slate Blue Contoured Seamless Sports Bra,XXL,TP-UD-Light-blue-XXL,999.0,26,0,25974.0,1,https://cavaathleisure.com/products/slate-blue-contoured-seamless-sports-bra
2026-08-25,Cava Athleisure,Raven Black Contoured Seamless Sports Bra,XS,TP-UD-Jet-Black-XS,999.0,13,0,12987.0,1,https://cavaathleisure.com/products/raven-black-contoured-seamless-sports-bra
2026-08-25,Cava Athleisure,Raven Black Contoured Seamless Sports Bra,S,TP-UD-Jet Black-S,999.0,341,0,340659.0,1,https://cavaathleisure.com/products/raven-black-contoured-seamless-sports-bra
2026-08-25,Cava Athleisure,Raven Black Contoured Seamless Sports Bra,M,TP-UD-Jet Black-M,999.0,89,0,88911.0,1,https://cavaathleisure.com/products/raven-black-contoured-seamless-sports-bra
2026-08-25,Cava Athleisure,Raven Black Contoured Seamless Sports Bra,L,TP-UD-Jet Black-L,999.0,49,0,48951.0,1,https://cavaathleisure.com/products/raven-black-contoured-seamless-sports-bra
2026-08-25,Cava Athleisure,Raven Black Contoured Seamless Sports Bra,XL,TP-UD-Jet-Black-XL,999.0,60,0,59940.0,1,https://cavaathleisure.com/products/raven-black-contoured-seamless-sports-bra
2026-08-25,Cava Athleisure,Raven Black Contoured Seamless Sports Bra,XXL,TP-UD-Jet-Black-XXL,999.0,15,0,14985.0,1,https://cavaathleisure.com/products/raven-black-contoured-seamless-sports-bra
2026-08-25,Cava Athleisure,Black Chase Rapid Dry Shorts,XS,MNSOT706-Volar-16-Blk-XS,600.0,24,0,14400.0,1,https://cavaathleisure.com/products/black-chase-rapid-dry-shorts
2026-08-25,Cava Athleisure,Light Grey Signature Sprint Hoodie,XS,MNHD702-Volar-9-Grey-XS,1140.0,2,0,2280.0,1,https://cavaathleisure.com/products/light-grey-signature-sprint-hoodie
2026-08-25,Cava Athleisure,Light Grey Signature Sprint Hoodie,S,MNHD702-Volar-9-Grey-S,1140.0,13,0,14820.0,1,https://cavaathleisure.com/products/light-grey-signature-sprint-hoodie
2026-08-25,Cava Athleisure,Light Grey Signature Sprint Hoodie,XXL,MNHD702-Volar-9-Grey-XXL,1140.0,1,0,1140.0,1,https://cavaathleisure.com/products/light-grey-signature-sprint-hoodie
2026-08-25,Cava Athleisure,Light Grey Utility Jacket,S,MNJKT701-Volar-2-LtGrey-S,1155.0,3,0,3465.0,1,https://cavaathleisure.com/products/light-grey-utility-jacket
2026-08-25,Cava Athleisure,Black Utility Sweats,S,MNJR701-Volar-4-Blk-S,980.0,12,0,11760.0,1,https://cavaathleisure.com/products/black-utility-sweats
2026-08-25,Cava Athleisure,Moscow Blue Cava Essential Sweatshirt,XS,TP536-Vamos-87-MoscowBlue-XS,1199.0,136,0,163064.0,1,https://cavaathleisure.com/products/moscow-blue-cava-essential-sweatshirt
2026-08-25,Cava Athleisure,Moscow Blue Cava Essential Sweatshirt,S,TP536-Vamos-87-MoscowBlue-S,1199.0,314,0,376486.0,1,https://cavaathleisure.com/products/moscow-blue-cava-essential-sweatshirt
2026-08-25,Cava Athleisure,Arctic White Straight Leg Slit Joggers,XS,JR534-Vamos-75-ArticWhite-XS,805.0,1,0,805.0,1,https://cavaathleisure.com/products/arctic-white-straight-leg-slit-joggers-1
2026-08-25,Cava Athleisure,Arctic White Straight Leg Slit Joggers,S,JR534-Vamos-75-ArticWhite-S,805.0,2,0,1610.0,1,https://cavaathleisure.com/products/arctic-white-straight-leg-slit-joggers-1
2026-08-25,Cava Athleisure,Arctic White Straight Leg Slit Joggers,M,JR534-Vamos-75-ArticWhite-M,805.0,26,0,20930.0,1,https://cavaathleisure.com/products/arctic-white-straight-leg-slit-joggers-1
2026-08-25,Cava Athleisure,Arctic White Straight Leg Slit Joggers,L,JR534-Vamos-75-ArticWhite-L,805.0,17,0,13685.0,1,https://cavaathleisure.com/products/arctic-white-straight-leg-slit-joggers-1
2026-08-25,Cava Athleisure,Boston Black Straight Leg Slit Joggers,XS,JR534-Vamos-78-BostonBlack-XS,805.0,15,0,12075.0,1,https://cavaathleisure.com/products/boston-black-straight-leg-slit-joggers
2026-08-25,Cava Athleisure,Boston Black Straight Leg Slit Joggers,M,JR534-Vamos-78-BostonBlack-M,805.0,16,0,12880.0,1,https://cavaathleisure.com/products/boston-black-straight-leg-slit-joggers
2026-08-25,Cava Athleisure,Boston Black Straight Leg Slit Joggers,XL,JR534-Vamos-78-BostonBlack-XL,805.0,4,0,3220.0,1,https://cavaathleisure.com/products/boston-black-straight-leg-slit-joggers
2026-08-25,Cava Athleisure,Boston Black Cava Essential Sweatshirt,XS,TP536-Vamos-88-BostonBlack-XS,1199.0,74,0,88726.0,1,https://cavaathleisure.com/products/boston-black-cava-essential-sweatshirt-1
2026-08-25,Cava Athleisure,Boston Black Cava Essential Sweatshirt,S,TP536-Vamos-88-BostonBlack-S,1199.0,189,0,226611.0,1,https://cavaathleisure.com/products/boston-black-cava-essential-sweatshirt-1
2026-08-25,Cava Athleisure,Boston Black Cava Essential Sweatshirt,M,TP536-Vamos-88-BostonBlack-M,1199.0,83,0,99517.0,1,https://cavaathleisure.com/products/boston-black-cava-essential-sweatshirt-1
2026-08-25,Cava Athleisure,Boston Black Cava Essential Sweatshirt,L,TP536-Vamos-88-BostonBlack-L,1199.0,26,0,31174.0,1,https://cavaathleisure.com/products/boston-black-cava-essential-sweatshirt-1
2026-08-25,Cava Athleisure,Boston Black Cava Essential Sweatshirt,XL,TP536-Vamos-88-BostonBlack-XL,1199.0,20,0,23980.0,1,https://cavaathleisure.com/products/boston-black-cava-essential-sweatshirt-1
2026-08-25,Cava Athleisure,Boston Black Cava Essential Sweatshirt,XXL,TP536-Vamos-88-BostonBlack-XXL,1199.0,10,0,11990.0,1,https://cavaathleisure.com/products/boston-black-cava-essential-sweatshirt-1
2026-08-25,Cava Athleisure,CAVA Athleisure Gift Card,₹1500.00,,1500.0,998,0,1497000.0,1,https://cavaathleisure.com/products/cava-athleisure-gift-card
2026-08-25,Cava Athleisure,CAVA Athleisure Gift Card,₹2500.00,,2500.0,998,0,2495000.0,1,https://cavaathleisure.com/products/cava-athleisure-gift-card
2026-08-25,Cava Athleisure,CAVA Athleisure Gift Card,₹5500.00,,5500.0,998,0,5489000.0,1,https://cavaathleisure.com/products/cava-athleisure-gift-card
2026-08-25,Cava Athleisure,CAVA Athleisure Gift Card,₹7500.00,,7500.0,998,0,7485000.0,1,https://cavaathleisure.com/products/cava-athleisure-gift-card
2026-08-25,Cava Athleisure,CAVA Athleisure Gift Card,₹11000.00,,11000.0,998,0,10978000.0,1,https://cavaathleisure.com/products/cava-athleisure-gift-card
2026-08-25,Cava Athleisure,Navy Ribbed Round Neck Tee,M,Tee-sol2.0-64-navy-M,473.0,8,0,3784.0,1,https://cavaathleisure.com/products/navy-ribbed-round-neck-tee
2026-08-25,Cava Athleisure,Navy Ribbed Round Neck Tee,L,Tee-sol2.0-64-navy-L,473.0,35,0,16555.0,1,https://cavaathleisure.com/products/navy-ribbed-round-neck-tee
2026-08-25,Cava Athleisure,Navy Ribbed Round Neck Tee,XL,Tee-sol2.0-64-navy-XL,473.0,5,0,2365.0,1,https://cavaathleisure.com/products/navy-ribbed-round-neck-tee
2026-08-25,Cava Athleisure,Black Slim Fit Jogger,XL,jgr-sol-20-BLK-XL,600.0,10,0,6000.0,1,https://cavaathleisure.com/products/black-slim-fit-jogger
2026-08-25,Cava Athleisure,Black Slim Fit Jogger,XXL,jgr-sol-20-BLK-XXL,600.0,14,0,8400.0,1,https://cavaathleisure.com/products/black-slim-fit-jogger
2026-08-25,Cava Athleisure,Black Pinstripe Hoodie,M,HD-sol-17-BLK-M,1000.0,46,0,46000.0,1,https://cavaathleisure.com/products/black-pinstripe-hoodie
2026-08-25,Cava Athleisure,Black Pinstripe Hoodie,L,HD-sol-17-BLK-L,1000.0,17,0,17000.0,1,https://cavaathleisure.com/products/black-pinstripe-hoodie
