date,store_name,product_name,size,sku,price,units_sold,units_restocked,estimated_revenue,stock_remaining_today,product_url
2026-09-20,Cava Athleisure,Ivory Cotton Leisure Shorts,M,MSH1622WHM,799.0,1,0,799.0,166,https://cavaathleisure.com/products/ivory-cotton-leisure-shorts
2026-09-20,Cava Athleisure,Ivory Cotton Leisure Shorts,L,MSH1622WHL,799.0,1,0,799.0,87,https://cavaathleisure.com/products/ivory-cotton-leisure-shorts
2026-09-20,Cava Athleisure,Cherry ADPT™ Wrap Top,XS,WTP10245CRDXS,1299.0,1,0,1299.0,44,https://cavaathleisure.com/products/cherry-adpt-wrap-top
2026-09-20,Cava Athleisure,Cherry ADPT™ Wrap Top,M,WTP10245CRDM,1299.0,1,0,1299.0,122,https://cavaathleisure.com/products/cherry-adpt-wrap-top
2026-09-20,Cava Athleisure,Ivory Everywear Leisure Tee,M,MTS1422WHM,699.0,1,0,699.0,148,https://cavaathleisure.com/products/ivory-everywear-leisure-tee
2026-09-20,Cava Athleisure,Ivory Everywear Leisure Tee,XL,MTS1422WHXL,699.0,2,0,1398.0,49,https://cavaathleisure.com/products/ivory-everywear-leisure-tee
2026-09-20,Cava Athleisure,Navy Cotton Flared Leggings,S,WFP6221NYS,1599.0,1,0,1599.0,104,https://cavaathleisure.com/products/navy-cotton-flared-leggings
2026-09-20,Cava Athleisure,Navy Cotton Flared Leggings,M,WFP6221NYM,1599.0,1,0,1599.0,128,https://cavaathleisure.com/products/navy-cotton-flared-leggings
2026-09-20,Cava Athleisure,Navy Cotton Flared Leggings,L,WFP6221NYL,1599.0,1,0,1599.0,102,https://cavaathleisure.com/products/navy-cotton-flared-leggings
2026-09-20,Cava Athleisure,Navy Cotton Flared Leggings,XXL,WFP6221NYXXL,1599.0,1,0,1599.0,29,https://cavaathleisure.com/products/navy-cotton-flared-leggings
2026-09-20,Cava Athleisure,Purple Contour Flared Leggings,S,WFP3720PUS,1399.0,2,0,2798.0,93,https://cavaathleisure.com/products/purple-contour-flared-leggings
2026-09-20,Cava Athleisure,Purple Contour Flared Leggings,M,WFP3720PUM,1399.0,3,0,4197.0,162,https://cavaathleisure.com/products/purple-contour-flared-leggings
2026-09-20,Cava Athleisure,Plum Cotton Flared Leggings,M,WFP6221PUM,1599.0,1,0,1599.0,79,https://cavaathleisure.com/products/plum-cotton-flared-leggings
2026-09-20,Cava Athleisure,Plum Cotton Flared Leggings,L,WFP6221PUL,1599.0,1,0,1599.0,96,https://cavaathleisure.com/products/plum-cotton-flared-leggings
2026-09-20,Cava Athleisure,Teal Contour Flared Leggings,XS,WFP3720GRXS,1399.0,1,0,1399.0,57,https://cavaathleisure.com/products/teal-contour-flared-leggings
2026-09-20,Cava Athleisure,Teal Contour Flared Leggings,S,WFP3720GRS,1399.0,2,0,2798.0,103,https://cavaathleisure.com/products/teal-contour-flared-leggings
2026-09-20,Cava Athleisure,Teal Contour Flared Leggings,M,WFP3720GRM,1399.0,2,0,2798.0,158,https://cavaathleisure.com/products/teal-contour-flared-leggings
2026-09-20,Cava Athleisure,Teal Contour Flared Leggings,XL,WFP3720GRXL,1399.0,1,0,1399.0,52,https://cavaathleisure.com/products/teal-contour-flared-leggings
2026-09-20,Cava Athleisure,Ivory Studio Gym Bag,One size,WAC10923WHFREE,1699.0,1,0,1699.0,399,https://cavaathleisure.com/products/ivory-studio-gym-bag
2026-09-20,Cava Athleisure,Pink Studio Gym Bag,One size,WAC10923PNFREE,1699.0,1,0,1699.0,449,https://cavaathleisure.com/products/pink-studio-gym-bag
2026-09-20,Cava Athleisure,Ivory Lace Off-Shoulder Top,S,WTP16517WHS,1799.0,1,0,1799.0,1,https://cavaathleisure.com/products/ivory-lace-off-shoulder-top
2026-09-20,Cava Athleisure,Ivory Lace Off-Shoulder Top,XL,WTP16517WHXL,1799.0,1,0,1799.0,5,https://cavaathleisure.com/products/ivory-lace-off-shoulder-top
2026-09-20,Cava Athleisure,Blush Lace Off-Shoulder Top,M,WTP16517PNM,1799.0,1,0,1799.0,23,https://cavaathleisure.com/products/blush-lace-off-shoulder-top
2026-09-20,Cava Athleisure,Blue  Lace Off-Shoulder Top,S,WTP16517BLS,1799.0,3,0,5397.0,3,https://cavaathleisure.com/products/blue-lace-off-shoulder-top
2026-09-20,Cava Athleisure,Blue  Lace Off-Shoulder Top,L,WTP16517BLL,1799.0,2,0,3598.0,10,https://cavaathleisure.com/products/blue-lace-off-shoulder-top
2026-09-20,Cava Athleisure,Berry Lace Off-Shoulder Top,M,WTP16517RDM,1799.0,1,0,1799.0,27,https://cavaathleisure.com/products/berry-lace-off-shoulder-top
2026-09-20,Cava Athleisure,Berry Lace Off-Shoulder Top,L,WTP16517RDL,1799.0,0,1,0.0,19,https://cavaathleisure.com/products/berry-lace-off-shoulder-top
2026-09-20,Cava Athleisure,Black Polka Lace Off-Shoulder Top,XS,WTP16517BKXS,1899.0,1,0,1899.0,0,https://cavaathleisure.com/products/black-polka-lace-off-shoulder-top
2026-09-20,Cava Athleisure,Black Polka Lace Off-Shoulder Top,M,WTP16517BKM,1899.0,1,0,1899.0,0,https://cavaathleisure.com/products/black-polka-lace-off-shoulder-top
2026-09-20,Cava Athleisure,Blush Ruched Snug Leggings,XS,WLG9917PNXS,1999.0,1,0,1999.0,45,https://cavaathleisure.com/products/blush-ruched-snug-leggings
2026-09-20,Cava Athleisure,Blush Ruched Snug Leggings,S,WLG9917PNS,1999.0,1,0,1999.0,177,https://cavaathleisure.com/products/blush-ruched-snug-leggings
2026-09-20,Cava Athleisure,Blush Ruched Snug Leggings,M,WLG9917PNM,1999.0,1,0,1999.0,231,https://cavaathleisure.com/products/blush-ruched-snug-leggings
2026-09-20,Cava Athleisure,Blush Ruched Snug Leggings,XL,WLG9917PNXL,1999.0,1,0,1999.0,79,https://cavaathleisure.com/products/blush-ruched-snug-leggings
2026-09-20,Cava Athleisure,Berry Ruched Snug Leggings,M,WLG9917RDM,1999.0,1,0,1999.0,232,https://cavaathleisure.com/products/berry-ruched-snug-leggings
2026-09-20,Cava Athleisure,Black Polka Ruched Snug Leggings,S,WLG9917PBKS,2099.0,2,0,4198.0,63,https://cavaathleisure.com/products/black-polka-ruched-snug-leggings
2026-09-20,Cava Athleisure,Black Polka Ruched Snug Leggings,M,WLG9917PBKM,2099.0,3,0,6297.0,2,https://cavaathleisure.com/products/black-polka-ruched-snug-leggings
2026-09-20,Cava Athleisure,Black Polka Ruched Snug Leggings,XL,WLG9917PBKXL,2099.0,2,0,4198.0,30,https://cavaathleisure.com/products/black-polka-ruched-snug-leggings
2026-09-20,Cava Athleisure,Blush Ruched Flared Leggings,S,WFP98P17PNS,2299.0,0,1,0.0,164,https://cavaathleisure.com/products/blush-ruched-flared-leggings
2026-09-20,Cava Athleisure,Blush Ruched Flared Leggings,M,WFP98P17PNM,2299.0,1,0,2299.0,172,https://cavaathleisure.com/products/blush-ruched-flared-leggings
2026-09-20,Cava Athleisure,Blush Ruched Flared Leggings,M,WFP98T17PNM,2299.0,1,0,2299.0,282,https://cavaathleisure.com/products/blush-ruched-flared-leggings
2026-09-20,Cava Athleisure,Blush Ruched Flared Leggings,L,WFP98P17PNL,2299.0,1,0,2299.0,153,https://cavaathleisure.com/products/blush-ruched-flared-leggings
2026-09-20,Cava Athleisure,Blush Ruched Flared Leggings,L,WFP98T17PNL,2299.0,2,0,4598.0,207,https://cavaathleisure.com/products/blush-ruched-flared-leggings
2026-09-20,Cava Athleisure,Blue Ruched Flared Leggings,S,WFP98P17BLS,2299.0,1,0,2299.0,188,https://cavaathleisure.com/products/blue-ruched-flared-leggings
2026-09-20,Cava Athleisure,Blue Ruched Flared Leggings,M,WFP98P17BLM,2299.0,3,0,6897.0,173,https://cavaathleisure.com/products/blue-ruched-flared-leggings
2026-09-20,Cava Athleisure,Blue Ruched Flared Leggings,M,WFP98EXT17BLM,2299.0,1,0,2299.0,170,https://cavaathleisure.com/products/blue-ruched-flared-leggings
2026-09-20,Cava Athleisure,Blue Ruched Flared Leggings,L,WFP98T17BLL,2299.0,2,0,4598.0,213,https://cavaathleisure.com/products/blue-ruched-flared-leggings
2026-09-20,Cava Athleisure,Berry Ruched Flared Leggings,S,WFP98P17RDS,2299.0,2,0,4598.0,128,https://cavaathleisure.com/products/berry-ruched-flared-leggings
2026-09-20,Cava Athleisure,Berry Ruched Flared Leggings,S,WFP98EXT17RDS,2299.0,1,0,2299.0,128,https://cavaathleisure.com/products/berry-ruched-flared-leggings
2026-09-20,Cava Athleisure,Berry Ruched Flared Leggings,M,WFP98P17RDM,2299.0,1,0,2299.0,259,https://cavaathleisure.com/products/berry-ruched-flared-leggings
2026-09-20,Cava Athleisure,Berry Ruched Flared Leggings,L,WFP98EXT17RDL,2299.0,1,0,2299.0,196,https://cavaathleisure.com/products/berry-ruched-flared-leggings
2026-09-20,Cava Athleisure,Berry Ruched Flared Leggings,XL,WFP98P17RDXL,2299.0,1,0,2299.0,97,https://cavaathleisure.com/products/berry-ruched-flared-leggings
2026-09-20,Cava Athleisure,Black Polka Ruched Flared Leggings,XS,WFP98P17PBKXS,2399.0,1,0,2399.0,111,https://cavaathleisure.com/products/black-polka-ruched-flared-leggings
2026-09-20,Cava Athleisure,Black Polka Ruched Flared Leggings,S,WFP98P17PBKS,2399.0,3,0,7197.0,236,https://cavaathleisure.com/products/black-polka-ruched-flared-leggings
2026-09-20,Cava Athleisure,Black Polka Ruched Flared Leggings,M,WFP98P17PBKM,2399.0,1,0,2399.0,200,https://cavaathleisure.com/products/black-polka-ruched-flared-leggings
2026-09-20,Cava Athleisure,Black Polka Ruched Flared Leggings,M,WFP98T17PBKM,2399.0,1,0,2399.0,323,https://cavaathleisure.com/products/black-polka-ruched-flared-leggings
2026-09-20,Cava Athleisure,Black Polka Ruched Flared Leggings,M,WFP98EXT17PBKM,2399.0,2,0,4798.0,197,https://cavaathleisure.com/products/black-polka-ruched-flared-leggings
2026-09-20,Cava Athleisure,Black Polka Ruched Flared Leggings,L,WFP98T17PBKL,2399.0,1,0,2399.0,211,https://cavaathleisure.com/products/black-polka-ruched-flared-leggings
2026-09-20,Cava Athleisure,Black Polka Ruched Flared Leggings,XL,WFP98T17PBKXL,2399.0,1,0,2399.0,60,https://cavaathleisure.com/products/black-polka-ruched-flared-leggings
2026-09-20,Cava Athleisure,Black Polka Ruched Flared Leggings,XXL,WFP98T17PBKXXL,2399.0,1,0,2399.0,79,https://cavaathleisure.com/products/black-polka-ruched-flared-leggings
2026-09-20,Cava Athleisure,Blush Lace Scoop Neck Top,XS,WTP9517PNXS,1699.0,1,0,1699.0,22,https://cavaathleisure.com/products/blush-lace-scoop-neck-top
2026-09-20,Cava Athleisure,Ivory Lace Scoop Neck Top,S,WTP9517WHS,1699.0,3,0,5097.0,16,https://cavaathleisure.com/products/ivory-lace-scoop-neck-top
2026-09-20,Cava Athleisure,Ivory Lace Scoop Neck Top,M,WTP9517WHM,1699.0,1,0,1699.0,2,https://cavaathleisure.com/products/ivory-lace-scoop-neck-top
2026-09-20,Cava Athleisure,Berry Lace Scoop Neck Top,M,WTP9517RDM,1699.0,3,0,5097.0,119,https://cavaathleisure.com/products/berry-lace-scoop-neck-top
2026-09-20,Cava Athleisure,Berry Lace Scoop Neck Top,L,WTP9517RDL,1699.0,2,0,3398.0,73,https://cavaathleisure.com/products/berry-lace-scoop-neck-top
2026-09-20,Cava Athleisure,Blue Lace Scoop Neck Top,XS,WTP9517BLXS,1699.0,3,0,5097.0,3,https://cavaathleisure.com/products/blue-lace-scoop-neck-top
2026-09-20,Cava Athleisure,Blue Lace Scoop Neck Top,S,WTP9517BLS,1699.0,4,0,6796.0,61,https://cavaathleisure.com/products/blue-lace-scoop-neck-top
2026-09-20,Cava Athleisure,Blue Lace Scoop Neck Top,M,WTP9517BLM,1699.0,2,0,3398.0,132,https://cavaathleisure.com/products/blue-lace-scoop-neck-top
2026-09-20,Cava Athleisure,Black Polka Lace Scoop Neck Top,XS,WTP9517PBKXS,1799.0,1,0,1799.0,0,https://cavaathleisure.com/products/black-polka-lace-scoop-neck-top
2026-09-20,Cava Athleisure,Black Polka Lace Scoop Neck Top,S,WTP9517PBKS,1799.0,5,0,8995.0,52,https://cavaathleisure.com/products/black-polka-lace-scoop-neck-top
2026-09-20,Cava Athleisure,Black Polka Lace Scoop Neck Top,M,WTP9517PBKM,1799.0,1,0,1799.0,57,https://cavaathleisure.com/products/black-polka-lace-scoop-neck-top
2026-09-20,Cava Athleisure,Black Polka Lace Scoop Neck Top,L,WTP9517PBKL,1799.0,0,1,0.0,79,https://cavaathleisure.com/products/black-polka-lace-scoop-neck-top
2026-09-20,Cava Athleisure,Black Polka Lace Scoop Neck Top,XL,WTP9517PBKXL,1799.0,3,0,5397.0,28,https://cavaathleisure.com/products/black-polka-lace-scoop-neck-top
2026-09-20,Cava Athleisure,Black Polka Lace Scoop Neck Top,XXL,WTP9517PBKXXL,1799.0,1,0,1799.0,35,https://cavaathleisure.com/products/black-polka-lace-scoop-neck-top
2026-09-20,Cava Athleisure,Blush Soft Knot Skorts,XS,WSK9617PNXS,2199.0,2,0,4398.0,60,https://cavaathleisure.com/products/blush-soft-knot-skorts
2026-09-20,Cava Athleisure,Blush Soft Knot Skorts,S,WSK9617PNS,2199.0,0,1,0.0,72,https://cavaathleisure.com/products/blush-soft-knot-skorts
2026-09-20,Cava Athleisure,Blush Soft Knot Skorts,M,WSK9617PNM,2199.0,1,0,2199.0,70,https://cavaathleisure.com/products/blush-soft-knot-skorts
2026-09-20,Cava Athleisure,Blush Soft Knot Skorts,L,WSK9617PNL,2199.0,1,0,2199.0,40,https://cavaathleisure.com/products/blush-soft-knot-skorts
2026-09-20,Cava Athleisure,Berry Polka Soft Knot Skorts,XS,WSK9617PRDXS,2299.0,1,0,2299.0,64,https://cavaathleisure.com/products/berry-polka-soft-knot-skorts
2026-09-20,Cava Athleisure,Berry Polka Soft Knot Skorts,S,WSK9617PRDS,2299.0,1,0,2299.0,129,https://cavaathleisure.com/products/berry-polka-soft-knot-skorts
2026-09-20,Cava Athleisure,Berry Polka Soft Knot Skorts,M,WSK9617PRDM,2299.0,2,0,4598.0,131,https://cavaathleisure.com/products/berry-polka-soft-knot-skorts
2026-09-20,Cava Athleisure,Berry Polka Soft Knot Skorts,L,WSK9617PRDL,2299.0,0,1,0.0,86,https://cavaathleisure.com/products/berry-polka-soft-knot-skorts
2026-09-20,Cava Athleisure,Blue Soft Knot Skorts,XS,WSK9617BLXS,2199.0,1,0,2199.0,46,https://cavaathleisure.com/products/blue-soft-knot-skorts
2026-09-20,Cava Athleisure,Blue Soft Knot Skorts,S,WSK9617BLS,2199.0,1,0,2199.0,50,https://cavaathleisure.com/products/blue-soft-knot-skorts
2026-09-20,Cava Athleisure,Blue Soft Knot Skorts,M,WSK9617BLM,2199.0,4,0,8796.0,33,https://cavaathleisure.com/products/blue-soft-knot-skorts
2026-09-20,Cava Athleisure,Mint Soft Knot Skorts,M,WSK9617GRM,2199.0,1,0,2199.0,89,https://cavaathleisure.com/products/mint-soft-knot-skorts
2026-09-20,Cava Athleisure,Mint Soft Knot Skorts,XXL,WSK9617GRXXL,2199.0,1,0,2199.0,10,https://cavaathleisure.com/products/mint-soft-knot-skorts
2026-09-20,Cava Athleisure,Berry Polka Lace Trim Halter Tank,S,WTN9717RDS,1799.0,1,0,1799.0,0,https://cavaathleisure.com/products/berry-polka-lace-trim-halter
2026-09-20,Cava Athleisure,Berry Polka Lace Trim Halter Tank,M,WTN9717RDM,1799.0,11,0,19789.0,36,https://cavaathleisure.com/products/berry-polka-lace-trim-halter
2026-09-20,Cava Athleisure,Berry Polka Lace Trim Halter Tank,L,WTN9717RDL,1799.0,2,0,3598.0,75,https://cavaathleisure.com/products/berry-polka-lace-trim-halter
2026-09-20,Cava Athleisure,Berry Polka Lace Trim Halter Tank,XL,WTN9717RDXL,1799.0,1,0,1799.0,90,https://cavaathleisure.com/products/berry-polka-lace-trim-halter
2026-09-20,Cava Athleisure,Blue Lace Trim Halter Tank,M,WTN9717BLM,1699.0,10,0,16990.0,41,https://cavaathleisure.com/products/blue-lace-trim-halter
2026-09-20,Cava Athleisure,Blue Lace Trim Halter Tank,XL,WTN9717BLXL,1699.0,1,0,1699.0,65,https://cavaathleisure.com/products/blue-lace-trim-halter
2026-09-20,Cava Athleisure,Mint Lace Trim Halter Tank,XS,WTN9717GRXS,1699.0,2,0,3398.0,14,https://cavaathleisure.com/products/mint-lace-trim-halter
2026-09-20,Cava Athleisure,Mint Lace Trim Halter Tank,M,WTN9717GRM,1699.0,2,0,3398.0,74,https://cavaathleisure.com/products/mint-lace-trim-halter
2026-09-20,Cava Athleisure,Mint Lace Trim Halter Tank,XXXL,WTN9717GRXXXL,1699.0,1,0,1699.0,10,https://cavaathleisure.com/products/mint-lace-trim-halter
2026-09-20,Cava Athleisure,Blush Lace Trim Halter Tank,S,WTN9717PNS,1699.0,2,0,3398.0,0,https://cavaathleisure.com/products/blush-lace-trim-halter
2026-09-20,Cava Athleisure,Blush Lace Trim Halter Tank,L,WTN9717PNL,1699.0,1,0,1699.0,201,https://cavaathleisure.com/products/blush-lace-trim-halter
2026-09-20,Cava Athleisure,Blush Bow Halter Top,M,WTN10017PNM,1599.0,0,1,0.0,1,https://cavaathleisure.com/products/blush-bow-halter-top
2026-09-20,Cava Athleisure,Blush Bow Halter Top,L,WTN10017PNL,1599.0,1,0,1599.0,82,https://cavaathleisure.com/products/blush-bow-halter-top
2026-09-20,Cava Athleisure,Black Polka Bow Halter Top,XS,WTN10017PBKXS,1699.0,1,0,1699.0,6,https://cavaathleisure.com/products/black-polka-bow-halter-top
2026-09-20,Cava Athleisure,Black Polka Bow Halter Top,S,WTN10017PBKS,1699.0,2,0,3398.0,3,https://cavaathleisure.com/products/black-polka-bow-halter-top
2026-09-20,Cava Athleisure,Black Polka Bow Halter Top,L,WTN10017PBKL,1699.0,1,0,1699.0,137,https://cavaathleisure.com/products/black-polka-bow-halter-top
2026-09-20,Cava Athleisure,Berry Bow Halter Top,S,WTN10017RDS,1599.0,2,0,3198.0,0,https://cavaathleisure.com/products/berry-bow-halter-top
2026-09-20,Cava Athleisure,Berry Bow Halter Top,M,WTN10017RDM,1599.0,1,0,1599.0,0,https://cavaathleisure.com/products/berry-bow-halter-top
2026-09-20,Cava Athleisure,Berry Bow Halter Top,L,WTN10017RDL,1599.0,3,0,4797.0,170,https://cavaathleisure.com/products/berry-bow-halter-top
2026-09-20,Cava Athleisure,Berry Bow Halter Top,XL,WTN10017RDXL,1599.0,1,0,1599.0,88,https://cavaathleisure.com/products/berry-bow-halter-top
2026-09-20,Cava Athleisure,Blue Bow Halter Top,XS,WTN10017BLXS,1599.0,1,0,1599.0,0,https://cavaathleisure.com/products/blue-bow-halter-top
2026-09-20,Cava Athleisure,Blue Bow Halter Top,L,WTN10017BLL,1599.0,4,0,6396.0,108,https://cavaathleisure.com/products/blue-bow-halter-top
2026-09-20,Cava Athleisure,Free Gift Charm,Pink Pup Bag Charm,Cava-SoftServe-Charm-1,0.0,40,0,0.0,1330,https://cavaathleisure.com/products/free-gift-charm
2026-09-20,Cava Athleisure,Free Gift Charm,Polka Bow Bag Charm,Cava-SoftServe-Charm-2,0.0,11,0,0.0,1799,https://cavaathleisure.com/products/free-gift-charm
2026-09-20,Cava Athleisure,Free Gift Charm,Labrador Bag Charm,Cava-SoftServe-Charm-3,0.0,3,0,0.0,2596,https://cavaathleisure.com/products/free-gift-charm
2026-09-20,Cava Athleisure,Free Gift Charm,Tennis Ball Bag Charm,Cava-SoftServe-Charm-4,0.0,4,0,0.0,2612,https://cavaathleisure.com/products/free-gift-charm
2026-09-20,Cava Athleisure,Brown Hourglass Booty Shorts,XS,WSH0845BNXS,1099.0,1,0,1099.0,21,https://cavaathleisure.com/products/brown-hourglass-booty-shorts
2026-09-20,Cava Athleisure,Brown Hourglass Booty Shorts,S,WSH0845BNS,1099.0,2,0,2198.0,61,https://cavaathleisure.com/products/brown-hourglass-booty-shorts
2026-09-20,Cava Athleisure,Light Grey Trailscape Tracks,30,MJR5410GYS,2049.0,1,0,2049.0,0,https://cavaathleisure.com/products/light-grey-trailscape-tracks
2026-09-20,Cava Athleisure,Light Grey Trailscape Tracks,32,MJR5410GYM,2049.0,2,0,4098.0,1,https://cavaathleisure.com/products/light-grey-trailscape-tracks
2026-09-20,Cava Athleisure,Light Grey Trailscape Tracks,34,MJR5410GYL,2049.0,1,0,2049.0,35,https://cavaathleisure.com/products/light-grey-trailscape-tracks
2026-09-20,Cava Athleisure,Brown Trailscape Tracks,32,MJR5410BNM,2049.0,2,0,4098.0,1,https://cavaathleisure.com/products/brown-trailscape-tracks
2026-09-20,Cava Athleisure,Brown Trailscape Tracks,34,MJR5410BNL,2049.0,1,0,2049.0,33,https://cavaathleisure.com/products/brown-trailscape-tracks
2026-09-20,Cava Athleisure,Black Trailscape Tracks,30,MJR5410BKS,2049.0,1,0,2049.0,0,https://cavaathleisure.com/products/black-trailscape-tracks
2026-09-20,Cava Athleisure,Black Trailscape Tracks,36,MJR5410BKXL,2049.0,1,0,2049.0,16,https://cavaathleisure.com/products/black-trailscape-tracks
2026-09-20,Cava Athleisure,Navy Trailscape Tracks,34,MJR5410NYL,2049.0,1,0,2049.0,14,https://cavaathleisure.com/products/navy-trailscape-tracks
2026-09-20,Cava Athleisure,Navy Trailscape Tracks,36,MJR5410NYXL,2049.0,1,0,2049.0,52,https://cavaathleisure.com/products/navy-trailscape-tracks
2026-09-20,Cava Athleisure,Coral Sculpt Crew Top,M,WTP0218ORM,899.0,3,0,2697.0,149,https://cavaathleisure.com/products/coral-sculpt-crew-top
2026-09-20,Cava Athleisure,Coral Sculpt Crew Top,L,WTP0218ORL,899.0,3,0,2697.0,52,https://cavaathleisure.com/products/coral-sculpt-crew-top
2026-09-20,Cava Athleisure,Coral Sculpt Crew Top,XXL,WTP0218ORXXL,899.0,1,0,899.0,3,https://cavaathleisure.com/products/coral-sculpt-crew-top
2026-09-20,Cava Athleisure,Mint Sculpt Crew Top,S,WTP0218GRS,899.0,4,0,3596.0,79,https://cavaathleisure.com/products/mint-sculpt-crew-top
2026-09-20,Cava Athleisure,Mint Sculpt Crew Top,M,WTP0218GRM,899.0,3,0,2697.0,47,https://cavaathleisure.com/products/mint-sculpt-crew-top
2026-09-20,Cava Athleisure,Mint Sculpt Crew Top,L,WTP0218GRL,899.0,0,1,0.0,2,https://cavaathleisure.com/products/mint-sculpt-crew-top
2026-09-20,Cava Athleisure,Mint Sculpt Crew Top,XL,WTP0218GRXL,899.0,2,0,1798.0,0,https://cavaathleisure.com/products/mint-sculpt-crew-top
2026-09-20,Cava Athleisure,Coral Sculpt Core Top,S,WTP0118ORS,799.0,2,0,1598.0,25,https://cavaathleisure.com/products/coral-sculpt-core-top
2026-09-20,Cava Athleisure,Coral Sculpt Core Top,M,WTP0118ORM,799.0,2,0,1598.0,0,https://cavaathleisure.com/products/coral-sculpt-core-top
2026-09-20,Cava Athleisure,Coral Sculpt Core Top,L,WTP0118ORL,799.0,1,0,799.0,0,https://cavaathleisure.com/products/coral-sculpt-core-top
2026-09-20,Cava Athleisure,Coral Sculpt Core Top,XXL,WTP0118ORXXL,799.0,1,0,799.0,0,https://cavaathleisure.com/products/coral-sculpt-core-top
2026-09-20,Cava Athleisure,Mint Sculpt Bootcut Leggings,S,WFP0118GRS,1299.0,1,0,1299.0,105,https://cavaathleisure.com/products/mint-sculpt-bootcut-leggings
2026-09-20,Cava Athleisure,Mint Sculpt Bootcut Leggings,M,WFP0118GRM,1299.0,0,1,0.0,138,https://cavaathleisure.com/products/mint-sculpt-bootcut-leggings
2026-09-20,Cava Athleisure,Mint Sculpt Booty Shorts,S,WSH0418GRS,999.0,1,0,999.0,197,https://cavaathleisure.com/products/mint-sculpt-booty-shorts
2026-09-20,Cava Athleisure,Mint Sculpt Booty Shorts,M,WSH0418GRM,999.0,1,0,999.0,207,https://cavaathleisure.com/products/mint-sculpt-booty-shorts
2026-09-20,Cava Athleisure,Pink Sculpt Core Top,XS,WTP0118PNXS,799.0,0,1,0.0,1,https://cavaathleisure.com/products/pink-sculpt-core-top
2026-09-20,Cava Athleisure,Pink Sculpt Crew Top,XL,WTP0218PNXL,899.0,1,0,899.0,0,https://cavaathleisure.com/products/pink-sculpt-crew-top
2026-09-20,Cava Athleisure,Pink Sculpt Booty Shorts,L,WSH0418PNL,999.0,1,0,999.0,57,https://cavaathleisure.com/products/pink-sculpt-booty-shorts
2026-09-20,Cava Athleisure,Pink Sculpt Booty Shorts,XL,WSH0418PNXL,999.0,1,0,999.0,26,https://cavaathleisure.com/products/pink-sculpt-booty-shorts
2026-09-20,Cava Athleisure,Pink Sculpt Core Leggings,S,WLG0218PNS,1199.0,2,0,2398.0,108,https://cavaathleisure.com/products/pink-sculpt-core-leggings
2026-09-20,Cava Athleisure,Pink Sculpt Core Leggings,M,WLG0218PNM,1199.0,1,0,1199.0,94,https://cavaathleisure.com/products/pink-sculpt-core-leggings
2026-09-20,Cava Athleisure,Pink Sculpt Core Leggings,L,WLG0218PNL,1199.0,1,0,1199.0,44,https://cavaathleisure.com/products/pink-sculpt-core-leggings
2026-09-20,Cava Athleisure,Pink Sculpt Bootcut Leggings,M,WFP0118PNM,1299.0,1,0,1299.0,4,https://cavaathleisure.com/products/pink-sculpt-bootcut-leggings
2026-09-20,Cava Athleisure,Pink Sculpt Bootcut Leggings,L,WFP01T18PNL,1299.0,1,0,1299.0,34,https://cavaathleisure.com/products/pink-sculpt-bootcut-leggings
2026-09-20,Cava Athleisure,Pink Sculpt Bootcut Leggings,XL,WFP01T18PNXL,1299.0,2,0,2598.0,83,https://cavaathleisure.com/products/pink-sculpt-bootcut-leggings
2026-09-20,Cava Athleisure,Wine Hyper Mesh Sports Bra,S,WSB102RDS,1499.0,2,0,2998.0,288,https://cavaathleisure.com/products/wine-hyper-mesh-sports-bra
2026-09-20,Cava Athleisure,Wine Hyper Mesh Sports Bra,M,WSB102RDM,1499.0,5,0,7495.0,258,https://cavaathleisure.com/products/wine-hyper-mesh-sports-bra
2026-09-20,Cava Athleisure,Wine Hyper Mesh Sports Bra,L,WSB102RDL,1499.0,2,0,2998.0,147,https://cavaathleisure.com/products/wine-hyper-mesh-sports-bra
2026-09-20,Cava Athleisure,Wine Hyper Mesh Sports Bra,XL,WSB102RDXL,1499.0,1,0,1499.0,102,https://cavaathleisure.com/products/wine-hyper-mesh-sports-bra
2026-09-20,Cava Athleisure,Cava Next Gen Card,Default Title,Cava-Next-Gen-Card,0.0,79,0,0.0,12982,https://cavaathleisure.com/products/cava-next-gen-card
2026-09-20,Cava Athleisure,Cherry Next Gen Swirl Skorts,10-11Y,GSK11145RD10-11Y,1299.0,0,118,0.0,194,https://cavaathleisure.com/products/cherry-next-gen-swirl-skorts
2026-09-20,Cava Athleisure,Cherry Next Gen Swirl Skorts,12-13Y,GSK11145RD12-13Y,1299.0,0,122,0.0,122,https://cavaathleisure.com/products/cherry-next-gen-swirl-skorts
2026-09-20,Cava Athleisure,Cherry Next Gen Swirl Skorts,14+Y,GSK11145RD14-Y,1299.0,0,86,0.0,110,https://cavaathleisure.com/products/cherry-next-gen-swirl-skorts
2026-09-20,Cava Athleisure,Black Next Gen Swirl Skorts,10-11Y,GSK11145BK10-11Y,1299.0,0,113,0.0,196,https://cavaathleisure.com/products/black-next-gen-swirl-skorts
2026-09-20,Cava Athleisure,Black Next Gen Swirl Skorts,12-13Y,GSK11145BK12-13Y,1299.0,0,143,0.0,143,https://cavaathleisure.com/products/black-next-gen-swirl-skorts
2026-09-20,Cava Athleisure,Black Next Gen Swirl Skorts,14+Y,GSK11145BK14-Y,1299.0,0,50,0.0,144,https://cavaathleisure.com/products/black-next-gen-swirl-skorts
2026-09-20,Cava Athleisure,Cherry Next Gen Active Jacket,12-13Y,GJK11245RD12-13Y,1599.0,1,0,1599.0,12,https://cavaathleisure.com/products/cherry-next-gen-sculptor-jacket
2026-09-20,Cava Athleisure,Black Next Gen Active Jacket,10-11Y,GJK11245BK10-11Y,1599.0,1,0,1599.0,15,https://cavaathleisure.com/products/black-next-gen-sculptor-jacket
2026-09-20,Cava Athleisure,Cherry Hourglass Booty Shorts,S,WSH0818RDS,1099.0,2,0,2198.0,22,https://cavaathleisure.com/products/cherry-hourglass-booty-shorts
2026-09-20,Cava Athleisure,Cherry Hourglass Booty Shorts,M,WSH0818RDM,1099.0,5,0,5495.0,0,https://cavaathleisure.com/products/cherry-hourglass-booty-shorts
2026-09-20,Cava Athleisure,Cherry Pleated Mini Dress,S,WDR4918RDS,2049.0,1,0,2049.0,80,https://cavaathleisure.com/products/cherry-pleated-mini-dress
2026-09-20,Cava Athleisure,Cherry Pleated Mini Dress,M,WDR4918RDM,2049.0,1,0,2049.0,31,https://cavaathleisure.com/products/cherry-pleated-mini-dress
2026-09-20,Cava Athleisure,Black Pleated Mini Dress,S,WDR4918BKS,2049.0,1,0,2049.0,76,https://cavaathleisure.com/products/black-pleated-mini-dress
2026-09-20,Cava Athleisure,Green Pintuck Flared Pants,XXL,WFP5218GRXXL,1499.0,1,0,1499.0,5,https://cavaathleisure.com/products/green-pintuck-flared-pants
2026-09-20,Cava Athleisure,Cherry Club Corset Top,S,WTP4818RDS,1249.0,1,0,1249.0,14,https://cavaathleisure.com/products/cherry-club-corset-top
2026-09-20,Cava Athleisure,Green Club Corset Top,M,WTP4818GRM,1249.0,1,0,1249.0,60,https://cavaathleisure.com/products/green-club-corset-top
2026-09-20,Cava Athleisure,Green Club Corset Top,XXL,WTP4818GRXXL,1249.0,1,0,1249.0,2,https://cavaathleisure.com/products/green-club-corset-top
2026-09-20,Cava Athleisure,Black Club Corset Top,M,WTP4818BKM,1249.0,1,0,1249.0,45,https://cavaathleisure.com/products/black-club-corset-top
2026-09-20,Cava Athleisure,Black Club Corset Top,XXL,WTP4818BKXXL,1249.0,1,0,1249.0,0,https://cavaathleisure.com/products/black-club-corset-top
2026-09-20,Cava Athleisure,Cherry Hourglass Snug Leggings,M,WLG1018RDM,1299.0,3,0,3897.0,91,https://cavaathleisure.com/products/cherry-hourglass-snug-leggings
2026-09-20,Cava Athleisure,Cherry Hourglass Snug Leggings,L,WLG1018RDL,1299.0,0,1,0.0,104,https://cavaathleisure.com/products/cherry-hourglass-snug-leggings
2026-09-20,Cava Athleisure,Cherry Hourglass Snug Leggings,XL,WLG1018RDXL,1299.0,3,0,3897.0,5,https://cavaathleisure.com/products/cherry-hourglass-snug-leggings
2026-09-20,Cava Athleisure,Cherry Hourglass Snug Leggings,XXL,WLG1018RDXXL,1299.0,1,0,1299.0,32,https://cavaathleisure.com/products/cherry-hourglass-snug-leggings
2026-09-20,Cava Athleisure,Lilac Hourglass Booty Shorts,S,WSH0845PUS,1099.0,2,0,2198.0,8,https://cavaathleisure.com/products/lilac-hourglass-booty-shorts
2026-09-20,Cava Athleisure,Toasted ADPT™ Wrap Top,XS,WTP10245BNXS,1299.0,2,0,2598.0,38,https://cavaathleisure.com/products/toasted-adpt-wrap-top
2026-09-20,Cava Athleisure,Toasted ADPT™ Wrap Top,S,WTP10245BNS,1299.0,2,0,2598.0,131,https://cavaathleisure.com/products/toasted-adpt-wrap-top
2026-09-20,Cava Athleisure,Toasted ADPT™ Wrap Top,M,WTP10245BNM,1299.0,3,0,3897.0,156,https://cavaathleisure.com/products/toasted-adpt-wrap-top
2026-09-20,Cava Athleisure,Toasted ADPT™ Wrap Top,L,WTP10245BNL,1299.0,2,0,2598.0,58,https://cavaathleisure.com/products/toasted-adpt-wrap-top
2026-09-20,Cava Athleisure,Toasted ADPT™ Wrap Top,XL,WTP10245BNXL,1299.0,1,0,1299.0,43,https://cavaathleisure.com/products/toasted-adpt-wrap-top
2026-09-20,Cava Athleisure,Lilac ADPT™ Wrap Top,S,WTP10245PUS,1299.0,2,0,2598.0,160,https://cavaathleisure.com/products/lilac-adpt™-wrap-top
2026-09-20,Cava Athleisure,Lilac ADPT™ Wrap Top,M,WTP10245PUM,1299.0,1,0,1299.0,109,https://cavaathleisure.com/products/lilac-adpt™-wrap-top
2026-09-20,Cava Athleisure,Lilac ADPT™ Wrap Top,L,WTP10245PUL,1299.0,1,0,1299.0,14,https://cavaathleisure.com/products/lilac-adpt™-wrap-top
2026-09-20,Cava Athleisure,Cherry Hourglass Flared Leggings,XS,WFPACU0118RDXS,1429.0,2,0,2858.0,7,https://cavaathleisure.com/products/cherry-hourglass-flared-leggings
2026-09-20,Cava Athleisure,Cherry Hourglass Flared Leggings,XS,WFPACU0218RDXS,1429.0,2,0,2858.0,30,https://cavaathleisure.com/products/cherry-hourglass-flared-leggings
2026-09-20,Cava Athleisure,Cherry Hourglass Flared Leggings,XS,WFPACU0418RDXS,1429.0,1,0,1429.0,55,https://cavaathleisure.com/products/cherry-hourglass-flared-leggings
2026-09-20,Cava Athleisure,Cherry Hourglass Flared Leggings,S,WFPACU0118RDS,1429.0,4,0,5716.0,4,https://cavaathleisure.com/products/cherry-hourglass-flared-leggings
2026-09-20,Cava Athleisure,Cherry Hourglass Flared Leggings,S,WFPACU0218RDS,1429.0,4,0,5716.0,75,https://cavaathleisure.com/products/cherry-hourglass-flared-leggings
2026-09-20,Cava Athleisure,Cherry Hourglass Flared Leggings,S,WFPACU0418RDS,1429.0,2,0,2858.0,61,https://cavaathleisure.com/products/cherry-hourglass-flared-leggings
2026-09-20,Cava Athleisure,Cherry Hourglass Flared Leggings,M,WFPACU0118RDM,1429.0,5,0,7145.0,26,https://cavaathleisure.com/products/cherry-hourglass-flared-leggings
2026-09-20,Cava Athleisure,Cherry Hourglass Flared Leggings,M,WFPACU0218RDM,1429.0,8,0,11432.0,91,https://cavaathleisure.com/products/cherry-hourglass-flared-leggings
2026-09-20,Cava Athleisure,Cherry Hourglass Flared Leggings,M,WFPACU0418RDM,1429.0,3,0,4287.0,58,https://cavaathleisure.com/products/cherry-hourglass-flared-leggings
2026-09-20,Cava Athleisure,Cherry Hourglass Flared Leggings,L,WFPACU0118RDL,1429.0,3,0,4287.0,62,https://cavaathleisure.com/products/cherry-hourglass-flared-leggings
2026-09-20,Cava Athleisure,Cherry Hourglass Flared Leggings,L,WFPACU0218RDL,1429.0,3,0,4287.0,34,https://cavaathleisure.com/products/cherry-hourglass-flared-leggings
2026-09-20,Cava Athleisure,Cherry Hourglass Flared Leggings,L,WFPACU0418RDL,1429.0,2,0,2858.0,47,https://cavaathleisure.com/products/cherry-hourglass-flared-leggings
2026-09-20,Cava Athleisure,Cherry Hourglass Flared Leggings,XL,WFPACU0118RDXL,1429.0,1,0,1429.0,27,https://cavaathleisure.com/products/cherry-hourglass-flared-leggings
2026-09-20,Cava Athleisure,Cherry Hourglass Flared Leggings,XL,WFPACU0218RDXL,1429.0,3,0,4287.0,89,https://cavaathleisure.com/products/cherry-hourglass-flared-leggings
2026-09-20,Cava Athleisure,Cherry Hourglass Flared Leggings,XL,WFPACU0418RDXL,1429.0,2,0,2858.0,32,https://cavaathleisure.com/products/cherry-hourglass-flared-leggings
2026-09-20,Cava Athleisure,Cherry Hourglass Flared Leggings,XXL,WFPACU0118RDXXL,1429.0,6,0,8574.0,27,https://cavaathleisure.com/products/cherry-hourglass-flared-leggings
2026-09-20,Cava Athleisure,Cherry Hourglass Flared Leggings,XXL,WFPACU0418RDXXL,1429.0,1,0,1429.0,29,https://cavaathleisure.com/products/cherry-hourglass-flared-leggings
2026-09-20,Cava Athleisure,Blush ADPT™ Wrap Top,S,WTP10245PNS,1299.0,5,0,6495.0,118,https://cavaathleisure.com/products/blush-adpt-wrap-top
2026-09-20,Cava Athleisure,Blush ADPT™ Wrap Top,M,WTP10245PNM,1299.0,2,0,2598.0,38,https://cavaathleisure.com/products/blush-adpt-wrap-top
2026-09-20,Cava Athleisure,Ivory ADPT™ Wrap Top,XS,WTP10245WHXS,1299.0,3,0,3897.0,3,https://cavaathleisure.com/products/ivory-adpt-wrap-top
2026-09-20,Cava Athleisure,Ivory ADPT™ Wrap Top,S,WTP10245WHS,1299.0,5,0,6495.0,88,https://cavaathleisure.com/products/ivory-adpt-wrap-top
2026-09-20,Cava Athleisure,Ivory ADPT™ Wrap Top,M,WTP10245WHM,1299.0,2,0,2598.0,40,https://cavaathleisure.com/products/ivory-adpt-wrap-top
2026-09-20,Cava Athleisure,Navy Athletic Quarter-Zip,XXL,MTS5710NYXXL,1699.0,1,0,1699.0,20,https://cavaathleisure.com/products/navy-athletic-quarter-zip
2026-09-20,Cava Athleisure,Lilac Refine Crop Tank,M,WTN10145PUM,999.0,2,0,1998.0,95,https://cavaathleisure.com/products/lilac-refine-crop-tank
2026-09-20,Cava Athleisure,Ruby Refine Crop Tank,M,WTN10145RDM,999.0,1,0,999.0,15,https://cavaathleisure.com/products/ruby-refine-crop-tank
2026-09-20,Cava Athleisure,Ivory Hourglass Flared Leggings,XS,WFPACU0145WHXS,1429.0,0,1,0.0,22,https://cavaathleisure.com/products/ivory-hourglass-flared-leggings
2026-09-20,Cava Athleisure,Ivory Hourglass Flared Leggings,XS,WFPACU0245WHXS,1429.0,1,0,1429.0,3,https://cavaathleisure.com/products/ivory-hourglass-flared-leggings
2026-09-20,Cava Athleisure,Ivory Hourglass Flared Leggings,S,WFPACU0145WHS,1429.0,1,0,1429.0,10,https://cavaathleisure.com/products/ivory-hourglass-flared-leggings
2026-09-20,Cava Athleisure,Ivory Hourglass Flared Leggings,S,WFPACU0245WHS,1429.0,1,0,1429.0,14,https://cavaathleisure.com/products/ivory-hourglass-flared-leggings
2026-09-20,Cava Athleisure,Ivory Hourglass Flared Leggings,M,WFPACU0145WHM,1429.0,2,0,2858.0,96,https://cavaathleisure.com/products/ivory-hourglass-flared-leggings
2026-09-20,Cava Athleisure,Ivory Hourglass Flared Leggings,M,WFPACU0245WHM,1429.0,1,0,1429.0,68,https://cavaathleisure.com/products/ivory-hourglass-flared-leggings
2026-09-20,Cava Athleisure,Ivory Hourglass Flared Leggings,M,WFPACU0445WHM,1429.0,2,0,2858.0,106,https://cavaathleisure.com/products/ivory-hourglass-flared-leggings
2026-09-20,Cava Athleisure,Ivory Hourglass Flared Leggings,L,WFPACU0145WHL,1429.0,2,0,2858.0,88,https://cavaathleisure.com/products/ivory-hourglass-flared-leggings
2026-09-20,Cava Athleisure,Ivory Hourglass Flared Leggings,L,WFPACU0245WHL,1429.0,2,0,2858.0,133,https://cavaathleisure.com/products/ivory-hourglass-flared-leggings
2026-09-20,Cava Athleisure,Ivory Hourglass Flared Leggings,XL,WFPACU0445WHXL,1429.0,1,0,1429.0,71,https://cavaathleisure.com/products/ivory-hourglass-flared-leggings
2026-09-20,Cava Athleisure,Ivory Hourglass Flared Leggings,XXL,WFPACU0245WHXXL,1429.0,1,0,1429.0,87,https://cavaathleisure.com/products/ivory-hourglass-flared-leggings
2026-09-20,Cava Athleisure,Ivory Hourglass Flared Leggings,XXL,WFPACU0445WHXXL,1429.0,2,0,2858.0,53,https://cavaathleisure.com/products/ivory-hourglass-flared-leggings
2026-09-20,Cava Athleisure,Navy Contrast Techpique Sleeveless Polo,S,WTPCS0410NYS,1359.0,1,0,1359.0,46,https://cavaathleisure.com/products/navy-contrast-techpique-sleeveless-polo
2026-09-20,Cava Athleisure,Navy Contrast Techpique Sleeveless Polo,M,WTPCS0410NYM,1359.0,2,0,2718.0,10,https://cavaathleisure.com/products/navy-contrast-techpique-sleeveless-polo
2026-09-20,Cava Athleisure,Navy Contrast Techpique Sleeveless Polo,L,WTPCS0410NYL,1359.0,1,0,1359.0,0,https://cavaathleisure.com/products/navy-contrast-techpique-sleeveless-polo
2026-09-20,Cava Athleisure,Ivory Contrast Techpique Sleeveless Polo,L,WTPCS0410WHL,1359.0,1,0,1359.0,17,https://cavaathleisure.com/products/ivory-contrast-techpique-sleeveless-polo
2026-09-20,Cava Athleisure,Ivory Contrast Techpique Sleeveless Polo,XL,WTPCS0410WHXL,1359.0,1,0,1359.0,38,https://cavaathleisure.com/products/ivory-contrast-techpique-sleeveless-polo
2026-09-20,Cava Athleisure,Green Contour Jacket,M,WJK4718GRM,2199.0,1,0,2199.0,117,https://cavaathleisure.com/products/green-contour-jacket
2026-09-20,Cava Athleisure,Green Contour Jacket,XXL,WJK4718GRXXL,2199.0,1,0,2199.0,1,https://cavaathleisure.com/products/green-contour-jacket
2026-09-20,Cava Athleisure,Ivory Refine Crop Tank,S,WTN10145WHS,999.0,1,0,999.0,43,https://cavaathleisure.com/products/ivory-refine-crop-tank
2026-09-20,Cava Athleisure,Ivory Refine Crop Tank,M,WTN10145WHM,999.0,2,0,1998.0,59,https://cavaathleisure.com/products/ivory-refine-crop-tank
2026-09-20,Cava Athleisure,Ivory Refine Crop Tank,L,WTN10145WHL,999.0,1,0,999.0,62,https://cavaathleisure.com/products/ivory-refine-crop-tank
2026-09-20,Cava Athleisure,Ice Blue Contour Jacket,S,WJK4718BLS,2199.0,1,0,2199.0,62,https://cavaathleisure.com/products/ice-blue-contour-jacket
2026-09-20,Cava Athleisure,Brown Trailscape Jacket,M,MJK5610BNM,2799.0,1,0,2799.0,58,https://cavaathleisure.com/products/brown-trailscape-jacket
2026-09-20,Cava Athleisure,Light Grey Trailscape Jacket,M,MJK5610GYM,2799.0,1,0,2799.0,14,https://cavaathleisure.com/products/light-grey-trailscape-jacket
2026-09-20,Cava Athleisure,Navy Trailscape Jacket,M,MJK5610NYM,2799.0,1,0,2799.0,66,https://cavaathleisure.com/products/navy-trailscape-jacket
2026-09-20,Cava Athleisure,Ice Blue Velocity Training Tee,XL,MTS5518BLXL,1343.0,1,0,1343.0,4,https://cavaathleisure.com/products/ice-blue-velocity-training-tee
2026-09-20,Cava Athleisure,Black Trailscape Jacket,M,MJK5610BKM,2799.0,1,0,2799.0,62,https://cavaathleisure.com/products/trailscape-jacketblack-trailscape-jacket
2026-09-20,Cava Athleisure,Plum Cotton Recovery Jacket,XS,WJK3616PUXS,1264.0,1,0,1264.0,11,https://cavaathleisure.com/products/plum-cotton-recovery-jacket
2026-09-20,Cava Athleisure,Lilac Hyper Mesh Sports Bra,L,WSB021PUL,1499.0,1,0,1499.0,1,https://cavaathleisure.com/products/lilac-hyper-mesh-sports-bra
2026-09-20,Cava Athleisure,Cherry Ripple Swim Skorts,XS,WSWSK3414RDXS,2499.0,0,62,0.0,111,https://cavaathleisure.com/products/cherry-ripple-swim-skorts
2026-09-20,Cava Athleisure,Cherry Ripple Swim Skorts,S,WSWSK3414RDS,2499.0,0,94,0.0,205,https://cavaathleisure.com/products/cherry-ripple-swim-skorts
2026-09-20,Cava Athleisure,Cherry Ripple Swim Skorts,M,WSWSK3414RDM,2499.0,4,0,9996.0,246,https://cavaathleisure.com/products/cherry-ripple-swim-skorts
2026-09-20,Cava Athleisure,Cherry Ripple Swim Skorts,L,WSWSK3414RDL,2499.0,0,66,0.0,207,https://cavaathleisure.com/products/cherry-ripple-swim-skorts
2026-09-20,Cava Athleisure,Cherry Ripple Swim Skorts,XXL,WSWSK3414RDXXL,2499.0,0,47,0.0,47,https://cavaathleisure.com/products/cherry-ripple-swim-skorts
2026-09-20,Cava Athleisure,Black Ripple Swim Skorts,XS,WSWSK3414BKXS,2489.0,0,14,0.0,95,https://cavaathleisure.com/products/black-ripple-swim-skorts
2026-09-20,Cava Athleisure,Black Ripple Swim Skorts,S,WSWSK3414BKS,2489.0,0,45,0.0,126,https://cavaathleisure.com/products/black-ripple-swim-skorts
2026-09-20,Cava Athleisure,Black Ripple Swim Skorts,M,WSWSK3414BKM,2489.0,1,0,2489.0,219,https://cavaathleisure.com/products/black-ripple-swim-skorts
2026-09-20,Cava Athleisure,Black Ripple Swim Skorts,L,WSWSK3414BKL,2489.0,1,0,2489.0,229,https://cavaathleisure.com/products/black-ripple-swim-skorts
2026-09-20,Cava Athleisure,Black Ripple Swim Skorts,XL,WSWSK3414BKXL,2489.0,0,94,0.0,94,https://cavaathleisure.com/products/black-ripple-swim-skorts
2026-09-20,Cava Athleisure,Black Ripple Swim Skorts,XXL,WSWSK3414BKXXL,2489.0,0,28,0.0,28,https://cavaathleisure.com/products/black-ripple-swim-skorts
2026-09-20,Cava Athleisure,Cherry Tieback Swim Top,XS,WSWTP3314RDXS,2499.0,3,0,7497.0,59,https://cavaathleisure.com/products/cherry-tieback-swim-top
2026-09-20,Cava Athleisure,Cherry Tieback Swim Top,S,WSWTP3314RDS,2499.0,1,0,2499.0,209,https://cavaathleisure.com/products/cherry-tieback-swim-top
2026-09-20,Cava Athleisure,Cherry Tieback Swim Top,M,WSWTP3314RDM,2499.0,2,0,4998.0,245,https://cavaathleisure.com/products/cherry-tieback-swim-top
2026-09-20,Cava Athleisure,Cherry Tieback Swim Top,L,WSWTP3314RDL,2499.0,1,0,2499.0,162,https://cavaathleisure.com/products/cherry-tieback-swim-top
2026-09-20,Cava Athleisure,Cherry Tieback Swim Top,XL,WSWTP3314RDXL,2499.0,1,0,2499.0,60,https://cavaathleisure.com/products/cherry-tieback-swim-top
2026-09-20,Cava Athleisure,Black Tieback Swim Top,XS,WSWTP3314BKXS,2483.0,0,87,0.0,117,https://cavaathleisure.com/products/black-tieback-swim-top
2026-09-20,Cava Athleisure,Black Tieback Swim Top,S,WSWTP3314BKS,2483.0,2,0,4966.0,168,https://cavaathleisure.com/products/black-tieback-swim-top
2026-09-20,Cava Athleisure,Black Tieback Swim Top,L,WSWTP3314BKL,2483.0,1,0,2483.0,154,https://cavaathleisure.com/products/black-tieback-swim-top
2026-09-20,Cava Athleisure,Black Tieback Swim Top,XL,WSWTP3314BKXL,2483.0,0,69,0.0,76,https://cavaathleisure.com/products/black-tieback-swim-top
2026-09-20,Cava Athleisure,Cherry Plie Pleated Skort,XS,WSKCS0610RDXS,1699.0,1,0,1699.0,259,https://cavaathleisure.com/products/cherry-plie-pleated-skort
2026-09-20,Cava Athleisure,Cherry Plie Pleated Skort,S,WSKCS0610RDS,1699.0,1,0,1699.0,152,https://cavaathleisure.com/products/cherry-plie-pleated-skort
2026-09-20,Cava Athleisure,Steel Blue Hourglass Flared Leggings,XS,WFPACU0145BLXS,1429.0,3,0,4287.0,97,https://cavaathleisure.com/products/steel-blue-hourglass-flared-leggings
2026-09-20,Cava Athleisure,Steel Blue Hourglass Flared Leggings,XS,WFPACU0445BLXS,1429.0,1,0,1429.0,35,https://cavaathleisure.com/products/steel-blue-hourglass-flared-leggings
2026-09-20,Cava Athleisure,Steel Blue Hourglass Flared Leggings,S,WFPACU0145BLS,1429.0,1,0,1429.0,191,https://cavaathleisure.com/products/steel-blue-hourglass-flared-leggings
2026-09-20,Cava Athleisure,Steel Blue Hourglass Flared Leggings,S,WFPACU0445BLS,1429.0,2,0,2858.0,12,https://cavaathleisure.com/products/steel-blue-hourglass-flared-leggings
2026-09-20,Cava Athleisure,Steel Blue Hourglass Flared Leggings,M,WFPACU0145BLM,1429.0,4,0,5716.0,183,https://cavaathleisure.com/products/steel-blue-hourglass-flared-leggings
2026-09-20,Cava Athleisure,Steel Blue Hourglass Flared Leggings,M,WFPACU0245BLM,1429.0,1,0,1429.0,0,https://cavaathleisure.com/products/steel-blue-hourglass-flared-leggings
2026-09-20,Cava Athleisure,Steel Blue Hourglass Flared Leggings,M,WFPACU0445BLM,1429.0,1,0,1429.0,78,https://cavaathleisure.com/products/steel-blue-hourglass-flared-leggings
2026-09-20,Cava Athleisure,Steel Blue Hourglass Flared Leggings,L,WFPACU0145BLL,1429.0,5,0,7145.0,284,https://cavaathleisure.com/products/steel-blue-hourglass-flared-leggings
2026-09-20,Cava Athleisure,Steel Blue Hourglass Flared Leggings,L,WFPACU0245BLL,1429.0,0,2,0.0,3,https://cavaathleisure.com/products/steel-blue-hourglass-flared-leggings
2026-09-20,Cava Athleisure,Steel Blue Hourglass Flared Leggings,L,WFPACU0445BLL,1429.0,1,0,1429.0,31,https://cavaathleisure.com/products/steel-blue-hourglass-flared-leggings
2026-09-20,Cava Athleisure,Steel Blue Hourglass Flared Leggings,XL,WFPACU0145BLXL,1429.0,2,0,2858.0,116,https://cavaathleisure.com/products/steel-blue-hourglass-flared-leggings
2026-09-20,Cava Athleisure,Steel Blue Hourglass Flared Leggings,XL,WFPACU0245BLXL,1429.0,2,0,2858.0,34,https://cavaathleisure.com/products/steel-blue-hourglass-flared-leggings
2026-09-20,Cava Athleisure,Steel Blue Hourglass Flared Leggings,XL,WFPACU0445BLXL,1429.0,2,0,2858.0,58,https://cavaathleisure.com/products/steel-blue-hourglass-flared-leggings
2026-09-20,Cava Athleisure,Steel Blue Hourglass Flared Leggings,XXL,WFPACU0145BLXXL,1429.0,1,0,1429.0,0,https://cavaathleisure.com/products/steel-blue-hourglass-flared-leggings
2026-09-20,Cava Athleisure,Steel Blue Hourglass Flared Leggings,XXL,WFPACU0445BLXXL,1429.0,1,0,1429.0,0,https://cavaathleisure.com/products/steel-blue-hourglass-flared-leggings
2026-09-20,Cava Athleisure,Wine Hourglass Booty Shorts,S,WSH0845WRDS,1099.0,4,0,4396.0,419,https://cavaathleisure.com/products/wine-hourglass-booty-shorts
2026-09-20,Cava Athleisure,Wine Hourglass Booty Shorts,L,WSH0845WRDL,1099.0,4,0,4396.0,73,https://cavaathleisure.com/products/wine-hourglass-booty-shorts
2026-09-20,Cava Athleisure,Wine Hourglass Booty Shorts,XL,WSH0845WRDXL,1099.0,2,0,2198.0,15,https://cavaathleisure.com/products/wine-hourglass-booty-shorts
2026-09-20,Cava Athleisure,Steel Blue Hourglass Booty Shorts,S,WSH0845BLS,1099.0,7,0,7693.0,148,https://cavaathleisure.com/products/steel-blue-hourglass-booty-shorts
2026-09-20,Cava Athleisure,Steel Blue Hourglass Booty Shorts,M,WSH0845BLM,1099.0,3,0,3297.0,146,https://cavaathleisure.com/products/steel-blue-hourglass-booty-shorts
2026-09-20,Cava Athleisure,Steel Blue Hourglass Booty Shorts,L,WSH0845BLL,1099.0,1,0,1099.0,96,https://cavaathleisure.com/products/steel-blue-hourglass-booty-shorts
2026-09-20,Cava Athleisure,Steel Blue Hourglass Booty Shorts,XXL,WSH0845BLXXL,1099.0,2,0,2198.0,13,https://cavaathleisure.com/products/steel-blue-hourglass-booty-shorts
2026-09-20,Cava Athleisure,"Teal 5"" Pacer Shorts",32,MSH4217GR32,1599.0,1,0,1599.0,97,https://cavaathleisure.com/products/teal-5-pacer-shorts
2026-09-20,Cava Athleisure,"Teal 5"" Pacer Shorts",34,MSH4217GR34,1599.0,1,0,1599.0,39,https://cavaathleisure.com/products/teal-5-pacer-shorts
2026-09-20,Cava Athleisure,"Black 5"" Pacer Shorts",32,MSH4217BK32,1599.0,2,0,3198.0,35,https://cavaathleisure.com/products/black-5-pacer-shorts
2026-09-20,Cava Athleisure,Pink Strap Back Sports Bra,XS,WSB1917PNXS,1199.0,3,0,3597.0,125,https://cavaathleisure.com/products/pink-strap-back-sports-bra
2026-09-20,Cava Athleisure,Pink Strap Back Sports Bra,S,WSB1917PNS,1199.0,2,0,2398.0,0,https://cavaathleisure.com/products/pink-strap-back-sports-bra
2026-09-20,Cava Athleisure,Pink Strap Back Sports Bra,M,WSB1917PNM,1199.0,2,0,2398.0,46,https://cavaathleisure.com/products/pink-strap-back-sports-bra
2026-09-20,Cava Athleisure,Pink Strap Back Sports Bra,L,WSB1917PNL,1199.0,1,0,1199.0,141,https://cavaathleisure.com/products/pink-strap-back-sports-bra
2026-09-20,Cava Athleisure,Pink Strap Back Sports Bra,XL,WSB1917PNXL,1199.0,2,0,2398.0,146,https://cavaathleisure.com/products/pink-strap-back-sports-bra
2026-09-20,Cava Athleisure,Black Contour Flared Leggings,S,WFP3714BKS,1399.0,2,0,2798.0,0,https://cavaathleisure.com/products/black-contour-flared-leggings
2026-09-20,Cava Athleisure,Black Contour Flared Leggings,M,WFP3714BKM,1399.0,4,0,5596.0,0,https://cavaathleisure.com/products/black-contour-flared-leggings
2026-09-20,Cava Athleisure,Black Contour Flared Leggings,XXL,WFP3714BKXXL,1399.0,1,0,1399.0,0,https://cavaathleisure.com/products/black-contour-flared-leggings
2026-09-20,Cava Athleisure,Plum Contoured Seamless Sports Bra,XXL,WSBUD17PUXXL,999.0,1,0,999.0,1,https://cavaathleisure.com/products/plum-contoured-seamless-sports-bra
2026-09-20,Cava Athleisure,Slate Contour Flared Leggings,S,WFP3714GYS,1399.0,4,0,5596.0,36,https://cavaathleisure.com/products/slate-contour-flared-leggings
2026-09-20,Cava Athleisure,Slate Contour Flared Leggings,M,WFP3714GYM,1399.0,7,0,9793.0,54,https://cavaathleisure.com/products/slate-contour-flared-leggings
2026-09-20,Cava Athleisure,Slate Contour Flared Leggings,L,WFP3714GYL,1399.0,3,0,4197.0,36,https://cavaathleisure.com/products/slate-contour-flared-leggings
2026-09-20,Cava Athleisure,Slate Contour Flared Leggings,XL,WFP3714GYXL,1399.0,1,0,1399.0,19,https://cavaathleisure.com/products/slate-contour-flared-leggings
2026-09-20,Cava Athleisure,Slate Contour Flared Leggings,XXL,WFP3714GYXXL,1399.0,1,0,1399.0,16,https://cavaathleisure.com/products/slate-contour-flared-leggings
2026-09-20,Cava Athleisure,Cherry Contour Flared Leggings,XS,WFP3714RDXS,1399.0,3,0,4197.0,33,https://cavaathleisure.com/products/cherry-contour-flared-leggings
2026-09-20,Cava Athleisure,Cherry Contour Flared Leggings,S,WFP3714RDS,1399.0,2,0,2798.0,0,https://cavaathleisure.com/products/cherry-contour-flared-leggings
2026-09-20,Cava Athleisure,Cherry Contour Flared Leggings,M,WFP3714RDM,1399.0,10,0,13990.0,0,https://cavaathleisure.com/products/cherry-contour-flared-leggings
2026-09-20,Cava Athleisure,Cherry Contour Flared Leggings,L,WFP3714RDL,1399.0,10,0,13990.0,30,https://cavaathleisure.com/products/cherry-contour-flared-leggings
2026-09-20,Cava Athleisure,Cherry Contour Flared Leggings,XL,WFP3714RDXL,1399.0,1,0,1399.0,0,https://cavaathleisure.com/products/cherry-contour-flared-leggings
2026-09-20,Cava Athleisure,Slate Studio Compression Leggings,S,WLG3714GYS,999.0,1,0,999.0,1,https://cavaathleisure.com/products/slate-studio-compression-leggings
2026-09-20,Cava Athleisure,Cherry Studio Compression Leggings,XS,WLG3714RDXS,999.0,1,0,999.0,5,https://cavaathleisure.com/products/cherry-studio-compression-leggings
2026-09-20,Cava Athleisure,Blush Hourglass Swirl Skorts,S,WSK4114PNS,1599.0,0,1,0.0,112,https://cavaathleisure.com/products/blush-hourglass-swirl-skorts
2026-09-20,Cava Athleisure,Blush Hourglass Swirl Skorts,M,WSK4114PNM,1599.0,1,0,1599.0,109,https://cavaathleisure.com/products/blush-hourglass-swirl-skorts
2026-09-20,Cava Athleisure,Wine Hourglass Swirl Skorts,XS,WSK4114WRDXS,1599.0,1,0,1599.0,94,https://cavaathleisure.com/products/wine-hourglass-swirl-skorts
2026-09-20,Cava Athleisure,Wine Hourglass Swirl Skorts,M,WSK4114WRDM,1599.0,1,0,1599.0,52,https://cavaathleisure.com/products/wine-hourglass-swirl-skorts
2026-09-20,Cava Athleisure,Wine Hourglass Swirl Skorts,L,WSK4114WRDL,1599.0,1,0,1599.0,38,https://cavaathleisure.com/products/wine-hourglass-swirl-skorts
2026-09-20,Cava Athleisure,Wine Hourglass Swirl Skorts,XXL,WSK4114WRDXXL,1599.0,1,0,1599.0,28,https://cavaathleisure.com/products/wine-hourglass-swirl-skorts
2026-09-20,Cava Athleisure,Black Hourglass Swirl Skorts,XS,WSK4114BKXS,1599.0,1,0,1599.0,60,https://cavaathleisure.com/products/black-hourglass-swirl-skorts
2026-09-20,Cava Athleisure,Black Hourglass Swirl Skorts,S,WSK4114BKS,1599.0,1,0,1599.0,48,https://cavaathleisure.com/products/black-hourglass-swirl-skorts
2026-09-20,Cava Athleisure,Black Hourglass Swirl Skorts,M,WSK4114BKM,1599.0,6,0,9594.0,100,https://cavaathleisure.com/products/black-hourglass-swirl-skorts
2026-09-20,Cava Athleisure,Black Hourglass Swirl Skorts,L,WSK4114BKL,1599.0,2,0,3198.0,110,https://cavaathleisure.com/products/black-hourglass-swirl-skorts
2026-09-20,Cava Athleisure,Black Hourglass Swirl Skorts,XL,WSK4114BKXL,1599.0,5,0,7995.0,32,https://cavaathleisure.com/products/black-hourglass-swirl-skorts
2026-09-20,Cava Athleisure,Black Hourglass Swirl Skorts,XXL,WSK4114BKXXL,1599.0,1,0,1599.0,43,https://cavaathleisure.com/products/black-hourglass-swirl-skorts
2026-09-20,Cava Athleisure,Pink Heartline Sports Bra,XS,WSB3914MPNXS,1399.0,1,0,1399.0,39,https://cavaathleisure.com/products/pink-heartline-sports-bra
2026-09-20,Cava Athleisure,Pink Heartline Sports Bra,S,WSB3914MPNS,1399.0,3,0,4197.0,11,https://cavaathleisure.com/products/pink-heartline-sports-bra
2026-09-20,Cava Athleisure,Pink Heartline Sports Bra,M,WSB3914MPNM,1399.0,0,1,0.0,6,https://cavaathleisure.com/products/pink-heartline-sports-bra
2026-09-20,Cava Athleisure,Pink Heartline Sports Bra,L,WSB3914MPNL,1399.0,1,0,1399.0,0,https://cavaathleisure.com/products/pink-heartline-sports-bra
2026-09-20,Cava Athleisure,Blush Heartline Sports Bra,S,WSB3914PNS,1596.0,1,0,1596.0,41,https://cavaathleisure.com/products/blush-heartline-sports-bra
2026-09-20,Cava Athleisure,Blush Heartline Sports Bra,M,WSB3914PNM,1596.0,2,0,3192.0,42,https://cavaathleisure.com/products/blush-heartline-sports-bra
2026-09-20,Cava Athleisure,Black Heartline Sports Bra,XS,WSB3914BKXS,1399.0,1,0,1399.0,5,https://cavaathleisure.com/products/black-heartline-sports-bra
2026-09-20,Cava Athleisure,Black Heartline Sports Bra,M,WSB3914BKM,1399.0,2,0,2798.0,0,https://cavaathleisure.com/products/black-heartline-sports-bra
2026-09-20,Cava Athleisure,Teal Fluid Racerback Tank,M,WTNSET510PGRM,1599.0,2,0,3198.0,113,https://cavaathleisure.com/products/teal-fluid-racerback-tank
2026-09-20,Cava Athleisure,Pink Hourglass Booty Shorts,XS,WSH0814PNXS,1099.0,1,0,1099.0,89,https://cavaathleisure.com/products/pink-hourglass-booty-shorts
2026-09-20,Cava Athleisure,Pink Hourglass Booty Shorts,S,WSH0814PNS,1099.0,3,0,3297.0,114,https://cavaathleisure.com/products/pink-hourglass-booty-shorts
2026-09-20,Cava Athleisure,Pink Hourglass Booty Shorts,L,WSH0814PNL,1099.0,3,0,3297.0,89,https://cavaathleisure.com/products/pink-hourglass-booty-shorts
2026-09-20,Cava Athleisure,Pink Hourglass Booty Shorts,XXL,WSH0814PNXXL,1099.0,1,0,1099.0,31,https://cavaathleisure.com/products/pink-hourglass-booty-shorts
2026-09-20,Cava Athleisure,Plum Seamless Cinched Leggings,S,WLGUD17PUS,1099.0,2,0,2198.0,27,https://cavaathleisure.com/products/plum-seamless-cinched-leggings
2026-09-20,Cava Athleisure,Plum Seamless Cinched Leggings,M,WLGUD17PUM,1099.0,1,0,1099.0,0,https://cavaathleisure.com/products/plum-seamless-cinched-leggings
2026-09-20,Cava Athleisure,Ivory Ultra Support Sports Bra,S,WSB0114WHS,1399.0,1,0,1399.0,312,https://cavaathleisure.com/products/ivory-ultra-support-sports-bra
2026-09-20,Cava Athleisure,Ivory Ultra Support Sports Bra,M,WSB0114WHM,1399.0,1,0,1399.0,334,https://cavaathleisure.com/products/ivory-ultra-support-sports-bra
2026-09-20,Cava Athleisure,Ivory Ultra Support Sports Bra,L,WSB0114WHL,1399.0,4,0,5596.0,207,https://cavaathleisure.com/products/ivory-ultra-support-sports-bra
2026-09-20,Cava Athleisure,Ivory Ultra Support Sports Bra,XL,WSB0114WHXL,1399.0,2,0,2798.0,51,https://cavaathleisure.com/products/ivory-ultra-support-sports-bra
2026-09-20,Cava Athleisure,Ivory Ultra Support Sports Bra,XXL,WSB0114WHXXL,1399.0,1,0,1399.0,35,https://cavaathleisure.com/products/ivory-ultra-support-sports-bra
2026-09-20,Cava Athleisure,Cherry Sculptor Jacket,XS,WJKSET510RDXS,1799.0,1,0,1799.0,75,https://cavaathleisure.com/products/cherry-sculptor-jacket
2026-09-20,Cava Athleisure,Cherry Sculptor Jacket,S,WJKSET510RDS,1799.0,0,45,0.0,300,https://cavaathleisure.com/products/cherry-sculptor-jacket
2026-09-20,Cava Athleisure,Cherry Sculptor Jacket,M,WJKSET510RDM,1799.0,10,0,17990.0,426,https://cavaathleisure.com/products/cherry-sculptor-jacket
2026-09-20,Cava Athleisure,Cherry Sculptor Jacket,L,WJKSET510RDL,1799.0,0,99,0.0,401,https://cavaathleisure.com/products/cherry-sculptor-jacket
2026-09-20,Cava Athleisure,Cherry Sculptor Jacket,XL,WJKSET510RDXL,1799.0,3,0,5397.0,150,https://cavaathleisure.com/products/cherry-sculptor-jacket
2026-09-20,Cava Athleisure,Cherry Sculptor Jacket,XXL,WJKSET510RDXXL,1799.0,5,0,8995.0,144,https://cavaathleisure.com/products/cherry-sculptor-jacket
2026-09-20,Cava Athleisure,Cherry Hourglass Swirl Skorts,XS,WSK4114RDXS,1599.0,4,0,6396.0,176,https://cavaathleisure.com/products/cherry-hourglass-swirl-skorts
2026-09-20,Cava Athleisure,Cherry Hourglass Swirl Skorts,S,WSK4114RDS,1599.0,1,0,1599.0,243,https://cavaathleisure.com/products/cherry-hourglass-swirl-skorts
2026-09-20,Cava Athleisure,Cherry Hourglass Swirl Skorts,M,WSK4114RDM,1599.0,5,0,7995.0,260,https://cavaathleisure.com/products/cherry-hourglass-swirl-skorts
2026-09-20,Cava Athleisure,Cherry Hourglass Swirl Skorts,L,WSK4114RDL,1599.0,2,0,3198.0,103,https://cavaathleisure.com/products/cherry-hourglass-swirl-skorts
2026-09-20,Cava Athleisure,Wine Hourglass Snug Leggings,S,WLG1045WRDS,1299.0,2,0,2598.0,161,https://cavaathleisure.com/products/wine-hourglass-snug-leggings
2026-09-20,Cava Athleisure,Wine Hourglass Snug Leggings,M,WLG1045WRDM,1299.0,3,0,3897.0,190,https://cavaathleisure.com/products/wine-hourglass-snug-leggings
2026-09-20,Cava Athleisure,Wine Hourglass Snug Leggings,L,WLG1045WRDL,1299.0,2,0,2598.0,166,https://cavaathleisure.com/products/wine-hourglass-snug-leggings
2026-09-20,Cava Athleisure,Wine Hourglass Snug Leggings,XL,WLG1045WRDXL,1299.0,1,0,1299.0,73,https://cavaathleisure.com/products/wine-hourglass-snug-leggings
2026-09-20,Cava Athleisure,Wine Hourglass Snug Leggings,XXL,WLG1045WRDXXL,1299.0,1,0,1299.0,67,https://cavaathleisure.com/products/wine-hourglass-snug-leggings
2026-09-20,Cava Athleisure,Steel Blue Hourglass Snug Leggings,S,WLG1045BLS,1299.0,3,0,3897.0,71,https://cavaathleisure.com/products/steel-blue-hourglass-snug-leggings
2026-09-20,Cava Athleisure,Steel Blue Hourglass Snug Leggings,M,WLG1045BLM,1299.0,1,0,1299.0,102,https://cavaathleisure.com/products/steel-blue-hourglass-snug-leggings
2026-09-20,Cava Athleisure,Steel Blue Hourglass Snug Leggings,L,WLG1045BLL,1299.0,2,0,2598.0,77,https://cavaathleisure.com/products/steel-blue-hourglass-snug-leggings
2026-09-20,Cava Athleisure,Toasted Swirl Tennis Skorts,M,WSKSET445BNM,1399.0,5,0,6995.0,86,https://cavaathleisure.com/products/toasted-swirl-tennis-skorts
2026-09-20,Cava Athleisure,Toasted Swirl Tennis Skorts,L,WSKSET445BNL,1399.0,3,0,4197.0,51,https://cavaathleisure.com/products/toasted-swirl-tennis-skorts
2026-09-20,Cava Athleisure,Toasted Swirl Tennis Skorts,XXL,WSKSET445BNXXL,1399.0,1,0,1399.0,37,https://cavaathleisure.com/products/toasted-swirl-tennis-skorts
2026-09-20,Cava Athleisure,Black Adaptive Quarter Zip,XL,WHD4445BKXL,1559.0,1,0,1559.0,0,https://cavaathleisure.com/products/black-adaptive-quarter-zip
2026-09-20,Cava Athleisure,Grey Adaptive Quarter Zip,L,WHD4445GYL,1559.0,1,0,1559.0,2,https://cavaathleisure.com/products/grey-adaptive-quarter-zip
2026-09-20,Cava Athleisure,Shadow Cotton Leisure Shorts,L,MSH1616BKL,799.0,1,0,799.0,124,https://cavaathleisure.com/products/shadow-cotton-leisure-shorts
2026-09-20,Cava Athleisure,Shadow Everywear Leisure Tee,S,MTS1614BKS,699.0,1,0,699.0,21,https://cavaathleisure.com/products/shadow-everywear-leisure-tee
2026-09-20,Cava Athleisure,Brown Everywear Leisure Tee,S,MTS1614BNS,699.0,1,0,699.0,77,https://cavaathleisure.com/products/brown-everywear-leisure-tee
2026-09-20,Cava Athleisure,Brown Everywear Leisure Tee,L,MTS1614BNL,699.0,1,0,699.0,122,https://cavaathleisure.com/products/brown-everywear-leisure-tee
2026-09-20,Cava Athleisure,Dusty Pink Everywear Leisure Tee,S,MTS1614BGS,699.0,2,0,1398.0,31,https://cavaathleisure.com/products/dusty-pink-everywear-leisure-tee
2026-09-20,Cava Athleisure,Dusty Pink Everywear Leisure Tee,M,MTS1614BGM,699.0,1,0,699.0,60,https://cavaathleisure.com/products/dusty-pink-everywear-leisure-tee
2026-09-20,Cava Athleisure,Dusty Pink Everywear Leisure Tee,L,MTS1614BGL,699.0,2,0,1398.0,62,https://cavaathleisure.com/products/dusty-pink-everywear-leisure-tee
2026-09-20,Cava Athleisure,Dusty Pink Everywear Leisure Tee,XXL,MTS1614BGXXL,699.0,1,0,699.0,13,https://cavaathleisure.com/products/dusty-pink-everywear-leisure-tee
2026-09-20,Cava Athleisure,Dusty Pink Everywear Sweatshirt,M,MHD1615BGM,749.0,1,0,749.0,64,https://cavaathleisure.com/products/dusty-pink-everywear-sweatshirt
2026-09-20,Cava Athleisure,Blue Wide Leg Joggers,M,MJR1617NYM,1399.0,3,0,4197.0,30,https://cavaathleisure.com/products/blue-wide-leg-joggers
2026-09-20,Cava Athleisure,Blue Wide Leg Joggers,L,MJR1617NYL,1399.0,1,0,1399.0,27,https://cavaathleisure.com/products/blue-wide-leg-joggers
2026-09-20,Cava Athleisure,Brown Wide Leg Joggers,S,MJR1617BNS,1399.0,0,1,0.0,1,https://cavaathleisure.com/products/brown-wide-leg-joggers
2026-09-20,Cava Athleisure,Brown Wide Leg Joggers,XXL,MJR1617BNXXL,1399.0,1,0,1399.0,0,https://cavaathleisure.com/products/brown-wide-leg-joggers
2026-09-20,Cava Athleisure,Dusty Pink Cotton Leisure Shorts,S,MSH1616BGS,799.0,0,52,0.0,52,https://cavaathleisure.com/products/dusty-pink-cotton-leisure-shorts
2026-09-20,Cava Athleisure,Dusty Pink Cotton Leisure Shorts,M,MSH1616BGM,799.0,0,101,0.0,101,https://cavaathleisure.com/products/dusty-pink-cotton-leisure-shorts
2026-09-20,Cava Athleisure,Dusty Pink Cotton Leisure Shorts,L,MSH1616BGL,799.0,0,70,0.0,70,https://cavaathleisure.com/products/dusty-pink-cotton-leisure-shorts
2026-09-20,Cava Athleisure,Dusty Pink Cotton Leisure Shorts,XL,MSH1616BGXL,799.0,0,29,0.0,29,https://cavaathleisure.com/products/dusty-pink-cotton-leisure-shorts
2026-09-20,Cava Athleisure,Grey Modal Quarter Zip,M,MJK1007GYM,1999.0,1,0,1999.0,150,https://cavaathleisure.com/products/grey-modal-quarter-zip
2026-09-20,Cava Athleisure,Black Modal Quarter Zip,M,MJK1007BKM,1999.0,1,0,1999.0,145,https://cavaathleisure.com/products/black-modal-quarter-zip
2026-09-20,Cava Athleisure,Black Modal Quarter Zip,L,MJK1007BKL,1999.0,1,0,1999.0,112,https://cavaathleisure.com/products/black-modal-quarter-zip
2026-09-20,Cava Athleisure,Butter Yellow Ultra Support Sports Bra,S,WSB14CS01YLS,1399.0,2,0,2798.0,119,https://cavaathleisure.com/products/butter-yellow-ultra-support-sports-bra
2026-09-20,Cava Athleisure,Butter Yellow Ultra Support Sports Bra,M,WSB14CS01YLM,1399.0,3,0,4197.0,237,https://cavaathleisure.com/products/butter-yellow-ultra-support-sports-bra
2026-09-20,Cava Athleisure,Butter Yellow Ultra Support Sports Bra,L,WSB14CS01YLL,1399.0,2,0,2798.0,272,https://cavaathleisure.com/products/butter-yellow-ultra-support-sports-bra
2026-09-20,Cava Athleisure,Butter Yellow Ultra Support Sports Bra,XL,WSB14CS01YLXL,1399.0,1,0,1399.0,111,https://cavaathleisure.com/products/butter-yellow-ultra-support-sports-bra
2026-09-20,Cava Athleisure,Butter Yellow Ultra Support Sports Bra,XXL,WSB14CS01YLXXL,1399.0,0,1,0.0,87,https://cavaathleisure.com/products/butter-yellow-ultra-support-sports-bra
2026-09-20,Cava Athleisure,Pink Cotton Baby Tee,XL,WTS1631PNXL,714.0,1,0,714.0,29,https://cavaathleisure.com/products/pink-cotton-baby-tee
2026-09-20,Cava Athleisure,White Sculpt Core Top,XS,WTP901WHXS,799.0,3,0,2397.0,32,https://cavaathleisure.com/products/white-sculpt-core-top
2026-09-20,Cava Athleisure,White Sculpt Core Top,S,WTP901WHS,799.0,4,0,3196.0,0,https://cavaathleisure.com/products/white-sculpt-core-top
2026-09-20,Cava Athleisure,White Sculpt Core Top,L,WTP901WHL,799.0,2,0,1598.0,0,https://cavaathleisure.com/products/white-sculpt-core-top
2026-09-20,Cava Athleisure,Ice Blue Sculpt Core Top,S,WTP901BLS,799.0,1,0,799.0,0,https://cavaathleisure.com/products/ice-blue-sculpt-core-top
2026-09-20,Cava Athleisure,Brown Sculpt V-Neck Top,XS,WTP904BNXS,879.0,1,0,879.0,38,https://cavaathleisure.com/products/brown-sculpt-v-neck-top
2026-09-20,Cava Athleisure,Brown Sculpt V-Neck Top,L,WTP904BNL,879.0,1,0,879.0,1,https://cavaathleisure.com/products/brown-sculpt-v-neck-top
2026-09-20,Cava Athleisure,White Sculpt Crew Top,XS,WTP902WHXS,899.0,2,0,1798.0,36,https://cavaathleisure.com/products/white-sculpt-crew-top
2026-09-20,Cava Athleisure,White Sculpt Crew Top,S,WTP902WHS,899.0,2,0,1798.0,42,https://cavaathleisure.com/products/white-sculpt-crew-top
2026-09-20,Cava Athleisure,White Sculpt Crew Top,M,WTP902WHM,899.0,3,0,2697.0,22,https://cavaathleisure.com/products/white-sculpt-crew-top
2026-09-20,Cava Athleisure,White Sculpt Crew Top,L,WTP902WHL,899.0,4,0,3596.0,6,https://cavaathleisure.com/products/white-sculpt-crew-top
2026-09-20,Cava Athleisure,White Sculpt Crew Top,XXL,WTP902WHXXL,899.0,0,1,0.0,19,https://cavaathleisure.com/products/white-sculpt-crew-top
2026-09-20,Cava Athleisure,Ice Blue Sculpt Crew Top,L,WTP902BLL,899.0,1,0,899.0,0,https://cavaathleisure.com/products/ice-blue-sculpt-crew-top
2026-09-20,Cava Athleisure,Hot Pink Sculpt Crew Top,XS,WTP902PNXS,899.0,1,0,899.0,11,https://cavaathleisure.com/products/hot-pink-sculpt-crew-top
2026-09-20,Cava Athleisure,Hot Pink Sculpt Crew Top,S,WTP902PNS,899.0,4,0,3596.0,78,https://cavaathleisure.com/products/hot-pink-sculpt-crew-top
2026-09-20,Cava Athleisure,Hot Pink Sculpt Crew Top,M,WTP902PNM,899.0,1,0,899.0,28,https://cavaathleisure.com/products/hot-pink-sculpt-crew-top
2026-09-20,Cava Athleisure,Black Sculpt Scoop Top,S,WTP903BKS,899.0,2,0,1798.0,30,https://cavaathleisure.com/products/black-sculpt-scoop-top
2026-09-20,Cava Athleisure,Black Sculpt Core Leggings,XS,WLG902BKXS,1199.0,3,0,3597.0,100,https://cavaathleisure.com/products/black-sculpt-core-leggings
2026-09-20,Cava Athleisure,Black Sculpt Core Leggings,S,WLG902BKS,1199.0,4,0,4796.0,344,https://cavaathleisure.com/products/black-sculpt-core-leggings
2026-09-20,Cava Athleisure,Black Sculpt Core Leggings,M,WLG902BKM,1199.0,3,0,3597.0,153,https://cavaathleisure.com/products/black-sculpt-core-leggings
2026-09-20,Cava Athleisure,Black Sculpt Core Leggings,L,WLG902BKL,1199.0,5,0,5995.0,49,https://cavaathleisure.com/products/black-sculpt-core-leggings
2026-09-20,Cava Athleisure,Black Sculpt Core Leggings,XL,WLG902BKXL,1199.0,3,0,3597.0,136,https://cavaathleisure.com/products/black-sculpt-core-leggings
2026-09-20,Cava Athleisure,Brown Sculpt Core Leggings,M,WLG902BNM,1199.0,0,2,0.0,77,https://cavaathleisure.com/products/brown-sculpt-core-leggings
2026-09-20,Cava Athleisure,Brown Sculpt Core Leggings,L,WLG902BNL,1199.0,2,0,2398.0,57,https://cavaathleisure.com/products/brown-sculpt-core-leggings
2026-09-20,Cava Athleisure,Brown Sculpt Core Leggings,XL,WLG902BNXL,1199.0,2,0,2398.0,24,https://cavaathleisure.com/products/brown-sculpt-core-leggings
2026-09-20,Cava Athleisure,Ice Blue Sculpt Core Leggings,S,WLG902BLS,1199.0,1,0,1199.0,74,https://cavaathleisure.com/products/ice-blue-sculpt-core-leggings
2026-09-20,Cava Athleisure,Ice Blue Sculpt Core Leggings,M,WLG902BLM,1199.0,0,1,0.0,60,https://cavaathleisure.com/products/ice-blue-sculpt-core-leggings
2026-09-20,Cava Athleisure,Burgundy Sculpt Core Leggings,XL,WLG902RDXL,1199.0,1,0,1199.0,18,https://cavaathleisure.com/products/burgundy-sculpt-core-leggings
2026-09-20,Cava Athleisure,Hot Pink Sculpt Core Leggings,S,WLG902PNS,1199.0,1,0,1199.0,191,https://cavaathleisure.com/products/hot-pink-sculpt-core-leggings
2026-09-20,Cava Athleisure,Hot Pink Sculpt Core Leggings,M,WLG902PNM,1199.0,1,0,1199.0,91,https://cavaathleisure.com/products/hot-pink-sculpt-core-leggings
2026-09-20,Cava Athleisure,Storm Blue Sculpt Core Leggings,M,WLG902SBLM,1199.0,1,0,1199.0,36,https://cavaathleisure.com/products/storm-blue-sculpt-core-leggings
2026-09-20,Cava Athleisure,Black Sculpt Bootcut Leggings,XS,WFP01T9BKXS,1299.0,1,0,1299.0,181,https://cavaathleisure.com/products/black-sculpt-bootcut-leggings
2026-09-20,Cava Athleisure,Black Sculpt Bootcut Leggings,S,WFP901BKS,1299.0,2,0,2598.0,144,https://cavaathleisure.com/products/black-sculpt-bootcut-leggings
2026-09-20,Cava Athleisure,Black Sculpt Bootcut Leggings,S,WFP01T9BKS,1299.0,3,0,3897.0,284,https://cavaathleisure.com/products/black-sculpt-bootcut-leggings
2026-09-20,Cava Athleisure,Black Sculpt Bootcut Leggings,M,WFP901BKM,1299.0,3,0,3897.0,66,https://cavaathleisure.com/products/black-sculpt-bootcut-leggings
2026-09-20,Cava Athleisure,Black Sculpt Bootcut Leggings,M,WFP01T9BKM,1299.0,3,0,3897.0,167,https://cavaathleisure.com/products/black-sculpt-bootcut-leggings
2026-09-20,Cava Athleisure,Black Sculpt Bootcut Leggings,L,WFP901BKL,1299.0,5,0,6495.0,69,https://cavaathleisure.com/products/black-sculpt-bootcut-leggings
2026-09-20,Cava Athleisure,Black Sculpt Bootcut Leggings,L,WFP01T9BKL,1299.0,3,0,3897.0,297,https://cavaathleisure.com/products/black-sculpt-bootcut-leggings
2026-09-20,Cava Athleisure,Black Sculpt Bootcut Leggings,XL,WFP901BKXL,1299.0,4,0,5196.0,4,https://cavaathleisure.com/products/black-sculpt-bootcut-leggings
2026-09-20,Cava Athleisure,Black Sculpt Bootcut Leggings,XL,WFP01T9BKXL,1299.0,3,0,3897.0,302,https://cavaathleisure.com/products/black-sculpt-bootcut-leggings
2026-09-20,Cava Athleisure,Black Sculpt Bootcut Leggings,XXL,WFP01T9BKXXL,1299.0,1,0,1299.0,19,https://cavaathleisure.com/products/black-sculpt-bootcut-leggings
2026-09-20,Cava Athleisure,Brown Sculpt Bootcut Leggings,XS,WFP01T9BNXS,1299.0,0,1,0.0,63,https://cavaathleisure.com/products/brown-sculpt-bootcut-leggings
2026-09-20,Cava Athleisure,Brown Sculpt Bootcut Leggings,S,WFP901BNS,1299.0,3,0,3897.0,15,https://cavaathleisure.com/products/brown-sculpt-bootcut-leggings
2026-09-20,Cava Athleisure,Brown Sculpt Bootcut Leggings,S,WFP01T9BNS,1299.0,2,0,2598.0,72,https://cavaathleisure.com/products/brown-sculpt-bootcut-leggings
2026-09-20,Cava Athleisure,Brown Sculpt Bootcut Leggings,M,WFP901BNM,1299.0,6,0,7794.0,16,https://cavaathleisure.com/products/brown-sculpt-bootcut-leggings
2026-09-20,Cava Athleisure,Brown Sculpt Bootcut Leggings,M,WFP01T9BNM,1299.0,2,0,2598.0,0,https://cavaathleisure.com/products/brown-sculpt-bootcut-leggings
2026-09-20,Cava Athleisure,Brown Sculpt Bootcut Leggings,L,WFP901BNL,1299.0,4,0,5196.0,11,https://cavaathleisure.com/products/brown-sculpt-bootcut-leggings
2026-09-20,Cava Athleisure,Brown Sculpt Bootcut Leggings,L,WFP01T9BNL,1299.0,2,0,2598.0,38,https://cavaathleisure.com/products/brown-sculpt-bootcut-leggings
2026-09-20,Cava Athleisure,Brown Sculpt Bootcut Leggings,XXL,WFP01T9BNXXL,1299.0,1,0,1299.0,47,https://cavaathleisure.com/products/brown-sculpt-bootcut-leggings
2026-09-20,Cava Athleisure,Burgundy Petite Sculpt Bootcut Leggings,L,WFP901RDL,1299.0,1,0,1299.0,15,https://cavaathleisure.com/products/burgundy-sculpt-bootcut-leggings
2026-09-20,Cava Athleisure,Ice Blue Petite Sculpt Bootcut Leggings,S,WFP901BLS,1299.0,1,0,1299.0,64,https://cavaathleisure.com/products/ice-blue-sculpt-bootcut-leggings
2026-09-20,Cava Athleisure,Ice Blue Petite Sculpt Bootcut Leggings,M,WFP901BLM,1299.0,1,0,1299.0,63,https://cavaathleisure.com/products/ice-blue-sculpt-bootcut-leggings
2026-09-20,Cava Athleisure,Hot Pink Sculpt Bootcut Leggings,L,WFP01T9PNL,1299.0,1,0,1299.0,142,https://cavaathleisure.com/products/hot-pink-sculpt-bootcut-leggings
2026-09-20,Cava Athleisure,Storm Blue Sculpt Bootcut Leggings,L,WFP01T9SBLL,1299.0,1,0,1299.0,13,https://cavaathleisure.com/products/storm-blue-sculpt-bootcut-leggings
2026-09-20,Cava Athleisure,White Sculpt V-Neck Top,M,WTP904WHM,899.0,1,0,899.0,33,https://cavaathleisure.com/products/white-sculpt-v-neck-top
2026-09-20,Cava Athleisure,White Sculpt V-Neck Top,L,WTP904WHL,899.0,1,0,899.0,6,https://cavaathleisure.com/products/white-sculpt-v-neck-top
2026-09-20,Cava Athleisure,Burgundy Sculpt V-Neck Top,S,WTP904RDS,899.0,3,0,2697.0,3,https://cavaathleisure.com/products/burgundy-sculpt-v-neck-top
2026-09-20,Cava Athleisure,Burgundy Sculpt V-Neck Top,XXL,WTP904RDXXL,899.0,1,0,899.0,11,https://cavaathleisure.com/products/burgundy-sculpt-v-neck-top
2026-09-20,Cava Athleisure,Black Sculpt V-Neck Top,S,WTP904BKS,899.0,5,0,4495.0,7,https://cavaathleisure.com/products/black-sculpt-v-neck-top
2026-09-20,Cava Athleisure,White Sculpt Scoop Top,XS,WTP903WHXS,899.0,1,0,899.0,25,https://cavaathleisure.com/products/white-sculpt-scoop-top
2026-09-20,Cava Athleisure,Ice Blue Sculpt Booty Shorts,XS,WSH904BLXS,999.0,1,0,999.0,42,https://cavaathleisure.com/products/ice-blue-sculpt-booty-shorts
2026-09-20,Cava Athleisure,Ice Blue Sculpt Booty Shorts,S,WSH904BLS,999.0,2,0,1998.0,79,https://cavaathleisure.com/products/ice-blue-sculpt-booty-shorts
2026-09-20,Cava Athleisure,Ice Blue Sculpt Booty Shorts,M,WSH904BLM,999.0,2,0,1998.0,30,https://cavaathleisure.com/products/ice-blue-sculpt-booty-shorts
2026-09-20,Cava Athleisure,Ice Blue Sculpt Booty Shorts,L,WSH904BLL,999.0,3,0,2997.0,3,https://cavaathleisure.com/products/ice-blue-sculpt-booty-shorts
2026-09-20,Cava Athleisure,Ice Blue Sculpt Booty Shorts,XL,WSH904BLXL,999.0,0,1,0.0,1,https://cavaathleisure.com/products/ice-blue-sculpt-booty-shorts
2026-09-20,Cava Athleisure,Hot Pink Sculpt Booty Shorts,S,WSH904PNS,999.0,2,0,1998.0,64,https://cavaathleisure.com/products/hot-pink-sculpt-booty-shorts
2026-09-20,Cava Athleisure,Hot Pink Sculpt Booty Shorts,M,WSH904PNM,999.0,3,0,2997.0,33,https://cavaathleisure.com/products/hot-pink-sculpt-booty-shorts
2026-09-20,Cava Athleisure,Hot Pink Sculpt Booty Shorts,XL,WSH904PNXL,999.0,1,0,999.0,26,https://cavaathleisure.com/products/hot-pink-sculpt-booty-shorts
2026-09-20,Cava Athleisure,Black Sculpt Capri,S,WLG903BKS,999.0,1,0,999.0,12,https://cavaathleisure.com/products/black-sculpt-capri
2026-09-20,Cava Athleisure,Navy Sculpt Capri,S,WLG903NYS,999.0,1,0,999.0,41,https://cavaathleisure.com/products/navy-sculpt-capri
2026-09-20,Cava Athleisure,Burgundy Sculpt Capri,XS,WLG903RDXS,999.0,1,0,999.0,6,https://cavaathleisure.com/products/burgundy-sculpt-capri
2026-09-20,Cava Athleisure,Black Sculpt Booty Shorts,M,WSH904BKM,999.0,0,15,0.0,17,https://cavaathleisure.com/products/black-sculpt-booty-shorts
2026-09-20,Cava Athleisure,Black Sculpt Booty Shorts,L,WSH904BKL,999.0,1,0,999.0,0,https://cavaathleisure.com/products/black-sculpt-booty-shorts
2026-09-20,Cava Athleisure,Basic Sculpt Capris - Pack of 2,S,WLG903NYBKS,2599.0,1,0,2599.0,11,https://cavaathleisure.com/products/basic-sculpt-capris-pack-of-2
2026-09-20,Cava Athleisure,Core Sculpt Capris - Pack of 2,S,WLG903BKRDS,2599.0,1,0,2599.0,11,https://cavaathleisure.com/products/core-sculpt-capris-pack-of-2
2026-09-20,Cava Athleisure,Essential Sculpt Capris - Pack of 3,S,WLG903RDNYBKS,3599.0,1,0,3599.0,11,https://cavaathleisure.com/products/essential-sculpt-capris-pack-of-3
2026-09-20,Cava Athleisure,Classic Supima V Neck - Pack of 2,L,MTS102NYBGL,1949.0,1,0,1949.0,24,https://cavaathleisure.com/products/classic-supima-v-neck-pack-of-2
2026-09-20,Cava Athleisure,Staple Supima V Neck - Pack of 3,L,MTS102BKBGWHL,2819.0,1,0,2819.0,13,https://cavaathleisure.com/products/staple-supima-v-neck-pack-of-3
2026-09-20,Cava Athleisure,Essential Supima V Neck - Pack of 2,L,MTSCS102BKWHL,2079.0,1,0,2079.0,13,https://cavaathleisure.com/products/essential-supima-v-neck-pack-of-2
2026-09-20,Cava Athleisure,Aerial Contrast Leggings - Pack of 2,S,WLG1011BKRDS,3249.0,1,0,3249.0,37,https://cavaathleisure.com/products/aerial-contrast-leggings-pack-of-2
2026-09-20,Cava Athleisure,Navy Cotton Wrap Top,XXL,WTP1624NYXXL,714.0,1,0,714.0,0,https://cavaathleisure.com/products/navy-cotton-wrap-top
2026-09-20,Cava Athleisure,Navy Cotton Recovery Jacket,XS,WJK1636NYXS,1264.0,1,0,1264.0,0,https://cavaathleisure.com/products/navy-cotton-recovery-jacket
2026-09-20,Cava Athleisure,Pink Cotton Twirl Skorts,L,WSK1635PNL,1119.0,1,0,1119.0,0,https://cavaathleisure.com/products/pink-cotton-twirl-skort
2026-09-20,Cava Athleisure,Toasted Aerial Leggings,S,WLG8SET12BNS,999.0,1,0,999.0,19,https://cavaathleisure.com/products/toasted-aerial-leggings
2026-09-20,Cava Athleisure,Toasted Sculptor Jacket,S,WJK14SET5BNS,1799.0,4,0,7196.0,72,https://cavaathleisure.com/products/toasted-brown-sculptor-jacket
2026-09-20,Cava Athleisure,Toasted Sculptor Jacket,L,WJK14SET5BNL,1799.0,8,0,14392.0,1,https://cavaathleisure.com/products/toasted-brown-sculptor-jacket
2026-09-20,Cava Athleisure,Toasted Sculptor Jacket,XXL,WJK14SET5BNXXL,1799.0,4,0,7196.0,0,https://cavaathleisure.com/products/toasted-brown-sculptor-jacket
2026-09-20,Cava Athleisure,Butter Yellow Sculptor Jacket,M,WJK14SET5YLM,1799.0,4,0,7196.0,0,https://cavaathleisure.com/products/butter-yellow-sculptor-jacket
2026-09-20,Cava Athleisure,Butter Yellow Sculptor Jacket,XL,WJK14SET5YLXL,1799.0,1,0,1799.0,1,https://cavaathleisure.com/products/butter-yellow-sculptor-jacket
2026-09-20,Cava Athleisure,Mint Cava Essential Sweatshirt,L,WHD16536BLL,1199.0,1,0,1199.0,74,https://cavaathleisure.com/products/mint-cava-essential-sweatshirt
2026-09-20,Cava Athleisure,Butter Yellow Plie Pleated Skort,S,WSK14CS06YLS,1699.0,2,0,3398.0,10,https://cavaathleisure.com/products/butter-yellow-pleated-skort
2026-09-20,Cava Athleisure,Butter Yellow Plie Pleated Skort,XXL,WSK14CS06YLXXL,1699.0,0,1,0.0,1,https://cavaathleisure.com/products/butter-yellow-pleated-skort
2026-09-20,Cava Athleisure,Pine Plie Pleated Skort,S,WSK14CS06GRS,1699.0,1,0,1699.0,20,https://cavaathleisure.com/products/pine-green-pleated-skort
2026-09-20,Cava Athleisure,Wine High Impact Sports Bra,S,WSB1CS02WRDS,1299.0,3,0,3897.0,0,https://cavaathleisure.com/products/wine-high-impact-sports-bra
2026-09-20,Cava Athleisure,Wine High Impact Sports Bra,M,WSB1CS02WRDM,1299.0,9,0,11691.0,3,https://cavaathleisure.com/products/wine-high-impact-sports-bra
2026-09-20,Cava Athleisure,Wine High Impact Sports Bra,L,WSB1CS02WRDL,1299.0,12,0,15588.0,37,https://cavaathleisure.com/products/wine-high-impact-sports-bra
2026-09-20,Cava Athleisure,Wine High Impact Sports Bra,XL,WSB1CS02WRDXL,1299.0,7,0,9093.0,66,https://cavaathleisure.com/products/wine-high-impact-sports-bra
2026-09-20,Cava Athleisure,Wine High Impact Sports Bra,XXL,WSB1CS02WRDXXL,1299.0,4,0,5196.0,28,https://cavaathleisure.com/products/wine-high-impact-sports-bra
2026-09-20,Cava Athleisure,Pink Ultra Support Sports Bra,S,WSB1CS01PNS,1399.0,1,0,1399.0,193,https://cavaathleisure.com/products/pink-ultra-support-sports-bra
2026-09-20,Cava Athleisure,Pink Ultra Support Sports Bra,M,WSB1CS01PNM,1399.0,2,0,2798.0,376,https://cavaathleisure.com/products/pink-ultra-support-sports-bra
2026-09-20,Cava Athleisure,Pink Ultra Support Sports Bra,L,WSB1CS01PNL,1399.0,2,0,2798.0,300,https://cavaathleisure.com/products/pink-ultra-support-sports-bra
2026-09-20,Cava Athleisure,Pink Ultra Support Sports Bra,XXL,WSB1CS01PNXXL,1399.0,1,0,1399.0,36,https://cavaathleisure.com/products/pink-ultra-support-sports-bra
2026-09-20,Cava Athleisure,Pink Gingham Sculpt Core Leggings,M,WLG1402GPNM,990.0,1,0,990.0,0,https://cavaathleisure.com/products/pink-gingham-sculpt-core-leggings
2026-09-20,Cava Athleisure,Pink Bow Sculpt Core Leggings,M,WLG1402BPNM,990.0,1,0,990.0,0,https://cavaathleisure.com/products/pink-bow-sculpt-core-leggings
2026-09-20,Cava Athleisure,Mint Gingham Sculpt Core Leggings,L,WLG1402GGRL,990.0,1,0,990.0,0,https://cavaathleisure.com/products/mint-gingham-sculpt-core-leggings
2026-09-20,Cava Athleisure,Blush Swirl Tennis Skorts,XS,WSK14SET4PNXS,1399.0,2,0,2798.0,144,https://cavaathleisure.com/products/blush-pink-swirl-tennis-skorts
2026-09-20,Cava Athleisure,Blush Swirl Tennis Skorts,S,WSK14SET4PNS,1399.0,5,0,6995.0,147,https://cavaathleisure.com/products/blush-pink-swirl-tennis-skorts
2026-09-20,Cava Athleisure,Blush Swirl Tennis Skorts,M,WSK14SET4PNM,1399.0,4,0,5596.0,83,https://cavaathleisure.com/products/blush-pink-swirl-tennis-skorts
2026-09-20,Cava Athleisure,Blush Swirl Tennis Skorts,L,WSK14SET4PNL,1399.0,4,0,5596.0,54,https://cavaathleisure.com/products/blush-pink-swirl-tennis-skorts
2026-09-20,Cava Athleisure,Brown Hourglass Flared Leggings,XS,BTM-CAVA-ACU01-Brown-XS,1429.0,5,0,7145.0,134,https://cavaathleisure.com/products/brown-hourglass-flared-leggings
2026-09-20,Cava Athleisure,Brown Hourglass Flared Leggings,XS,BTM-CAVA-ACU02-Brown-XS,1429.0,1,0,1429.0,0,https://cavaathleisure.com/products/brown-hourglass-flared-leggings
2026-09-20,Cava Athleisure,Brown Hourglass Flared Leggings,XS,BTM-CAVA-ACU04-Brown-XS,1429.0,2,0,2858.0,18,https://cavaathleisure.com/products/brown-hourglass-flared-leggings
2026-09-20,Cava Athleisure,Brown Hourglass Flared Leggings,S,BTM-CAVA-ACU01-Brown-S,1429.0,7,0,10003.0,457,https://cavaathleisure.com/products/brown-hourglass-flared-leggings
2026-09-20,Cava Athleisure,Brown Hourglass Flared Leggings,S,BTM-CAVA-ACU02-Brown-S,1429.0,9,0,12861.0,267,https://cavaathleisure.com/products/brown-hourglass-flared-leggings
2026-09-20,Cava Athleisure,Brown Hourglass Flared Leggings,S,BTM-CAVA-ACU04-Brown-S,1429.0,5,0,7145.0,1,https://cavaathleisure.com/products/brown-hourglass-flared-leggings
2026-09-20,Cava Athleisure,Brown Hourglass Flared Leggings,M,BTM-CAVA-ACU01-Brown-M,1429.0,12,0,17148.0,969,https://cavaathleisure.com/products/brown-hourglass-flared-leggings
2026-09-20,Cava Athleisure,Brown Hourglass Flared Leggings,M,BTM-CAVA-ACU02-Brown-M,1429.0,7,0,10003.0,178,https://cavaathleisure.com/products/brown-hourglass-flared-leggings
2026-09-20,Cava Athleisure,Brown Hourglass Flared Leggings,M,BTM-CAVA-ACU04-Brown-M,1429.0,5,0,7145.0,32,https://cavaathleisure.com/products/brown-hourglass-flared-leggings
2026-09-20,Cava Athleisure,Brown Hourglass Flared Leggings,L,BTM-CAVA-ACU01-Brown-L,1429.0,8,0,11432.0,463,https://cavaathleisure.com/products/brown-hourglass-flared-leggings
2026-09-20,Cava Athleisure,Brown Hourglass Flared Leggings,L,BTM-CAVA-ACU02-Brown-L,1429.0,14,0,20006.0,271,https://cavaathleisure.com/products/brown-hourglass-flared-leggings
2026-09-20,Cava Athleisure,Brown Hourglass Flared Leggings,L,BTM-CAVA-ACU04-Brown-L,1429.0,7,0,10003.0,15,https://cavaathleisure.com/products/brown-hourglass-flared-leggings
2026-09-20,Cava Athleisure,Brown Hourglass Flared Leggings,XL,BTM-CAVA-ACU01-Brown-XL,1429.0,4,0,5716.0,226,https://cavaathleisure.com/products/brown-hourglass-flared-leggings
2026-09-20,Cava Athleisure,Brown Hourglass Flared Leggings,XL,BTM-CAVA-ACU02-Brown-XL,1429.0,2,0,2858.0,151,https://cavaathleisure.com/products/brown-hourglass-flared-leggings
2026-09-20,Cava Athleisure,Brown Hourglass Flared Leggings,XL,BTM-CAVA-ACU04-Brown-XL,1429.0,5,0,7145.0,5,https://cavaathleisure.com/products/brown-hourglass-flared-leggings
2026-09-20,Cava Athleisure,Brown Hourglass Flared Leggings,XXL,BTM-CAVA-ACU01-Brown-XXL,1429.0,2,0,2858.0,127,https://cavaathleisure.com/products/brown-hourglass-flared-leggings
2026-09-20,Cava Athleisure,Brown Hourglass Flared Leggings,XXL,BTM-CAVA-ACU02-Brown-XXL,1429.0,3,0,4287.0,11,https://cavaathleisure.com/products/brown-hourglass-flared-leggings
2026-09-20,Cava Athleisure,Wine Hourglass Flared Leggings,XS,WFP1ACU01RDXS,1429.0,1,0,1429.0,110,https://cavaathleisure.com/products/wine-hourglass-flared-leggings
2026-09-20,Cava Athleisure,Wine Hourglass Flared Leggings,XS,WFB1ACU04RDXS,1429.0,0,1,0.0,39,https://cavaathleisure.com/products/wine-hourglass-flared-leggings
2026-09-20,Cava Athleisure,Wine Hourglass Flared Leggings,S,WFP1ACU01RDS,1429.0,2,0,2858.0,238,https://cavaathleisure.com/products/wine-hourglass-flared-leggings
2026-09-20,Cava Athleisure,Wine Hourglass Flared Leggings,S,WFP1ACU02RDS,1429.0,4,0,5716.0,264,https://cavaathleisure.com/products/wine-hourglass-flared-leggings
2026-09-20,Cava Athleisure,Wine Hourglass Flared Leggings,S,WFB1ACU04RDS,1429.0,5,0,7145.0,78,https://cavaathleisure.com/products/wine-hourglass-flared-leggings
2026-09-20,Cava Athleisure,Wine Hourglass Flared Leggings,M,WFP1ACU01RDM,1429.0,10,0,14290.0,300,https://cavaathleisure.com/products/wine-hourglass-flared-leggings
2026-09-20,Cava Athleisure,Wine Hourglass Flared Leggings,M,WFP1ACU02RDM,1429.0,9,0,12861.0,407,https://cavaathleisure.com/products/wine-hourglass-flared-leggings
2026-09-20,Cava Athleisure,Wine Hourglass Flared Leggings,M,WFB1ACU04RDM,1429.0,6,0,8574.0,219,https://cavaathleisure.com/products/wine-hourglass-flared-leggings
2026-09-20,Cava Athleisure,Wine Hourglass Flared Leggings,L,WFP1ACU01RDL,1429.0,6,0,8574.0,172,https://cavaathleisure.com/products/wine-hourglass-flared-leggings
2026-09-20,Cava Athleisure,Wine Hourglass Flared Leggings,L,WFP1ACU02RDL,1429.0,3,0,4287.0,382,https://cavaathleisure.com/products/wine-hourglass-flared-leggings
2026-09-20,Cava Athleisure,Wine Hourglass Flared Leggings,L,WFB1ACU04RDL,1429.0,3,0,4287.0,132,https://cavaathleisure.com/products/wine-hourglass-flared-leggings
2026-09-20,Cava Athleisure,Wine Hourglass Flared Leggings,XL,WFP1ACU01RDXL,1429.0,4,0,5716.0,72,https://cavaathleisure.com/products/wine-hourglass-flared-leggings
2026-09-20,Cava Athleisure,Wine Hourglass Flared Leggings,XL,WFP1ACU02RDXL,1429.0,4,0,5716.0,147,https://cavaathleisure.com/products/wine-hourglass-flared-leggings
2026-09-20,Cava Athleisure,Wine Hourglass Flared Leggings,XL,WFB1ACU04RDXL,1429.0,2,0,2858.0,54,https://cavaathleisure.com/products/wine-hourglass-flared-leggings
2026-09-20,Cava Athleisure,Wine Hourglass Flared Leggings,XXL,WFP1ACU02RDXXL,1429.0,1,0,1429.0,128,https://cavaathleisure.com/products/wine-hourglass-flared-leggings
2026-09-20,Cava Athleisure,Wine Hourglass Flared Leggings,XXL,WFB1ACU04RDXXL,1429.0,3,0,4287.0,25,https://cavaathleisure.com/products/wine-hourglass-flared-leggings
2026-09-20,Cava Athleisure,Obsidian Black Hourglass Flared Leggings,XS,BTM-CAVA-ACU01-Black-XS,1429.0,15,0,21435.0,249,https://cavaathleisure.com/products/obsidian-black-hourglass-flared-leggings
2026-09-20,Cava Athleisure,Obsidian Black Hourglass Flared Leggings,XS,BTM-CAVA-ACU02-Black-XS,1429.0,8,0,11432.0,233,https://cavaathleisure.com/products/obsidian-black-hourglass-flared-leggings
2026-09-20,Cava Athleisure,Obsidian Black Hourglass Flared Leggings,XS,BTM-CAVA-ACU04-Black-XS,1429.0,8,0,11432.0,109,https://cavaathleisure.com/products/obsidian-black-hourglass-flared-leggings
2026-09-20,Cava Athleisure,Obsidian Black Hourglass Flared Leggings,S,BTM-CAVA-ACU01-Black-S,1429.0,29,0,41441.0,442,https://cavaathleisure.com/products/obsidian-black-hourglass-flared-leggings
2026-09-20,Cava Athleisure,Obsidian Black Hourglass Flared Leggings,S,BTM-CAVA-ACU02-Black-S,1429.0,29,0,41441.0,1198,https://cavaathleisure.com/products/obsidian-black-hourglass-flared-leggings
2026-09-20,Cava Athleisure,Obsidian Black Hourglass Flared Leggings,S,BTM-CAVA-ACU04-Black-S,1429.0,10,0,14290.0,233,https://cavaathleisure.com/products/obsidian-black-hourglass-flared-leggings
2026-09-20,Cava Athleisure,Obsidian Black Hourglass Flared Leggings,M,BTM-CAVA-ACU01-Black-M,1429.0,0,26,0.0,446,https://cavaathleisure.com/products/obsidian-black-hourglass-flared-leggings
2026-09-20,Cava Athleisure,Obsidian Black Hourglass Flared Leggings,M,BTM-CAVA-ACU02-Black-M,1429.0,50,0,71450.0,1178,https://cavaathleisure.com/products/obsidian-black-hourglass-flared-leggings
2026-09-20,Cava Athleisure,Obsidian Black Hourglass Flared Leggings,M,BTM-CAVA-ACU04-Black-M,1429.0,15,0,21435.0,13,https://cavaathleisure.com/products/obsidian-black-hourglass-flared-leggings
2026-09-20,Cava Athleisure,Obsidian Black Hourglass Flared Leggings,L,BTM-CAVA-ACU01-Black-L,1429.0,0,58,0.0,300,https://cavaathleisure.com/products/obsidian-black-hourglass-flared-leggings
2026-09-20,Cava Athleisure,Obsidian Black Hourglass Flared Leggings,L,BTM-CAVA-ACU02-Black-L,1429.0,39,0,55731.0,1054,https://cavaathleisure.com/products/obsidian-black-hourglass-flared-leggings
2026-09-20,Cava Athleisure,Obsidian Black Hourglass Flared Leggings,L,BTM-CAVA-ACU04-Black-L,1429.0,1,0,1429.0,0,https://cavaathleisure.com/products/obsidian-black-hourglass-flared-leggings
2026-09-20,Cava Athleisure,Obsidian Black Hourglass Flared Leggings,XL,BTM-CAVA-ACU01-Black-XL,1429.0,5,0,7145.0,12,https://cavaathleisure.com/products/obsidian-black-hourglass-flared-leggings
2026-09-20,Cava Athleisure,Obsidian Black Hourglass Flared Leggings,XL,BTM-CAVA-ACU02-Black-XL,1429.0,27,0,38583.0,464,https://cavaathleisure.com/products/obsidian-black-hourglass-flared-leggings
2026-09-20,Cava Athleisure,Obsidian Black Hourglass Flared Leggings,XL,BTM-CAVA-ACU04-Black-XL,1429.0,24,0,34296.0,47,https://cavaathleisure.com/products/obsidian-black-hourglass-flared-leggings
2026-09-20,Cava Athleisure,Obsidian Black Hourglass Flared Leggings,XXL,BTM-CAVA-ACU01-Black-XXL,1429.0,6,0,8574.0,76,https://cavaathleisure.com/products/obsidian-black-hourglass-flared-leggings
2026-09-20,Cava Athleisure,Obsidian Black Hourglass Flared Leggings,XXL,BTM-CAVA-ACU02-Black-XXL,1429.0,11,0,15719.0,264,https://cavaathleisure.com/products/obsidian-black-hourglass-flared-leggings
2026-09-20,Cava Athleisure,Obsidian Black Hourglass Flared Leggings,XXL,BTM-CAVA-ACU04-Black-XXL,1429.0,12,0,17148.0,60,https://cavaathleisure.com/products/obsidian-black-hourglass-flared-leggings
2026-09-20,Cava Athleisure,Cream Serve Side Oversized Printed Tee - Women,S,WTS1618WHGSMS,844.0,1,0,844.0,0,https://cavaathleisure.com/products/cream-serve-side-oversized-printed-tee-women
2026-09-20,Cava Athleisure,Cream Supima V Neck T-Shirt - Regular Fit,L,MTS16CS102WHL,749.0,1,0,749.0,14,https://cavaathleisure.com/products/cream-supima-v-neck-t-shirt-regular-fit
2026-09-20,Cava Athleisure,Burgundy Aerial Contrast Leggings,S,WLG1011RDS,1000.0,1,0,1000.0,38,https://cavaathleisure.com/products/burgundy-aerial-contrast-leggings
2026-09-20,Cava Athleisure,Wine Swirl Tennis Skorts,S,WSK9SET4WRDS,1399.0,1,0,1399.0,119,https://cavaathleisure.com/products/wine-swirl-tennis-skorts
2026-09-20,Cava Athleisure,Wine Swirl Tennis Skorts,M,WSK9SET4WRDM,1399.0,3,0,4197.0,80,https://cavaathleisure.com/products/wine-swirl-tennis-skorts
2026-09-20,Cava Athleisure,Wine Swirl Tennis Skorts,L,WSK9SET4WRDL,1399.0,1,0,1399.0,55,https://cavaathleisure.com/products/wine-swirl-tennis-skorts
2026-09-20,Cava Athleisure,Wine Swirl Tennis Skorts,XXXL,WSKSET4L45WRDXXXL,1399.0,1,0,1399.0,10,https://cavaathleisure.com/products/wine-swirl-tennis-skorts
2026-09-20,Cava Athleisure,Black Strap Back Sports Bra,L,WSB819BKL,1199.0,1,0,1199.0,0,https://cavaathleisure.com/products/black-strap-back-sports-bra
2026-09-20,Cava Athleisure,Black Strap Back Sports Bra,XL,WSB819BKXL,1199.0,1,0,1199.0,71,https://cavaathleisure.com/products/black-strap-back-sports-bra
2026-09-20,Cava Athleisure,Wine Sculptor Jacket,S,WJK9SET5WRDS,1799.0,3,0,5397.0,83,https://cavaathleisure.com/products/wine-sculptor-jacket
2026-09-20,Cava Athleisure,Wine Sculptor Jacket,M,WJK9SET5WRDM,1799.0,6,0,10794.0,78,https://cavaathleisure.com/products/wine-sculptor-jacket
2026-09-20,Cava Athleisure,Wine Sculptor Jacket,L,WJK9SET5WRDL,1799.0,1,0,1799.0,71,https://cavaathleisure.com/products/wine-sculptor-jacket
2026-09-20,Cava Athleisure,Wine Sculptor Jacket,XL,WJK9SET5WRDXL,1799.0,1,0,1799.0,1,https://cavaathleisure.com/products/wine-sculptor-jacket
2026-09-20,Cava Athleisure,Red Strap Back Sports Bra,XL,WSB819RDXL,1199.0,1,0,1199.0,38,https://cavaathleisure.com/products/red-strap-back-sports-bra
2026-09-20,Cava Athleisure,Black Cava Buckle-up Bag,Free size,UNAC1416BK,1599.0,1,0,1599.0,4,https://cavaathleisure.com/products/black-cava-buckle-up-bag
2026-09-20,Cava Athleisure,Grey Cava Buckle-up Bag,Free size,UNAC1416GY,1599.0,1,0,1599.0,100,https://cavaathleisure.com/products/grey-cava-buckle-up-bag
2026-09-20,Cava Athleisure,Dusky Purple Supima V Neck T-shirt - Regular Fit,M,MTS16CS102PUM,967.0,1,0,967.0,12,https://cavaathleisure.com/products/dusky-purple-supima-v-neck-t-shirt-regular-fit
2026-09-20,Cava Athleisure,Blue Super Stretch Brami,S,WSB9SET3BLS,1199.0,2,0,2398.0,114,https://cavaathleisure.com/products/blue-super-stretch-brami
2026-09-20,Cava Athleisure,Blue Sky-Rise Leggings,S,WLG9SET3BLS,1299.0,2,0,2598.0,8,https://cavaathleisure.com/products/blue-sky-rise-leggings
2026-09-20,Cava Athleisure,Wine Racerback Tank,XS,WTN1SET5RDXS,1199.0,3,0,3597.0,33,https://cavaathleisure.com/products/wine-racerback-tank
2026-09-20,Cava Athleisure,Wine Racerback Tank,S,WTN1SET5RDS,1199.0,6,0,7194.0,103,https://cavaathleisure.com/products/wine-racerback-tank
2026-09-20,Cava Athleisure,Wine Racerback Tank,M,WTN1SET5RDM,1199.0,6,0,7194.0,34,https://cavaathleisure.com/products/wine-racerback-tank
2026-09-20,Cava Athleisure,Wine Racerback Tank,L,WTN1SET5RDL,1199.0,4,0,4796.0,71,https://cavaathleisure.com/products/wine-racerback-tank
2026-09-20,Cava Athleisure,Cobalt Overlap Tee,S,WTP1SET2NY2S,999.0,5,0,4995.0,49,https://cavaathleisure.com/products/cobalt-overlap-tee
2026-09-20,Cava Athleisure,Cobalt Overlap Tee,M,WTP1SET2NY2M,999.0,0,1,0.0,1,https://cavaathleisure.com/products/cobalt-overlap-tee
2026-09-20,Cava Athleisure,Cobalt Overlap Tee,L,WTP1SET2NY2L,999.0,1,0,999.0,0,https://cavaathleisure.com/products/cobalt-overlap-tee
2026-09-20,Cava Athleisure,Cobalt Sprint Shorts - Lined,XL,WSH1409BLXL,910.0,1,0,910.0,2,https://cavaathleisure.com/products/cobalt-sprint-shorts-lined
2026-09-20,Cava Athleisure,Ash Pulse Seamless Tee,S,MTS1CS121NYS,899.0,1,0,899.0,53,https://cavaathleisure.com/products/ash-pulse-seamless-tee
2026-09-20,Cava Athleisure,Cobalt Silhouette Zip Top,S,WTP14ACU03BLS,850.0,1,0,850.0,243,https://cavaathleisure.com/products/cobalt-silhouette-zip-top
2026-09-20,Cava Athleisure,Cobalt Silhouette Zip Top,XL,WTP14ACU03BLXL,850.0,2,0,1700.0,46,https://cavaathleisure.com/products/cobalt-silhouette-zip-top
2026-09-20,Cava Athleisure,Brown Silhouette Zip Top,S,WTP14ACU03BNS,850.0,4,0,3400.0,55,https://cavaathleisure.com/products/brown-silhouette-zip-top
2026-09-20,Cava Athleisure,Steel Blue Graphic Oversized Tee - Men,S,MTS1602PNYS,699.0,1,0,699.0,1,https://cavaathleisure.com/products/steel-blue-graphic-oversized-tee-men
2026-09-20,Cava Athleisure,Burgundy Contrast Trim Top,S,WSB1401RDS,630.0,1,0,630.0,11,https://cavaathleisure.com/products/burgundy-contrast-trim-top
2026-09-20,Cava Athleisure,Burgundy Contrast Trim Top,M,WSB1401RDM,630.0,3,0,1890.0,17,https://cavaathleisure.com/products/burgundy-contrast-trim-top
2026-09-20,Cava Athleisure,Charcoal Stride Golf Shorts,30,MSH112BL30,1049.0,1,0,1049.0,27,https://cavaathleisure.com/products/charcoal-stride-golf-shorts
2026-09-20,Cava Athleisure,Black Hourglass Snug Leggings,XS,WLG1010BKXS,1299.0,1,0,1299.0,153,https://cavaathleisure.com/products/black-hourglass-snug-leggings
2026-09-20,Cava Athleisure,Black Hourglass Snug Leggings,S,WLG1010BKS,1299.0,1,0,1299.0,423,https://cavaathleisure.com/products/black-hourglass-snug-leggings
2026-09-20,Cava Athleisure,Black Hourglass Snug Leggings,M,WLG1010BKM,1299.0,9,0,11691.0,317,https://cavaathleisure.com/products/black-hourglass-snug-leggings
2026-09-20,Cava Athleisure,Black Hourglass Snug Leggings,L,WLG1010BKL,1299.0,10,0,12990.0,276,https://cavaathleisure.com/products/black-hourglass-snug-leggings
2026-09-20,Cava Athleisure,Black Hourglass Snug Leggings,XL,WLG1010BKXL,1299.0,6,0,7794.0,193,https://cavaathleisure.com/products/black-hourglass-snug-leggings
2026-09-20,Cava Athleisure,Black Hourglass Snug Leggings,XXL,WLG1010BKXXL,1299.0,1,0,1299.0,126,https://cavaathleisure.com/products/black-hourglass-snug-leggings
2026-09-20,Cava Athleisure,Brown Hourglass Snug Leggings,S,WLG1010BNS,1299.0,2,0,2598.0,15,https://cavaathleisure.com/products/brown-hourglass-snug-leggings
2026-09-20,Cava Athleisure,Brown Hourglass Snug Leggings,M,WLG1010BNM,1299.0,7,0,9093.0,112,https://cavaathleisure.com/products/brown-hourglass-snug-leggings
2026-09-20,Cava Athleisure,Brown Hourglass Snug Leggings,L,WLG1010BNL,1299.0,1,0,1299.0,38,https://cavaathleisure.com/products/brown-hourglass-snug-leggings
2026-09-20,Cava Athleisure,Black Hourglass Booty Shorts,XS,WSH1008BKXS,1099.0,4,0,4396.0,266,https://cavaathleisure.com/products/black-hourglass-booty-shorts
2026-09-20,Cava Athleisure,Black Hourglass Booty Shorts,S,WSH1008BKS,1099.0,7,0,7693.0,948,https://cavaathleisure.com/products/black-hourglass-booty-shorts
2026-09-20,Cava Athleisure,Black Hourglass Booty Shorts,M,WSH1008BKM,1099.0,8,0,8792.0,580,https://cavaathleisure.com/products/black-hourglass-booty-shorts
2026-09-20,Cava Athleisure,Black Hourglass Booty Shorts,L,WSH1008BKL,1099.0,4,0,4396.0,227,https://cavaathleisure.com/products/black-hourglass-booty-shorts
2026-09-20,Cava Athleisure,Black Hourglass Booty Shorts,XL,WSH1008BKXL,1099.0,6,0,6594.0,116,https://cavaathleisure.com/products/black-hourglass-booty-shorts
2026-09-20,Cava Athleisure,Black Hourglass Booty Shorts,XXL,WSH1008BKXXL,1099.0,1,0,1099.0,46,https://cavaathleisure.com/products/black-hourglass-booty-shorts
2026-09-20,Cava Athleisure,Black Hyper Mesh Sports Bra,XS,WSB102BKXS,1499.0,1,0,1499.0,59,https://cavaathleisure.com/products/black-hyper-mesh-sports-bra
2026-09-20,Cava Athleisure,Black Hyper Mesh Sports Bra,S,WSB102BKS,1499.0,1,0,1499.0,137,https://cavaathleisure.com/products/black-hyper-mesh-sports-bra
2026-09-20,Cava Athleisure,Black Hyper Mesh Sports Bra,M,WSB102BKM,1499.0,3,0,4497.0,207,https://cavaathleisure.com/products/black-hyper-mesh-sports-bra
2026-09-20,Cava Athleisure,Black Hyper Mesh Sports Bra,L,WSB102BKL,1499.0,1,0,1499.0,85,https://cavaathleisure.com/products/black-hyper-mesh-sports-bra
2026-09-20,Cava Athleisure,Black Hyper Mesh Sports Bra,XL,WSB102BKXL,1499.0,2,0,2998.0,84,https://cavaathleisure.com/products/black-hyper-mesh-sports-bra
2026-09-20,Cava Athleisure,Olive Wide Cargo Joggers,M,WJR5BEL532GRM,678.0,1,0,678.0,10,https://cavaathleisure.com/products/olive-wide-cargo-joggers
2026-09-20,Cava Athleisure,Ruby Aerial Leggings,XS,WLG10Set12RDXS,999.0,1,0,999.0,35,https://cavaathleisure.com/products/ruby-aerial-leggings
2026-09-20,Cava Athleisure,Ruby Aerial Leggings,S,WLG10Set12RDS,999.0,2,0,1998.0,113,https://cavaathleisure.com/products/ruby-aerial-leggings
2026-09-20,Cava Athleisure,Ruby Aerial Leggings,XL,WLG10Set12RDXL,999.0,1,0,999.0,31,https://cavaathleisure.com/products/ruby-aerial-leggings
2026-09-20,Cava Athleisure,Navy Overlap Tee,L,WTP1SET2NYL,999.0,1,0,999.0,2,https://cavaathleisure.com/products/navy-overlap-tee
2026-09-20,Cava Athleisure,Clay Airy Resort Shirt,S,MTP1CS116BGS,1050.0,1,0,1050.0,18,https://cavaathleisure.com/products/clay-airy-resort-shirt
2026-09-20,Cava Athleisure,"Black 5"" Train-In Shorts",36,MSH1CS119BK36,1499.0,1,0,1499.0,45,https://cavaathleisure.com/products/black-5-train-in-shorts
2026-09-20,Cava Athleisure,White Ace Bond Polo,XXL,MTS1CS122WHXXL,1299.0,1,0,1299.0,0,https://cavaathleisure.com/products/white-ace-bond-polo
2026-09-20,Cava Athleisure,Pink Cross Back Sports Bra,XS,WSB14SET1PUXS,1199.0,5,0,5995.0,130,https://cavaathleisure.com/products/pink-cross-back-sports-bra
2026-09-20,Cava Athleisure,Pink Cross Back Sports Bra,S,WSB14SET1PUS,1199.0,8,0,9592.0,114,https://cavaathleisure.com/products/pink-cross-back-sports-bra
2026-09-20,Cava Athleisure,Pink Cross Back Sports Bra,M,WSB14SET1PUM,1199.0,6,0,7194.0,193,https://cavaathleisure.com/products/pink-cross-back-sports-bra
2026-09-20,Cava Athleisure,Pink Cross Back Sports Bra,L,WSB14SET1PUL,1199.0,4,0,4796.0,93,https://cavaathleisure.com/products/pink-cross-back-sports-bra
2026-09-20,Cava Athleisure,Pink Cross Back Sports Bra,XL,WSB14SET1PUXL,1199.0,4,0,4796.0,35,https://cavaathleisure.com/products/pink-cross-back-sports-bra
2026-09-20,Cava Athleisure,Pink Cross Back Sports Bra,XXL,WSB14SET1PUXXL,1199.0,1,0,1199.0,42,https://cavaathleisure.com/products/pink-cross-back-sports-bra
2026-09-20,Cava Athleisure,Moscow Blue Cross Back Sports Bra,XS,WSB14SET1BLXS,1199.0,1,0,1199.0,296,https://cavaathleisure.com/products/moscow-blue-cross-back-sports-bra
2026-09-20,Cava Athleisure,Moscow Blue Cross Back Sports Bra,S,WSB14SET1BLS,1199.0,4,0,4796.0,212,https://cavaathleisure.com/products/moscow-blue-cross-back-sports-bra
2026-09-20,Cava Athleisure,Moscow Blue Cross Back Sports Bra,M,WSB14SET1BLM,1199.0,8,0,9592.0,342,https://cavaathleisure.com/products/moscow-blue-cross-back-sports-bra
2026-09-20,Cava Athleisure,Moscow Blue Cross Back Sports Bra,L,WSB14SET1BLL,1199.0,1,0,1199.0,346,https://cavaathleisure.com/products/moscow-blue-cross-back-sports-bra
2026-09-20,Cava Athleisure,Moscow Blue Cross Back Sports Bra,XL,WSB14SET1BLXL,1199.0,3,0,3597.0,93,https://cavaathleisure.com/products/moscow-blue-cross-back-sports-bra
2026-09-20,Cava Athleisure,Moscow Blue Cross Back Sports Bra,XXL,WSB14SET1BLXXL,1199.0,1,0,1199.0,73,https://cavaathleisure.com/products/moscow-blue-cross-back-sports-bra
2026-09-20,Cava Athleisure,Black Techpique Sleeveless Polo,S,WTP10CS04BKS,800.0,1,0,800.0,48,https://cavaathleisure.com/products/black-techpique-sleeveless-polo
2026-09-20,Cava Athleisure,Pink Techpique Sleeveless Polo,S,WTP10CS04PNS,800.0,2,0,1600.0,27,https://cavaathleisure.com/products/pink-techpique-sleeveless-polo
2026-09-20,Cava Athleisure,Black High Impact Sports Bra,XS,WSB1CS02BKXS,1299.0,2,0,2598.0,70,https://cavaathleisure.com/products/black-impact-sport-bra
2026-09-20,Cava Athleisure,Black High Impact Sports Bra,S,WSB1CS02BKS,1299.0,2,0,2598.0,0,https://cavaathleisure.com/products/black-impact-sport-bra
2026-09-20,Cava Athleisure,Black High Impact Sports Bra,M,WSB1CS02BKM,1299.0,2,0,2598.0,0,https://cavaathleisure.com/products/black-impact-sport-bra
2026-09-20,Cava Athleisure,Ruby High Impact Sports Bra,S,WSB1CS02RDS,1299.0,8,0,10392.0,16,https://cavaathleisure.com/products/ruby-impact-sport-bra
2026-09-20,Cava Athleisure,Ruby High Impact Sports Bra,M,WSB1CS02RDM,1299.0,10,0,12990.0,58,https://cavaathleisure.com/products/ruby-impact-sport-bra
2026-09-20,Cava Athleisure,Ruby High Impact Sports Bra,L,WSB1CS02RDL,1299.0,6,0,7794.0,0,https://cavaathleisure.com/products/ruby-impact-sport-bra
2026-09-20,Cava Athleisure,Ruby High Impact Sports Bra,XL,WSB1CS02RDXL,1299.0,2,0,2598.0,31,https://cavaathleisure.com/products/ruby-impact-sport-bra
2026-09-20,Cava Athleisure,Ruby High Impact Sports Bra,XXL,WSB1CS02RDXXL,1299.0,1,0,1299.0,4,https://cavaathleisure.com/products/ruby-impact-sport-bra
2026-09-20,Cava Athleisure,Black Ultra Support Sports Bra,XS,WSB1CS01BKXS,1399.0,1,0,1399.0,104,https://cavaathleisure.com/products/black-all-square-sports-bra
2026-09-20,Cava Athleisure,Black Ultra Support Sports Bra,S,WSB1CS01BKS,1399.0,3,0,4197.0,197,https://cavaathleisure.com/products/black-all-square-sports-bra
2026-09-20,Cava Athleisure,Black Ultra Support Sports Bra,M,WSB1CS01BKM,1399.0,3,0,4197.0,160,https://cavaathleisure.com/products/black-all-square-sports-bra
2026-09-20,Cava Athleisure,Black Ultra Support Sports Bra,L,WSB1CS01BKL,1399.0,6,0,8394.0,92,https://cavaathleisure.com/products/black-all-square-sports-bra
2026-09-20,Cava Athleisure,Black Ultra Support Sports Bra,XL,WSB1CS01BKXL,1399.0,1,0,1399.0,1,https://cavaathleisure.com/products/black-all-square-sports-bra
2026-09-20,Cava Athleisure,Lilac Ultra Support Sports Bra,XS,WSB1CS01PUXS,1399.0,0,1,0.0,109,https://cavaathleisure.com/products/lilac-all-square-sports-bra
2026-09-20,Cava Athleisure,Lilac Ultra Support Sports Bra,M,WSB1CS01PUM,1399.0,2,0,2798.0,131,https://cavaathleisure.com/products/lilac-all-square-sports-bra
2026-09-20,Cava Athleisure,Lilac Ultra Support Sports Bra,L,WSB1CS01PUL,1399.0,1,0,1399.0,122,https://cavaathleisure.com/products/lilac-all-square-sports-bra
2026-09-20,Cava Athleisure,Lilac Ultra Support Sports Bra,XL,WSB1CS01PUXL,1399.0,2,0,2798.0,50,https://cavaathleisure.com/products/lilac-all-square-sports-bra
2026-09-20,Cava Athleisure,Ruby Ultra Support Sports Bra,S,WSB1CS01RDS,1399.0,1,0,1399.0,504,https://cavaathleisure.com/products/ruby-all-square-sports-bra
2026-09-20,Cava Athleisure,Ruby Ultra Support Sports Bra,M,WSB1CS01RDM,1399.0,1,0,1399.0,819,https://cavaathleisure.com/products/ruby-all-square-sports-bra
2026-09-20,Cava Athleisure,Ruby Ultra Support Sports Bra,L,WSB1CS01RDL,1399.0,4,0,5596.0,614,https://cavaathleisure.com/products/ruby-all-square-sports-bra
2026-09-20,Cava Athleisure,Pink Plie Pleated Skort,XS,WSK10CS06PNXS,1699.0,3,0,5097.0,206,https://cavaathleisure.com/products/pink-pliee-pleated-skort
2026-09-20,Cava Athleisure,Black Plie Pleated Skort,XS,WSK10CS06BKXS,1699.0,1,0,1699.0,195,https://cavaathleisure.com/products/black-pliee-pleated-skort
2026-09-20,Cava Athleisure,Black Plie Pleated Skort,S,WSK10CS06BKS,1699.0,3,0,5097.0,285,https://cavaathleisure.com/products/black-pliee-pleated-skort
2026-09-20,Cava Athleisure,Black Plie Pleated Skort,M,WSK10CS06BKM,1699.0,2,0,3398.0,57,https://cavaathleisure.com/products/black-pliee-pleated-skort
2026-09-20,Cava Athleisure,Navy Plie Pleated Skort,XS,WSK10CS06NYXS,1699.0,1,0,1699.0,210,https://cavaathleisure.com/products/navy-pliee-pleated-skort
2026-09-20,Cava Athleisure,Navy Plie Pleated Skort,M,WSK10CS06NYM,1699.0,0,1,0.0,59,https://cavaathleisure.com/products/navy-pliee-pleated-skort
2026-09-20,Cava Athleisure,Navy Plie Pleated Skort,L,WSK10CS06NYL,1699.0,0,1,0.0,1,https://cavaathleisure.com/products/navy-pliee-pleated-skort
2026-09-20,Cava Athleisure,Ivory Plie Pleated Skort,XS,WSK10CS06WHXS,1699.0,4,0,6796.0,194,https://cavaathleisure.com/products/ivory-pliee-pleated-skort
2026-09-20,Cava Athleisure,Ivory Plie Pleated Skort,M,WSK10CS06WHM,1699.0,1,0,1699.0,61,https://cavaathleisure.com/products/ivory-pliee-pleated-skort
2026-09-20,Cava Athleisure,Ivory Plie Pleated Skort,L,WSK10CS06WHL,1699.0,3,0,5097.0,61,https://cavaathleisure.com/products/ivory-pliee-pleated-skort
2026-09-20,Cava Athleisure,Ivory Courtside Dress,L,WDR1CS07WHL,1050.0,1,0,1050.0,2,https://cavaathleisure.com/products/ivory-courtside-dress
2026-09-20,Cava Athleisure,Green Aerial Leggings,XS,WLG10SET12GRXS,999.0,1,0,999.0,10,https://cavaathleisure.com/products/green-aerial-leggings
2026-09-20,Cava Athleisure,Green Aerial Leggings,S,WLG10SET12GRS,999.0,1,0,999.0,29,https://cavaathleisure.com/products/green-aerial-leggings
2026-09-20,Cava Athleisure,Pink Sculptor Jacket,XS,WJK10Set5PNXS,1799.0,3,0,5397.0,23,https://cavaathleisure.com/products/pink-sculptor-jacket
2026-09-20,Cava Athleisure,Pink Sculptor Jacket,S,WJK10Set5PNS,1799.0,6,0,10794.0,204,https://cavaathleisure.com/products/pink-sculptor-jacket
2026-09-20,Cava Athleisure,Pink Sculptor Jacket,M,WJK10Set5PNM,1799.0,8,0,14392.0,219,https://cavaathleisure.com/products/pink-sculptor-jacket
2026-09-20,Cava Athleisure,Pink Sculptor Jacket,L,WJK10Set5PNL,1799.0,7,0,12593.0,182,https://cavaathleisure.com/products/pink-sculptor-jacket
2026-09-20,Cava Athleisure,Pink Sculptor Jacket,XL,WJK10Set5PNXL,1799.0,2,0,3598.0,80,https://cavaathleisure.com/products/pink-sculptor-jacket
2026-09-20,Cava Athleisure,Steel Blue Sculptor Jacket,XS,WJK10Set5NYXS,1799.0,1,0,1799.0,106,https://cavaathleisure.com/products/steel-blue-sculptor-jacket
2026-09-20,Cava Athleisure,Steel Blue Sculptor Jacket,M,WJK10Set5NYM,1799.0,1,0,1799.0,546,https://cavaathleisure.com/products/steel-blue-sculptor-jacket
2026-09-20,Cava Athleisure,Steel Blue Sculptor Jacket,L,WJK10Set5NYL,1799.0,4,0,7196.0,297,https://cavaathleisure.com/products/steel-blue-sculptor-jacket
2026-09-20,Cava Athleisure,Steel Blue Sculptor Jacket,XL,WJK10Set5NYXL,1799.0,2,0,3598.0,26,https://cavaathleisure.com/products/steel-blue-sculptor-jacket
2026-09-20,Cava Athleisure,Steel Blue Sculptor Jacket,XXL,WJK10Set5NYXXL,1799.0,1,0,1799.0,53,https://cavaathleisure.com/products/steel-blue-sculptor-jacket
2026-09-20,Cava Athleisure,Navy Everywear Joggers,L,MTR5CS111NYL,1499.0,1,0,1499.0,48,https://cavaathleisure.com/products/navy-everywear-pants
2026-09-20,Cava Athleisure,Black Supima Polo T-shirt - Regular Fit,L,MTS5CS103BKL,1099.0,1,0,1099.0,30,https://cavaathleisure.com/products/black-supima-polo-t-shirt
2026-09-20,Cava Athleisure,Navy Supima V Neck T-shirt - Regular Fit,M,MTS5CS102NYM,749.0,1,0,749.0,38,https://cavaathleisure.com/products/navy-supima-v-neck-t-shirt
2026-09-20,Cava Athleisure,Beige Supima V Neck T-shirt - Regular Fit,L,MTS5CS102BGL,749.0,1,0,749.0,34,https://cavaathleisure.com/products/beige-supima-v-neck-t-shirt
2026-09-20,Cava Athleisure,Pink Super Stretch Brami,XL,WSB9SET3PUXL,1199.0,1,0,1199.0,11,https://cavaathleisure.com/products/pink-super-stretch-brami
2026-09-20,Cava Athleisure,Ivory Tank Us Later Top,XS,TP-GEO-set3-008-YSH-Ivory-XS,1299.0,1,0,1299.0,126,https://cavaathleisure.com/products/ivory-tank-us-later-top
2026-09-20,Cava Athleisure,Ivory Tank Us Later Top,S,TP-GEO-set3-008-YSH-Ivory-S,1299.0,1,0,1299.0,231,https://cavaathleisure.com/products/ivory-tank-us-later-top
2026-09-20,Cava Athleisure,Ivory Tank Us Later Top,M,TP-GEO-set3-008-YSH-Ivory-M,1299.0,3,0,3897.0,244,https://cavaathleisure.com/products/ivory-tank-us-later-top
2026-09-20,Cava Athleisure,Ruby Tank Us Later Top,S,TP-GEO-set3-008-YSH-Burgundy-S,1299.0,4,0,5196.0,136,https://cavaathleisure.com/products/ruby-tank-us-later-top
2026-09-20,Cava Athleisure,Ruby Tank Us Later Top,M,TP-GEO-set3-008-YSH-Burgundy-M,1299.0,3,0,3897.0,181,https://cavaathleisure.com/products/ruby-tank-us-later-top
2026-09-20,Cava Athleisure,Steel Blue Swirl Tennis Skorts,S,BTM-ying-set4-skort-blue-S,1399.0,1,0,1399.0,101,https://cavaathleisure.com/products/steel-blue-swirl-tennis-skorts
2026-09-20,Cava Athleisure,Steel Blue Swirl Tennis Skorts,M,BTM-ying-set4-skort-blue-M,1399.0,3,0,4197.0,138,https://cavaathleisure.com/products/steel-blue-swirl-tennis-skorts
2026-09-20,Cava Athleisure,Sky Blue Sculpt Leggings,M,BEL511-Vamos-104-Lightblue-M,900.0,1,0,900.0,77,https://cavaathleisure.com/products/sky-blue-sculpt-leggings
2026-09-20,Cava Athleisure,Sky Blue Sculpt Leggings,XL,BEL511-Vamos-104-Lightblue-XL,900.0,1,0,900.0,1,https://cavaathleisure.com/products/sky-blue-sculpt-leggings
2026-09-20,Cava Athleisure,Sky Blue Sculpt Leggings,XXL,BEL511-Vamos-104-Lightblue-XXL,900.0,1,0,900.0,3,https://cavaathleisure.com/products/sky-blue-sculpt-leggings
2026-09-20,Cava Athleisure,Lilac Swirl Tennis Skorts,XS,BTM-ying-set4-skort-purple-XS,1399.0,2,0,2798.0,12,https://cavaathleisure.com/products/lilac-swirl-tennis-skort
2026-09-20,Cava Athleisure,Lilac Swirl Tennis Skorts,S,BTM-ying-set4-skort-purple-S,1399.0,2,0,2798.0,29,https://cavaathleisure.com/products/lilac-swirl-tennis-skort
2026-09-20,Cava Athleisure,Lilac Swirl Tennis Skorts,L,BTM-ying-set4-skort-purple-L,1399.0,1,0,1399.0,0,https://cavaathleisure.com/products/lilac-swirl-tennis-skort
2026-09-20,Cava Athleisure,Lilac Swirl Tennis Skorts,XL,BTM-ying-set4-skort-purple-XL,1399.0,1,0,1399.0,8,https://cavaathleisure.com/products/lilac-swirl-tennis-skort
2026-09-20,Cava Athleisure,Purple All-Day Flex Flare Pants,XS,WFB14SET1PUXS,920.0,1,0,920.0,6,https://cavaathleisure.com/products/purple-all-day-flex-flare-pants
2026-09-20,Cava Athleisure,Cappucino Cava Essential Sweatshirt,M,TP536-VAMOS-98-CAPPUCCINO-M,1199.0,1,0,1199.0,268,https://cavaathleisure.com/products/cappucino-cava-essential-sweatshirt
2026-09-20,Cava Athleisure,Cappucino Cava Essential Sweatshirt,XL,TP536-VAMOS-98-CAPPUCCINO-XL,1199.0,2,0,2398.0,144,https://cavaathleisure.com/products/cappucino-cava-essential-sweatshirt
2026-09-20,Cava Athleisure,Cappucino Cava Essential Sweatshirt,XXL,TP536-VAMOS-98-CAPPUCCINO-XXL,1199.0,2,0,2398.0,84,https://cavaathleisure.com/products/cappucino-cava-essential-sweatshirt
2026-09-20,Cava Athleisure,Blue Ease Wrap Top,S,TP-para-AWLC09-Poseidon-S,660.0,1,0,660.0,4,https://cavaathleisure.com/products/azure-ease-wrap-top
2026-09-20,Cava Athleisure,Blue Offgrid Cargos,S,BTM-shiv-AWLC07-Provincial-blue-S,875.0,1,0,875.0,6,https://cavaathleisure.com/products/blue-offgrid-cargos
2026-09-20,Cava Athleisure,Blush Overlap Tee,XS,TP-RON-set2-007-RON-Sepia-Rose-XS,999.0,1,0,999.0,43,https://cavaathleisure.com/products/blush-overlap-tee
2026-09-20,Cava Athleisure,White Cross Back Sports Bra,XS,TP-RON-set1-019-MNO-Coconut-Milk-XS,1199.0,3,0,3597.0,30,https://cavaathleisure.com/products/white-cross-back-sports-bra
2026-09-20,Cava Athleisure,White Cross Back Sports Bra,S,TP-RON-set1-019-MNO-Coconut-Milk-S,1199.0,7,0,8393.0,262,https://cavaathleisure.com/products/white-cross-back-sports-bra
2026-09-20,Cava Athleisure,White Cross Back Sports Bra,M,TP-RON-set1-019-MNO-Coconut-Milk-M,1199.0,16,0,19184.0,130,https://cavaathleisure.com/products/white-cross-back-sports-bra
2026-09-20,Cava Athleisure,White Cross Back Sports Bra,L,TP-RON-set1-019-MNO-Coconut-Milk-L,1199.0,3,0,3597.0,83,https://cavaathleisure.com/products/white-cross-back-sports-bra
2026-09-20,Cava Athleisure,White Cross Back Sports Bra,XL,TP-RON-set1-019-MNO-Coconut-Milk-XL,1199.0,3,0,3597.0,85,https://cavaathleisure.com/products/white-cross-back-sports-bra
2026-09-20,Cava Athleisure,White Cross Back Sports Bra,XXL,TP-RON-set1-019-MNO-Coconut-Milk-XXL,1199.0,2,0,2398.0,94,https://cavaathleisure.com/products/white-cross-back-sports-bra
2026-09-20,Cava Athleisure,Black Aerial Leggings,XS,BTM-RON-set12-CK1429-Black-XS,999.0,2,0,1998.0,1,https://cavaathleisure.com/products/black-aerial-leggings
2026-09-20,Cava Athleisure,Black Aerial Leggings,S,BTM-RON-set12-CK1429-Black-S,999.0,2,0,1998.0,36,https://cavaathleisure.com/products/black-aerial-leggings
2026-09-20,Cava Athleisure,Black Cross Back Sports Bra,XS,TP-RON-set1-019-MNO-Jet-Black-XS,1199.0,7,0,8393.0,363,https://cavaathleisure.com/products/black-cross-back-sports-bra
2026-09-20,Cava Athleisure,Black Cross Back Sports Bra,S,TP-RON-set1-019-MNO-Jet-Black-S,1199.0,14,0,16786.0,1764,https://cavaathleisure.com/products/black-cross-back-sports-bra
2026-09-20,Cava Athleisure,Black Cross Back Sports Bra,M,TP-RON-set1-019-MNO-Jet-Black-M,1199.0,17,0,20383.0,1511,https://cavaathleisure.com/products/black-cross-back-sports-bra
2026-09-20,Cava Athleisure,Black Cross Back Sports Bra,L,TP-RON-set1-019-MNO-Jet-Black-L,1199.0,6,0,7194.0,1056,https://cavaathleisure.com/products/black-cross-back-sports-bra
2026-09-20,Cava Athleisure,Black Cross Back Sports Bra,XL,TP-RON-set1-019-MNO-Jet-Black-XL,1199.0,5,0,5995.0,608,https://cavaathleisure.com/products/black-cross-back-sports-bra
2026-09-20,Cava Athleisure,Black Cross Back Sports Bra,XXL,TP-RON-set1-019-MNO-Jet-Black-XXL,1199.0,3,0,3597.0,335,https://cavaathleisure.com/products/black-cross-back-sports-bra
2026-09-20,Cava Athleisure,Black Super Stretch Brami,XS,TP-RON-set3-006-RON-Jet-Black-XS,1199.0,2,0,2398.0,220,https://cavaathleisure.com/products/black-super-stretch-brami
2026-09-20,Cava Athleisure,Black Super Stretch Brami,S,TP-RON-set3-006-RON-Jet-Black-S,1199.0,4,0,4796.0,493,https://cavaathleisure.com/products/black-super-stretch-brami
2026-09-20,Cava Athleisure,Black Super Stretch Brami,M,TP-RON-set3-006-RON-Jet-Black-M,1199.0,0,77,0.0,566,https://cavaathleisure.com/products/black-super-stretch-brami
2026-09-20,Cava Athleisure,Black Super Stretch Brami,XL,TP-RON-set3-006-RON-Jet-Black-XL,1199.0,3,0,3597.0,80,https://cavaathleisure.com/products/black-super-stretch-brami
2026-09-20,Cava Athleisure,Black Super Stretch Brami,XXL,TP-RON-set3-006-RON-Jet-Black-XXL,1199.0,2,0,2398.0,98,https://cavaathleisure.com/products/black-super-stretch-brami
2026-09-20,Cava Athleisure,Black Sky-Rise Leggings,XS,BTM-RON-set3-RON-Jet-Black-XS,1299.0,1,0,1299.0,250,https://cavaathleisure.com/products/black-sky-rise-leggings
2026-09-20,Cava Athleisure,Black Sky-Rise Leggings,S,BTM-RON-set3-RON-Jet-Black-S,1299.0,3,0,3897.0,334,https://cavaathleisure.com/products/black-sky-rise-leggings
2026-09-20,Cava Athleisure,Black Sky-Rise Leggings,M,BTM-RON-set3-RON-Jet-Black-M,1299.0,4,0,5196.0,244,https://cavaathleisure.com/products/black-sky-rise-leggings
2026-09-20,Cava Athleisure,Black Sky-Rise Leggings,L,BTM-RON-set3-RON-Jet-Black-L,1299.0,5,0,6495.0,267,https://cavaathleisure.com/products/black-sky-rise-leggings
2026-09-20,Cava Athleisure,Black Sky-Rise Leggings,XL,BTM-RON-set3-RON-Jet-Black-XL,1299.0,3,0,3897.0,89,https://cavaathleisure.com/products/black-sky-rise-leggings
2026-09-20,Cava Athleisure,Black Sky-Rise Leggings,XXL,BTM-RON-set3-RON-Jet-Black-XXL,1299.0,2,0,2598.0,103,https://cavaathleisure.com/products/black-sky-rise-leggings
2026-09-20,Cava Athleisure,Ruby Super Stretch Brami,S,TP-RON-set3-006-RON-Anemone-S,1199.0,1,0,1199.0,378,https://cavaathleisure.com/products/ruby-super-stretch-brami
2026-09-20,Cava Athleisure,Ruby Super Stretch Brami,M,TP-RON-set3-006-RON-Anemone-M,1199.0,1,0,1199.0,412,https://cavaathleisure.com/products/ruby-super-stretch-brami
2026-09-20,Cava Athleisure,Ruby Super Stretch Brami,L,TP-RON-set3-006-RON-Anemone-L,1199.0,3,0,3597.0,131,https://cavaathleisure.com/products/ruby-super-stretch-brami
2026-09-20,Cava Athleisure,Ruby Super Stretch Brami,XXL,TP-RON-set3-006-RON-Anemone-XXL,1199.0,2,0,2398.0,52,https://cavaathleisure.com/products/ruby-super-stretch-brami
2026-09-20,Cava Athleisure,Ruby Sky-Rise Leggings,M,BTM-RON-set3-RON-Anemone-M,1299.0,2,0,2598.0,587,https://cavaathleisure.com/products/ruby-sky-rise-leggings
2026-09-20,Cava Athleisure,Ruby Sky-Rise Leggings,L,BTM-RON-set3-RON-Anemone-L,1299.0,2,0,2598.0,453,https://cavaathleisure.com/products/ruby-sky-rise-leggings
2026-09-20,Cava Athleisure,Ruby Sky-Rise Leggings,XXL,BTM-RON-set3-RON-Anemone-XXL,1299.0,1,0,1299.0,111,https://cavaathleisure.com/products/ruby-sky-rise-leggings
2026-09-20,Cava Athleisure,Black Racerback Tank,L,TP-RON-set5-032-YSH-Jet-Black-L,1199.0,2,0,2398.0,1,https://cavaathleisure.com/products/black-racerback-tank
2026-09-20,Cava Athleisure,Ruby Racerback Tank,XS,TP-RON-set5-032-YSH-Anemone-XS,1199.0,2,0,2398.0,41,https://cavaathleisure.com/products/ruby-racerback-tank
2026-09-20,Cava Athleisure,Ruby Racerback Tank,S,TP-RON-set5-032-YSH-Anemone-S,1199.0,6,0,7194.0,110,https://cavaathleisure.com/products/ruby-racerback-tank
2026-09-20,Cava Athleisure,Ruby Racerback Tank,M,TP-RON-set5-032-YSH-Anemone-M,1199.0,7,0,8393.0,11,https://cavaathleisure.com/products/ruby-racerback-tank
2026-09-20,Cava Athleisure,Ruby Racerback Tank,L,TP-RON-set5-032-YSH-Anemone-L,1199.0,1,0,1199.0,48,https://cavaathleisure.com/products/ruby-racerback-tank
2026-09-20,Cava Athleisure,Ivory Sculptor Jacket,XS,TP-Reely-set5-jkt-Blanc-de-Blanc-XS,1799.0,3,0,5397.0,78,https://cavaathleisure.com/products/ivory-sculptor-jacket
2026-09-20,Cava Athleisure,Ivory Sculptor Jacket,S,TP-Reely-set5-jkt-Blanc-de-Blanc-S,1799.0,1,0,1799.0,90,https://cavaathleisure.com/products/ivory-sculptor-jacket
2026-09-20,Cava Athleisure,Ivory Sculptor Jacket,M,TP-Reely-set5-jkt-Blanc-de-Blanc-M,1799.0,10,0,17990.0,101,https://cavaathleisure.com/products/ivory-sculptor-jacket
2026-09-20,Cava Athleisure,Ivory Sculptor Jacket,L,TP-Reely-set5-jkt-Blanc-de-Blanc-L,1799.0,2,0,3598.0,17,https://cavaathleisure.com/products/ivory-sculptor-jacket
2026-09-20,Cava Athleisure,Ivory Sculptor Jacket,XL,TP-Reely-set5-jkt-Blanc-de-Blanc-XL,1799.0,1,0,1799.0,52,https://cavaathleisure.com/products/ivory-sculptor-jacket
2026-09-20,Cava Athleisure,Mauve Tank Us Later Top,XS,TP-GEO-set3-008-YSH-Dull-purple-18-XS,1299.0,1,0,1299.0,193,https://cavaathleisure.com/products/mauve-tank-us-later-top
2026-09-20,Cava Athleisure,Mauve Tank Us Later Top,S,TP-GEO-set3-008-YSH-Dull-purple-18-S,1299.0,2,0,2598.0,231,https://cavaathleisure.com/products/mauve-tank-us-later-top
2026-09-20,Cava Athleisure,Mauve Tank Us Later Top,M,TP-GEO-set3-008-YSH-Dull-purple-18-M,1299.0,2,0,2598.0,202,https://cavaathleisure.com/products/mauve-tank-us-later-top
2026-09-20,Cava Athleisure,Mauve Tank Us Later Top,XL,TP-GEO-set3-008-YSH-Dull-purple-18-XL,1299.0,1,0,1299.0,53,https://cavaathleisure.com/products/mauve-tank-us-later-top
2026-09-20,Cava Athleisure,Black Sculptor Jacket,XS,TP-Reely-set5-jkt-Jet-Black-XS,1799.0,3,0,5397.0,64,https://cavaathleisure.com/products/black-sculptor-jacket
2026-09-20,Cava Athleisure,Black Sculptor Jacket,S,TP-Reely-set5-jkt-Jet-Black-S,1799.0,1,0,1799.0,336,https://cavaathleisure.com/products/black-sculptor-jacket
2026-09-20,Cava Athleisure,Black Sculptor Jacket,M,TP-Reely-set5-jkt-Jet-Black-M,1799.0,12,0,21588.0,240,https://cavaathleisure.com/products/black-sculptor-jacket
2026-09-20,Cava Athleisure,Black Sculptor Jacket,L,TP-Reely-set5-jkt-Jet-Black-L,1799.0,6,0,10794.0,46,https://cavaathleisure.com/products/black-sculptor-jacket
2026-09-20,Cava Athleisure,Black Sculptor Jacket,XL,TP-Reely-set5-jkt-Jet-Black-XL,1799.0,3,0,5397.0,40,https://cavaathleisure.com/products/black-sculptor-jacket
2026-09-20,Cava Athleisure,Black Tank Us Later Top,S,TP-GEO-set3-008-YSH-Black-02-S,1299.0,3,0,3897.0,38,https://cavaathleisure.com/products/black-tank-us-later-top
2026-09-20,Cava Athleisure,Black Tank Us Later Top,M,TP-GEO-set3-008-YSH-Black-02-M,1299.0,1,0,1299.0,37,https://cavaathleisure.com/products/black-tank-us-later-top
2026-09-20,Cava Athleisure,Black Swirl Tennis Skorts,XS,BTM-Reely-set4-skirt-Jet-Black-XS,1399.0,4,0,5596.0,515,https://cavaathleisure.com/products/black-swirl-tennis-skorts
2026-09-20,Cava Athleisure,Black Swirl Tennis Skorts,S,BTM-Reely-set4-skirt-Jet-Black-S,1399.0,12,0,16788.0,51,https://cavaathleisure.com/products/black-swirl-tennis-skorts
2026-09-20,Cava Athleisure,Black Swirl Tennis Skorts,S,WSKSET4L45BKS,1399.0,1,0,1399.0,37,https://cavaathleisure.com/products/black-swirl-tennis-skorts
2026-09-20,Cava Athleisure,Black Swirl Tennis Skorts,M,WSKSET4L45BKM,1399.0,4,0,5596.0,35,https://cavaathleisure.com/products/black-swirl-tennis-skorts
2026-09-20,Cava Athleisure,Black Swirl Tennis Skorts,L,BTM-Reely-set4-skirt-Jet-Black-L,1399.0,1,0,1399.0,0,https://cavaathleisure.com/products/black-swirl-tennis-skorts
2026-09-20,Cava Athleisure,Black Swirl Tennis Skorts,L,WSKSET4L45BKL,1399.0,6,0,8394.0,52,https://cavaathleisure.com/products/black-swirl-tennis-skorts
2026-09-20,Cava Athleisure,Black Swirl Tennis Skorts,XL,BTM-Reely-set4-skirt-Jet-Black-XL,1399.0,1,0,1399.0,0,https://cavaathleisure.com/products/black-swirl-tennis-skorts
2026-09-20,Cava Athleisure,Black Swirl Tennis Skorts,XL,WSKSET4L45BKXL,1399.0,0,1,0.0,1,https://cavaathleisure.com/products/black-swirl-tennis-skorts
2026-09-20,Cava Athleisure,Black Swirl Tennis Skorts,XXL,BTM-Reely-set4-skirt-Jet-Black-XXL,1399.0,1,0,1399.0,13,https://cavaathleisure.com/products/black-swirl-tennis-skorts
2026-09-20,Cava Athleisure,Black Swirl Tennis Skorts,XXL,WSKSET4L45BKXXL,1399.0,1,0,1399.0,16,https://cavaathleisure.com/products/black-swirl-tennis-skorts
2026-09-20,Cava Athleisure,Ivory Swirl Tennis Skorts,XS,BTM-Reely-set4-skirt-Blanc-de-Blanc-XS,1399.0,4,0,5596.0,39,https://cavaathleisure.com/products/ivory-swirl-tennis-skorts
2026-09-20,Cava Athleisure,Ivory Swirl Tennis Skorts,S,BTM-Reely-set4-skirt-Blanc-de-Blanc-S,1399.0,2,0,2798.0,16,https://cavaathleisure.com/products/ivory-swirl-tennis-skorts
2026-09-20,Cava Athleisure,Ivory Swirl Tennis Skorts,M,BTM-Reely-set4-skirt-Blanc-de-Blanc-M,1399.0,5,0,6995.0,15,https://cavaathleisure.com/products/ivory-swirl-tennis-skorts
2026-09-20,Cava Athleisure,Ivory Swirl Tennis Skorts,M,WSKSET4L45WHM,1399.0,1,0,1399.0,143,https://cavaathleisure.com/products/ivory-swirl-tennis-skorts
2026-09-20,Cava Athleisure,Ivory Swirl Tennis Skorts,L,WSKSET4L45WHL,1399.0,2,0,2798.0,63,https://cavaathleisure.com/products/ivory-swirl-tennis-skorts
2026-09-20,Cava Athleisure,Ivory Swirl Tennis Skorts,XL,BTM-Reely-set4-skirt-Blanc-de-Blanc-XL,1399.0,2,0,2798.0,13,https://cavaathleisure.com/products/ivory-swirl-tennis-skorts
2026-09-20,Cava Athleisure,Ivory Swirl Tennis Skorts,XXL,BTM-Reely-set4-skirt-Blanc-de-Blanc-XXL,1399.0,1,0,1399.0,26,https://cavaathleisure.com/products/ivory-swirl-tennis-skorts
2026-09-20,Cava Athleisure,Obsidian Black Silhouette Zip Top,XL,TP-CAVA-ACU03-Black-XL,850.0,1,0,850.0,1,https://cavaathleisure.com/products/obsidian-black-silhouette-zip-top
2026-09-20,Cava Athleisure,Slate Blue Seamless Cinched Activewear Set,S,TP/BTM-UD-Light-blue-S/M,1949.0,2,0,3898.0,208,https://cavaathleisure.com/products/slate-blue-seamless-cinched-activewear-set
2026-09-20,Cava Athleisure,Slate Blue Seamless Cinched Activewear Set,S,TP/BTM-UD-Light-blue-S/L,1949.0,4,0,7796.0,91,https://cavaathleisure.com/products/slate-blue-seamless-cinched-activewear-set
2026-09-20,Cava Athleisure,Slate Blue Seamless Cinched Activewear Set,M,TP/BTM-UD-Light-blue-M/S,1949.0,1,0,1949.0,241,https://cavaathleisure.com/products/slate-blue-seamless-cinched-activewear-set
2026-09-20,Cava Athleisure,Slate Blue Seamless Cinched Activewear Set,M,TP/BTM-UD-Light-blue-M/M,1949.0,2,0,3898.0,208,https://cavaathleisure.com/products/slate-blue-seamless-cinched-activewear-set
2026-09-20,Cava Athleisure,Slate Blue Seamless Cinched Activewear Set,M,TP/BTM-UD-Light-blue-M/L,1949.0,4,0,7796.0,91,https://cavaathleisure.com/products/slate-blue-seamless-cinched-activewear-set
2026-09-20,Cava Athleisure,Slate Blue Seamless Cinched Activewear Set,L,TP/BTM-UD-Light-blue-L/L,1949.0,4,0,7796.0,91,https://cavaathleisure.com/products/slate-blue-seamless-cinched-activewear-set
2026-09-20,Cava Athleisure,Raven Black Seamless Cinched Activewear set,S,TP/BTM-UD-Jet-Black-S/S,1949.0,4,0,7796.0,358,https://cavaathleisure.com/products/raven-black-seamless-cinched-activewear-set
2026-09-20,Cava Athleisure,Raven Black Seamless Cinched Activewear set,S,TP/BTM-UD-Jet-Black-S/M,1949.0,10,0,19490.0,372,https://cavaathleisure.com/products/raven-black-seamless-cinched-activewear-set
2026-09-20,Cava Athleisure,Raven Black Seamless Cinched Activewear set,S,TP/BTM-UD-Jet-Black-S/L,1949.0,2,0,3898.0,439,https://cavaathleisure.com/products/raven-black-seamless-cinched-activewear-set
2026-09-20,Cava Athleisure,Raven Black Seamless Cinched Activewear set,M,TP/BTM-UD-Jet-Black-M/S,1949.0,4,0,7796.0,406,https://cavaathleisure.com/products/raven-black-seamless-cinched-activewear-set
2026-09-20,Cava Athleisure,Raven Black Seamless Cinched Activewear set,M,TP/BTM-UD-Jet-Black-M/M,1949.0,10,0,19490.0,420,https://cavaathleisure.com/products/raven-black-seamless-cinched-activewear-set
2026-09-20,Cava Athleisure,Raven Black Seamless Cinched Activewear set,M,TP/BTM-UD-Jet-Black-M/L,1949.0,2,0,3898.0,487,https://cavaathleisure.com/products/raven-black-seamless-cinched-activewear-set
2026-09-20,Cava Athleisure,Raven Black Seamless Cinched Activewear set,L,TP/BTM-UD-Jet-Black-L/S,1949.0,4,0,7796.0,394,https://cavaathleisure.com/products/raven-black-seamless-cinched-activewear-set
2026-09-20,Cava Athleisure,Raven Black Seamless Cinched Activewear set,L,TP/BTM-UD-Jet-Black-L/M,1949.0,10,0,19490.0,408,https://cavaathleisure.com/products/raven-black-seamless-cinched-activewear-set
2026-09-20,Cava Athleisure,Raven Black Seamless Cinched Activewear set,L,TP/BTM-UD-Jet-Black-L/L,1949.0,3,0,5847.0,458,https://cavaathleisure.com/products/raven-black-seamless-cinched-activewear-set
2026-09-20,Cava Athleisure,Auburn Seamless Cinched Activewear Set,M,TP/BTM-UD-Wine-red-M/S,1949.0,3,0,5847.0,148,https://cavaathleisure.com/products/auburn-seamless-cinched-activewear-set
2026-09-20,Cava Athleisure,Auburn Seamless Cinched Activewear Set,M,TP/BTM-UD-Wine-red-M/M,1949.0,3,0,5847.0,148,https://cavaathleisure.com/products/auburn-seamless-cinched-activewear-set
2026-09-20,Cava Athleisure,Auburn Seamless Cinched Activewear Set,M,TP/BTM-UD-Wine-red-M/L,1949.0,3,0,5847.0,148,https://cavaathleisure.com/products/auburn-seamless-cinched-activewear-set
2026-09-20,Cava Athleisure,Auburn Contoured Seamless Sports Bra,M,TP-UD-Wine red-M,999.0,3,0,2997.0,149,https://cavaathleisure.com/products/auburn-contoured-seamless-sports-bra
2026-09-20,Cava Athleisure,Auburn Seamless Cinched Leggings,S,BTM-UD-Wine red-S,1099.0,2,0,2198.0,836,https://cavaathleisure.com/products/auburn-seamless-cinched-leggings
2026-09-20,Cava Athleisure,Auburn Seamless Cinched Leggings,M,BTM-UD-Wine red-M,1099.0,1,0,1099.0,655,https://cavaathleisure.com/products/auburn-seamless-cinched-leggings
2026-09-20,Cava Athleisure,Auburn Seamless Cinched Leggings,L,BTM-UD-Wine red-L,1099.0,2,0,2198.0,453,https://cavaathleisure.com/products/auburn-seamless-cinched-leggings
2026-09-20,Cava Athleisure,Auburn Seamless Cinched Leggings,XL,BTM-UD-wine-red-XL,1099.0,3,0,3297.0,161,https://cavaathleisure.com/products/auburn-seamless-cinched-leggings
2026-09-20,Cava Athleisure,Raven Black Seamless Cinched Leggings,XS,BTM-UD-Jet-Black-XS,1099.0,1,0,1099.0,376,https://cavaathleisure.com/products/raven-black-seamless-cinched-leggings
2026-09-20,Cava Athleisure,Raven Black Seamless Cinched Leggings,S,BTM-UD-Jet-Black-S,1099.0,4,0,4396.0,714,https://cavaathleisure.com/products/raven-black-seamless-cinched-leggings
2026-09-20,Cava Athleisure,Raven Black Seamless Cinched Leggings,M,BTM-UD-Jet-Black-M,1099.0,10,0,10990.0,606,https://cavaathleisure.com/products/raven-black-seamless-cinched-leggings
2026-09-20,Cava Athleisure,Raven Black Seamless Cinched Leggings,L,BTM-UD-Jet-Black-L,1099.0,2,0,2198.0,704,https://cavaathleisure.com/products/raven-black-seamless-cinched-leggings
2026-09-20,Cava Athleisure,Raven Black Seamless Cinched Leggings,XL,BTM-UD-Jet-Black-XL,1099.0,5,0,5495.0,538,https://cavaathleisure.com/products/raven-black-seamless-cinched-leggings
2026-09-20,Cava Athleisure,Raven Black Seamless Cinched Leggings,XXL,BTM-UD-Jet-Black-XXL,1099.0,2,0,2198.0,381,https://cavaathleisure.com/products/raven-black-seamless-cinched-leggings
2026-09-20,Cava Athleisure,Slate Blue Seamless Cinched Leggings,XS,BTM-UD-Light-blue-XS,1099.0,1,0,1099.0,88,https://cavaathleisure.com/products/slate-blue-seamless-cinched-leggings
2026-09-20,Cava Athleisure,Slate Blue Seamless Cinched Leggings,S,BTM-UD-Light-blue-S,1099.0,1,0,1099.0,641,https://cavaathleisure.com/products/slate-blue-seamless-cinched-leggings
2026-09-20,Cava Athleisure,Slate Blue Seamless Cinched Leggings,M,BTM-UD-Light-blue-M,1099.0,2,0,2198.0,339,https://cavaathleisure.com/products/slate-blue-seamless-cinched-leggings
2026-09-20,Cava Athleisure,Slate Blue Seamless Cinched Leggings,L,BTM-UD-Light-blue-L,1099.0,4,0,4396.0,133,https://cavaathleisure.com/products/slate-blue-seamless-cinched-leggings
2026-09-20,Cava Athleisure,Slate Blue Seamless Cinched Leggings,XL,BTM-UD-Light-Blue-XL,1099.0,2,0,2198.0,118,https://cavaathleisure.com/products/slate-blue-seamless-cinched-leggings
2026-09-20,Cava Athleisure,Slate Blue Contoured Seamless Sports Bra,XS,TP-UD-Light-blue-XS,999.0,1,0,999.0,75,https://cavaathleisure.com/products/slate-blue-contoured-seamless-sports-bra
2026-09-20,Cava Athleisure,Slate Blue Contoured Seamless Sports Bra,M,TP-UD-Light blue-M,999.0,1,0,999.0,242,https://cavaathleisure.com/products/slate-blue-contoured-seamless-sports-bra
2026-09-20,Cava Athleisure,Slate Blue Contoured Seamless Sports Bra,XL,TP-UD-Light-blue-XL,999.0,1,0,999.0,55,https://cavaathleisure.com/products/slate-blue-contoured-seamless-sports-bra
2026-09-20,Cava Athleisure,Raven Black Contoured Seamless Sports Bra,S,TP-UD-Jet Black-S,999.0,3,0,2997.0,701,https://cavaathleisure.com/products/raven-black-contoured-seamless-sports-bra
2026-09-20,Cava Athleisure,Raven Black Contoured Seamless Sports Bra,M,TP-UD-Jet Black-M,999.0,4,0,3996.0,507,https://cavaathleisure.com/products/raven-black-contoured-seamless-sports-bra
2026-09-20,Cava Athleisure,Raven Black Contoured Seamless Sports Bra,L,TP-UD-Jet Black-L,999.0,3,0,2997.0,459,https://cavaathleisure.com/products/raven-black-contoured-seamless-sports-bra
2026-09-20,Cava Athleisure,Raven Black Contoured Seamless Sports Bra,XL,TP-UD-Jet-Black-XL,999.0,1,0,999.0,228,https://cavaathleisure.com/products/raven-black-contoured-seamless-sports-bra
2026-09-20,Cava Athleisure,Raven Black Contoured Seamless Sports Bra,XXL,TP-UD-Jet-Black-XXL,999.0,1,0,999.0,133,https://cavaathleisure.com/products/raven-black-contoured-seamless-sports-bra
2026-09-20,Cava Athleisure,Moscow Blue Cava Essential Sweatshirt,S,TP536-Vamos-87-MoscowBlue-S,1199.0,3,0,3597.0,473,https://cavaathleisure.com/products/moscow-blue-cava-essential-sweatshirt
2026-09-20,Cava Athleisure,Moscow Blue Cava Essential Sweatshirt,L,TP536-Vamos-87-MoscowBlue-L,1199.0,1,0,1199.0,459,https://cavaathleisure.com/products/moscow-blue-cava-essential-sweatshirt
2026-09-20,Cava Athleisure,Moscow Blue Cava Essential Sweatshirt,XXL,TP536-Vamos-87-MoscowBlue-XXL,1199.0,1,0,1199.0,190,https://cavaathleisure.com/products/moscow-blue-cava-essential-sweatshirt
2026-09-20,Cava Athleisure,Arctic White Straight Leg Slit Joggers,S,JR534-Vamos-75-ArticWhite-S,805.0,1,0,805.0,2,https://cavaathleisure.com/products/arctic-white-straight-leg-slit-joggers-1
2026-09-20,Cava Athleisure,Arctic White Straight Leg Slit Joggers,L,JR534-Vamos-75-ArticWhite-L,805.0,1,0,805.0,16,https://cavaathleisure.com/products/arctic-white-straight-leg-slit-joggers-1
2026-09-20,Cava Athleisure,Boston Black Cava Essential Sweatshirt,M,TP536-Vamos-88-BostonBlack-M,1199.0,3,0,3597.0,53,https://cavaathleisure.com/products/boston-black-cava-essential-sweatshirt-1
2026-09-20,Cava Athleisure,Boston Black Cava Essential Sweatshirt,XL,TP536-Vamos-88-BostonBlack-XL,1199.0,1,0,1199.0,16,https://cavaathleisure.com/products/boston-black-cava-essential-sweatshirt-1
2026-09-20,Musclemind,Seamless Compression Half Sleeve T-shirt,S,8906189275968.0,2599.0,1,0,2599.0,62,https://musclemind.com/products/seamless-compression-half-sleeve-t-shirt
2026-09-20,Musclemind,Seamless Compression Half Sleeve T-shirt,M,8906189275975.0,2599.0,1,0,2599.0,103,https://musclemind.com/products/seamless-compression-half-sleeve-t-shirt
2026-09-20,Musclemind,Seamless Compression Half Sleeve T-shirt,L,8906189275982.0,2599.0,1,0,2599.0,104,https://musclemind.com/products/seamless-compression-half-sleeve-t-shirt
2026-09-20,Musclemind,Womens Seamless Leggings + Womens Seamless Slim fit T-shirt (Teal),XS,,2599.0,1,0,2599.0,29,https://musclemind.com/products/womens-seamless-leggings-womens-seamless-slim-fit-t-shirt-teal
2026-09-20,Musclemind,Womens Seamless Leggings + Womens Seamless Slim fit T-shirt (Teal),XS,,2599.0,1,0,2599.0,29,https://musclemind.com/products/womens-seamless-leggings-womens-seamless-slim-fit-t-shirt-teal
2026-09-20,Musclemind,Womens Seamless Leggings + Womens Seamless Slim fit T-shirt (Teal),XS,,2599.0,1,0,2599.0,29,https://musclemind.com/products/womens-seamless-leggings-womens-seamless-slim-fit-t-shirt-teal
2026-09-20,Musclemind,Womens Seamless Leggings + Womens Seamless Slim fit T-shirt (Teal),XS,,2599.0,1,0,2599.0,29,https://musclemind.com/products/womens-seamless-leggings-womens-seamless-slim-fit-t-shirt-teal
2026-09-20,Musclemind,Womens Seamless Leggings + Womens Seamless Slim fit T-shirt (Teal),S,,2599.0,1,0,2599.0,31,https://musclemind.com/products/womens-seamless-leggings-womens-seamless-slim-fit-t-shirt-teal
2026-09-20,Musclemind,Womens Seamless Leggings + Womens Seamless Slim fit T-shirt (Teal),M,,2599.0,1,0,2599.0,31,https://musclemind.com/products/womens-seamless-leggings-womens-seamless-slim-fit-t-shirt-teal
2026-09-20,Musclemind,Womens Seamless Leggings + Womens Seamless Slim fit T-shirt (Teal),L,,2599.0,1,0,2599.0,31,https://musclemind.com/products/womens-seamless-leggings-womens-seamless-slim-fit-t-shirt-teal
2026-09-20,Musclemind,Mens Cloud Ease Oversized Hoodie + Urban Carry-On Cargo Pants (Black),L,,4999.0,1,0,4999.0,0,https://musclemind.com/products/mens-cloud-ease-oversized-hoodie-urban-carry-on-cargo-pants-black
2026-09-20,Musclemind,Mens Cloud Ease Oversized Hoodie + Urban Carry-On Cargo Pants (Black),L,,4999.0,1,0,4999.0,0,https://musclemind.com/products/mens-cloud-ease-oversized-hoodie-urban-carry-on-cargo-pants-black
2026-09-20,Musclemind,Mens Cloud Ease Oversized Hoodie + Urban Carry-On Cargo Pants (Black),L,,4999.0,1,0,4999.0,0,https://musclemind.com/products/mens-cloud-ease-oversized-hoodie-urban-carry-on-cargo-pants-black
2026-09-20,Musclemind,Mens Cloud Ease Oversized Hoodie + Urban Carry-On Cargo Pants (Black),L,,4999.0,1,0,4999.0,0,https://musclemind.com/products/mens-cloud-ease-oversized-hoodie-urban-carry-on-cargo-pants-black
2026-09-20,Musclemind,Mens Cloud Ease Oversized Hoodie + Urban Carry-On Cargo Pants (Black),L,,4999.0,1,0,4999.0,0,https://musclemind.com/products/mens-cloud-ease-oversized-hoodie-urban-carry-on-cargo-pants-black
2026-09-20,Musclemind,Armouron Muscle Enhance Compression T-shirt,M,8906189275890.0,2499.0,1,0,2499.0,0,https://musclemind.com/products/armouron-muscle-enhance-compression-t-shirt-2
2026-09-20,Musclemind,Armouron Muscle Enhance Compression T-shirt,S,8906189275920.0,2499.0,1,0,2499.0,2,https://musclemind.com/products/armouron-muscle-enhance-compression-t-shirt-1
2026-09-20,Musclemind,Armouron Muscle Enhance Compression T-shirt,L,8906189275944.0,2499.0,1,0,2499.0,1,https://musclemind.com/products/armouron-muscle-enhance-compression-t-shirt-1
2026-09-20,Musclemind,High Waist Flare Pants,M,8906189276286.0,1999.0,1,0,1999.0,43,https://musclemind.com/products/high-waist-flare-pants-1
2026-09-20,Musclemind,Core Motion Training T-shirt,M,8906189275173.0,1599.0,1,0,1599.0,2,https://musclemind.com/products/core-motion-training-t-shirt-2
2026-09-20,Musclemind,Mens Cloud Ease Oversized Hoodie,L,8906189270901.0,2599.0,1,0,2599.0,0,https://musclemind.com/products/mens-cloud-ease-oversized-hoodie-shadow-black
2026-09-20,Musclemind,Womens Seamless Slim fit T-shirt,XS,8906189274350.0,1299.0,1,0,1299.0,31,https://musclemind.com/products/womens-seamless-slim-fit-t-shirt-teal
2026-09-20,Musclemind,Womens Seamless Leggings,XS,8906189273902.0,2199.0,1,0,2199.0,29,https://musclemind.com/products/womens-seamless-leggings-teal
2026-09-20,Musclemind,Mens Sleeveless Seamless Compression T-shirt,S,8906189273209.0,1899.0,1,0,1899.0,8,https://musclemind.com/products/mens-sleeveless-seamless-compression-t-shirt-black
2026-09-20,Musclemind,Seamless Compression Half Sleeve T-shirt,XS,8906189275661.0,2599.0,1,0,2599.0,27,https://musclemind.com/products/seamless-compression-half-sleeve-t-shirt-dark-grey
2026-09-20,Musclemind,Seamless Compression Half Sleeve T-shirt,M,8906189270307.0,2599.0,1,0,2599.0,47,https://musclemind.com/products/seamless-compression-half-sleeve-t-shirt-dark-grey
2026-09-20,Musclemind,Seamless Compression Half Sleeve T-shirt,L,8906189270314.0,2599.0,1,0,2599.0,12,https://musclemind.com/products/seamless-compression-half-sleeve-t-shirt-dark-grey
2026-09-20,Musclemind,Seamless Compression Half Sleeve T-shirt,S,8906189270185.0,2599.0,1,0,2599.0,77,https://musclemind.com/products/seamless-compression-half-sleeve-t-shirt-off-white
2026-09-20,Musclemind,Seamless Compression Half Sleeve T-shirt,M,8906189270338.0,2599.0,1,0,2599.0,69,https://musclemind.com/products/seamless-compression-half-sleeve-t-shirt-off-white
2026-09-20,Musclemind,Polo Full Sleeves T-Shirt,L,8906189270208.0,999.0,1,0,999.0,7,https://musclemind.com/products/polo-full-sleeves-t-shirt-black
2026-09-20,Kosher Casual,Modest Long Sleeve Handkerchief Tunic Top - Muted Tie-Dye Ribbed Knit,XXX-Large,1125-A3XL-NTD,41.9,1,0,41.9,-1,http://koshercasual.com/products/long-sleeve-modest-handkerchief-tunic-top-ribbed-knit
2026-09-20,Kosher Casual,Premium Sleeveless Layering Tank Top with Full Shoulder Coverage,Medium,1271-AM-OF,21.9,1,0,21.9,1,http://koshercasual.com/products/premium-sleeveless-shell-top-with-full-shoulder-coverage-layering-tank-top
2026-09-20,Kosher Casual,Crop Top Sleeveless Tank Top with Full Shoulder Coverage Modest Neckline,Small,1621-AS-BK,21.9,1,0,21.9,0,http://koshercasual.com/products/modest-neck-cropped-layering-shell-cotton-spandex-sleeveless-tank
2026-09-20,Kosher Casual,Crop Top Sleeveless Tank Top with Full Shoulder Coverage Modest Neckline,Large,1621-AL-BK,21.9,1,0,21.9,0,http://koshercasual.com/products/modest-neck-cropped-layering-shell-cotton-spandex-sleeveless-tank
2026-09-20,Kosher Casual,Crop Top Sleeveless Tank Top with Full Shoulder Coverage Modest Neckline,XX-Large,1621-AXXL-OF,21.9,2,0,43.8,2,http://koshercasual.com/products/modest-neck-cropped-layering-shell-cotton-spandex-sleeveless-tank
2026-09-20,Kosher Casual,Crop Top Sleeveless Tank Top with Full Shoulder Coverage Modest Neckline,XX-Large,1621-AXXL-NUD,21.9,1,0,21.9,0,http://koshercasual.com/products/modest-neck-cropped-layering-shell-cotton-spandex-sleeveless-tank
2026-09-20,Kosher Casual,Crop Top Sleeveless Tank Top with Full Shoulder Coverage Modest Neckline,XX-Large,1621-AXXL-N,21.9,1,0,21.9,24,http://koshercasual.com/products/modest-neck-cropped-layering-shell-cotton-spandex-sleeveless-tank
2026-09-20,Kosher Casual,Crop Top Sleeveless Tank Top with Full Shoulder Coverage Modest Neckline,Large,1621-AL-DCH,21.9,1,0,21.9,26,http://koshercasual.com/products/modest-neck-cropped-layering-shell-cotton-spandex-sleeveless-tank
2026-09-20,Kosher Casual,Essential 3/4 Sleeve Modest Crew Neckline Shell - Versatile Layering Top,Medium,1258-AM-G,23.9,1,0,23.9,0,http://koshercasual.com/products/essential-3-4-sleeve-modest-crew-neckline-shell-versatile-layering-top
2026-09-20,Kosher Casual,Plus Size Women's Stretch Maxi Pencil Skirt - Cotton Blend and No Slits,22,1474-22-BK,39.9,1,0,39.9,43,http://koshercasual.com/products/plus-size-womens-stretch-maxi-pencil-skirt-cotton-blend-and-no-slits
2026-09-20,Kosher Casual,Plus Size Women's Stretch Maxi Pencil Skirt - Cotton Blend and No Slits,24,1474-24-BK,39.9,1,0,39.9,0,http://koshercasual.com/products/plus-size-womens-stretch-maxi-pencil-skirt-cotton-blend-and-no-slits
2026-09-20,Kosher Casual,Modest Neck Cropped Layering - Cotton Spandex 3/4 Sleeve Shell Top,XX-Large,1622-AXXL-W,23.9,1,0,23.9,1,http://koshercasual.com/products/cropped-3-4-sleeve-shell-top-for-women
2026-09-20,Kosher Casual,Modest Neck Cropped Layering - Cotton Spandex 3/4 Sleeve Shell Top,XX-Large,1622-AXXL-BK,23.9,1,0,23.9,1,http://koshercasual.com/products/cropped-3-4-sleeve-shell-top-for-women
2026-09-20,Kosher Casual,Women's Ribbed Hi-Lo Tunic with Curved Seam Detail,X-Small,1219-AXS-DLI,41.9,1,0,41.9,0,http://koshercasual.com/products/womens-ribbed-hi-lo-tunic-with-curved-seam-detail
