date,store_name,product_name,size,sku,price,units_sold,units_restocked,estimated_revenue,stock_remaining_today,product_url
2026-09-23,Cava Athleisure,Ivory Cotton Leisure Shorts,M,MSH1622WHM,799.0,1,0,799.0,166,https://cavaathleisure.com/products/ivory-cotton-leisure-shorts
2026-09-23,Cava Athleisure,Ivory Cotton Leisure Shorts,L,MSH1622WHL,799.0,3,0,2397.0,84,https://cavaathleisure.com/products/ivory-cotton-leisure-shorts
2026-09-23,Cava Athleisure,Ivory Cotton Leisure Shorts,XL,MSH1622WHXL,799.0,1,0,799.0,63,https://cavaathleisure.com/products/ivory-cotton-leisure-shorts
2026-09-23,Cava Athleisure,"Olive 5"" Pacer Shorts",30,MSH4217OGR30,1596.0,1,0,1596.0,50,https://cavaathleisure.com/products/olive-5-pacer-shorts
2026-09-23,Cava Athleisure,"Olive 5"" Pacer Shorts",32,MSH4217OGR32,1596.0,4,0,6384.0,95,https://cavaathleisure.com/products/olive-5-pacer-shorts
2026-09-23,Cava Athleisure,"Olive 5"" Pacer Shorts",34,MSH4217OGR34,1596.0,2,0,3192.0,61,https://cavaathleisure.com/products/olive-5-pacer-shorts
2026-09-23,Cava Athleisure,Cherry ADPT™ Wrap Top,XS,WTP10245CRDXS,1299.0,5,0,6495.0,37,https://cavaathleisure.com/products/cherry-adpt-wrap-top
2026-09-23,Cava Athleisure,Cherry ADPT™ Wrap Top,S,WTP10245CRDS,1299.0,8,0,10392.0,134,https://cavaathleisure.com/products/cherry-adpt-wrap-top
2026-09-23,Cava Athleisure,Cherry ADPT™ Wrap Top,M,WTP10245CRDM,1299.0,5,0,6495.0,114,https://cavaathleisure.com/products/cherry-adpt-wrap-top
2026-09-23,Cava Athleisure,Cherry ADPT™ Wrap Top,L,WTP10245CRDL,1299.0,6,0,7794.0,92,https://cavaathleisure.com/products/cherry-adpt-wrap-top
2026-09-23,Cava Athleisure,Cherry ADPT™ Wrap Top,XL,WTP10245CRDXL,1299.0,1,0,1299.0,23,https://cavaathleisure.com/products/cherry-adpt-wrap-top
2026-09-23,Cava Athleisure,Cherry ADPT™ Wrap Top,XXL,WTP10245CRDXXL,1299.0,2,0,2598.0,20,https://cavaathleisure.com/products/cherry-adpt-wrap-top
2026-09-23,Cava Athleisure,"Blue 5"" Pacer Shorts",30,MSH4217BL30,1596.0,3,0,4788.0,27,https://cavaathleisure.com/products/blue-5-pacer-shorts
2026-09-23,Cava Athleisure,"Blue 5"" Pacer Shorts",32,MSH4217BL32,1596.0,3,0,4788.0,87,https://cavaathleisure.com/products/blue-5-pacer-shorts
2026-09-23,Cava Athleisure,"Blue 5"" Pacer Shorts",34,MSH4217BL34,1596.0,1,0,1596.0,65,https://cavaathleisure.com/products/blue-5-pacer-shorts
2026-09-23,Cava Athleisure,Ivory Everywear Leisure Tee,M,MTS1422WHM,699.0,2,0,1398.0,145,https://cavaathleisure.com/products/ivory-everywear-leisure-tee
2026-09-23,Cava Athleisure,Ivory Everywear Leisure Tee,L,MTS1422WHL,699.0,3,0,2097.0,109,https://cavaathleisure.com/products/ivory-everywear-leisure-tee
2026-09-23,Cava Athleisure,Ivory Everywear Leisure Tee,XL,MTS1422WHXL,699.0,2,0,1398.0,46,https://cavaathleisure.com/products/ivory-everywear-leisure-tee
2026-09-23,Cava Athleisure,Grey Melange Cotton Leisure Shorts,S,MSH1622GMLS,799.0,1,0,799.0,61,https://cavaathleisure.com/products/grey-melange-cotton-leisure-shorts
2026-09-23,Cava Athleisure,Plum Cotton Flared Leggings,S,WFP6221PUS,1599.0,1,0,1599.0,85,https://cavaathleisure.com/products/plum-cotton-flared-leggings
2026-09-23,Cava Athleisure,Plum Cotton Flared Leggings,M,WFP6221PUM,1599.0,1,0,1599.0,75,https://cavaathleisure.com/products/plum-cotton-flared-leggings
2026-09-23,Cava Athleisure,Plum Cotton Flared Leggings,L,WFP6221PUL,1599.0,3,0,4797.0,88,https://cavaathleisure.com/products/plum-cotton-flared-leggings
2026-09-23,Cava Athleisure,Plum Cotton Flared Leggings,XL,WFP6221PUXL,1599.0,1,0,1599.0,53,https://cavaathleisure.com/products/plum-cotton-flared-leggings
2026-09-23,Cava Athleisure,Navy Cotton Flared Leggings,S,WFP6221NYS,1599.0,2,0,3198.0,99,https://cavaathleisure.com/products/navy-cotton-flared-leggings
2026-09-23,Cava Athleisure,Navy Cotton Flared Leggings,M,WFP6221NYM,1599.0,2,0,3198.0,121,https://cavaathleisure.com/products/navy-cotton-flared-leggings
2026-09-23,Cava Athleisure,Navy Cotton Flared Leggings,XL,WFP6221NYXL,1599.0,3,0,4797.0,56,https://cavaathleisure.com/products/navy-cotton-flared-leggings
2026-09-23,Cava Athleisure,Teal Contour Flared Leggings,S,WFP3720GRS,1399.0,3,0,4197.0,96,https://cavaathleisure.com/products/teal-contour-flared-leggings
2026-09-23,Cava Athleisure,Teal Contour Flared Leggings,M,WFP3720GRM,1399.0,3,0,4197.0,146,https://cavaathleisure.com/products/teal-contour-flared-leggings
2026-09-23,Cava Athleisure,Teal Contour Flared Leggings,L,WFP3720GRL,1399.0,4,0,5596.0,103,https://cavaathleisure.com/products/teal-contour-flared-leggings
2026-09-23,Cava Athleisure,Teal Contour Flared Leggings,XL,WFP3720GRXL,1399.0,2,0,2798.0,48,https://cavaathleisure.com/products/teal-contour-flared-leggings
2026-09-23,Cava Athleisure,Teal Contour Flared Leggings,XXL,WFP3720GRXXL,1399.0,1,0,1399.0,33,https://cavaathleisure.com/products/teal-contour-flared-leggings
2026-09-23,Cava Athleisure,Ivory Studio Gym Bag,One size,WAC10923WHFREE,1699.0,2,0,3398.0,392,https://cavaathleisure.com/products/ivory-studio-gym-bag
2026-09-23,Cava Athleisure,Purple Contour Flared Leggings,XS,WFP3720PUXS,1399.0,4,0,5596.0,64,https://cavaathleisure.com/products/purple-contour-flared-leggings
2026-09-23,Cava Athleisure,Purple Contour Flared Leggings,S,WFP3720PUS,1399.0,5,0,6995.0,84,https://cavaathleisure.com/products/purple-contour-flared-leggings
2026-09-23,Cava Athleisure,Purple Contour Flared Leggings,M,WFP3720PUM,1399.0,3,0,4197.0,151,https://cavaathleisure.com/products/purple-contour-flared-leggings
2026-09-23,Cava Athleisure,Purple Contour Flared Leggings,L,WFP3720PUL,1399.0,4,0,5596.0,112,https://cavaathleisure.com/products/purple-contour-flared-leggings
2026-09-23,Cava Athleisure,Purple Contour Flared Leggings,XL,WFP3720PUXL,1399.0,2,0,2798.0,48,https://cavaathleisure.com/products/purple-contour-flared-leggings
2026-09-23,Cava Athleisure,Pink Studio Gym Bag,One size,WAC10923PNFREE,1699.0,2,0,3398.0,444,https://cavaathleisure.com/products/pink-studio-gym-bag
2026-09-23,Cava Athleisure,Blue Studio Gym Bag,One size,WAC10923BLFREE,1699.0,1,0,1699.0,452,https://cavaathleisure.com/products/blue-studio-gym-bag
2026-09-23,Cava Athleisure,Black Polka Ruched Capri,XS,WLG13417BKXS,1899.0,2,0,3798.0,30,https://cavaathleisure.com/products/black-polka-ruched-capri
2026-09-23,Cava Athleisure,Black Polka Ruched Capri,S,WLG13417BKS,1899.0,3,0,5697.0,39,https://cavaathleisure.com/products/black-polka-ruched-capri
2026-09-23,Cava Athleisure,Black Polka Ruched Capri,M,WLG13417BKM,1899.0,3,0,5697.0,40,https://cavaathleisure.com/products/black-polka-ruched-capri
2026-09-23,Cava Athleisure,Black Polka Ruched Capri,L,WLG13417BKL,1899.0,3,0,5697.0,26,https://cavaathleisure.com/products/black-polka-ruched-capri
2026-09-23,Cava Athleisure,Black Polka Ruched Capri,XL,WLG13417BKXL,1899.0,1,0,1899.0,36,https://cavaathleisure.com/products/black-polka-ruched-capri
2026-09-23,Cava Athleisure,Berry Ruched Capri,XS,WLG13417RDXS,1899.0,1,0,1899.0,23,https://cavaathleisure.com/products/berry-ruched-capri
2026-09-23,Cava Athleisure,Berry Ruched Capri,L,WLG13417RDL,1899.0,1,0,1899.0,39,https://cavaathleisure.com/products/berry-ruched-capri
2026-09-23,Cava Athleisure,Ivory Lace Off-Shoulder Top,L,WTP16517WHL,1799.0,1,0,1799.0,0,https://cavaathleisure.com/products/ivory-lace-off-shoulder-top
2026-09-23,Cava Athleisure,Blush Lace Off-Shoulder Top,XS,WTP16517PNXS,1799.0,0,1,0.0,1,https://cavaathleisure.com/products/blush-lace-off-shoulder-top
2026-09-23,Cava Athleisure,Blush Lace Off-Shoulder Top,S,WTP16517PNS,1799.0,1,0,1799.0,1,https://cavaathleisure.com/products/blush-lace-off-shoulder-top
2026-09-23,Cava Athleisure,Blush Lace Off-Shoulder Top,M,WTP16517PNM,1799.0,3,0,5397.0,16,https://cavaathleisure.com/products/blush-lace-off-shoulder-top
2026-09-23,Cava Athleisure,Blush Lace Off-Shoulder Top,L,WTP16517PNL,1799.0,1,0,1799.0,9,https://cavaathleisure.com/products/blush-lace-off-shoulder-top
2026-09-23,Cava Athleisure,Blue  Lace Off-Shoulder Top,S,WTP16517BLS,1799.0,0,1,0.0,1,https://cavaathleisure.com/products/blue-lace-off-shoulder-top
2026-09-23,Cava Athleisure,Berry Lace Off-Shoulder Top,S,WTP16517RDS,1799.0,2,0,3598.0,22,https://cavaathleisure.com/products/berry-lace-off-shoulder-top
2026-09-23,Cava Athleisure,Berry Lace Off-Shoulder Top,M,WTP16517RDM,1799.0,3,0,5397.0,23,https://cavaathleisure.com/products/berry-lace-off-shoulder-top
2026-09-23,Cava Athleisure,Berry Lace Off-Shoulder Top,L,WTP16517RDL,1799.0,1,0,1799.0,17,https://cavaathleisure.com/products/berry-lace-off-shoulder-top
2026-09-23,Cava Athleisure,Berry Lace Off-Shoulder Top,XL,WTP16517RDXL,1799.0,1,0,1799.0,14,https://cavaathleisure.com/products/berry-lace-off-shoulder-top
2026-09-23,Cava Athleisure,Berry Lace Off-Shoulder Top,XXL,WTP16517RDXXL,1799.0,1,0,1799.0,12,https://cavaathleisure.com/products/berry-lace-off-shoulder-top
2026-09-23,Cava Athleisure,Black Polka Lace Off-Shoulder Top,XL,WTP16517BKXL,1899.0,1,0,1899.0,1,https://cavaathleisure.com/products/black-polka-lace-off-shoulder-top
2026-09-23,Cava Athleisure,Blush Ruched Snug Leggings,S,WLG9917PNS,1999.0,1,0,1999.0,177,https://cavaathleisure.com/products/blush-ruched-snug-leggings
2026-09-23,Cava Athleisure,Blush Ruched Snug Leggings,M,WLG9917PNM,1999.0,1,0,1999.0,228,https://cavaathleisure.com/products/blush-ruched-snug-leggings
2026-09-23,Cava Athleisure,Berry Ruched Snug Leggings,S,WLG9917RDS,1999.0,2,0,3998.0,93,https://cavaathleisure.com/products/berry-ruched-snug-leggings
2026-09-23,Cava Athleisure,Berry Ruched Snug Leggings,M,WLG9917RDM,1999.0,1,0,1999.0,226,https://cavaathleisure.com/products/berry-ruched-snug-leggings
2026-09-23,Cava Athleisure,Berry Ruched Snug Leggings,L,WLG9917RDL,1999.0,1,0,1999.0,151,https://cavaathleisure.com/products/berry-ruched-snug-leggings
2026-09-23,Cava Athleisure,Berry Ruched Snug Leggings,XL,WLG9917RDXL,1999.0,1,0,1999.0,71,https://cavaathleisure.com/products/berry-ruched-snug-leggings
2026-09-23,Cava Athleisure,Black Polka Ruched Snug Leggings,XS,WLG9917PBKXS,2099.0,1,0,2099.0,17,https://cavaathleisure.com/products/black-polka-ruched-snug-leggings
2026-09-23,Cava Athleisure,Black Polka Ruched Snug Leggings,S,WLG9917PBKS,2099.0,5,0,10495.0,55,https://cavaathleisure.com/products/black-polka-ruched-snug-leggings
2026-09-23,Cava Athleisure,Black Polka Ruched Snug Leggings,M,WLG9917PBKM,2099.0,1,0,2099.0,2,https://cavaathleisure.com/products/black-polka-ruched-snug-leggings
2026-09-23,Cava Athleisure,Black Polka Ruched Snug Leggings,L,WLG9917PBKL,2099.0,3,0,6297.0,120,https://cavaathleisure.com/products/black-polka-ruched-snug-leggings
2026-09-23,Cava Athleisure,Blush Ruched Flared Leggings,XS,WFP98P17PNXS,2299.0,2,0,4598.0,71,https://cavaathleisure.com/products/blush-ruched-flared-leggings
2026-09-23,Cava Athleisure,Blush Ruched Flared Leggings,S,WFP98T17PNS,2299.0,1,0,2299.0,200,https://cavaathleisure.com/products/blush-ruched-flared-leggings
2026-09-23,Cava Athleisure,Blush Ruched Flared Leggings,S,WFP98EXT17PNS,2299.0,1,0,2299.0,101,https://cavaathleisure.com/products/blush-ruched-flared-leggings
2026-09-23,Cava Athleisure,Blush Ruched Flared Leggings,M,WFP98P17PNM,2299.0,3,0,6897.0,165,https://cavaathleisure.com/products/blush-ruched-flared-leggings
2026-09-23,Cava Athleisure,Blush Ruched Flared Leggings,M,WFP98T17PNM,2299.0,2,0,4598.0,278,https://cavaathleisure.com/products/blush-ruched-flared-leggings
2026-09-23,Cava Athleisure,Blush Ruched Flared Leggings,L,WFP98P17PNL,2299.0,1,0,2299.0,149,https://cavaathleisure.com/products/blush-ruched-flared-leggings
2026-09-23,Cava Athleisure,Blush Ruched Flared Leggings,L,WFP98T17PNL,2299.0,1,0,2299.0,204,https://cavaathleisure.com/products/blush-ruched-flared-leggings
2026-09-23,Cava Athleisure,Blue Ruched Flared Leggings,XS,WFP98P17BLXS,2299.0,1,0,2299.0,74,https://cavaathleisure.com/products/blue-ruched-flared-leggings
2026-09-23,Cava Athleisure,Blue Ruched Flared Leggings,XS,WFP98T17BLXS,2299.0,1,0,2299.0,57,https://cavaathleisure.com/products/blue-ruched-flared-leggings
2026-09-23,Cava Athleisure,Blue Ruched Flared Leggings,XL,WFP98T17BLXL,2299.0,2,0,4598.0,94,https://cavaathleisure.com/products/blue-ruched-flared-leggings
2026-09-23,Cava Athleisure,Black Polka Ruched Flared Leggings,XS,WFP98P17PBKXS,2399.0,2,0,4798.0,107,https://cavaathleisure.com/products/black-polka-ruched-flared-leggings
2026-09-23,Cava Athleisure,Black Polka Ruched Flared Leggings,XS,WFP98EXT17PBKXS,2399.0,1,0,2399.0,64,https://cavaathleisure.com/products/black-polka-ruched-flared-leggings
2026-09-23,Cava Athleisure,Black Polka Ruched Flared Leggings,S,WFP98P17PBKS,2399.0,4,0,9596.0,223,https://cavaathleisure.com/products/black-polka-ruched-flared-leggings
2026-09-23,Cava Athleisure,Black Polka Ruched Flared Leggings,M,WFP98P17PBKM,2399.0,2,0,4798.0,187,https://cavaathleisure.com/products/black-polka-ruched-flared-leggings
2026-09-23,Cava Athleisure,Black Polka Ruched Flared Leggings,M,WFP98T17PBKM,2399.0,2,0,4798.0,316,https://cavaathleisure.com/products/black-polka-ruched-flared-leggings
2026-09-23,Cava Athleisure,Black Polka Ruched Flared Leggings,M,WFP98EXT17PBKM,2399.0,2,0,4798.0,192,https://cavaathleisure.com/products/black-polka-ruched-flared-leggings
2026-09-23,Cava Athleisure,Black Polka Ruched Flared Leggings,L,WFP98P17PBKL,2399.0,1,0,2399.0,188,https://cavaathleisure.com/products/black-polka-ruched-flared-leggings
2026-09-23,Cava Athleisure,Black Polka Ruched Flared Leggings,L,WFP98T17PBKL,2399.0,1,0,2399.0,203,https://cavaathleisure.com/products/black-polka-ruched-flared-leggings
2026-09-23,Cava Athleisure,Black Polka Ruched Flared Leggings,XL,WFP98P17PBKXL,2399.0,1,0,2399.0,110,https://cavaathleisure.com/products/black-polka-ruched-flared-leggings
2026-09-23,Cava Athleisure,Black Polka Ruched Flared Leggings,XL,WFP98T17PBKXL,2399.0,1,0,2399.0,54,https://cavaathleisure.com/products/black-polka-ruched-flared-leggings
2026-09-23,Cava Athleisure,Black Polka Ruched Flared Leggings,XL,WFP98EXT17PBKXL,2399.0,1,0,2399.0,113,https://cavaathleisure.com/products/black-polka-ruched-flared-leggings
2026-09-23,Cava Athleisure,Black Polka Ruched Flared Leggings,XXL,WFP98EXT17PBKXXL,2399.0,1,0,2399.0,59,https://cavaathleisure.com/products/black-polka-ruched-flared-leggings
2026-09-23,Cava Athleisure,Berry Ruched Flared Leggings,XS,WFP98P17RDXS,2299.0,1,0,2299.0,80,https://cavaathleisure.com/products/berry-ruched-flared-leggings
2026-09-23,Cava Athleisure,Berry Ruched Flared Leggings,S,WFP98P17RDS,2299.0,1,0,2299.0,122,https://cavaathleisure.com/products/berry-ruched-flared-leggings
2026-09-23,Cava Athleisure,Berry Ruched Flared Leggings,M,WFP98P17RDM,2299.0,2,0,4598.0,254,https://cavaathleisure.com/products/berry-ruched-flared-leggings
2026-09-23,Cava Athleisure,Berry Ruched Flared Leggings,M,WFP98T17RDM,2299.0,1,0,2299.0,252,https://cavaathleisure.com/products/berry-ruched-flared-leggings
2026-09-23,Cava Athleisure,Berry Ruched Flared Leggings,M,WFP98EXT17RDM,2299.0,1,0,2299.0,207,https://cavaathleisure.com/products/berry-ruched-flared-leggings
2026-09-23,Cava Athleisure,Berry Ruched Flared Leggings,L,WFP98P17RDL,2299.0,2,0,4598.0,170,https://cavaathleisure.com/products/berry-ruched-flared-leggings
2026-09-23,Cava Athleisure,Berry Ruched Flared Leggings,L,WFP98EXT17RDL,2299.0,1,0,2299.0,195,https://cavaathleisure.com/products/berry-ruched-flared-leggings
2026-09-23,Cava Athleisure,Berry Ruched Flared Leggings,XL,WFP98EXT17RDXL,2299.0,1,0,2299.0,51,https://cavaathleisure.com/products/berry-ruched-flared-leggings
2026-09-23,Cava Athleisure,Blush Lace Scoop Neck Top,XS,WTP9517PNXS,1699.0,2,0,3398.0,20,https://cavaathleisure.com/products/blush-lace-scoop-neck-top
2026-09-23,Cava Athleisure,Blush Lace Scoop Neck Top,S,WTP9517PNS,1699.0,1,0,1699.0,91,https://cavaathleisure.com/products/blush-lace-scoop-neck-top
2026-09-23,Cava Athleisure,Blush Lace Scoop Neck Top,M,WTP9517PNM,1699.0,4,0,6796.0,148,https://cavaathleisure.com/products/blush-lace-scoop-neck-top
2026-09-23,Cava Athleisure,Blush Lace Scoop Neck Top,L,WTP9517PNL,1699.0,1,0,1699.0,69,https://cavaathleisure.com/products/blush-lace-scoop-neck-top
2026-09-23,Cava Athleisure,Ivory Lace Scoop Neck Top,S,WTP9517WHS,1699.0,4,0,6796.0,4,https://cavaathleisure.com/products/ivory-lace-scoop-neck-top
2026-09-23,Cava Athleisure,Ivory Lace Scoop Neck Top,L,WTP9517WHL,1699.0,1,0,1699.0,10,https://cavaathleisure.com/products/ivory-lace-scoop-neck-top
2026-09-23,Cava Athleisure,Berry Lace Scoop Neck Top,S,WTP9517RDS,1699.0,4,0,6796.0,110,https://cavaathleisure.com/products/berry-lace-scoop-neck-top
2026-09-23,Cava Athleisure,Berry Lace Scoop Neck Top,M,WTP9517RDM,1699.0,4,0,6796.0,112,https://cavaathleisure.com/products/berry-lace-scoop-neck-top
2026-09-23,Cava Athleisure,Berry Lace Scoop Neck Top,L,WTP9517RDL,1699.0,1,0,1699.0,72,https://cavaathleisure.com/products/berry-lace-scoop-neck-top
2026-09-23,Cava Athleisure,Blue Lace Scoop Neck Top,XS,WTP9517BLXS,1699.0,1,0,1699.0,1,https://cavaathleisure.com/products/blue-lace-scoop-neck-top
2026-09-23,Cava Athleisure,Blue Lace Scoop Neck Top,S,WTP9517BLS,1699.0,2,0,3398.0,59,https://cavaathleisure.com/products/blue-lace-scoop-neck-top
2026-09-23,Cava Athleisure,Blue Lace Scoop Neck Top,M,WTP9517BLM,1699.0,2,0,3398.0,127,https://cavaathleisure.com/products/blue-lace-scoop-neck-top
2026-09-23,Cava Athleisure,Blue Lace Scoop Neck Top,L,WTP9517BLL,1699.0,1,0,1699.0,72,https://cavaathleisure.com/products/blue-lace-scoop-neck-top
2026-09-23,Cava Athleisure,Black Polka Lace Scoop Neck Top,XS,WTP9517PBKXS,1799.0,1,0,1799.0,1,https://cavaathleisure.com/products/black-polka-lace-scoop-neck-top
2026-09-23,Cava Athleisure,Black Polka Lace Scoop Neck Top,S,WTP9517PBKS,1799.0,9,0,16191.0,36,https://cavaathleisure.com/products/black-polka-lace-scoop-neck-top
2026-09-23,Cava Athleisure,Black Polka Lace Scoop Neck Top,M,WTP9517PBKM,1799.0,5,0,8995.0,43,https://cavaathleisure.com/products/black-polka-lace-scoop-neck-top
2026-09-23,Cava Athleisure,Black Polka Lace Scoop Neck Top,L,WTP9517PBKL,1799.0,6,0,10794.0,63,https://cavaathleisure.com/products/black-polka-lace-scoop-neck-top
2026-09-23,Cava Athleisure,Blush Soft Knot Skorts,S,WSK9617PNS,2199.0,3,0,6597.0,66,https://cavaathleisure.com/products/blush-soft-knot-skorts
2026-09-23,Cava Athleisure,Blush Soft Knot Skorts,M,WSK9617PNM,2199.0,2,0,4398.0,64,https://cavaathleisure.com/products/blush-soft-knot-skorts
2026-09-23,Cava Athleisure,Berry Polka Soft Knot Skorts,XS,WSK9617PRDXS,2299.0,1,0,2299.0,60,https://cavaathleisure.com/products/berry-polka-soft-knot-skorts
2026-09-23,Cava Athleisure,Berry Polka Soft Knot Skorts,S,WSK9617PRDS,2299.0,2,0,4598.0,125,https://cavaathleisure.com/products/berry-polka-soft-knot-skorts
2026-09-23,Cava Athleisure,Mint Soft Knot Skorts,XS,WSK9617GRXS,2199.0,2,0,4398.0,72,https://cavaathleisure.com/products/mint-soft-knot-skorts
2026-09-23,Cava Athleisure,Mint Soft Knot Skorts,S,WSK9617GRS,2199.0,1,0,2199.0,107,https://cavaathleisure.com/products/mint-soft-knot-skorts
2026-09-23,Cava Athleisure,Mint Soft Knot Skorts,M,WSK9617GRM,2199.0,1,0,2199.0,86,https://cavaathleisure.com/products/mint-soft-knot-skorts
2026-09-23,Cava Athleisure,Mint Soft Knot Skorts,XXL,WSK9617GRXXL,2199.0,1,0,2199.0,10,https://cavaathleisure.com/products/mint-soft-knot-skorts
2026-09-23,Cava Athleisure,Blue Soft Knot Skorts,XS,WSK9617BLXS,2199.0,1,0,2199.0,41,https://cavaathleisure.com/products/blue-soft-knot-skorts
2026-09-23,Cava Athleisure,Blue Soft Knot Skorts,S,WSK9617BLS,2199.0,1,0,2199.0,45,https://cavaathleisure.com/products/blue-soft-knot-skorts
2026-09-23,Cava Athleisure,Blue Soft Knot Skorts,M,WSK9617BLM,2199.0,3,0,6597.0,19,https://cavaathleisure.com/products/blue-soft-knot-skorts
2026-09-23,Cava Athleisure,Blue Soft Knot Skorts,L,WSK9617BLL,2199.0,1,0,2199.0,38,https://cavaathleisure.com/products/blue-soft-knot-skorts
2026-09-23,Cava Athleisure,Blue Soft Knot Skorts,XL,WSK9617BLXL,2199.0,1,0,2199.0,37,https://cavaathleisure.com/products/blue-soft-knot-skorts
2026-09-23,Cava Athleisure,Berry Polka Lace Trim Halter Tank,XS,WTN9717RDXS,1799.0,0,1,0.0,1,https://cavaathleisure.com/products/berry-polka-lace-trim-halter
2026-09-23,Cava Athleisure,Berry Polka Lace Trim Halter Tank,M,WTN9717RDM,1799.0,5,0,8995.0,0,https://cavaathleisure.com/products/berry-polka-lace-trim-halter
2026-09-23,Cava Athleisure,Berry Polka Lace Trim Halter Tank,L,WTN9717RDL,1799.0,6,0,10794.0,63,https://cavaathleisure.com/products/berry-polka-lace-trim-halter
2026-09-23,Cava Athleisure,Berry Polka Lace Trim Halter Tank,XL,WTN9717RDXL,1799.0,4,0,7196.0,87,https://cavaathleisure.com/products/berry-polka-lace-trim-halter
2026-09-23,Cava Athleisure,Berry Polka Lace Trim Halter Tank,XXXL,WTN9717RDXXXL,1799.0,1,0,1799.0,11,https://cavaathleisure.com/products/berry-polka-lace-trim-halter
2026-09-23,Cava Athleisure,Blush Lace Trim Halter Tank,XS,WTN9717PNXS,1699.0,2,0,3398.0,0,https://cavaathleisure.com/products/blush-lace-trim-halter
2026-09-23,Cava Athleisure,Blush Lace Trim Halter Tank,M,WTN9717PNM,1699.0,8,0,13592.0,63,https://cavaathleisure.com/products/blush-lace-trim-halter
2026-09-23,Cava Athleisure,Blush Lace Trim Halter Tank,L,WTN9717PNL,1699.0,2,0,3398.0,190,https://cavaathleisure.com/products/blush-lace-trim-halter
2026-09-23,Cava Athleisure,Blush Lace Trim Halter Tank,XL,WTN9717PNXL,1699.0,1,0,1699.0,82,https://cavaathleisure.com/products/blush-lace-trim-halter
2026-09-23,Cava Athleisure,Blush Lace Trim Halter Tank,XXL,WTN9717PNXXL,1699.0,1,0,1699.0,30,https://cavaathleisure.com/products/blush-lace-trim-halter
2026-09-23,Cava Athleisure,Blush Lace Trim Halter Tank,XXXL,WTN9717PNXXXL,1699.0,1,0,1699.0,36,https://cavaathleisure.com/products/blush-lace-trim-halter
2026-09-23,Cava Athleisure,Mint Lace Trim Halter Tank,XS,WTN9717GRXS,1699.0,3,0,5097.0,4,https://cavaathleisure.com/products/mint-lace-trim-halter
2026-09-23,Cava Athleisure,Mint Lace Trim Halter Tank,M,WTN9717GRM,1699.0,2,0,3398.0,70,https://cavaathleisure.com/products/mint-lace-trim-halter
2026-09-23,Cava Athleisure,Mint Lace Trim Halter Tank,XL,WTN9717GRXL,1699.0,2,0,3398.0,95,https://cavaathleisure.com/products/mint-lace-trim-halter
2026-09-23,Cava Athleisure,Blue Lace Trim Halter Tank,M,WTN9717BLM,1699.0,5,0,8495.0,24,https://cavaathleisure.com/products/blue-lace-trim-halter
2026-09-23,Cava Athleisure,Blue Lace Trim Halter Tank,L,WTN9717BLL,1699.0,1,0,1699.0,147,https://cavaathleisure.com/products/blue-lace-trim-halter
2026-09-23,Cava Athleisure,Blue Lace Trim Halter Tank,XL,WTN9717BLXL,1699.0,2,0,3398.0,63,https://cavaathleisure.com/products/blue-lace-trim-halter
2026-09-23,Cava Athleisure,Blush Bow Halter Top,M,WTN10017PNM,1599.0,1,0,1599.0,0,https://cavaathleisure.com/products/blush-bow-halter-top
2026-09-23,Cava Athleisure,Blush Bow Halter Top,L,WTN10017PNL,1599.0,3,0,4797.0,78,https://cavaathleisure.com/products/blush-bow-halter-top
2026-09-23,Cava Athleisure,Blush Bow Halter Top,XL,WTN10017PNXL,1599.0,2,0,3198.0,65,https://cavaathleisure.com/products/blush-bow-halter-top
2026-09-23,Cava Athleisure,Blue Bow Halter Top,M,WTN10017BLM,1599.0,2,0,3198.0,0,https://cavaathleisure.com/products/blue-bow-halter-top
2026-09-23,Cava Athleisure,Blue Bow Halter Top,L,WTN10017BLL,1599.0,3,0,4797.0,101,https://cavaathleisure.com/products/blue-bow-halter-top
2026-09-23,Cava Athleisure,Blue Bow Halter Top,XL,WTN10017BLXL,1599.0,1,0,1599.0,63,https://cavaathleisure.com/products/blue-bow-halter-top
2026-09-23,Cava Athleisure,Blue Bow Halter Top,XXL,WTN10017BLXXL,1599.0,1,0,1599.0,27,https://cavaathleisure.com/products/blue-bow-halter-top
2026-09-23,Cava Athleisure,Blue Bow Halter Top,XXXL,WTN10017BLXXXL,1599.0,1,0,1599.0,14,https://cavaathleisure.com/products/blue-bow-halter-top
2026-09-23,Cava Athleisure,Berry Bow Halter Top,XS,WTN10017RDXS,1599.0,0,1,0.0,1,https://cavaathleisure.com/products/berry-bow-halter-top
2026-09-23,Cava Athleisure,Berry Bow Halter Top,M,WTN10017RDM,1599.0,1,0,1599.0,0,https://cavaathleisure.com/products/berry-bow-halter-top
2026-09-23,Cava Athleisure,Berry Bow Halter Top,L,WTN10017RDL,1599.0,2,0,3198.0,169,https://cavaathleisure.com/products/berry-bow-halter-top
2026-09-23,Cava Athleisure,Berry Bow Halter Top,XL,WTN10017RDXL,1599.0,2,0,3198.0,84,https://cavaathleisure.com/products/berry-bow-halter-top
2026-09-23,Cava Athleisure,Black Polka Bow Halter Top,L,WTN10017PBKL,1699.0,10,0,16990.0,120,https://cavaathleisure.com/products/black-polka-bow-halter-top
2026-09-23,Cava Athleisure,Black Polka Bow Halter Top,XL,WTN10017PBKXL,1699.0,4,0,6796.0,71,https://cavaathleisure.com/products/black-polka-bow-halter-top
2026-09-23,Cava Athleisure,Black Polka Bow Halter Top,XXL,WTN10017PBKXXL,1699.0,1,0,1699.0,28,https://cavaathleisure.com/products/black-polka-bow-halter-top
2026-09-23,Cava Athleisure,Free Gift Charm,Pink Pup Bag Charm,Cava-SoftServe-Charm-1,0.0,103,0,0.0,1075,https://cavaathleisure.com/products/free-gift-charm
2026-09-23,Cava Athleisure,Free Gift Charm,Polka Bow Bag Charm,Cava-SoftServe-Charm-2,0.0,52,0,0.0,1697,https://cavaathleisure.com/products/free-gift-charm
2026-09-23,Cava Athleisure,Free Gift Charm,Labrador Bag Charm,Cava-SoftServe-Charm-3,0.0,7,0,0.0,2575,https://cavaathleisure.com/products/free-gift-charm
2026-09-23,Cava Athleisure,Free Gift Charm,Tennis Ball Bag Charm,Cava-SoftServe-Charm-4,0.0,6,0,0.0,2589,https://cavaathleisure.com/products/free-gift-charm
2026-09-23,Cava Athleisure,Brown Hourglass Booty Shorts,XS,WSH0845BNXS,879.0,3,0,2637.0,14,https://cavaathleisure.com/products/brown-hourglass-booty-shorts
2026-09-23,Cava Athleisure,Brown Hourglass Booty Shorts,S,WSH0845BNS,879.0,12,0,10548.0,45,https://cavaathleisure.com/products/brown-hourglass-booty-shorts
2026-09-23,Cava Athleisure,Light Grey Trailscape Tracks,34,MJR5410GYL,1429.0,2,0,2858.0,33,https://cavaathleisure.com/products/light-grey-trailscape-tracks
2026-09-23,Cava Athleisure,Light Grey Trailscape Tracks,36,MJR5410GYXL,1429.0,1,0,1429.0,61,https://cavaathleisure.com/products/light-grey-trailscape-tracks
2026-09-23,Cava Athleisure,Brown Trailscape Tracks,34,MJR5410BNL,1429.0,6,0,8574.0,27,https://cavaathleisure.com/products/brown-trailscape-tracks
2026-09-23,Cava Athleisure,Brown Trailscape Tracks,36,MJR5410BNXL,1429.0,1,0,1429.0,54,https://cavaathleisure.com/products/brown-trailscape-tracks
2026-09-23,Cava Athleisure,Navy Trailscape Tracks,34,MJR5410NYL,1429.0,6,0,8574.0,6,https://cavaathleisure.com/products/navy-trailscape-tracks
2026-09-23,Cava Athleisure,Black Trailscape Tracks,36,MJR5410BKXL,1429.0,9,0,12861.0,4,https://cavaathleisure.com/products/black-trailscape-tracks
2026-09-23,Cava Athleisure,Black Trailscape Tracks,38,MJR5410BKXXL,1429.0,1,0,1429.0,26,https://cavaathleisure.com/products/black-trailscape-tracks
2026-09-23,Cava Athleisure,Coral Sculpt Crew Top,XS,WTP0218ORXS,899.0,1,0,899.0,55,https://cavaathleisure.com/products/coral-sculpt-crew-top
2026-09-23,Cava Athleisure,Coral Sculpt Crew Top,S,WTP0218ORS,899.0,1,0,899.0,123,https://cavaathleisure.com/products/coral-sculpt-crew-top
2026-09-23,Cava Athleisure,Coral Sculpt Crew Top,M,WTP0218ORM,899.0,3,0,2697.0,125,https://cavaathleisure.com/products/coral-sculpt-crew-top
2026-09-23,Cava Athleisure,Coral Sculpt Crew Top,L,WTP0218ORL,899.0,4,0,3596.0,33,https://cavaathleisure.com/products/coral-sculpt-crew-top
2026-09-23,Cava Athleisure,Coral Sculpt Crew Top,XXL,WTP0218ORXXL,899.0,0,1,0.0,2,https://cavaathleisure.com/products/coral-sculpt-crew-top
2026-09-23,Cava Athleisure,Mint Sculpt Crew Top,XS,WTP0218GRXS,899.0,1,0,899.0,25,https://cavaathleisure.com/products/mint-sculpt-crew-top
2026-09-23,Cava Athleisure,Mint Sculpt Crew Top,S,WTP0218GRS,899.0,3,0,2697.0,78,https://cavaathleisure.com/products/mint-sculpt-crew-top
2026-09-23,Cava Athleisure,Mint Sculpt Crew Top,M,WTP0218GRM,899.0,7,0,6293.0,33,https://cavaathleisure.com/products/mint-sculpt-crew-top
2026-09-23,Cava Athleisure,Mint Sculpt Crew Top,XXL,WTP0218GRXXL,899.0,1,0,899.0,0,https://cavaathleisure.com/products/mint-sculpt-crew-top
2026-09-23,Cava Athleisure,Coral Sculpt Core Top,XS,WTP0118ORXS,799.0,1,0,799.0,64,https://cavaathleisure.com/products/coral-sculpt-core-top
2026-09-23,Cava Athleisure,Coral Sculpt Core Top,S,WTP0118ORS,799.0,8,0,6392.0,12,https://cavaathleisure.com/products/coral-sculpt-core-top
2026-09-23,Cava Athleisure,Mint Sculpt Core Top,XS,WTP0118GRXS,799.0,2,0,1598.0,0,https://cavaathleisure.com/products/mint-sculpt-core-top
2026-09-23,Cava Athleisure,Mint Sculpt Booty Shorts,S,WSH0418GRS,999.0,1,0,999.0,187,https://cavaathleisure.com/products/mint-sculpt-booty-shorts
2026-09-23,Cava Athleisure,Mint Sculpt Booty Shorts,XL,WSH0418GRXL,999.0,1,0,999.0,31,https://cavaathleisure.com/products/mint-sculpt-booty-shorts
2026-09-23,Cava Athleisure,"Navy 5"" Double Layer Rift Shorts",38,MSH5310NYXXL,1209.0,4,0,4836.0,2,https://cavaathleisure.com/products/navy-5-double-layer-rift-shorts
2026-09-23,Cava Athleisure,Black Athletic Quarter-Zip,XL,MTS5710BKXL,1099.0,2,0,2198.0,0,https://cavaathleisure.com/products/black-athletic-quarter-zip
2026-09-23,Cava Athleisure,Black Athletic Quarter-Zip,XXL,MTS5710BKXXL,1099.0,1,0,1099.0,50,https://cavaathleisure.com/products/black-athletic-quarter-zip
2026-09-23,Cava Athleisure,Mint Sculpt Bootcut Leggings,XS,WFP0118GRXS,1299.0,3,0,3897.0,34,https://cavaathleisure.com/products/mint-sculpt-bootcut-leggings
2026-09-23,Cava Athleisure,Mint Sculpt Bootcut Leggings,XS,WFP01T18GRXS,1299.0,1,0,1299.0,50,https://cavaathleisure.com/products/mint-sculpt-bootcut-leggings
2026-09-23,Cava Athleisure,Mint Sculpt Bootcut Leggings,S,WFP0118GRS,1299.0,1,0,1299.0,101,https://cavaathleisure.com/products/mint-sculpt-bootcut-leggings
2026-09-23,Cava Athleisure,Mint Sculpt Bootcut Leggings,S,WFP01T18GRS,1299.0,2,0,2598.0,118,https://cavaathleisure.com/products/mint-sculpt-bootcut-leggings
2026-09-23,Cava Athleisure,Mint Sculpt Bootcut Leggings,M,WFP0118GRM,1299.0,3,0,3897.0,112,https://cavaathleisure.com/products/mint-sculpt-bootcut-leggings
2026-09-23,Cava Athleisure,Mint Sculpt Bootcut Leggings,M,WFP01T18GRM,1299.0,1,0,1299.0,72,https://cavaathleisure.com/products/mint-sculpt-bootcut-leggings
2026-09-23,Cava Athleisure,Mint Sculpt Bootcut Leggings,L,WFP0118GRL,1299.0,1,0,1299.0,77,https://cavaathleisure.com/products/mint-sculpt-bootcut-leggings
2026-09-23,Cava Athleisure,Pink Sculpt Crew Top,XS,WTP0218PNXS,899.0,0,1,0.0,3,https://cavaathleisure.com/products/pink-sculpt-crew-top
2026-09-23,Cava Athleisure,Pink Sculpt Crew Top,S,WTP0218PNS,899.0,3,0,2697.0,0,https://cavaathleisure.com/products/pink-sculpt-crew-top
2026-09-23,Cava Athleisure,Pink Sculpt Core Top,S,WTP0118PNS,799.0,0,1,0.0,1,https://cavaathleisure.com/products/pink-sculpt-core-top
2026-09-23,Cava Athleisure,Pink Sculpt Core Leggings,XS,WLG0218PNXS,1199.0,0,1,0.0,20,https://cavaathleisure.com/products/pink-sculpt-core-leggings
2026-09-23,Cava Athleisure,Pink Sculpt Core Leggings,S,WLG0218PNS,1199.0,5,0,5995.0,99,https://cavaathleisure.com/products/pink-sculpt-core-leggings
2026-09-23,Cava Athleisure,Pink Sculpt Core Leggings,M,WLG0218PNM,1199.0,2,0,2398.0,73,https://cavaathleisure.com/products/pink-sculpt-core-leggings
2026-09-23,Cava Athleisure,Pink Sculpt Core Leggings,L,WLG0218PNL,1199.0,1,0,1199.0,34,https://cavaathleisure.com/products/pink-sculpt-core-leggings
2026-09-23,Cava Athleisure,Pink Sculpt Core Leggings,XL,WLG0218PNXL,1199.0,1,0,1199.0,13,https://cavaathleisure.com/products/pink-sculpt-core-leggings
2026-09-23,Cava Athleisure,Pink Sculpt Booty Shorts,S,WSH0418PNS,999.0,1,0,999.0,153,https://cavaathleisure.com/products/pink-sculpt-booty-shorts
2026-09-23,Cava Athleisure,Pink Sculpt Booty Shorts,M,WSH0418PNM,999.0,1,0,999.0,158,https://cavaathleisure.com/products/pink-sculpt-booty-shorts
2026-09-23,Cava Athleisure,Pink Sculpt Booty Shorts,L,WSH0418PNL,999.0,1,0,999.0,49,https://cavaathleisure.com/products/pink-sculpt-booty-shorts
2026-09-23,Cava Athleisure,Pink Sculpt Bootcut Leggings,XS,WFP01T18PNXS,1299.0,1,0,1299.0,4,https://cavaathleisure.com/products/pink-sculpt-bootcut-leggings
2026-09-23,Cava Athleisure,Pink Sculpt Bootcut Leggings,S,WFP01T18PNS,1299.0,4,0,5196.0,1,https://cavaathleisure.com/products/pink-sculpt-bootcut-leggings
2026-09-23,Cava Athleisure,Pink Sculpt Bootcut Leggings,M,WFP01T18PNM,1299.0,2,0,2598.0,0,https://cavaathleisure.com/products/pink-sculpt-bootcut-leggings
2026-09-23,Cava Athleisure,Pink Sculpt Bootcut Leggings,L,WFP01T18PNL,1299.0,2,0,2598.0,31,https://cavaathleisure.com/products/pink-sculpt-bootcut-leggings
2026-09-23,Cava Athleisure,Pink Sculpt Bootcut Leggings,XL,WFP01T18PNXL,1299.0,1,0,1299.0,79,https://cavaathleisure.com/products/pink-sculpt-bootcut-leggings
2026-09-23,Cava Athleisure,Cava Next Gen Card,Default Title,Cava-Next-Gen-Card,0.0,1712,0,0.0,10849,https://cavaathleisure.com/products/cava-next-gen-card
2026-09-23,Cava Athleisure,Wine Hyper Mesh Sports Bra,XS,WSB102RDXS,1154.0,1,0,1154.0,83,https://cavaathleisure.com/products/wine-hyper-mesh-sports-bra
2026-09-23,Cava Athleisure,Wine Hyper Mesh Sports Bra,S,WSB102RDS,1154.0,14,0,16156.0,266,https://cavaathleisure.com/products/wine-hyper-mesh-sports-bra
2026-09-23,Cava Athleisure,Wine Hyper Mesh Sports Bra,M,WSB102RDM,1154.0,37,0,42698.0,207,https://cavaathleisure.com/products/wine-hyper-mesh-sports-bra
2026-09-23,Cava Athleisure,Wine Hyper Mesh Sports Bra,L,WSB102RDL,1154.0,14,0,16156.0,125,https://cavaathleisure.com/products/wine-hyper-mesh-sports-bra
2026-09-23,Cava Athleisure,Wine Hyper Mesh Sports Bra,XL,WSB102RDXL,1154.0,10,0,11540.0,87,https://cavaathleisure.com/products/wine-hyper-mesh-sports-bra
2026-09-23,Cava Athleisure,Wine Hyper Mesh Sports Bra,XXL,WSB102RDXXL,1154.0,6,0,6924.0,31,https://cavaathleisure.com/products/wine-hyper-mesh-sports-bra
2026-09-23,Cava Athleisure,Pink Next Gen Swirl Skorts,10-11Y,GSK11145PN10-11Y,1299.0,1,0,1299.0,182,https://cavaathleisure.com/products/pink-next-gen-swirl-skorts
2026-09-23,Cava Athleisure,Cherry Next Gen Swirl Skorts,10-11Y,GSK11145RD10-11Y,1299.0,1,0,1299.0,191,https://cavaathleisure.com/products/cherry-next-gen-swirl-skorts
2026-09-23,Cava Athleisure,Cherry Next Gen Swirl Skorts,14+Y,GSK11145RD14-Y,1299.0,1,0,1299.0,108,https://cavaathleisure.com/products/cherry-next-gen-swirl-skorts
2026-09-23,Cava Athleisure,Steel Blue Next Gen Swirl Skorts,14+Y,GSK11145BL14-Y,1299.0,0,1,0.0,34,https://cavaathleisure.com/products/steel-blue-next-gen-swirl-skorts
2026-09-23,Cava Athleisure,Black Next Gen Swirl Skorts,10-11Y,GSK11145BK10-11Y,1299.0,2,0,2598.0,192,https://cavaathleisure.com/products/black-next-gen-swirl-skorts
2026-09-23,Cava Athleisure,Cherry Next Gen Active Jacket,14+Y,GJK11245RD14-Y,1599.0,1,0,1599.0,32,https://cavaathleisure.com/products/cherry-next-gen-sculptor-jacket
2026-09-23,Cava Athleisure,Pink Next Gen Active Jacket,10-11Y,GJK11245PN10-11Y,1599.0,1,0,1599.0,0,https://cavaathleisure.com/products/blush-pink-next-gen-sculptor-jacket
2026-09-23,Cava Athleisure,Steel Blue Next Gen Active Jacket,12-13Y,GJK11245BL12-13Y,1599.0,1,0,1599.0,21,https://cavaathleisure.com/products/steel-blue-next-gen-sculptor-jacket
2026-09-23,Cava Athleisure,Black Next Gen Active Jacket,10-11Y,GJK11245BK10-11Y,1599.0,2,0,3198.0,12,https://cavaathleisure.com/products/black-next-gen-sculptor-jacket
2026-09-23,Cava Athleisure,Cherry Hourglass Booty Shorts,S,WSH0818RDS,879.0,8,0,7032.0,6,https://cavaathleisure.com/products/cherry-hourglass-booty-shorts
2026-09-23,Cava Athleisure,Cherry Hourglass Booty Shorts,XXL,WSH0818RDXXL,879.0,1,0,879.0,0,https://cavaathleisure.com/products/cherry-hourglass-booty-shorts
2026-09-23,Cava Athleisure,Cherry Pleated Mini Dress,XS,WDR4918RDXS,1429.0,1,0,1429.0,54,https://cavaathleisure.com/products/cherry-pleated-mini-dress
2026-09-23,Cava Athleisure,Cherry Pleated Mini Dress,S,WDR4918RDS,1429.0,3,0,4287.0,77,https://cavaathleisure.com/products/cherry-pleated-mini-dress
2026-09-23,Cava Athleisure,Cherry Pleated Mini Dress,M,WDR4918RDM,1429.0,2,0,2858.0,29,https://cavaathleisure.com/products/cherry-pleated-mini-dress
2026-09-23,Cava Athleisure,Cherry Pleated Mini Dress,L,WDR4918RDL,1429.0,5,0,7145.0,9,https://cavaathleisure.com/products/cherry-pleated-mini-dress
2026-09-23,Cava Athleisure,Green Pleated Mini Dress,XS,WDR4918GRXS,1429.0,2,0,2858.0,57,https://cavaathleisure.com/products/green-pleated-mini-dress
2026-09-23,Cava Athleisure,Green Pleated Mini Dress,M,WDR4918GRM,1429.0,3,0,4287.0,73,https://cavaathleisure.com/products/green-pleated-mini-dress
2026-09-23,Cava Athleisure,Green Pleated Mini Dress,XL,WDR4918GRXL,1429.0,1,0,1429.0,19,https://cavaathleisure.com/products/green-pleated-mini-dress
2026-09-23,Cava Athleisure,Cherry Pintuck Flared Pants,XS,WFP5218RDXS,1044.0,3,0,3132.0,11,https://cavaathleisure.com/products/cherry-pintuck-flared-pants
2026-09-23,Cava Athleisure,Cherry Pintuck Flared Pants,S,WFP5218RDS,1044.0,2,0,2088.0,42,https://cavaathleisure.com/products/cherry-pintuck-flared-pants
2026-09-23,Cava Athleisure,Cherry Pintuck Flared Pants,M,WFP5218RDM,1044.0,4,0,4176.0,60,https://cavaathleisure.com/products/cherry-pintuck-flared-pants
2026-09-23,Cava Athleisure,Cherry Pintuck Flared Pants,L,WFP5218RDL,1044.0,1,0,1044.0,14,https://cavaathleisure.com/products/cherry-pintuck-flared-pants
2026-09-23,Cava Athleisure,Cherry Pintuck Flared Pants,XL,WFP5218RDXL,1044.0,2,0,2088.0,1,https://cavaathleisure.com/products/cherry-pintuck-flared-pants
2026-09-23,Cava Athleisure,Black Pleated Mini Dress,S,WDR4918BKS,1429.0,4,0,5716.0,72,https://cavaathleisure.com/products/black-pleated-mini-dress
2026-09-23,Cava Athleisure,Black Pleated Mini Dress,M,WDR4918BKM,1429.0,2,0,2858.0,56,https://cavaathleisure.com/products/black-pleated-mini-dress
2026-09-23,Cava Athleisure,Black Pleated Mini Dress,L,WDR4918BKL,1429.0,3,0,4287.0,14,https://cavaathleisure.com/products/black-pleated-mini-dress
2026-09-23,Cava Athleisure,Green Pintuck Flared Pants,XS,WFP5218GRXS,1044.0,1,0,1044.0,14,https://cavaathleisure.com/products/green-pintuck-flared-pants
2026-09-23,Cava Athleisure,Green Pintuck Flared Pants,M,WFP5218GRM,1044.0,3,0,3132.0,60,https://cavaathleisure.com/products/green-pintuck-flared-pants
2026-09-23,Cava Athleisure,Green Pintuck Flared Pants,L,WFP5218GRL,1044.0,2,0,2088.0,32,https://cavaathleisure.com/products/green-pintuck-flared-pants
2026-09-23,Cava Athleisure,Green Pintuck Flared Pants,XXL,WFP5218GRXXL,1044.0,1,0,1044.0,4,https://cavaathleisure.com/products/green-pintuck-flared-pants
2026-09-23,Cava Athleisure,Cherry Club Corset Top,XS,WTP4818RDXS,879.0,2,0,1758.0,2,https://cavaathleisure.com/products/cherry-club-corset-top
2026-09-23,Cava Athleisure,Cherry Club Corset Top,S,WTP4818RDS,879.0,1,0,879.0,13,https://cavaathleisure.com/products/cherry-club-corset-top
2026-09-23,Cava Athleisure,Green Club Corset Top,XS,WTP4818GRXS,879.0,3,0,2637.0,7,https://cavaathleisure.com/products/green-club-corset-top
2026-09-23,Cava Athleisure,Green Club Corset Top,S,WTP4818GRS,879.0,1,0,879.0,70,https://cavaathleisure.com/products/green-club-corset-top
2026-09-23,Cava Athleisure,Green Club Corset Top,M,WTP4818GRM,879.0,1,0,879.0,56,https://cavaathleisure.com/products/green-club-corset-top
2026-09-23,Cava Athleisure,Green Club Corset Top,L,WTP4818GRL,879.0,1,0,879.0,30,https://cavaathleisure.com/products/green-club-corset-top
2026-09-23,Cava Athleisure,Green Club Corset Top,XL,WTP4818GRXL,879.0,1,0,879.0,0,https://cavaathleisure.com/products/green-club-corset-top
2026-09-23,Cava Athleisure,Green Club Corset Top,XXL,WTP4818GRXXL,879.0,2,0,1758.0,0,https://cavaathleisure.com/products/green-club-corset-top
2026-09-23,Cava Athleisure,Lilac Hourglass Booty Shorts,S,WSH0845PUS,1099.0,3,0,3297.0,2,https://cavaathleisure.com/products/lilac-hourglass-booty-shorts
2026-09-23,Cava Athleisure,Black Club Corset Top,XS,WTP4818BKXS,879.0,1,0,879.0,5,https://cavaathleisure.com/products/black-club-corset-top
2026-09-23,Cava Athleisure,Black Club Corset Top,S,WTP4818BKS,879.0,3,0,2637.0,47,https://cavaathleisure.com/products/black-club-corset-top
2026-09-23,Cava Athleisure,Black Club Corset Top,M,WTP4818BKM,879.0,6,0,5274.0,37,https://cavaathleisure.com/products/black-club-corset-top
2026-09-23,Cava Athleisure,Black Club Corset Top,L,WTP4818BKL,879.0,2,0,1758.0,0,https://cavaathleisure.com/products/black-club-corset-top
2026-09-23,Cava Athleisure,Ruby Hourglass Booty Shorts,XS,WSH0845RDXS,1099.0,1,0,1099.0,9,https://cavaathleisure.com/products/ruby-hourglass-booty-shorts
2026-09-23,Cava Athleisure,Ruby Hourglass Booty Shorts,S,WSH0845RDS,1099.0,5,0,5495.0,48,https://cavaathleisure.com/products/ruby-hourglass-booty-shorts
2026-09-23,Cava Athleisure,Cherry Hourglass Snug Leggings,S,WLG1018RDS,934.0,15,0,14010.0,63,https://cavaathleisure.com/products/cherry-hourglass-snug-leggings
2026-09-23,Cava Athleisure,Cherry Hourglass Snug Leggings,M,WLG1018RDM,934.0,11,0,10274.0,62,https://cavaathleisure.com/products/cherry-hourglass-snug-leggings
2026-09-23,Cava Athleisure,Cherry Hourglass Snug Leggings,L,WLG1018RDL,934.0,21,0,19614.0,74,https://cavaathleisure.com/products/cherry-hourglass-snug-leggings
2026-09-23,Cava Athleisure,Cherry Hourglass Snug Leggings,XL,WLG1018RDXL,934.0,3,0,2802.0,0,https://cavaathleisure.com/products/cherry-hourglass-snug-leggings
2026-09-23,Cava Athleisure,Cherry Hourglass Snug Leggings,XXL,WLG1018RDXXL,934.0,3,0,2802.0,27,https://cavaathleisure.com/products/cherry-hourglass-snug-leggings
2026-09-23,Cava Athleisure,Toasted ADPT™ Wrap Top,XS,WTP10245BNXS,824.0,14,0,11536.0,21,https://cavaathleisure.com/products/toasted-adpt-wrap-top
2026-09-23,Cava Athleisure,Toasted ADPT™ Wrap Top,S,WTP10245BNS,824.0,32,0,26368.0,88,https://cavaathleisure.com/products/toasted-adpt-wrap-top
2026-09-23,Cava Athleisure,Toasted ADPT™ Wrap Top,M,WTP10245BNM,824.0,31,0,25544.0,110,https://cavaathleisure.com/products/toasted-adpt-wrap-top
2026-09-23,Cava Athleisure,Toasted ADPT™ Wrap Top,L,WTP10245BNL,824.0,10,0,8240.0,43,https://cavaathleisure.com/products/toasted-adpt-wrap-top
2026-09-23,Cava Athleisure,Toasted ADPT™ Wrap Top,XL,WTP10245BNXL,824.0,9,0,7416.0,34,https://cavaathleisure.com/products/toasted-adpt-wrap-top
2026-09-23,Cava Athleisure,Lilac ADPT™ Wrap Top,XS,WTP10245PUXS,824.0,2,0,1648.0,54,https://cavaathleisure.com/products/lilac-adpt™-wrap-top
2026-09-23,Cava Athleisure,Lilac ADPT™ Wrap Top,S,WTP10245PUS,824.0,12,0,9888.0,145,https://cavaathleisure.com/products/lilac-adpt™-wrap-top
2026-09-23,Cava Athleisure,Lilac ADPT™ Wrap Top,M,WTP10245PUM,824.0,10,0,8240.0,95,https://cavaathleisure.com/products/lilac-adpt™-wrap-top
2026-09-23,Cava Athleisure,Lilac ADPT™ Wrap Top,L,WTP10245PUL,824.0,6,0,4944.0,6,https://cavaathleisure.com/products/lilac-adpt™-wrap-top
2026-09-23,Cava Athleisure,Lilac ADPT™ Wrap Top,XXL,WTP10245PUXXL,824.0,1,0,824.0,4,https://cavaathleisure.com/products/lilac-adpt™-wrap-top
2026-09-23,Cava Athleisure,Cherry Hourglass Flared Leggings,XS,WFPACU0218RDXS,1209.0,9,0,10881.0,6,https://cavaathleisure.com/products/cherry-hourglass-flared-leggings
2026-09-23,Cava Athleisure,Cherry Hourglass Flared Leggings,S,WFPACU0218RDS,1209.0,41,0,49569.0,0,https://cavaathleisure.com/products/cherry-hourglass-flared-leggings
2026-09-23,Cava Athleisure,Cherry Hourglass Flared Leggings,S,WFPACU0418RDS,1209.0,8,0,9672.0,46,https://cavaathleisure.com/products/cherry-hourglass-flared-leggings
2026-09-23,Cava Athleisure,Cherry Hourglass Flared Leggings,M,WFPACU0218RDM,1209.0,30,0,36270.0,0,https://cavaathleisure.com/products/cherry-hourglass-flared-leggings
2026-09-23,Cava Athleisure,Cherry Hourglass Flared Leggings,M,WFPACU0418RDM,1209.0,9,0,10881.0,18,https://cavaathleisure.com/products/cherry-hourglass-flared-leggings
2026-09-23,Cava Athleisure,Cherry Hourglass Flared Leggings,L,WFPACU0118RDL,1209.0,27,0,32643.0,0,https://cavaathleisure.com/products/cherry-hourglass-flared-leggings
2026-09-23,Cava Athleisure,Cherry Hourglass Flared Leggings,L,WFPACU0418RDL,1209.0,17,0,20553.0,8,https://cavaathleisure.com/products/cherry-hourglass-flared-leggings
2026-09-23,Cava Athleisure,Cherry Hourglass Flared Leggings,XL,WFPACU0118RDXL,1209.0,7,0,8463.0,0,https://cavaathleisure.com/products/cherry-hourglass-flared-leggings
2026-09-23,Cava Athleisure,Cherry Hourglass Flared Leggings,XL,WFPACU0218RDXL,1209.0,26,0,31434.0,39,https://cavaathleisure.com/products/cherry-hourglass-flared-leggings
2026-09-23,Cava Athleisure,Cherry Hourglass Flared Leggings,XL,WFPACU0418RDXL,1209.0,8,0,9672.0,11,https://cavaathleisure.com/products/cherry-hourglass-flared-leggings
2026-09-23,Cava Athleisure,Cherry Hourglass Flared Leggings,XXL,WFPACU0118RDXXL,1209.0,7,0,8463.0,9,https://cavaathleisure.com/products/cherry-hourglass-flared-leggings
2026-09-23,Cava Athleisure,Cherry Hourglass Flared Leggings,XXL,WFPACU0418RDXXL,1209.0,7,0,8463.0,14,https://cavaathleisure.com/products/cherry-hourglass-flared-leggings
2026-09-23,Cava Athleisure,Blush ADPT™ Wrap Top,XS,WTP10245PNXS,824.0,4,0,3296.0,0,https://cavaathleisure.com/products/blush-adpt-wrap-top
2026-09-23,Cava Athleisure,Blush ADPT™ Wrap Top,S,WTP10245PNS,824.0,10,0,8240.0,99,https://cavaathleisure.com/products/blush-adpt-wrap-top
2026-09-23,Cava Athleisure,Blush ADPT™ Wrap Top,M,WTP10245PNM,824.0,7,0,5768.0,18,https://cavaathleisure.com/products/blush-adpt-wrap-top
2026-09-23,Cava Athleisure,Blush ADPT™ Wrap Top,XL,WTP10245PNXL,824.0,4,0,3296.0,5,https://cavaathleisure.com/products/blush-adpt-wrap-top
2026-09-23,Cava Athleisure,Ivory ADPT™ Wrap Top,S,WTP10245WHS,824.0,28,0,23072.0,57,https://cavaathleisure.com/products/ivory-adpt-wrap-top
2026-09-23,Cava Athleisure,Ivory ADPT™ Wrap Top,M,WTP10245WHM,824.0,20,0,16480.0,5,https://cavaathleisure.com/products/ivory-adpt-wrap-top
2026-09-23,Cava Athleisure,Ivory ADPT™ Wrap Top,XXL,WTP10245WHXXL,824.0,4,0,3296.0,4,https://cavaathleisure.com/products/ivory-adpt-wrap-top
2026-09-23,Cava Athleisure,Ice Blue Athletic Quarter-Zip,XL,MTS5710BLXL,1099.0,4,0,4396.0,40,https://cavaathleisure.com/products/ice-blue-athletic-quarter-zip
2026-09-23,Cava Athleisure,Ice Blue Athletic Quarter-Zip,XXL,MTS5710BLXXL,1099.0,3,0,3297.0,37,https://cavaathleisure.com/products/ice-blue-athletic-quarter-zip
2026-09-23,Cava Athleisure,Navy Athletic Quarter-Zip,XL,MTS5710NYXL,1099.0,5,0,5495.0,8,https://cavaathleisure.com/products/navy-athletic-quarter-zip
2026-09-23,Cava Athleisure,Lilac Refine Crop Tank,S,WTN10145PUS,714.0,1,0,714.0,63,https://cavaathleisure.com/products/lilac-refine-crop-tank
2026-09-23,Cava Athleisure,Lilac Refine Crop Tank,M,WTN10145PUM,714.0,1,0,714.0,94,https://cavaathleisure.com/products/lilac-refine-crop-tank
2026-09-23,Cava Athleisure,Steel Blue Refine Crop Tank,M,WTN10145BLM,714.0,2,0,1428.0,45,https://cavaathleisure.com/products/steel-blue-refine-crop-tank
2026-09-23,Cava Athleisure,Ruby Refine Crop Tank,S,WTN10145RDS,714.0,1,0,714.0,3,https://cavaathleisure.com/products/ruby-refine-crop-tank
2026-09-23,Cava Athleisure,Ruby Refine Crop Tank,M,WTN10145RDM,714.0,2,0,1428.0,11,https://cavaathleisure.com/products/ruby-refine-crop-tank
2026-09-23,Cava Athleisure,Ruby Refine Crop Tank,L,WTN10145RDL,714.0,1,0,714.0,21,https://cavaathleisure.com/products/ruby-refine-crop-tank
2026-09-23,Cava Athleisure,Ivory Hourglass Flared Leggings,XS,WFPACU0145WHXS,1209.0,6,0,7254.0,10,https://cavaathleisure.com/products/ivory-hourglass-flared-leggings
2026-09-23,Cava Athleisure,Ivory Hourglass Flared Leggings,XS,WFPACU0445WHXS,1209.0,1,0,1209.0,62,https://cavaathleisure.com/products/ivory-hourglass-flared-leggings
2026-09-23,Cava Athleisure,Ivory Hourglass Flared Leggings,S,WFPACU0145WHS,1209.0,5,0,6045.0,0,https://cavaathleisure.com/products/ivory-hourglass-flared-leggings
2026-09-23,Cava Athleisure,Ivory Hourglass Flared Leggings,S,WFPACU0245WHS,1209.0,6,0,7254.0,7,https://cavaathleisure.com/products/ivory-hourglass-flared-leggings
2026-09-23,Cava Athleisure,Ivory Hourglass Flared Leggings,S,WFPACU0445WHS,1209.0,2,0,2418.0,22,https://cavaathleisure.com/products/ivory-hourglass-flared-leggings
2026-09-23,Cava Athleisure,Ivory Hourglass Flared Leggings,M,WFPACU0145WHM,1209.0,12,0,14508.0,68,https://cavaathleisure.com/products/ivory-hourglass-flared-leggings
2026-09-23,Cava Athleisure,Ivory Hourglass Flared Leggings,M,WFPACU0245WHM,1209.0,7,0,8463.0,52,https://cavaathleisure.com/products/ivory-hourglass-flared-leggings
2026-09-23,Cava Athleisure,Ivory Hourglass Flared Leggings,M,WFPACU0445WHM,1209.0,6,0,7254.0,75,https://cavaathleisure.com/products/ivory-hourglass-flared-leggings
2026-09-23,Cava Athleisure,Ivory Hourglass Flared Leggings,L,WFPACU0145WHL,1209.0,8,0,9672.0,73,https://cavaathleisure.com/products/ivory-hourglass-flared-leggings
2026-09-23,Cava Athleisure,Ivory Hourglass Flared Leggings,L,WFPACU0245WHL,1209.0,2,0,2418.0,120,https://cavaathleisure.com/products/ivory-hourglass-flared-leggings
2026-09-23,Cava Athleisure,Ivory Hourglass Flared Leggings,L,WFPACU0445WHL,1209.0,5,0,6045.0,6,https://cavaathleisure.com/products/ivory-hourglass-flared-leggings
2026-09-23,Cava Athleisure,Ivory Hourglass Flared Leggings,XL,WFPACU0145WHXL,1209.0,2,0,2418.0,0,https://cavaathleisure.com/products/ivory-hourglass-flared-leggings
2026-09-23,Cava Athleisure,Ivory Hourglass Flared Leggings,XL,WFPACU0245WHXL,1209.0,0,1,0.0,1,https://cavaathleisure.com/products/ivory-hourglass-flared-leggings
2026-09-23,Cava Athleisure,Ivory Hourglass Flared Leggings,XL,WFPACU0445WHXL,1209.0,2,0,2418.0,58,https://cavaathleisure.com/products/ivory-hourglass-flared-leggings
2026-09-23,Cava Athleisure,Ivory Hourglass Flared Leggings,XXL,WFPACU0145WHXXL,1209.0,2,0,2418.0,30,https://cavaathleisure.com/products/ivory-hourglass-flared-leggings
2026-09-23,Cava Athleisure,Ivory Hourglass Flared Leggings,XXL,WFPACU0245WHXXL,1209.0,2,0,2418.0,84,https://cavaathleisure.com/products/ivory-hourglass-flared-leggings
2026-09-23,Cava Athleisure,Ivory Hourglass Flared Leggings,XXL,WFPACU0445WHXXL,1209.0,4,0,4836.0,46,https://cavaathleisure.com/products/ivory-hourglass-flared-leggings
2026-09-23,Cava Athleisure,Navy Contrast Techpique Sleeveless Polo,S,WTPCS0410NYS,1359.0,2,0,2718.0,41,https://cavaathleisure.com/products/navy-contrast-techpique-sleeveless-polo
2026-09-23,Cava Athleisure,Navy Contrast Techpique Sleeveless Polo,M,WTPCS0410NYM,1359.0,2,0,2718.0,0,https://cavaathleisure.com/products/navy-contrast-techpique-sleeveless-polo
2026-09-23,Cava Athleisure,Navy Contrast Techpique Sleeveless Polo,XL,WTPCS0410NYXL,1359.0,2,0,2718.0,21,https://cavaathleisure.com/products/navy-contrast-techpique-sleeveless-polo
2026-09-23,Cava Athleisure,Green Contour Jacket,XS,WJK4718GRXS,1319.0,2,0,2638.0,31,https://cavaathleisure.com/products/green-contour-jacket
2026-09-23,Cava Athleisure,Green Contour Jacket,S,WJK4718GRS,1319.0,2,0,2638.0,99,https://cavaathleisure.com/products/green-contour-jacket
2026-09-23,Cava Athleisure,Green Contour Jacket,M,WJK4718GRM,1319.0,1,0,1319.0,115,https://cavaathleisure.com/products/green-contour-jacket
2026-09-23,Cava Athleisure,Green Contour Jacket,L,WJK4718GRL,1319.0,1,0,1319.0,56,https://cavaathleisure.com/products/green-contour-jacket
2026-09-23,Cava Athleisure,Green Contour Jacket,XL,WJK4718GRXL,1319.0,2,0,2638.0,17,https://cavaathleisure.com/products/green-contour-jacket
2026-09-23,Cava Athleisure,Ivory Refine Crop Tank,S,WTN10145WHS,714.0,4,0,2856.0,38,https://cavaathleisure.com/products/ivory-refine-crop-tank
2026-09-23,Cava Athleisure,Ivory Refine Crop Tank,M,WTN10145WHM,714.0,2,0,1428.0,55,https://cavaathleisure.com/products/ivory-refine-crop-tank
2026-09-23,Cava Athleisure,Ivory Refine Crop Tank,L,WTN10145WHL,714.0,1,0,714.0,61,https://cavaathleisure.com/products/ivory-refine-crop-tank
2026-09-23,Cava Athleisure,Brown Refine Crop Tank,M,WTN10145BNM,714.0,3,0,2142.0,0,https://cavaathleisure.com/products/brown-refine-crop-tank
2026-09-23,Cava Athleisure,Ice Blue Contour Jacket,XS,WJK4718BLXS,1319.0,3,0,3957.0,8,https://cavaathleisure.com/products/ice-blue-contour-jacket
2026-09-23,Cava Athleisure,Ice Blue Contour Jacket,S,WJK4718BLS,1319.0,5,0,6595.0,54,https://cavaathleisure.com/products/ice-blue-contour-jacket
2026-09-23,Cava Athleisure,Ice Blue Contour Jacket,M,WJK4718BLM,1319.0,8,0,10552.0,31,https://cavaathleisure.com/products/ice-blue-contour-jacket
2026-09-23,Cava Athleisure,Brown Trailscape Jacket,M,MJK5610BNM,1979.0,1,0,1979.0,55,https://cavaathleisure.com/products/brown-trailscape-jacket
2026-09-23,Cava Athleisure,Brown Trailscape Jacket,L,MJK5610BNL,1979.0,1,0,1979.0,64,https://cavaathleisure.com/products/brown-trailscape-jacket
2026-09-23,Cava Athleisure,Light Grey Trailscape Jacket,S,MJK5610GYS,1979.0,2,0,3958.0,23,https://cavaathleisure.com/products/light-grey-trailscape-jacket
2026-09-23,Cava Athleisure,Light Grey Trailscape Jacket,M,MJK5610GYM,1979.0,1,0,1979.0,12,https://cavaathleisure.com/products/light-grey-trailscape-jacket
2026-09-23,Cava Athleisure,Light Grey Trailscape Jacket,L,MJK5610GYL,1979.0,2,0,3958.0,48,https://cavaathleisure.com/products/light-grey-trailscape-jacket
2026-09-23,Cava Athleisure,Light Grey Trailscape Jacket,XXL,MJK5610GYXXL,1979.0,1,0,1979.0,42,https://cavaathleisure.com/products/light-grey-trailscape-jacket
2026-09-23,Cava Athleisure,White Velocity Training Tee,XL,MTS5518WHXL,879.0,1,0,879.0,0,https://cavaathleisure.com/products/white-velocity-training-tee
2026-09-23,Cava Athleisure,White Velocity Training Tee,XXL,MTS5518WHXXL,879.0,1,0,879.0,13,https://cavaathleisure.com/products/white-velocity-training-tee
2026-09-23,Cava Athleisure,Navy Trailscape Jacket,M,MJK5610NYM,1979.0,3,0,5937.0,60,https://cavaathleisure.com/products/navy-trailscape-jacket
2026-09-23,Cava Athleisure,Navy Trailscape Jacket,L,MJK5610NYL,1979.0,1,0,1979.0,68,https://cavaathleisure.com/products/navy-trailscape-jacket
2026-09-23,Cava Athleisure,Navy Trailscape Jacket,XL,MJK5610NYXL,1979.0,4,0,7916.0,69,https://cavaathleisure.com/products/navy-trailscape-jacket
2026-09-23,Cava Athleisure,Light Grey Athletic Quarter-Zip,XL,MTS5710GYXL,1099.0,4,0,4396.0,6,https://cavaathleisure.com/products/light-grey-athletic-quarter-zip
2026-09-23,Cava Athleisure,Ice Blue Velocity Training Tee,XXL,MTS5518BLXXL,879.0,2,0,1758.0,21,https://cavaathleisure.com/products/ice-blue-velocity-training-tee
2026-09-23,Cava Athleisure,Teal Velocity Training Tee,XXL,MTS5518GRXXL,879.0,1,0,879.0,17,https://cavaathleisure.com/products/teal-velocity-training-tee
2026-09-23,Cava Athleisure,Black Velocity Training Tee,XXL,MTS5518BKXXL,879.0,1,0,879.0,1,https://cavaathleisure.com/products/black-velocity-training-tee
2026-09-23,Cava Athleisure,Black Trailscape Jacket,L,MJK5610BKL,1979.0,1,0,1979.0,58,https://cavaathleisure.com/products/trailscape-jacketblack-trailscape-jacket
2026-09-23,Cava Athleisure,Black Trailscape Jacket,XL,MJK5610BKXL,1979.0,1,0,1979.0,71,https://cavaathleisure.com/products/trailscape-jacketblack-trailscape-jacket
2026-09-23,Cava Athleisure,Black Trailscape Jacket,XXL,MJK5610BKXXL,1979.0,1,0,1979.0,52,https://cavaathleisure.com/products/trailscape-jacketblack-trailscape-jacket
2026-09-23,Cava Athleisure,Lilac Hyper Mesh Sports Bra,XS,WSB021PUXS,1154.0,1,0,1154.0,52,https://cavaathleisure.com/products/lilac-hyper-mesh-sports-bra
2026-09-23,Cava Athleisure,Lilac Hyper Mesh Sports Bra,S,WSB021PUS,1154.0,4,0,4616.0,81,https://cavaathleisure.com/products/lilac-hyper-mesh-sports-bra
2026-09-23,Cava Athleisure,Plum Cotton Recovery Jacket,XS,WJK3616PUXS,1264.0,2,0,2528.0,8,https://cavaathleisure.com/products/plum-cotton-recovery-jacket
2026-09-23,Cava Athleisure,Red Pulse Seamless Tee,XL,MTSCS12117RDXL,824.0,1,0,824.0,67,https://cavaathleisure.com/products/red-pulse-seamless-tee
2026-09-23,Cava Athleisure,Navy Ripple Swim Skorts,S,WSWSK3414NYS,1484.0,1,0,1484.0,13,https://cavaathleisure.com/products/navy-ripple-swim-skorts
2026-09-23,Cava Athleisure,Navy Ripple Swim Skorts,XL,WSWSK3414NYXL,1484.0,2,0,2968.0,0,https://cavaathleisure.com/products/navy-ripple-swim-skorts
2026-09-23,Cava Athleisure,Cherry Ripple Swim Skorts,XS,WSWSK3414RDXS,1484.0,8,0,11872.0,103,https://cavaathleisure.com/products/cherry-ripple-swim-skorts
2026-09-23,Cava Athleisure,Cherry Ripple Swim Skorts,S,WSWSK3414RDS,1484.0,8,0,11872.0,197,https://cavaathleisure.com/products/cherry-ripple-swim-skorts
2026-09-23,Cava Athleisure,Cherry Ripple Swim Skorts,M,WSWSK3414RDM,1484.0,6,0,8904.0,238,https://cavaathleisure.com/products/cherry-ripple-swim-skorts
2026-09-23,Cava Athleisure,Cherry Ripple Swim Skorts,L,WSWSK3414RDL,1484.0,20,0,29680.0,181,https://cavaathleisure.com/products/cherry-ripple-swim-skorts
2026-09-23,Cava Athleisure,Cherry Ripple Swim Skorts,XL,WSWSK3414RDXL,1484.0,7,0,10388.0,47,https://cavaathleisure.com/products/cherry-ripple-swim-skorts
2026-09-23,Cava Athleisure,Cherry Ripple Swim Skorts,XXL,WSWSK3414RDXXL,1484.0,5,0,7420.0,43,https://cavaathleisure.com/products/cherry-ripple-swim-skorts
2026-09-23,Cava Athleisure,Black Ripple Swim Skorts,XS,WSWSK3414BKXS,1484.0,4,0,5936.0,90,https://cavaathleisure.com/products/black-ripple-swim-skorts
2026-09-23,Cava Athleisure,Black Ripple Swim Skorts,S,WSWSK3414BKS,1484.0,3,0,4452.0,123,https://cavaathleisure.com/products/black-ripple-swim-skorts
2026-09-23,Cava Athleisure,Black Ripple Swim Skorts,M,WSWSK3414BKM,1484.0,5,0,7420.0,209,https://cavaathleisure.com/products/black-ripple-swim-skorts
2026-09-23,Cava Athleisure,Black Ripple Swim Skorts,L,WSWSK3414BKL,1484.0,7,0,10388.0,220,https://cavaathleisure.com/products/black-ripple-swim-skorts
2026-09-23,Cava Athleisure,Black Ripple Swim Skorts,XL,WSWSK3414BKXL,1484.0,2,0,2968.0,91,https://cavaathleisure.com/products/black-ripple-swim-skorts
2026-09-23,Cava Athleisure,Black Ripple Swim Skorts,XXL,WSWSK3414BKXXL,1484.0,2,0,2968.0,26,https://cavaathleisure.com/products/black-ripple-swim-skorts
2026-09-23,Cava Athleisure,Navy Tieback Swim Top,XL,WSWTP3314NYXL,1484.0,2,0,2968.0,0,https://cavaathleisure.com/products/navy-tieback-swim-top
2026-09-23,Cava Athleisure,Black Tieback Swim Top,XS,WSWTP3314BKXS,1484.0,2,0,2968.0,115,https://cavaathleisure.com/products/black-tieback-swim-top
2026-09-23,Cava Athleisure,Black Tieback Swim Top,S,WSWTP3314BKS,1484.0,9,0,13356.0,157,https://cavaathleisure.com/products/black-tieback-swim-top
2026-09-23,Cava Athleisure,Black Tieback Swim Top,M,WSWTP3314BKM,1484.0,6,0,8904.0,200,https://cavaathleisure.com/products/black-tieback-swim-top
2026-09-23,Cava Athleisure,Black Tieback Swim Top,L,WSWTP3314BKL,1484.0,6,0,8904.0,148,https://cavaathleisure.com/products/black-tieback-swim-top
2026-09-23,Cava Athleisure,Black Tieback Swim Top,XL,WSWTP3314BKXL,1484.0,4,0,5936.0,72,https://cavaathleisure.com/products/black-tieback-swim-top
2026-09-23,Cava Athleisure,Black Tieback Swim Top,XXL,WSWTP3314BKXXL,1484.0,1,0,1484.0,44,https://cavaathleisure.com/products/black-tieback-swim-top
2026-09-23,Cava Athleisure,Cherry Tieback Swim Top,XS,WSWTP3314RDXS,1484.0,11,0,16324.0,48,https://cavaathleisure.com/products/cherry-tieback-swim-top
2026-09-23,Cava Athleisure,Cherry Tieback Swim Top,S,WSWTP3314RDS,1484.0,16,0,23744.0,190,https://cavaathleisure.com/products/cherry-tieback-swim-top
2026-09-23,Cava Athleisure,Cherry Tieback Swim Top,M,WSWTP3314RDM,1484.0,25,0,37100.0,216,https://cavaathleisure.com/products/cherry-tieback-swim-top
2026-09-23,Cava Athleisure,Cherry Tieback Swim Top,L,WSWTP3314RDL,1484.0,17,0,25228.0,140,https://cavaathleisure.com/products/cherry-tieback-swim-top
2026-09-23,Cava Athleisure,Cherry Tieback Swim Top,XL,WSWTP3314RDXL,1484.0,3,0,4452.0,56,https://cavaathleisure.com/products/cherry-tieback-swim-top
2026-09-23,Cava Athleisure,Cherry Tieback Swim Top,XXL,WSWTP3314RDXXL,1484.0,5,0,7420.0,40,https://cavaathleisure.com/products/cherry-tieback-swim-top
2026-09-23,Cava Athleisure,Black Cava Essential Tote,Free Size,WAC6014BK,1699.0,3,0,5097.0,66,https://cavaathleisure.com/products/black-cava-essential-tote
2026-09-23,Cava Athleisure,Ivory Cava Essential Tote,Free Size,WAC5914WH,1699.0,1,0,1699.0,92,https://cavaathleisure.com/products/ivory-cava-essential-tote
2026-09-23,Cava Athleisure,Cherry Plie Pleated Skort,XS,WSKCS0610RDXS,1209.0,5,0,6045.0,253,https://cavaathleisure.com/products/cherry-plie-pleated-skort
2026-09-23,Cava Athleisure,Cherry Plie Pleated Skort,S,WSKCS0610RDS,1209.0,12,0,14508.0,133,https://cavaathleisure.com/products/cherry-plie-pleated-skort
2026-09-23,Cava Athleisure,Cherry Plie Pleated Skort,XL,WSKCS0610RDXL,1209.0,4,0,4836.0,18,https://cavaathleisure.com/products/cherry-plie-pleated-skort
2026-09-23,Cava Athleisure,Steel Blue Hourglass Flared Leggings,XS,WFPACU0145BLXS,1209.0,7,0,8463.0,81,https://cavaathleisure.com/products/steel-blue-hourglass-flared-leggings
2026-09-23,Cava Athleisure,Steel Blue Hourglass Flared Leggings,XS,WFPACU0245BLXS,1209.0,0,2,0.0,2,https://cavaathleisure.com/products/steel-blue-hourglass-flared-leggings
2026-09-23,Cava Athleisure,Steel Blue Hourglass Flared Leggings,XS,WFPACU0445BLXS,1209.0,1,0,1209.0,32,https://cavaathleisure.com/products/steel-blue-hourglass-flared-leggings
2026-09-23,Cava Athleisure,Steel Blue Hourglass Flared Leggings,S,WFPACU0145BLS,1209.0,19,0,22971.0,163,https://cavaathleisure.com/products/steel-blue-hourglass-flared-leggings
2026-09-23,Cava Athleisure,Steel Blue Hourglass Flared Leggings,S,WFPACU0445BLS,1209.0,7,0,8463.0,1,https://cavaathleisure.com/products/steel-blue-hourglass-flared-leggings
2026-09-23,Cava Athleisure,Steel Blue Hourglass Flared Leggings,M,WFPACU0145BLM,1209.0,24,0,29016.0,139,https://cavaathleisure.com/products/steel-blue-hourglass-flared-leggings
2026-09-23,Cava Athleisure,Steel Blue Hourglass Flared Leggings,M,WFPACU0445BLM,1209.0,18,0,21762.0,49,https://cavaathleisure.com/products/steel-blue-hourglass-flared-leggings
2026-09-23,Cava Athleisure,Steel Blue Hourglass Flared Leggings,L,WFPACU0145BLL,1209.0,24,0,29016.0,249,https://cavaathleisure.com/products/steel-blue-hourglass-flared-leggings
2026-09-23,Cava Athleisure,Steel Blue Hourglass Flared Leggings,L,WFPACU0445BLL,1209.0,10,0,12090.0,15,https://cavaathleisure.com/products/steel-blue-hourglass-flared-leggings
2026-09-23,Cava Athleisure,Steel Blue Hourglass Flared Leggings,XL,WFPACU0145BLXL,1209.0,8,0,9672.0,105,https://cavaathleisure.com/products/steel-blue-hourglass-flared-leggings
2026-09-23,Cava Athleisure,Steel Blue Hourglass Flared Leggings,XL,WFPACU0245BLXL,1209.0,5,0,6045.0,31,https://cavaathleisure.com/products/steel-blue-hourglass-flared-leggings
2026-09-23,Cava Athleisure,Steel Blue Hourglass Flared Leggings,XL,WFPACU0445BLXL,1209.0,6,0,7254.0,45,https://cavaathleisure.com/products/steel-blue-hourglass-flared-leggings
2026-09-23,Cava Athleisure,Steel Blue Hourglass Flared Leggings,XXL,WFPACU0145BLXXL,1209.0,1,0,1209.0,0,https://cavaathleisure.com/products/steel-blue-hourglass-flared-leggings
2026-09-23,Cava Athleisure,Steel Blue Hourglass Flared Leggings,XXL,WFPACU0445BLXXL,1209.0,1,0,1209.0,0,https://cavaathleisure.com/products/steel-blue-hourglass-flared-leggings
2026-09-23,Cava Athleisure,Wine Hourglass Booty Shorts,XS,WSH0845WRDXS,879.0,3,0,2637.0,77,https://cavaathleisure.com/products/wine-hourglass-booty-shorts
2026-09-23,Cava Athleisure,Wine Hourglass Booty Shorts,S,WSH0845WRDS,879.0,19,0,16701.0,391,https://cavaathleisure.com/products/wine-hourglass-booty-shorts
2026-09-23,Cava Athleisure,Wine Hourglass Booty Shorts,M,WSH0845WRDM,879.0,24,0,21096.0,143,https://cavaathleisure.com/products/wine-hourglass-booty-shorts
2026-09-23,Cava Athleisure,Wine Hourglass Booty Shorts,L,WSH0845WRDL,879.0,12,0,10548.0,45,https://cavaathleisure.com/products/wine-hourglass-booty-shorts
2026-09-23,Cava Athleisure,Wine Hourglass Booty Shorts,XL,WSH0845WRDXL,879.0,5,0,4395.0,7,https://cavaathleisure.com/products/wine-hourglass-booty-shorts
2026-09-23,Cava Athleisure,Wine Hourglass Booty Shorts,XXL,WSH0845WRDXXL,879.0,1,0,879.0,0,https://cavaathleisure.com/products/wine-hourglass-booty-shorts
2026-09-23,Cava Athleisure,Steel Blue Hourglass Booty Shorts,XS,WSH0845BLXS,879.0,1,0,879.0,81,https://cavaathleisure.com/products/steel-blue-hourglass-booty-shorts
2026-09-23,Cava Athleisure,Steel Blue Hourglass Booty Shorts,S,WSH0845BLS,879.0,6,0,5274.0,139,https://cavaathleisure.com/products/steel-blue-hourglass-booty-shorts
2026-09-23,Cava Athleisure,Steel Blue Hourglass Booty Shorts,M,WSH0845BLM,879.0,8,0,7032.0,126,https://cavaathleisure.com/products/steel-blue-hourglass-booty-shorts
2026-09-23,Cava Athleisure,Steel Blue Hourglass Booty Shorts,L,WSH0845BLL,879.0,5,0,4395.0,84,https://cavaathleisure.com/products/steel-blue-hourglass-booty-shorts
2026-09-23,Cava Athleisure,Steel Blue Hourglass Booty Shorts,XL,WSH0845BLXL,879.0,1,0,879.0,45,https://cavaathleisure.com/products/steel-blue-hourglass-booty-shorts
2026-09-23,Cava Athleisure,Steel Blue Hourglass Booty Shorts,XXL,WSH0845BLXXL,879.0,2,0,1758.0,10,https://cavaathleisure.com/products/steel-blue-hourglass-booty-shorts
2026-09-23,Cava Athleisure,Cherry Studio Compression Sports Bra,XL,WSB4014RDXL,1429.0,1,0,1429.0,0,https://cavaathleisure.com/products/cherry-studio-compression-sports-bra
2026-09-23,Cava Athleisure,Slate Studio Compression Sports Bra,L,WSB4014GYL,1429.0,1,0,1429.0,0,https://cavaathleisure.com/products/slate-studio-compression-sports-bra
2026-09-23,Cava Athleisure,"Teal 5"" Pacer Shorts",30,MSH4217GR30,1599.0,1,0,1599.0,5,https://cavaathleisure.com/products/teal-5-pacer-shorts
2026-09-23,Cava Athleisure,"Teal 5"" Pacer Shorts",32,MSH4217GR32,1599.0,2,0,3198.0,92,https://cavaathleisure.com/products/teal-5-pacer-shorts
2026-09-23,Cava Athleisure,"Teal 5"" Pacer Shorts",34,MSH4217GR34,1599.0,3,0,4797.0,34,https://cavaathleisure.com/products/teal-5-pacer-shorts
2026-09-23,Cava Athleisure,"Teal 5"" Pacer Shorts",38,MSH4217GR38,1599.0,1,0,1599.0,16,https://cavaathleisure.com/products/teal-5-pacer-shorts
2026-09-23,Cava Athleisure,"Black 5"" Pacer Shorts",32,MSH4217BK32,1599.0,8,0,12792.0,25,https://cavaathleisure.com/products/black-5-pacer-shorts
2026-09-23,Cava Athleisure,Purple Fluid Ozone Sleeveless Tank,XXL,MTN4314PBKXXL,934.0,2,0,1868.0,2,https://cavaathleisure.com/products/purple-fluid-ozone-sleeveless-tank
2026-09-23,Cava Athleisure,Teal Fluid Strap Back Sports Bra,XXL,WSB1917PGRXXL,824.0,1,0,824.0,6,https://cavaathleisure.com/products/teal-fluid-strap-back-sports-bra
2026-09-23,Cava Athleisure,Pink Strap Back Sports Bra,XS,WSB1917PNXS,824.0,13,0,10712.0,107,https://cavaathleisure.com/products/pink-strap-back-sports-bra
2026-09-23,Cava Athleisure,Pink Strap Back Sports Bra,M,WSB1917PNM,824.0,42,0,34608.0,0,https://cavaathleisure.com/products/pink-strap-back-sports-bra
2026-09-23,Cava Athleisure,Pink Strap Back Sports Bra,L,WSB1917PNL,824.0,17,0,14008.0,120,https://cavaathleisure.com/products/pink-strap-back-sports-bra
2026-09-23,Cava Athleisure,Pink Strap Back Sports Bra,XL,WSB1917PNXL,824.0,3,0,2472.0,141,https://cavaathleisure.com/products/pink-strap-back-sports-bra
2026-09-23,Cava Athleisure,Black Contour Flared Leggings,XS,WFP3714BKXS,1044.0,0,3,0.0,3,https://cavaathleisure.com/products/black-contour-flared-leggings
2026-09-23,Cava Athleisure,Slate Contour Flared Leggings,XS,WFP3714GYXS,1044.0,3,0,3132.0,32,https://cavaathleisure.com/products/slate-contour-flared-leggings
2026-09-23,Cava Athleisure,Slate Contour Flared Leggings,S,WFP3714GYS,1044.0,17,0,17748.0,15,https://cavaathleisure.com/products/slate-contour-flared-leggings
2026-09-23,Cava Athleisure,Slate Contour Flared Leggings,M,WFP3714GYM,1044.0,14,0,14616.0,26,https://cavaathleisure.com/products/slate-contour-flared-leggings
2026-09-23,Cava Athleisure,Slate Contour Flared Leggings,L,WFP3714GYL,1044.0,6,0,6264.0,29,https://cavaathleisure.com/products/slate-contour-flared-leggings
2026-09-23,Cava Athleisure,Slate Contour Flared Leggings,XL,WFP3714GYXL,1044.0,3,0,3132.0,14,https://cavaathleisure.com/products/slate-contour-flared-leggings
2026-09-23,Cava Athleisure,Slate Contour Flared Leggings,XXL,WFP3714GYXXL,1044.0,4,0,4176.0,8,https://cavaathleisure.com/products/slate-contour-flared-leggings
2026-09-23,Cava Athleisure,Cherry Contour Flared Leggings,XS,WFP3714RDXS,1044.0,17,0,17748.0,5,https://cavaathleisure.com/products/cherry-contour-flared-leggings
2026-09-23,Cava Athleisure,Cherry Contour Flared Leggings,L,WFP3714RDL,1044.0,13,0,13572.0,0,https://cavaathleisure.com/products/cherry-contour-flared-leggings
2026-09-23,Cava Athleisure,Cherry Contour Flared Leggings,XL,WFP3714RDXL,1044.0,1,0,1044.0,0,https://cavaathleisure.com/products/cherry-contour-flared-leggings
2026-09-23,Cava Athleisure,Cherry Contour Flared Leggings,XXL,WFP3714RDXXL,1044.0,2,0,2088.0,0,https://cavaathleisure.com/products/cherry-contour-flared-leggings
2026-09-23,Cava Athleisure,Navy Contoured Seamless Sports Bra,XXL,WSBUD17NYXXL,659.0,1,0,659.0,0,https://cavaathleisure.com/products/navy-contoured-seamless-sports-bra
2026-09-23,Cava Athleisure,Wine Hourglass Swirl Skorts,XS,WSK4114WRDXS,1209.0,1,0,1209.0,91,https://cavaathleisure.com/products/wine-hourglass-swirl-skorts
2026-09-23,Cava Athleisure,Wine Hourglass Swirl Skorts,S,WSK4114WRDS,1209.0,5,0,6045.0,153,https://cavaathleisure.com/products/wine-hourglass-swirl-skorts
2026-09-23,Cava Athleisure,Wine Hourglass Swirl Skorts,M,WSK4114WRDM,1209.0,9,0,10881.0,31,https://cavaathleisure.com/products/wine-hourglass-swirl-skorts
2026-09-23,Cava Athleisure,Wine Hourglass Swirl Skorts,L,WSK4114WRDL,1209.0,5,0,6045.0,26,https://cavaathleisure.com/products/wine-hourglass-swirl-skorts
2026-09-23,Cava Athleisure,Wine Hourglass Swirl Skorts,XXL,WSK4114WRDXXL,1209.0,3,0,3627.0,19,https://cavaathleisure.com/products/wine-hourglass-swirl-skorts
2026-09-23,Cava Athleisure,Blush Hourglass Swirl Skorts,XS,WSK4114PNXS,1209.0,3,0,3627.0,79,https://cavaathleisure.com/products/blush-hourglass-swirl-skorts
2026-09-23,Cava Athleisure,Blush Hourglass Swirl Skorts,S,WSK4114PNS,1209.0,6,0,7254.0,96,https://cavaathleisure.com/products/blush-hourglass-swirl-skorts
2026-09-23,Cava Athleisure,Blush Hourglass Swirl Skorts,M,WSK4114PNM,1209.0,8,0,9672.0,76,https://cavaathleisure.com/products/blush-hourglass-swirl-skorts
2026-09-23,Cava Athleisure,Blush Hourglass Swirl Skorts,L,WSK4114PNL,1209.0,4,0,4836.0,81,https://cavaathleisure.com/products/blush-hourglass-swirl-skorts
2026-09-23,Cava Athleisure,Blush Hourglass Swirl Skorts,XL,WSK4114PNXL,1209.0,4,0,4836.0,12,https://cavaathleisure.com/products/blush-hourglass-swirl-skorts
2026-09-23,Cava Athleisure,Blush Hourglass Swirl Skorts,XXL,WSK4114PNXXL,1209.0,3,0,3627.0,19,https://cavaathleisure.com/products/blush-hourglass-swirl-skorts
2026-09-23,Cava Athleisure,Black Hourglass Swirl Skorts,XS,WSK4114BKXS,1209.0,9,0,10881.0,48,https://cavaathleisure.com/products/black-hourglass-swirl-skorts
2026-09-23,Cava Athleisure,Black Hourglass Swirl Skorts,S,WSK4114BKS,1209.0,10,0,12090.0,31,https://cavaathleisure.com/products/black-hourglass-swirl-skorts
2026-09-23,Cava Athleisure,Black Hourglass Swirl Skorts,M,WSK4114BKM,1209.0,14,0,16926.0,79,https://cavaathleisure.com/products/black-hourglass-swirl-skorts
2026-09-23,Cava Athleisure,Black Hourglass Swirl Skorts,L,WSK4114BKL,1209.0,12,0,14508.0,85,https://cavaathleisure.com/products/black-hourglass-swirl-skorts
2026-09-23,Cava Athleisure,Black Hourglass Swirl Skorts,XL,WSK4114BKXL,1209.0,6,0,7254.0,23,https://cavaathleisure.com/products/black-hourglass-swirl-skorts
2026-09-23,Cava Athleisure,Black Hourglass Swirl Skorts,XXL,WSK4114BKXXL,1209.0,5,0,6045.0,37,https://cavaathleisure.com/products/black-hourglass-swirl-skorts
2026-09-23,Cava Athleisure,Blush Heartline Sports Bra,XS,WSB3914PNXS,1099.0,3,0,3297.0,32,https://cavaathleisure.com/products/blush-heartline-sports-bra
2026-09-23,Cava Athleisure,Blush Heartline Sports Bra,S,WSB3914PNS,1099.0,12,0,13188.0,26,https://cavaathleisure.com/products/blush-heartline-sports-bra
2026-09-23,Cava Athleisure,Blush Heartline Sports Bra,M,WSB3914PNM,1099.0,17,0,18683.0,17,https://cavaathleisure.com/products/blush-heartline-sports-bra
2026-09-23,Cava Athleisure,Blush Heartline Sports Bra,XXL,WSB3914PNXXL,1099.0,4,0,4396.0,10,https://cavaathleisure.com/products/blush-heartline-sports-bra
2026-09-23,Cava Athleisure,Pink Heartline Sports Bra,S,WSB3914MPNS,1099.0,8,0,8792.0,1,https://cavaathleisure.com/products/pink-heartline-sports-bra
2026-09-23,Cava Athleisure,Black Heartline Sports Bra,XS,WSB3914BKXS,1099.0,2,0,2198.0,2,https://cavaathleisure.com/products/black-heartline-sports-bra
2026-09-23,Cava Athleisure,Black Heartline Sports Bra,XL,WSB3914BKXL,1099.0,2,0,2198.0,0,https://cavaathleisure.com/products/black-heartline-sports-bra
2026-09-23,Cava Athleisure,Black Studio Compression Sports Bra,M,WSB4014BKM,1429.0,1,0,1429.0,0,https://cavaathleisure.com/products/black-studio-compression-sports-bra
2026-09-23,Cava Athleisure,Teal Fluid Racerback Tank,XS,WTNSET510PGRXS,1099.0,1,0,1099.0,49,https://cavaathleisure.com/products/teal-fluid-racerback-tank
2026-09-23,Cava Athleisure,Teal Fluid Racerback Tank,S,WTNSET510PGRS,1099.0,8,0,8792.0,59,https://cavaathleisure.com/products/teal-fluid-racerback-tank
2026-09-23,Cava Athleisure,Teal Fluid Racerback Tank,M,WTNSET510PGRM,1099.0,5,0,5495.0,65,https://cavaathleisure.com/products/teal-fluid-racerback-tank
2026-09-23,Cava Athleisure,Teal Fluid Racerback Tank,L,WTNSET510PGRL,1099.0,8,0,8792.0,44,https://cavaathleisure.com/products/teal-fluid-racerback-tank
2026-09-23,Cava Athleisure,Black Ozone Sleeveless Tank,XXL,MTN4314BKXXL,934.0,1,0,934.0,1,https://cavaathleisure.com/products/black-ozone-sleeveless-tank
2026-09-23,Cava Athleisure,Pink Hourglass Booty Shorts,XS,WSH0814PNXS,879.0,4,0,3516.0,83,https://cavaathleisure.com/products/pink-hourglass-booty-shorts
2026-09-23,Cava Athleisure,Pink Hourglass Booty Shorts,S,WSH0814PNS,879.0,6,0,5274.0,106,https://cavaathleisure.com/products/pink-hourglass-booty-shorts
2026-09-23,Cava Athleisure,Pink Hourglass Booty Shorts,M,WSH0814PNM,879.0,15,0,13185.0,96,https://cavaathleisure.com/products/pink-hourglass-booty-shorts
2026-09-23,Cava Athleisure,Pink Hourglass Booty Shorts,L,WSH0814PNL,879.0,1,0,879.0,84,https://cavaathleisure.com/products/pink-hourglass-booty-shorts
2026-09-23,Cava Athleisure,Plum Seamless Cinched Leggings,XS,WLGUD17PUXS,934.0,2,0,1868.0,67,https://cavaathleisure.com/products/plum-seamless-cinched-leggings
2026-09-23,Cava Athleisure,Plum Seamless Cinched Leggings,S,WLGUD17PUS,934.0,4,0,3736.0,21,https://cavaathleisure.com/products/plum-seamless-cinched-leggings
2026-09-23,Cava Athleisure,Plum Seamless Cinched Leggings,XL,WLGUD17PUXL,934.0,2,0,1868.0,0,https://cavaathleisure.com/products/plum-seamless-cinched-leggings
2026-09-23,Cava Athleisure,Ivory Ultra Support Sports Bra,XS,WSB0114WHXS,1044.0,4,0,4176.0,156,https://cavaathleisure.com/products/ivory-ultra-support-sports-bra
2026-09-23,Cava Athleisure,Ivory Ultra Support Sports Bra,S,WSB0114WHS,1044.0,31,0,32364.0,242,https://cavaathleisure.com/products/ivory-ultra-support-sports-bra
2026-09-23,Cava Athleisure,Ivory Ultra Support Sports Bra,M,WSB0114WHM,1044.0,35,0,36540.0,201,https://cavaathleisure.com/products/ivory-ultra-support-sports-bra
2026-09-23,Cava Athleisure,Ivory Ultra Support Sports Bra,L,WSB0114WHL,1044.0,18,0,18792.0,123,https://cavaathleisure.com/products/ivory-ultra-support-sports-bra
2026-09-23,Cava Athleisure,Ivory Ultra Support Sports Bra,XL,WSB0114WHXL,1044.0,4,0,4176.0,13,https://cavaathleisure.com/products/ivory-ultra-support-sports-bra
2026-09-23,Cava Athleisure,Ivory Ultra Support Sports Bra,XXL,WSB0114WHXXL,1044.0,1,0,1044.0,11,https://cavaathleisure.com/products/ivory-ultra-support-sports-bra
2026-09-23,Cava Athleisure,Navy Seamless Cinched Leggings,XS,WLGUD17NYXS,934.0,2,0,1868.0,43,https://cavaathleisure.com/products/navy-seamless-cinched-leggings
2026-09-23,Cava Athleisure,Cherry Sculptor Jacket,XS,WJKSET510RDXS,1264.0,15,0,18960.0,54,https://cavaathleisure.com/products/cherry-sculptor-jacket
2026-09-23,Cava Athleisure,Cherry Sculptor Jacket,S,WJKSET510RDS,1264.0,88,0,111232.0,194,https://cavaathleisure.com/products/cherry-sculptor-jacket
2026-09-23,Cava Athleisure,Cherry Sculptor Jacket,M,WJKSET510RDM,1264.0,82,0,103648.0,313,https://cavaathleisure.com/products/cherry-sculptor-jacket
2026-09-23,Cava Athleisure,Cherry Sculptor Jacket,L,WJKSET510RDL,1264.0,71,0,89744.0,303,https://cavaathleisure.com/products/cherry-sculptor-jacket
2026-09-23,Cava Athleisure,Cherry Sculptor Jacket,XL,WJKSET510RDXL,1264.0,38,0,48032.0,102,https://cavaathleisure.com/products/cherry-sculptor-jacket
2026-09-23,Cava Athleisure,Cherry Sculptor Jacket,XXL,WJKSET510RDXXL,1264.0,20,0,25280.0,118,https://cavaathleisure.com/products/cherry-sculptor-jacket
2026-09-23,Cava Athleisure,Cherry Hourglass Swirl Skorts,XS,WSK4114RDXS,1209.0,8,0,9672.0,162,https://cavaathleisure.com/products/cherry-hourglass-swirl-skorts
2026-09-23,Cava Athleisure,Cherry Hourglass Swirl Skorts,S,WSK4114RDS,1209.0,24,0,29016.0,200,https://cavaathleisure.com/products/cherry-hourglass-swirl-skorts
2026-09-23,Cava Athleisure,Cherry Hourglass Swirl Skorts,M,WSK4114RDM,1209.0,34,0,41106.0,181,https://cavaathleisure.com/products/cherry-hourglass-swirl-skorts
2026-09-23,Cava Athleisure,Cherry Hourglass Swirl Skorts,L,WSK4114RDL,1209.0,18,0,21762.0,53,https://cavaathleisure.com/products/cherry-hourglass-swirl-skorts
2026-09-23,Cava Athleisure,Cherry Hourglass Swirl Skorts,XXL,WSK4114RDXXL,1209.0,5,0,6045.0,0,https://cavaathleisure.com/products/cherry-hourglass-swirl-skorts
2026-09-23,Cava Athleisure,Steel Blue Hourglass Snug Leggings,XS,WLG1045BLXS,934.0,1,0,934.0,8,https://cavaathleisure.com/products/steel-blue-hourglass-snug-leggings
2026-09-23,Cava Athleisure,Steel Blue Hourglass Snug Leggings,S,WLG1045BLS,934.0,13,0,12142.0,50,https://cavaathleisure.com/products/steel-blue-hourglass-snug-leggings
2026-09-23,Cava Athleisure,Steel Blue Hourglass Snug Leggings,M,WLG1045BLM,934.0,27,0,25218.0,50,https://cavaathleisure.com/products/steel-blue-hourglass-snug-leggings
2026-09-23,Cava Athleisure,Steel Blue Hourglass Snug Leggings,L,WLG1045BLL,934.0,13,0,12142.0,52,https://cavaathleisure.com/products/steel-blue-hourglass-snug-leggings
2026-09-23,Cava Athleisure,Steel Blue Hourglass Snug Leggings,XL,WLG1045BLXL,934.0,5,0,4670.0,51,https://cavaathleisure.com/products/steel-blue-hourglass-snug-leggings
2026-09-23,Cava Athleisure,Steel Blue Hourglass Snug Leggings,XXL,WLG1045BLXXL,934.0,2,0,1868.0,23,https://cavaathleisure.com/products/steel-blue-hourglass-snug-leggings
2026-09-23,Cava Athleisure,Wine Hourglass Snug Leggings,XS,WLG1045WRDXS,934.0,4,0,3736.0,44,https://cavaathleisure.com/products/wine-hourglass-snug-leggings
2026-09-23,Cava Athleisure,Wine Hourglass Snug Leggings,S,WLG1045WRDS,934.0,11,0,10274.0,130,https://cavaathleisure.com/products/wine-hourglass-snug-leggings
2026-09-23,Cava Athleisure,Wine Hourglass Snug Leggings,M,WLG1045WRDM,934.0,30,0,28020.0,97,https://cavaathleisure.com/products/wine-hourglass-snug-leggings
2026-09-23,Cava Athleisure,Wine Hourglass Snug Leggings,L,WLG1045WRDL,934.0,26,0,24284.0,99,https://cavaathleisure.com/products/wine-hourglass-snug-leggings
2026-09-23,Cava Athleisure,Wine Hourglass Snug Leggings,XL,WLG1045WRDXL,934.0,11,0,10274.0,46,https://cavaathleisure.com/products/wine-hourglass-snug-leggings
2026-09-23,Cava Athleisure,Wine Hourglass Snug Leggings,XXL,WLG1045WRDXXL,934.0,3,0,2802.0,51,https://cavaathleisure.com/products/wine-hourglass-snug-leggings
2026-09-23,Cava Athleisure,Toasted Swirl Tennis Skorts,XXS,WSKSET445BNXXS,1099.0,3,0,3297.0,10,https://cavaathleisure.com/products/toasted-swirl-tennis-skorts
2026-09-23,Cava Athleisure,Toasted Swirl Tennis Skorts,XS,WSKSET445BNXS,1099.0,11,0,12089.0,88,https://cavaathleisure.com/products/toasted-swirl-tennis-skorts
2026-09-23,Cava Athleisure,Toasted Swirl Tennis Skorts,S,WSKSET445BNS,1099.0,12,0,13188.0,67,https://cavaathleisure.com/products/toasted-swirl-tennis-skorts
2026-09-23,Cava Athleisure,Toasted Swirl Tennis Skorts,M,WSKSET445BNM,1099.0,14,0,15386.0,64,https://cavaathleisure.com/products/toasted-swirl-tennis-skorts
2026-09-23,Cava Athleisure,Toasted Swirl Tennis Skorts,L,WSKSET445BNL,1099.0,11,0,12089.0,35,https://cavaathleisure.com/products/toasted-swirl-tennis-skorts
2026-09-23,Cava Athleisure,Toasted Swirl Tennis Skorts,XL,WSKSET445BNXL,1099.0,5,0,5495.0,20,https://cavaathleisure.com/products/toasted-swirl-tennis-skorts
2026-09-23,Cava Athleisure,Toasted Swirl Tennis Skorts,XXL,WSKSET445BNXXL,1099.0,1,0,1099.0,33,https://cavaathleisure.com/products/toasted-swirl-tennis-skorts
2026-09-23,Cava Athleisure,Petrol Blue Adaptive Quarter Zip,M,WHD4445NYM,1429.0,0,1,0.0,1,https://cavaathleisure.com/products/petrol-blue-adaptive-quarter-zip
2026-09-23,Cava Athleisure,Petrol Blue Adaptive Quarter Zip,L,WHD4445NYL,1429.0,1,0,1429.0,0,https://cavaathleisure.com/products/petrol-blue-adaptive-quarter-zip
2026-09-23,Cava Athleisure,Petrol Blue Adaptive Quarter Zip,XL,WHD4445NYXL,1429.0,0,1,0.0,4,https://cavaathleisure.com/products/petrol-blue-adaptive-quarter-zip
2026-09-23,Cava Athleisure,Grey Adaptive Quarter Zip,M,WHD4445GYM,1429.0,2,0,2858.0,0,https://cavaathleisure.com/products/grey-adaptive-quarter-zip
2026-09-23,Cava Athleisure,Shadow Everywear Sweatshirt,XL,MHD1615BKXL,1099.0,1,0,1099.0,0,https://cavaathleisure.com/products/shadow-everywear-sweatshirt
2026-09-23,Cava Athleisure,Shadow Cotton Leisure Shorts,M,MSH1616BKM,899.0,1,0,899.0,115,https://cavaathleisure.com/products/shadow-cotton-leisure-shorts
2026-09-23,Cava Athleisure,Shadow Cotton Leisure Shorts,L,MSH1616BKL,899.0,4,0,3596.0,120,https://cavaathleisure.com/products/shadow-cotton-leisure-shorts
2026-09-23,Cava Athleisure,Shadow Cotton Leisure Shorts,XL,MSH1616BKXL,899.0,3,0,2697.0,40,https://cavaathleisure.com/products/shadow-cotton-leisure-shorts
2026-09-23,Cava Athleisure,Shadow Cotton Leisure Shorts,XXL,MSH1616BKXXL,899.0,1,0,899.0,10,https://cavaathleisure.com/products/shadow-cotton-leisure-shorts
2026-09-23,Cava Athleisure,Shadow Everywear Leisure Tee,L,MTS1614BKL,799.0,2,0,1598.0,92,https://cavaathleisure.com/products/shadow-everywear-leisure-tee
2026-09-23,Cava Athleisure,Shadow Everywear Leisure Tee,XL,MTS1614BKXL,799.0,1,0,799.0,12,https://cavaathleisure.com/products/shadow-everywear-leisure-tee
2026-09-23,Cava Athleisure,Brown Everywear Leisure Tee,S,MTS1614BNS,799.0,1,0,799.0,75,https://cavaathleisure.com/products/brown-everywear-leisure-tee
2026-09-23,Cava Athleisure,Brown Everywear Leisure Tee,L,MTS1614BNL,799.0,1,0,799.0,120,https://cavaathleisure.com/products/brown-everywear-leisure-tee
2026-09-23,Cava Athleisure,Blue Everywear Leisure Tee,M,MTS1614NYM,799.0,1,0,799.0,27,https://cavaathleisure.com/products/blue-everywear-leisure-tee
2026-09-23,Cava Athleisure,Blue Everywear Leisure Tee,L,MTS1614NYL,799.0,1,0,799.0,24,https://cavaathleisure.com/products/blue-everywear-leisure-tee
2026-09-23,Cava Athleisure,Blue Everywear Leisure Tee,XL,MTS1614NYXL,799.0,1,0,799.0,15,https://cavaathleisure.com/products/blue-everywear-leisure-tee
2026-09-23,Cava Athleisure,Dusty Pink Everywear Leisure Tee,S,MTS1614BGS,799.0,2,0,1598.0,23,https://cavaathleisure.com/products/dusty-pink-everywear-leisure-tee
2026-09-23,Cava Athleisure,Dusty Pink Everywear Leisure Tee,M,MTS1614BGM,799.0,1,0,799.0,59,https://cavaathleisure.com/products/dusty-pink-everywear-leisure-tee
2026-09-23,Cava Athleisure,Dusty Pink Everywear Leisure Tee,L,MTS1614BGL,799.0,1,0,799.0,58,https://cavaathleisure.com/products/dusty-pink-everywear-leisure-tee
2026-09-23,Cava Athleisure,Blue Everywear Sweatshirt,L,MHD1615NYL,1099.0,1,0,1099.0,1,https://cavaathleisure.com/products/blue-everywear-sweatshirt
2026-09-23,Cava Athleisure,Blue Everywear Sweatshirt,XL,MHD1615NYXL,1099.0,2,0,2198.0,13,https://cavaathleisure.com/products/blue-everywear-sweatshirt
2026-09-23,Cava Athleisure,Brown Everywear Sweatshirt,XL,MHD1615BNXL,1099.0,2,0,2198.0,10,https://cavaathleisure.com/products/brown-everywear-sweatshirt
2026-09-23,Cava Athleisure,Dusty Pink Everywear Sweatshirt,M,MHD1615BGM,1099.0,1,0,1099.0,64,https://cavaathleisure.com/products/dusty-pink-everywear-sweatshirt
2026-09-23,Cava Athleisure,Dusty Pink Everywear Sweatshirt,XL,MHD1615BGXL,1099.0,2,0,2198.0,49,https://cavaathleisure.com/products/dusty-pink-everywear-sweatshirt
2026-09-23,Cava Athleisure,Brown Wide Leg Joggers,S,MJR1617BNS,1399.0,1,0,1399.0,0,https://cavaathleisure.com/products/brown-wide-leg-joggers
2026-09-23,Cava Athleisure,Brown Wide Leg Joggers,L,MJR1617BNL,1399.0,1,0,1399.0,0,https://cavaathleisure.com/products/brown-wide-leg-joggers
2026-09-23,Cava Athleisure,Blue Wide Leg Joggers,M,MJR1617NYM,1399.0,1,0,1399.0,17,https://cavaathleisure.com/products/blue-wide-leg-joggers
2026-09-23,Cava Athleisure,Blue Wide Leg Joggers,L,MJR1617NYL,1399.0,4,0,5596.0,21,https://cavaathleisure.com/products/blue-wide-leg-joggers
2026-09-23,Cava Athleisure,Blue Cotton Leisure Shorts,M,MSH1616NYM,899.0,2,0,1798.0,95,https://cavaathleisure.com/products/blue-cotton-leisure-shorts
2026-09-23,Cava Athleisure,Blue Cotton Leisure Shorts,XL,MSH1616NYXL,899.0,1,0,899.0,22,https://cavaathleisure.com/products/blue-cotton-leisure-shorts
2026-09-23,Cava Athleisure,Dusty Pink Cotton Leisure Shorts,S,MSH1616BGS,899.0,1,0,899.0,50,https://cavaathleisure.com/products/dusty-pink-cotton-leisure-shorts
2026-09-23,Cava Athleisure,Pine Rib-knit Trousers,L,WJR3714GRL,1429.0,1,0,1429.0,32,https://cavaathleisure.com/products/pine-rib-knit-trousers
2026-09-23,Cava Athleisure,Pine Rib-knit Trousers,XL,WJR3714GRXL,1429.0,1,0,1429.0,7,https://cavaathleisure.com/products/pine-rib-knit-trousers
2026-09-23,Cava Athleisure,Cream Club Cardigan,L,WJK3614WHL,1374.0,4,0,5496.0,2,https://cavaathleisure.com/products/cream-club-cardigan
2026-09-23,Cava Athleisure,Grey Cotton Baby Tee,M,WTS1631GMLM,714.0,1,0,714.0,0,https://cavaathleisure.com/products/grey-cotton-baby-tee
2026-09-23,Cava Athleisure,Grey Cotton Baby Tee,XL,WTS1631GMLXL,714.0,1,0,714.0,13,https://cavaathleisure.com/products/grey-cotton-baby-tee
2026-09-23,Cava Athleisure,Grey Cotton Baby Tee,XXL,WTS1631GMLXXL,714.0,1,0,714.0,0,https://cavaathleisure.com/products/grey-cotton-baby-tee
2026-09-23,Cava Athleisure,Butter Yellow Ultra Support Sports Bra,XS,WSB14CS01YLXS,1044.0,9,0,9396.0,46,https://cavaathleisure.com/products/butter-yellow-ultra-support-sports-bra
2026-09-23,Cava Athleisure,Butter Yellow Ultra Support Sports Bra,S,WSB14CS01YLS,1044.0,40,0,41760.0,48,https://cavaathleisure.com/products/butter-yellow-ultra-support-sports-bra
2026-09-23,Cava Athleisure,Butter Yellow Ultra Support Sports Bra,M,WSB14CS01YLM,1044.0,58,0,60552.0,134,https://cavaathleisure.com/products/butter-yellow-ultra-support-sports-bra
2026-09-23,Cava Athleisure,Butter Yellow Ultra Support Sports Bra,L,WSB14CS01YLL,1044.0,24,0,25056.0,218,https://cavaathleisure.com/products/butter-yellow-ultra-support-sports-bra
2026-09-23,Cava Athleisure,Butter Yellow Ultra Support Sports Bra,XL,WSB14CS01YLXL,1044.0,7,0,7308.0,88,https://cavaathleisure.com/products/butter-yellow-ultra-support-sports-bra
2026-09-23,Cava Athleisure,Butter Yellow Ultra Support Sports Bra,XXL,WSB14CS01YLXXL,1044.0,1,0,1044.0,75,https://cavaathleisure.com/products/butter-yellow-ultra-support-sports-bra
2026-09-23,Cava Athleisure,Pink Cotton Baby Tee,XL,WTS1631PNXL,714.0,3,0,2142.0,26,https://cavaathleisure.com/products/pink-cotton-baby-tee
2026-09-23,Cava Athleisure,Black Sculpt Core Top,XS,WTP901BKXS,799.0,1,0,799.0,0,https://cavaathleisure.com/products/black-sculpt-core-top
2026-09-23,Cava Athleisure,Black Sculpt Core Top,XXL,WTP901BKXXL,799.0,0,1,0.0,1,https://cavaathleisure.com/products/black-sculpt-core-top
2026-09-23,Cava Athleisure,White Sculpt Core Top,XS,WTP901WHXS,799.0,6,0,4794.0,18,https://cavaathleisure.com/products/white-sculpt-core-top
2026-09-23,Cava Athleisure,Burgundy Sculpt Crew Top,XS,WTP902RDXS,899.0,1,0,899.0,2,https://cavaathleisure.com/products/burgundy-sculpt-crew-top
2026-09-23,Cava Athleisure,Burgundy Sculpt Crew Top,M,WTP902RDM,899.0,0,1,0.0,1,https://cavaathleisure.com/products/burgundy-sculpt-crew-top
2026-09-23,Cava Athleisure,Burgundy Sculpt Crew Top,L,WTP902RDL,899.0,1,0,899.0,0,https://cavaathleisure.com/products/burgundy-sculpt-crew-top
2026-09-23,Cava Athleisure,Brown Sculpt V-Neck Top,XS,WTP904BNXS,879.0,2,0,1758.0,38,https://cavaathleisure.com/products/brown-sculpt-v-neck-top
2026-09-23,Cava Athleisure,Brown Sculpt V-Neck Top,S,WTP904BNS,879.0,1,0,879.0,0,https://cavaathleisure.com/products/brown-sculpt-v-neck-top
2026-09-23,Cava Athleisure,Brown Sculpt V-Neck Top,M,WTP904BNM,879.0,2,0,1758.0,0,https://cavaathleisure.com/products/brown-sculpt-v-neck-top
2026-09-23,Cava Athleisure,Brown Sculpt V-Neck Top,L,WTP904BNL,879.0,1,0,879.0,0,https://cavaathleisure.com/products/brown-sculpt-v-neck-top
2026-09-23,Cava Athleisure,Ice Blue Sculpt Crew Top,XS,WTP902BLXS,899.0,1,0,899.0,1,https://cavaathleisure.com/products/ice-blue-sculpt-crew-top
2026-09-23,Cava Athleisure,Ice Blue Sculpt Crew Top,S,WTP902BLS,899.0,0,1,0.0,1,https://cavaathleisure.com/products/ice-blue-sculpt-crew-top
2026-09-23,Cava Athleisure,White Sculpt Crew Top,XS,WTP902WHXS,899.0,1,0,899.0,34,https://cavaathleisure.com/products/white-sculpt-crew-top
2026-09-23,Cava Athleisure,White Sculpt Crew Top,S,WTP902WHS,899.0,2,0,1798.0,36,https://cavaathleisure.com/products/white-sculpt-crew-top
2026-09-23,Cava Athleisure,White Sculpt Crew Top,M,WTP902WHM,899.0,7,0,6293.0,11,https://cavaathleisure.com/products/white-sculpt-crew-top
2026-09-23,Cava Athleisure,White Sculpt Crew Top,L,WTP902WHL,899.0,1,0,899.0,0,https://cavaathleisure.com/products/white-sculpt-crew-top
2026-09-23,Cava Athleisure,White Sculpt Crew Top,XL,WTP902WHXL,899.0,1,0,899.0,35,https://cavaathleisure.com/products/white-sculpt-crew-top
2026-09-23,Cava Athleisure,White Sculpt Crew Top,XXL,WTP902WHXXL,899.0,1,0,899.0,18,https://cavaathleisure.com/products/white-sculpt-crew-top
2026-09-23,Cava Athleisure,Hot Pink Sculpt Crew Top,XS,WTP902PNXS,899.0,2,0,1798.0,6,https://cavaathleisure.com/products/hot-pink-sculpt-crew-top
2026-09-23,Cava Athleisure,Hot Pink Sculpt Crew Top,S,WTP902PNS,899.0,3,0,2697.0,73,https://cavaathleisure.com/products/hot-pink-sculpt-crew-top
2026-09-23,Cava Athleisure,Hot Pink Sculpt Crew Top,M,WTP902PNM,899.0,4,0,3596.0,19,https://cavaathleisure.com/products/hot-pink-sculpt-crew-top
2026-09-23,Cava Athleisure,Black Sculpt Scoop Top,S,WTP903BKS,899.0,1,0,899.0,29,https://cavaathleisure.com/products/black-sculpt-scoop-top
2026-09-23,Cava Athleisure,Black Sculpt Core Leggings,XS,WLG902BKXS,1199.0,1,0,1199.0,97,https://cavaathleisure.com/products/black-sculpt-core-leggings
2026-09-23,Cava Athleisure,Black Sculpt Core Leggings,S,WLG902BKS,1199.0,13,0,15587.0,324,https://cavaathleisure.com/products/black-sculpt-core-leggings
2026-09-23,Cava Athleisure,Black Sculpt Core Leggings,M,WLG902BKM,1199.0,9,0,10791.0,125,https://cavaathleisure.com/products/black-sculpt-core-leggings
2026-09-23,Cava Athleisure,Black Sculpt Core Leggings,L,WLG902BKL,1199.0,7,0,8393.0,30,https://cavaathleisure.com/products/black-sculpt-core-leggings
2026-09-23,Cava Athleisure,Black Sculpt Core Leggings,XL,WLG902BKXL,1199.0,5,0,5995.0,130,https://cavaathleisure.com/products/black-sculpt-core-leggings
2026-09-23,Cava Athleisure,Black Sculpt Core Leggings,XXL,WLG902BKXXL,1199.0,2,0,2398.0,16,https://cavaathleisure.com/products/black-sculpt-core-leggings
2026-09-23,Cava Athleisure,Brown Sculpt Core Leggings,S,WLG902BNS,1199.0,2,0,2398.0,178,https://cavaathleisure.com/products/brown-sculpt-core-leggings
2026-09-23,Cava Athleisure,Brown Sculpt Core Leggings,M,WLG902BNM,1199.0,1,0,1199.0,67,https://cavaathleisure.com/products/brown-sculpt-core-leggings
2026-09-23,Cava Athleisure,Brown Sculpt Core Leggings,L,WLG902BNL,1199.0,5,0,5995.0,52,https://cavaathleisure.com/products/brown-sculpt-core-leggings
2026-09-23,Cava Athleisure,Brown Sculpt Core Leggings,XL,WLG902BNXL,1199.0,2,0,2398.0,20,https://cavaathleisure.com/products/brown-sculpt-core-leggings
2026-09-23,Cava Athleisure,Navy Sculpt Core Leggings,S,WLG902NYS,1199.0,1,0,1199.0,59,https://cavaathleisure.com/products/navy-sculpt-core-leggings
2026-09-23,Cava Athleisure,Navy Sculpt Core Leggings,L,WLG902NYL,1199.0,1,0,1199.0,0,https://cavaathleisure.com/products/navy-sculpt-core-leggings
2026-09-23,Cava Athleisure,Burgundy Sculpt Core Leggings,S,WLG902RDS,1199.0,1,0,1199.0,133,https://cavaathleisure.com/products/burgundy-sculpt-core-leggings
2026-09-23,Cava Athleisure,Burgundy Sculpt Core Leggings,M,WLG902RDM,1199.0,3,0,3597.0,22,https://cavaathleisure.com/products/burgundy-sculpt-core-leggings
2026-09-23,Cava Athleisure,Burgundy Sculpt Core Leggings,L,WLG902RDL,1199.0,2,0,2398.0,35,https://cavaathleisure.com/products/burgundy-sculpt-core-leggings
2026-09-23,Cava Athleisure,Hot Pink Sculpt Core Leggings,S,WLG902PNS,1199.0,1,0,1199.0,190,https://cavaathleisure.com/products/hot-pink-sculpt-core-leggings
2026-09-23,Cava Athleisure,Hot Pink Sculpt Core Leggings,M,WLG902PNM,1199.0,1,0,1199.0,90,https://cavaathleisure.com/products/hot-pink-sculpt-core-leggings
2026-09-23,Cava Athleisure,Hot Pink Sculpt Core Leggings,L,WLG902PNL,1199.0,1,0,1199.0,61,https://cavaathleisure.com/products/hot-pink-sculpt-core-leggings
2026-09-23,Cava Athleisure,Storm Blue Sculpt Core Leggings,S,WLG902SBLS,1199.0,2,0,2398.0,166,https://cavaathleisure.com/products/storm-blue-sculpt-core-leggings
2026-09-23,Cava Athleisure,Ice Blue Sculpt Core Leggings,S,WLG902BLS,1199.0,9,0,10791.0,65,https://cavaathleisure.com/products/ice-blue-sculpt-core-leggings
2026-09-23,Cava Athleisure,Ice Blue Sculpt Core Leggings,M,WLG902BLM,1199.0,6,0,7194.0,52,https://cavaathleisure.com/products/ice-blue-sculpt-core-leggings
2026-09-23,Cava Athleisure,Ice Blue Sculpt Core Leggings,L,WLG902BLL,1199.0,2,0,2398.0,36,https://cavaathleisure.com/products/ice-blue-sculpt-core-leggings
2026-09-23,Cava Athleisure,Black Sculpt Bootcut Leggings,S,WFP901BKS,1299.0,8,0,10392.0,129,https://cavaathleisure.com/products/black-sculpt-bootcut-leggings
2026-09-23,Cava Athleisure,Black Sculpt Bootcut Leggings,S,WFP01T9BKS,1299.0,4,0,5196.0,260,https://cavaathleisure.com/products/black-sculpt-bootcut-leggings
2026-09-23,Cava Athleisure,Black Sculpt Bootcut Leggings,M,WFP901BKM,1299.0,6,0,7794.0,56,https://cavaathleisure.com/products/black-sculpt-bootcut-leggings
2026-09-23,Cava Athleisure,Black Sculpt Bootcut Leggings,M,WFP01T9BKM,1299.0,1,0,1299.0,99,https://cavaathleisure.com/products/black-sculpt-bootcut-leggings
2026-09-23,Cava Athleisure,Black Sculpt Bootcut Leggings,L,WFP901BKL,1299.0,5,0,6495.0,57,https://cavaathleisure.com/products/black-sculpt-bootcut-leggings
2026-09-23,Cava Athleisure,Black Sculpt Bootcut Leggings,L,WFP01T9BKL,1299.0,3,0,3897.0,257,https://cavaathleisure.com/products/black-sculpt-bootcut-leggings
2026-09-23,Cava Athleisure,Black Sculpt Bootcut Leggings,XL,WFP901BKXL,1299.0,1,0,1299.0,0,https://cavaathleisure.com/products/black-sculpt-bootcut-leggings
2026-09-23,Cava Athleisure,Black Sculpt Bootcut Leggings,XL,WFP01T9BKXL,1299.0,4,0,5196.0,280,https://cavaathleisure.com/products/black-sculpt-bootcut-leggings
2026-09-23,Cava Athleisure,Black Sculpt Bootcut Leggings,XXL,WFP01T9BKXXL,1299.0,3,0,3897.0,6,https://cavaathleisure.com/products/black-sculpt-bootcut-leggings
2026-09-23,Cava Athleisure,Brown Sculpt Bootcut Leggings,XS,WFP901BNXS,1299.0,0,1,0.0,2,https://cavaathleisure.com/products/brown-sculpt-bootcut-leggings
2026-09-23,Cava Athleisure,Brown Sculpt Bootcut Leggings,S,WFP901BNS,1299.0,5,0,6495.0,7,https://cavaathleisure.com/products/brown-sculpt-bootcut-leggings
2026-09-23,Cava Athleisure,Brown Sculpt Bootcut Leggings,M,WFP901BNM,1299.0,7,0,9093.0,7,https://cavaathleisure.com/products/brown-sculpt-bootcut-leggings
2026-09-23,Cava Athleisure,Brown Sculpt Bootcut Leggings,L,WFP901BNL,1299.0,4,0,5196.0,2,https://cavaathleisure.com/products/brown-sculpt-bootcut-leggings
2026-09-23,Cava Athleisure,Brown Sculpt Bootcut Leggings,XL,WFP901BNXL,1299.0,1,0,1299.0,0,https://cavaathleisure.com/products/brown-sculpt-bootcut-leggings
2026-09-23,Cava Athleisure,Brown Sculpt Bootcut Leggings,XL,WFP01T9BNXL,1299.0,2,0,2598.0,59,https://cavaathleisure.com/products/brown-sculpt-bootcut-leggings
2026-09-23,Cava Athleisure,Brown Sculpt Bootcut Leggings,XXL,WFP01T9BNXXL,1299.0,0,1,0.0,45,https://cavaathleisure.com/products/brown-sculpt-bootcut-leggings
2026-09-23,Cava Athleisure,Burgundy Petite Sculpt Bootcut Leggings,L,WFP901RDL,1299.0,2,0,2598.0,12,https://cavaathleisure.com/products/burgundy-sculpt-bootcut-leggings
2026-09-23,Cava Athleisure,Ice Blue Petite Sculpt Bootcut Leggings,S,WFP901BLS,1299.0,2,0,2598.0,58,https://cavaathleisure.com/products/ice-blue-sculpt-bootcut-leggings
2026-09-23,Cava Athleisure,Ice Blue Petite Sculpt Bootcut Leggings,M,WFP901BLM,1299.0,5,0,6495.0,56,https://cavaathleisure.com/products/ice-blue-sculpt-bootcut-leggings
2026-09-23,Cava Athleisure,Ice Blue Petite Sculpt Bootcut Leggings,XL,WFP901BLXL,1299.0,1,0,1299.0,0,https://cavaathleisure.com/products/ice-blue-sculpt-bootcut-leggings
2026-09-23,Cava Athleisure,Hot Pink Sculpt Bootcut Leggings,M,WFP01T9PNM,1299.0,6,0,7794.0,228,https://cavaathleisure.com/products/hot-pink-sculpt-bootcut-leggings
2026-09-23,Cava Athleisure,Hot Pink Sculpt Bootcut Leggings,L,WFP901PNL,1299.0,1,0,1299.0,130,https://cavaathleisure.com/products/hot-pink-sculpt-bootcut-leggings
2026-09-23,Cava Athleisure,Hot Pink Sculpt Bootcut Leggings,XL,WFP01T9PNXL,1299.0,1,0,1299.0,83,https://cavaathleisure.com/products/hot-pink-sculpt-bootcut-leggings
2026-09-23,Cava Athleisure,Storm Blue Sculpt Bootcut Leggings,S,WFP901SBLS,1299.0,0,2,0.0,3,https://cavaathleisure.com/products/storm-blue-sculpt-bootcut-leggings
2026-09-23,Cava Athleisure,Storm Blue Sculpt Bootcut Leggings,M,WFP01T9SBLM,1299.0,1,0,1299.0,10,https://cavaathleisure.com/products/storm-blue-sculpt-bootcut-leggings
2026-09-23,Cava Athleisure,Storm Blue Sculpt Bootcut Leggings,XL,WFP01T9SBLXL,1299.0,1,0,1299.0,10,https://cavaathleisure.com/products/storm-blue-sculpt-bootcut-leggings
2026-09-23,Cava Athleisure,Black Sculpt V-Neck Top,XS,WTP904BKXS,899.0,1,0,899.0,16,https://cavaathleisure.com/products/black-sculpt-v-neck-top
2026-09-23,Cava Athleisure,Black Sculpt V-Neck Top,S,WTP904BKS,899.0,3,0,2697.0,0,https://cavaathleisure.com/products/black-sculpt-v-neck-top
2026-09-23,Cava Athleisure,Black Sculpt V-Neck Top,M,WTP904BKM,899.0,1,0,899.0,0,https://cavaathleisure.com/products/black-sculpt-v-neck-top
2026-09-23,Cava Athleisure,Black Sculpt V-Neck Top,L,WTP904BKL,899.0,0,1,0.0,1,https://cavaathleisure.com/products/black-sculpt-v-neck-top
2026-09-23,Cava Athleisure,Burgundy Sculpt V-Neck Top,XS,WTP904RDXS,899.0,0,1,0.0,45,https://cavaathleisure.com/products/burgundy-sculpt-v-neck-top
2026-09-23,Cava Athleisure,Burgundy Sculpt V-Neck Top,L,WTP904RDL,899.0,2,0,1798.0,0,https://cavaathleisure.com/products/burgundy-sculpt-v-neck-top
2026-09-23,Cava Athleisure,Burgundy Sculpt V-Neck Top,XXL,WTP904RDXXL,899.0,1,0,899.0,9,https://cavaathleisure.com/products/burgundy-sculpt-v-neck-top
2026-09-23,Cava Athleisure,White Sculpt V-Neck Top,S,WTP904WHS,899.0,0,1,0.0,1,https://cavaathleisure.com/products/white-sculpt-v-neck-top
2026-09-23,Cava Athleisure,White Sculpt V-Neck Top,M,WTP904WHM,899.0,4,0,3596.0,25,https://cavaathleisure.com/products/white-sculpt-v-neck-top
2026-09-23,Cava Athleisure,White Sculpt V-Neck Top,L,WTP904WHL,899.0,4,0,3596.0,0,https://cavaathleisure.com/products/white-sculpt-v-neck-top
2026-09-23,Cava Athleisure,White Sculpt V-Neck Top,XL,WTP904WHXL,899.0,1,0,899.0,0,https://cavaathleisure.com/products/white-sculpt-v-neck-top
2026-09-23,Cava Athleisure,White Sculpt Scoop Top,S,WTP903WHS,899.0,3,0,2697.0,20,https://cavaathleisure.com/products/white-sculpt-scoop-top
2026-09-23,Cava Athleisure,White Sculpt Scoop Top,M,WTP903WHM,899.0,3,0,2697.0,0,https://cavaathleisure.com/products/white-sculpt-scoop-top
2026-09-23,Cava Athleisure,Ice Blue Sculpt Booty Shorts,S,WSH904BLS,999.0,2,0,1998.0,77,https://cavaathleisure.com/products/ice-blue-sculpt-booty-shorts
2026-09-23,Cava Athleisure,Ice Blue Sculpt Booty Shorts,M,WSH904BLM,999.0,3,0,2997.0,26,https://cavaathleisure.com/products/ice-blue-sculpt-booty-shorts
2026-09-23,Cava Athleisure,Black Sculpt Capri,S,WLG903BKS,999.0,1,0,999.0,8,https://cavaathleisure.com/products/black-sculpt-capri
2026-09-23,Cava Athleisure,Hot Pink Sculpt Booty Shorts,XS,WSH904PNXS,999.0,1,0,999.0,39,https://cavaathleisure.com/products/hot-pink-sculpt-booty-shorts
2026-09-23,Cava Athleisure,Hot Pink Sculpt Booty Shorts,S,WSH904PNS,999.0,3,0,2997.0,54,https://cavaathleisure.com/products/hot-pink-sculpt-booty-shorts
2026-09-23,Cava Athleisure,Hot Pink Sculpt Booty Shorts,XL,WSH904PNXL,999.0,1,0,999.0,26,https://cavaathleisure.com/products/hot-pink-sculpt-booty-shorts
2026-09-23,Cava Athleisure,Navy Sculpt Capri,S,WLG903NYS,999.0,1,0,999.0,39,https://cavaathleisure.com/products/navy-sculpt-capri
2026-09-23,Cava Athleisure,Black Sculpt Booty Shorts,M,WSH904BKM,999.0,2,0,1998.0,8,https://cavaathleisure.com/products/black-sculpt-booty-shorts
2026-09-23,Cava Athleisure,Basic Sculpt Capris - Pack of 2,S,WLG903NYBKS,2599.0,1,0,2599.0,7,https://cavaathleisure.com/products/basic-sculpt-capris-pack-of-2
2026-09-23,Cava Athleisure,Classic Supima V Neck - Pack of 2,S,MTS102NYBGS,1949.0,3,0,5847.0,22,https://cavaathleisure.com/products/classic-supima-v-neck-pack-of-2
2026-09-23,Cava Athleisure,Modern Supima V Neck - Pack of 2,S,MTS102PUGRS,1949.0,4,0,7796.0,18,https://cavaathleisure.com/products/modern-supima-v-neck-pack-of-2
2026-09-23,Cava Athleisure,Grey Cotton Recovery Jacket,XS,WJK1636GMLXS,1264.0,0,1,0.0,1,https://cavaathleisure.com/products/grey-cotton-recovery-jacket
2026-09-23,Cava Athleisure,Yellow Cotton Scoop Tank,XL,WTN1622YLXL,879.0,0,2,0.0,2,https://cavaathleisure.com/products/yellow-cotton-scoop-tank
2026-09-23,Cava Athleisure,Grey Cotton Scoop Tank,M,WTN1622GMLM,879.0,1,0,879.0,0,https://cavaathleisure.com/products/grey-cotton-scoop-tank
2026-09-23,Cava Athleisure,Grey Cotton Scoop Tank,L,WTN1622GMLL,879.0,1,0,879.0,4,https://cavaathleisure.com/products/grey-cotton-scoop-tank
2026-09-23,Cava Athleisure,Pink Cotton Scoop Tank,XXL,WTN1622PNXXL,879.0,1,0,879.0,0,https://cavaathleisure.com/products/pink-cotton-scoop-tank
2026-09-23,Cava Athleisure,Black Cotton Scoop Tank,M,WTN1622BKM,879.0,1,0,879.0,0,https://cavaathleisure.com/products/black-cotton-scoop-tank
2026-09-23,Cava Athleisure,Black Cotton Scoop Tank,XL,WTN1622BKXL,879.0,1,0,879.0,0,https://cavaathleisure.com/products/black-cotton-scoop-tank
2026-09-23,Cava Athleisure,Grey Cotton Twirl Skorts,XS,WSK1635GMLXS,879.0,1,0,879.0,64,https://cavaathleisure.com/products/grey-cotton-twirl-skort
2026-09-23,Cava Athleisure,Grey Cotton Twirl Skorts,M,WSK1635GMLM,879.0,4,0,3516.0,30,https://cavaathleisure.com/products/grey-cotton-twirl-skort
2026-09-23,Cava Athleisure,Grey Cotton Twirl Skorts,XXL,WSK1635GMLXXL,879.0,1,0,879.0,0,https://cavaathleisure.com/products/grey-cotton-twirl-skort
2026-09-23,Cava Athleisure,Navy Sculpt Built-In Top,M,WTP1CS05NYM,1044.0,1,0,1044.0,0,https://cavaathleisure.com/products/navy-sculpt-built-in-top
2026-09-23,Cava Athleisure,Toasted Aerial Crop Tank,XL,WTN8SET12BNXL,1099.0,1,0,1099.0,75,https://cavaathleisure.com/products/toasted-aerial-crop-tank
2026-09-23,Cava Athleisure,Toasted Aerial Leggings,S,WLG8SET12BNS,1374.0,3,0,4122.0,13,https://cavaathleisure.com/products/toasted-aerial-leggings
2026-09-23,Cava Athleisure,Toasted Aerial Leggings,M,WLG8SET12BNM,1374.0,1,0,1374.0,0,https://cavaathleisure.com/products/toasted-aerial-leggings
2026-09-23,Cava Athleisure,Pink Aerial Leggings,M,WLG8SET12PNM,1374.0,2,0,2748.0,28,https://cavaathleisure.com/products/pink-aerial-leggings
2026-09-23,Cava Athleisure,Toasted Sculptor Jacket,XS,WJK14SET5BNXS,1264.0,7,0,8848.0,11,https://cavaathleisure.com/products/toasted-brown-sculptor-jacket
2026-09-23,Cava Athleisure,Toasted Sculptor Jacket,S,WJK14SET5BNS,1264.0,38,0,48032.0,21,https://cavaathleisure.com/products/toasted-brown-sculptor-jacket
2026-09-23,Cava Athleisure,Toasted Sculptor Jacket,M,WJK14SET5BNM,1264.0,50,0,63200.0,0,https://cavaathleisure.com/products/toasted-brown-sculptor-jacket
2026-09-23,Cava Athleisure,Butter Yellow Sculptor Jacket,XS,WJK14SET5YLXS,1264.0,8,0,10112.0,36,https://cavaathleisure.com/products/butter-yellow-sculptor-jacket
2026-09-23,Cava Athleisure,Butter Yellow Sculptor Jacket,S,WJK14SET5YLS,1264.0,46,0,58144.0,71,https://cavaathleisure.com/products/butter-yellow-sculptor-jacket
2026-09-23,Cava Athleisure,Butter Yellow Sculptor Jacket,M,WJK14SET5YLM,1264.0,44,0,55616.0,55,https://cavaathleisure.com/products/butter-yellow-sculptor-jacket
2026-09-23,Cava Athleisure,Butter Yellow Sculptor Jacket,L,WJK14SET5YLL,1264.0,26,0,32864.0,21,https://cavaathleisure.com/products/butter-yellow-sculptor-jacket
2026-09-23,Cava Athleisure,Butter Yellow Sculptor Jacket,XL,WJK14SET5YLXL,1264.0,14,0,17696.0,34,https://cavaathleisure.com/products/butter-yellow-sculptor-jacket
2026-09-23,Cava Athleisure,Butter Yellow Sculptor Jacket,XXL,WJK14SET5YLXXL,1264.0,10,0,12640.0,21,https://cavaathleisure.com/products/butter-yellow-sculptor-jacket
2026-09-23,Cava Athleisure,Mint Cava Essential Sweatshirt,M,WHD16536BLM,989.0,1,0,989.0,300,https://cavaathleisure.com/products/mint-cava-essential-sweatshirt
2026-09-23,Cava Athleisure,Mint Cava Essential Sweatshirt,L,WHD16536BLL,989.0,1,0,989.0,73,https://cavaathleisure.com/products/mint-cava-essential-sweatshirt
2026-09-23,Cava Athleisure,Pine Plie Pleated Skort,S,WSK14CS06GRS,1209.0,4,0,4836.0,16,https://cavaathleisure.com/products/pine-green-pleated-skort
2026-09-23,Cava Athleisure,Butter Yellow Plie Pleated Skort,S,WSK14CS06YLS,1209.0,3,0,3627.0,0,https://cavaathleisure.com/products/butter-yellow-pleated-skort
2026-09-23,Cava Athleisure,Wine High Impact Sports Bra,XS,WSB1CS02WRDXS,1299.0,1,0,1299.0,114,https://cavaathleisure.com/products/wine-high-impact-sports-bra
2026-09-23,Cava Athleisure,Wine High Impact Sports Bra,XL,WSB1CS02WRDXL,1299.0,6,0,7794.0,37,https://cavaathleisure.com/products/wine-high-impact-sports-bra
2026-09-23,Cava Athleisure,Wine High Impact Sports Bra,XXL,WSB1CS02WRDXXL,1299.0,3,0,3897.0,12,https://cavaathleisure.com/products/wine-high-impact-sports-bra
2026-09-23,Cava Athleisure,Pink Ultra Support Sports Bra,XS,WSB1CS01PNXS,1044.0,8,0,8352.0,46,https://cavaathleisure.com/products/pink-ultra-support-sports-bra
2026-09-23,Cava Athleisure,Pink Ultra Support Sports Bra,S,WSB1CS01PNS,1044.0,39,0,40716.0,118,https://cavaathleisure.com/products/pink-ultra-support-sports-bra
2026-09-23,Cava Athleisure,Pink Ultra Support Sports Bra,M,WSB1CS01PNM,1044.0,26,0,27144.0,249,https://cavaathleisure.com/products/pink-ultra-support-sports-bra
2026-09-23,Cava Athleisure,Pink Ultra Support Sports Bra,L,WSB1CS01PNL,1044.0,20,0,20880.0,214,https://cavaathleisure.com/products/pink-ultra-support-sports-bra
2026-09-23,Cava Athleisure,Pink Ultra Support Sports Bra,XL,WSB1CS01PNXL,1044.0,8,0,8352.0,123,https://cavaathleisure.com/products/pink-ultra-support-sports-bra
2026-09-23,Cava Athleisure,Pink Ultra Support Sports Bra,XXL,WSB1CS01PNXXL,1044.0,2,0,2088.0,9,https://cavaathleisure.com/products/pink-ultra-support-sports-bra
2026-09-23,Cava Athleisure,Pink Bow Sculpt Core Leggings,S,WLG1402BPNS,1209.0,1,0,1209.0,0,https://cavaathleisure.com/products/pink-bow-sculpt-core-leggings
2026-09-23,Cava Athleisure,Pink Bow Sculpt Core Leggings,L,WLG1402BPNL,1209.0,1,0,1209.0,2,https://cavaathleisure.com/products/pink-bow-sculpt-core-leggings
2026-09-23,Cava Athleisure,Mint Gingham Sculpt Core Leggings,M,WLG1402GGRM,1209.0,2,0,2418.0,2,https://cavaathleisure.com/products/mint-gingham-sculpt-core-leggings
2026-09-23,Cava Athleisure,Midnight Gradient Sculpt Core Leggings,M,WLG1402GMBLM,1209.0,2,0,2418.0,0,https://cavaathleisure.com/products/midnight-gradient-sculpt-core-leggings
2026-09-23,Cava Athleisure,Blush Swirl Tennis Skorts,XXS,WSKSET445PNXXS,1099.0,1,0,1099.0,32,https://cavaathleisure.com/products/blush-pink-swirl-tennis-skorts
2026-09-23,Cava Athleisure,Blush Swirl Tennis Skorts,XS,WSK14SET4PNXS,1099.0,9,0,9891.0,134,https://cavaathleisure.com/products/blush-pink-swirl-tennis-skorts
2026-09-23,Cava Athleisure,Blush Swirl Tennis Skorts,S,WSK14SET4PNS,1099.0,19,0,20881.0,121,https://cavaathleisure.com/products/blush-pink-swirl-tennis-skorts
2026-09-23,Cava Athleisure,Blush Swirl Tennis Skorts,M,WSK14SET4PNM,1099.0,28,0,30772.0,45,https://cavaathleisure.com/products/blush-pink-swirl-tennis-skorts
2026-09-23,Cava Athleisure,Blush Swirl Tennis Skorts,L,WSK14SET4PNL,1099.0,10,0,10990.0,38,https://cavaathleisure.com/products/blush-pink-swirl-tennis-skorts
2026-09-23,Cava Athleisure,Blush Swirl Tennis Skorts,XL,WSK14SET4PNXL,1099.0,4,0,4396.0,17,https://cavaathleisure.com/products/blush-pink-swirl-tennis-skorts
2026-09-23,Cava Athleisure,Blush Swirl Tennis Skorts,XXL,WSK14SET4PNXXL,1099.0,1,0,1099.0,21,https://cavaathleisure.com/products/blush-pink-swirl-tennis-skorts
2026-09-23,Cava Athleisure,Blush Swirl Tennis Skorts,XXXL,WSKSET445PNXXXL,1099.0,1,0,1099.0,37,https://cavaathleisure.com/products/blush-pink-swirl-tennis-skorts
2026-09-23,Cava Athleisure,Hot Pink Swirl Tennis Skorts,XS,WSK14SET4BPNXS,1099.0,4,0,4396.0,0,https://cavaathleisure.com/products/hot-pink-swirl-tennis-skorts
2026-09-23,Cava Athleisure,Hot Pink Swirl Tennis Skorts,XL,WSK14SET4BPNXL,1099.0,1,0,1099.0,0,https://cavaathleisure.com/products/hot-pink-swirl-tennis-skorts
2026-09-23,Cava Athleisure,Black Super Stretch Bralette,M,WSB921BKM,879.0,1,0,879.0,0,https://cavaathleisure.com/products/black-super-stretch-bralette
2026-09-23,Cava Athleisure,Cream Love All Oversized Printed Tee - Women,S,WTS1618WHTHS,714.0,1,0,714.0,0,https://cavaathleisure.com/products/cream-love-all-oversized-printed-tee-women
2026-09-23,Cava Athleisure,Black Courtside Oversized Printed Tee - Women,S,WTS1618BKSYCS,714.0,1,0,714.0,4,https://cavaathleisure.com/products/black-courtside-oversized-printed-tee-women
2026-09-23,Cava Athleisure,Cobalt Hourglass Flared Leggings,M,WFP1ACU01NYM,1264.0,2,0,2528.0,0,https://cavaathleisure.com/products/cobalt-hourglass-flared-leggings
2026-09-23,Cava Athleisure,Wine Hourglass Flared Leggings,XS,WFP1ACU01RDXS,1264.0,10,0,12640.0,93,https://cavaathleisure.com/products/wine-hourglass-flared-leggings
2026-09-23,Cava Athleisure,Wine Hourglass Flared Leggings,XS,WFP1ACU02RDXS,1264.0,3,0,3792.0,90,https://cavaathleisure.com/products/wine-hourglass-flared-leggings
2026-09-23,Cava Athleisure,Wine Hourglass Flared Leggings,S,WFP1ACU01RDS,1264.0,30,0,37920.0,196,https://cavaathleisure.com/products/wine-hourglass-flared-leggings
2026-09-23,Cava Athleisure,Wine Hourglass Flared Leggings,S,WFP1ACU02RDS,1264.0,9,0,11376.0,250,https://cavaathleisure.com/products/wine-hourglass-flared-leggings
2026-09-23,Cava Athleisure,Wine Hourglass Flared Leggings,S,WFB1ACU04RDS,1264.0,8,0,10112.0,64,https://cavaathleisure.com/products/wine-hourglass-flared-leggings
2026-09-23,Cava Athleisure,Wine Hourglass Flared Leggings,M,WFP1ACU01RDM,1264.0,41,0,51824.0,240,https://cavaathleisure.com/products/wine-hourglass-flared-leggings
2026-09-23,Cava Athleisure,Wine Hourglass Flared Leggings,M,WFP1ACU02RDM,1264.0,33,0,41712.0,360,https://cavaathleisure.com/products/wine-hourglass-flared-leggings
2026-09-23,Cava Athleisure,Wine Hourglass Flared Leggings,M,WFB1ACU04RDM,1264.0,12,0,15168.0,201,https://cavaathleisure.com/products/wine-hourglass-flared-leggings
2026-09-23,Cava Athleisure,Wine Hourglass Flared Leggings,L,WFP1ACU01RDL,1264.0,23,0,29072.0,123,https://cavaathleisure.com/products/wine-hourglass-flared-leggings
2026-09-23,Cava Athleisure,Wine Hourglass Flared Leggings,L,WFP1ACU02RDL,1264.0,24,0,30336.0,346,https://cavaathleisure.com/products/wine-hourglass-flared-leggings
2026-09-23,Cava Athleisure,Wine Hourglass Flared Leggings,L,WFB1ACU04RDL,1264.0,17,0,21488.0,107,https://cavaathleisure.com/products/wine-hourglass-flared-leggings
2026-09-23,Cava Athleisure,Wine Hourglass Flared Leggings,XL,WFP1ACU01RDXL,1264.0,9,0,11376.0,54,https://cavaathleisure.com/products/wine-hourglass-flared-leggings
2026-09-23,Cava Athleisure,Wine Hourglass Flared Leggings,XL,WFP1ACU02RDXL,1264.0,12,0,15168.0,126,https://cavaathleisure.com/products/wine-hourglass-flared-leggings
2026-09-23,Cava Athleisure,Wine Hourglass Flared Leggings,XL,WFB1ACU04RDXL,1264.0,6,0,7584.0,40,https://cavaathleisure.com/products/wine-hourglass-flared-leggings
2026-09-23,Cava Athleisure,Wine Hourglass Flared Leggings,XXL,WFP1ACU01RDXXL,1264.0,6,0,7584.0,18,https://cavaathleisure.com/products/wine-hourglass-flared-leggings
2026-09-23,Cava Athleisure,Wine Hourglass Flared Leggings,XXL,WFP1ACU02RDXXL,1264.0,7,0,8848.0,117,https://cavaathleisure.com/products/wine-hourglass-flared-leggings
2026-09-23,Cava Athleisure,Wine Hourglass Flared Leggings,XXL,WFB1ACU04RDXXL,1264.0,7,0,8848.0,8,https://cavaathleisure.com/products/wine-hourglass-flared-leggings
2026-09-23,Cava Athleisure,Brown Hourglass Flared Leggings,XS,BTM-CAVA-ACU01-Brown-XS,1209.0,19,0,22971.0,104,https://cavaathleisure.com/products/brown-hourglass-flared-leggings
2026-09-23,Cava Athleisure,Brown Hourglass Flared Leggings,XS,BTM-CAVA-ACU02-Brown-XS,1209.0,0,1,0.0,1,https://cavaathleisure.com/products/brown-hourglass-flared-leggings
2026-09-23,Cava Athleisure,Brown Hourglass Flared Leggings,S,BTM-CAVA-ACU01-Brown-S,1209.0,30,0,36270.0,412,https://cavaathleisure.com/products/brown-hourglass-flared-leggings
2026-09-23,Cava Athleisure,Brown Hourglass Flared Leggings,S,BTM-CAVA-ACU02-Brown-S,1209.0,19,0,22971.0,247,https://cavaathleisure.com/products/brown-hourglass-flared-leggings
2026-09-23,Cava Athleisure,Brown Hourglass Flared Leggings,S,BTM-CAVA-ACU04-Brown-S,1209.0,3,0,3627.0,0,https://cavaathleisure.com/products/brown-hourglass-flared-leggings
2026-09-23,Cava Athleisure,Brown Hourglass Flared Leggings,M,BTM-CAVA-ACU01-Brown-M,1209.0,37,0,44733.0,904,https://cavaathleisure.com/products/brown-hourglass-flared-leggings
2026-09-23,Cava Athleisure,Brown Hourglass Flared Leggings,M,BTM-CAVA-ACU02-Brown-M,1209.0,27,0,32643.0,135,https://cavaathleisure.com/products/brown-hourglass-flared-leggings
2026-09-23,Cava Athleisure,Brown Hourglass Flared Leggings,M,BTM-CAVA-ACU04-Brown-M,1209.0,20,0,24180.0,1,https://cavaathleisure.com/products/brown-hourglass-flared-leggings
2026-09-23,Cava Athleisure,Brown Hourglass Flared Leggings,L,BTM-CAVA-ACU01-Brown-L,1209.0,32,0,38688.0,402,https://cavaathleisure.com/products/brown-hourglass-flared-leggings
2026-09-23,Cava Athleisure,Brown Hourglass Flared Leggings,L,BTM-CAVA-ACU02-Brown-L,1209.0,27,0,32643.0,238,https://cavaathleisure.com/products/brown-hourglass-flared-leggings
2026-09-23,Cava Athleisure,Brown Hourglass Flared Leggings,L,BTM-CAVA-ACU04-Brown-L,1209.0,2,0,2418.0,0,https://cavaathleisure.com/products/brown-hourglass-flared-leggings
2026-09-23,Cava Athleisure,Brown Hourglass Flared Leggings,XL,BTM-CAVA-ACU01-Brown-XL,1209.0,18,0,21762.0,188,https://cavaathleisure.com/products/brown-hourglass-flared-leggings
2026-09-23,Cava Athleisure,Brown Hourglass Flared Leggings,XL,BTM-CAVA-ACU02-Brown-XL,1209.0,9,0,10881.0,131,https://cavaathleisure.com/products/brown-hourglass-flared-leggings
2026-09-23,Cava Athleisure,Brown Hourglass Flared Leggings,XXL,BTM-CAVA-ACU01-Brown-XXL,1209.0,8,0,9672.0,116,https://cavaathleisure.com/products/brown-hourglass-flared-leggings
2026-09-23,Cava Athleisure,Brown Hourglass Flared Leggings,XXL,BTM-CAVA-ACU02-Brown-XXL,1209.0,3,0,3627.0,0,https://cavaathleisure.com/products/brown-hourglass-flared-leggings
2026-09-23,Cava Athleisure,Brown Hourglass Flared Leggings,XXL,BTM-CAVA-ACU04-Brown-XXL,1209.0,1,0,1209.0,0,https://cavaathleisure.com/products/brown-hourglass-flared-leggings
2026-09-23,Cava Athleisure,Obsidian Black Hourglass Flared Leggings,XS,BTM-CAVA-ACU01-Black-XS,1209.0,45,0,54405.0,184,https://cavaathleisure.com/products/obsidian-black-hourglass-flared-leggings
2026-09-23,Cava Athleisure,Obsidian Black Hourglass Flared Leggings,XS,BTM-CAVA-ACU02-Black-XS,1209.0,18,0,21762.0,194,https://cavaathleisure.com/products/obsidian-black-hourglass-flared-leggings
2026-09-23,Cava Athleisure,Obsidian Black Hourglass Flared Leggings,XS,BTM-CAVA-ACU04-Black-XS,1209.0,10,0,12090.0,84,https://cavaathleisure.com/products/obsidian-black-hourglass-flared-leggings
2026-09-23,Cava Athleisure,Obsidian Black Hourglass Flared Leggings,S,BTM-CAVA-ACU01-Black-S,1209.0,93,0,112437.0,267,https://cavaathleisure.com/products/obsidian-black-hourglass-flared-leggings
2026-09-23,Cava Athleisure,Obsidian Black Hourglass Flared Leggings,S,BTM-CAVA-ACU02-Black-S,1209.0,79,0,95511.0,1051,https://cavaathleisure.com/products/obsidian-black-hourglass-flared-leggings
2026-09-23,Cava Athleisure,Obsidian Black Hourglass Flared Leggings,S,BTM-CAVA-ACU04-Black-S,1209.0,49,0,59241.0,156,https://cavaathleisure.com/products/obsidian-black-hourglass-flared-leggings
2026-09-23,Cava Athleisure,Obsidian Black Hourglass Flared Leggings,M,BTM-CAVA-ACU01-Black-M,1209.0,163,0,197067.0,145,https://cavaathleisure.com/products/obsidian-black-hourglass-flared-leggings
2026-09-23,Cava Athleisure,Obsidian Black Hourglass Flared Leggings,M,BTM-CAVA-ACU02-Black-M,1209.0,144,0,174096.0,915,https://cavaathleisure.com/products/obsidian-black-hourglass-flared-leggings
2026-09-23,Cava Athleisure,Obsidian Black Hourglass Flared Leggings,L,BTM-CAVA-ACU01-Black-L,1209.0,95,0,114855.0,118,https://cavaathleisure.com/products/obsidian-black-hourglass-flared-leggings
2026-09-23,Cava Athleisure,Obsidian Black Hourglass Flared Leggings,L,BTM-CAVA-ACU02-Black-L,1209.0,114,0,137826.0,841,https://cavaathleisure.com/products/obsidian-black-hourglass-flared-leggings
2026-09-23,Cava Athleisure,Obsidian Black Hourglass Flared Leggings,XL,BTM-CAVA-ACU02-Black-XL,1209.0,81,0,97929.0,323,https://cavaathleisure.com/products/obsidian-black-hourglass-flared-leggings
2026-09-23,Cava Athleisure,Obsidian Black Hourglass Flared Leggings,XL,BTM-CAVA-ACU04-Black-XL,1209.0,2,0,2418.0,0,https://cavaathleisure.com/products/obsidian-black-hourglass-flared-leggings
2026-09-23,Cava Athleisure,Obsidian Black Hourglass Flared Leggings,XXL,BTM-CAVA-ACU01-Black-XXL,1209.0,27,0,32643.0,13,https://cavaathleisure.com/products/obsidian-black-hourglass-flared-leggings
2026-09-23,Cava Athleisure,Obsidian Black Hourglass Flared Leggings,XXL,BTM-CAVA-ACU02-Black-XXL,1209.0,29,0,35061.0,193,https://cavaathleisure.com/products/obsidian-black-hourglass-flared-leggings
2026-09-23,Cava Athleisure,Obsidian Black Hourglass Flared Leggings,XXL,BTM-CAVA-ACU04-Black-XXL,1209.0,15,0,18135.0,0,https://cavaathleisure.com/products/obsidian-black-hourglass-flared-leggings
2026-09-23,Cava Athleisure,Cream Serve Side Oversized Printed Tee - Women,S,WTS1618WHGSMS,714.0,0,1,0.0,1,https://cavaathleisure.com/products/cream-serve-side-oversized-printed-tee-women
2026-09-23,Cava Athleisure,Black Aerial Contrast Leggings,S,WLG1011BKS,1374.0,1,0,1374.0,104,https://cavaathleisure.com/products/black-aerial-contrast-leggings
2026-09-23,Cava Athleisure,Black Aerial Contrast Crop Tank,S,WTN1003BKS,1099.0,2,0,2198.0,7,https://cavaathleisure.com/products/black-aerial-contrast-crop-tank
2026-09-23,Cava Athleisure,Black Aerial Contrast Crop Tank,M,WTN1003BKM,1099.0,1,0,1099.0,0,https://cavaathleisure.com/products/black-aerial-contrast-crop-tank
2026-09-23,Cava Athleisure,Black Aerial Contrast Crop Tank,L,WTN1003BKL,1099.0,1,0,1099.0,1,https://cavaathleisure.com/products/black-aerial-contrast-crop-tank
2026-09-23,Cava Athleisure,Black Aerial Contrast Crop Tank,XL,WTN1003BKXL,1099.0,1,0,1099.0,16,https://cavaathleisure.com/products/black-aerial-contrast-crop-tank
2026-09-23,Cava Athleisure,Wine Swirl Tennis Skorts,XXS,WSKSET445WRDXXS,1099.0,1,0,1099.0,18,https://cavaathleisure.com/products/wine-swirl-tennis-skorts
2026-09-23,Cava Athleisure,Wine Swirl Tennis Skorts,XS,WSK9SET4WRDXS,1099.0,5,0,5495.0,55,https://cavaathleisure.com/products/wine-swirl-tennis-skorts
2026-09-23,Cava Athleisure,Wine Swirl Tennis Skorts,XS,WSKSET4L45WRDXS,1099.0,2,0,2198.0,10,https://cavaathleisure.com/products/wine-swirl-tennis-skorts
2026-09-23,Cava Athleisure,Wine Swirl Tennis Skorts,S,WSK9SET4WRDS,1099.0,10,0,10990.0,106,https://cavaathleisure.com/products/wine-swirl-tennis-skorts
2026-09-23,Cava Athleisure,Wine Swirl Tennis Skorts,M,WSK9SET4WRDM,1099.0,18,0,19782.0,60,https://cavaathleisure.com/products/wine-swirl-tennis-skorts
2026-09-23,Cava Athleisure,Wine Swirl Tennis Skorts,L,WSK9SET4WRDL,1099.0,12,0,13188.0,43,https://cavaathleisure.com/products/wine-swirl-tennis-skorts
2026-09-23,Cava Athleisure,Wine Swirl Tennis Skorts,XL,WSK9SET4WRDXL,1099.0,1,0,1099.0,0,https://cavaathleisure.com/products/wine-swirl-tennis-skorts
2026-09-23,Cava Athleisure,Wine Swirl Tennis Skorts,XXL,WSKSET4L45WRDXXL,1099.0,1,0,1099.0,5,https://cavaathleisure.com/products/wine-swirl-tennis-skorts
2026-09-23,Cava Athleisure,Black Strap Back Sports Bra,XL,WSB819BKXL,824.0,7,0,5768.0,62,https://cavaathleisure.com/products/black-strap-back-sports-bra
2026-09-23,Cava Athleisure,Black Strap Back Sports Bra,XXL,WSB819BKXXL,824.0,4,0,3296.0,42,https://cavaathleisure.com/products/black-strap-back-sports-bra
2026-09-23,Cava Athleisure,Red Strap Back Sports Bra,XL,WSB819RDXL,824.0,2,0,1648.0,35,https://cavaathleisure.com/products/red-strap-back-sports-bra
2026-09-23,Cava Athleisure,Wine Sculptor Jacket,XS,WJK9SET5WRDXS,1264.0,10,0,12640.0,4,https://cavaathleisure.com/products/wine-sculptor-jacket
2026-09-23,Cava Athleisure,Wine Sculptor Jacket,S,WJK9SET5WRDS,1264.0,36,0,45504.0,35,https://cavaathleisure.com/products/wine-sculptor-jacket
2026-09-23,Cava Athleisure,Wine Sculptor Jacket,M,WJK9SET5WRDM,1264.0,45,0,56880.0,19,https://cavaathleisure.com/products/wine-sculptor-jacket
2026-09-23,Cava Athleisure,Wine Sculptor Jacket,L,WJK9SET5WRDL,1264.0,42,0,53088.0,11,https://cavaathleisure.com/products/wine-sculptor-jacket
2026-09-23,Cava Athleisure,Wine Sculptor Jacket,XXL,WJK9SET5WRDXXL,1264.0,16,0,20224.0,36,https://cavaathleisure.com/products/wine-sculptor-jacket
2026-09-23,Cava Athleisure,White Trackline Oversized Printed Tee - Men,XL,MTS1613WHBCXL,714.0,2,0,1428.0,0,https://cavaathleisure.com/products/white-trackline-oversized-printed-tee-men
2026-09-23,Cava Athleisure,White Tenniscore Oversized Printed Tee - Men,XXL,MTS1613WHTCXXL,714.0,1,0,714.0,2,https://cavaathleisure.com/products/white-tenniscore-oversized-printed-tee-men
2026-09-23,Cava Athleisure,White Certified Hoopers Oversized Printed Tee - Men,XL,MTS1613WHHCXL,714.0,2,0,1428.0,6,https://cavaathleisure.com/products/white-certified-hoopers-oversized-printed-tee-men
2026-09-23,Cava Athleisure,Black Cava Buckle-up Bag,Free size,UNAC1416BK,1599.0,5,0,7995.0,0,https://cavaathleisure.com/products/black-cava-buckle-up-bag
2026-09-23,Cava Athleisure,Grey Cava Buckle-up Bag,Free size,UNAC1416GY,1599.0,3,0,4797.0,95,https://cavaathleisure.com/products/grey-cava-buckle-up-bag
2026-09-23,Cava Athleisure,Dusky Purple Supima V Neck T-shirt - Regular Fit,S,MTS16CS102PUS,824.0,1,0,824.0,27,https://cavaathleisure.com/products/dusky-purple-supima-v-neck-t-shirt-regular-fit
2026-09-23,Cava Athleisure,Ash Supima Polo T-Shirt - Regular Fit,L,MTS16CS103NYL,934.0,2,0,1868.0,0,https://cavaathleisure.com/products/ash-supima-polo-t-shirt
2026-09-23,Cava Athleisure,Ash Supima Polo T-Shirt - Regular Fit,XL,MTS16CS103NYXL,934.0,4,0,3736.0,4,https://cavaathleisure.com/products/ash-supima-polo-t-shirt
2026-09-23,Cava Athleisure,Sand Supima Polo T-Shirt - Regular Fit,XL,MTS16CS103BGXL,934.0,3,0,2802.0,14,https://cavaathleisure.com/products/sand-supima-polo-t-shirt
2026-09-23,Cava Athleisure,Sand Supima Polo T-Shirt - Regular Fit,XXL,MTS16CS103BGXXL,934.0,1,0,934.0,20,https://cavaathleisure.com/products/sand-supima-polo-t-shirt
2026-09-23,Cava Athleisure,Pine Cava Essential Sweatshirt,S,WTS11536GRS,989.0,1,0,989.0,9,https://cavaathleisure.com/products/pine-cava-essential-sweatshirt
2026-09-23,Cava Athleisure,Blue Super Stretch Brami,S,WSB9SET3BLS,934.0,11,0,10274.0,100,https://cavaathleisure.com/products/blue-super-stretch-brami
2026-09-23,Cava Athleisure,Blue Super Stretch Brami,XL,WSB9SET3BLXL,934.0,2,0,1868.0,25,https://cavaathleisure.com/products/blue-super-stretch-brami
2026-09-23,Cava Athleisure,Wine Racerback Tank,XS,WTN1SET5RDXS,934.0,3,0,2802.0,25,https://cavaathleisure.com/products/wine-racerback-tank
2026-09-23,Cava Athleisure,Wine Racerback Tank,S,WTN1SET5RDS,934.0,21,0,19614.0,72,https://cavaathleisure.com/products/wine-racerback-tank
2026-09-23,Cava Athleisure,Wine Racerback Tank,M,WTN1SET5RDM,934.0,20,0,18680.0,0,https://cavaathleisure.com/products/wine-racerback-tank
2026-09-23,Cava Athleisure,Wine Racerback Tank,L,WTN1SET5RDL,934.0,7,0,6538.0,57,https://cavaathleisure.com/products/wine-racerback-tank
2026-09-23,Cava Athleisure,Blue Sky-Rise Leggings,S,WLG9SET3BLS,1099.0,2,0,2198.0,0,https://cavaathleisure.com/products/blue-sky-rise-leggings
2026-09-23,Cava Athleisure,Cream Cava Essential Sweatshirt,S,WTS11536WHS,989.0,1,0,989.0,40,https://cavaathleisure.com/products/cream-cava-essential-sweatshirt
2026-09-23,Cava Athleisure,Cream Cava Essential Sweatshirt,XXL,WTS11536WHXXL,989.0,1,0,989.0,16,https://cavaathleisure.com/products/cream-cava-essential-sweatshirt
2026-09-23,Cava Athleisure,Cobalt Overlap Tee,XS,WTP1SET2NY2XS,934.0,1,0,934.0,50,https://cavaathleisure.com/products/cobalt-overlap-tee
2026-09-23,Cava Athleisure,Cobalt Overlap Tee,S,WTP1SET2NY2S,934.0,6,0,5604.0,33,https://cavaathleisure.com/products/cobalt-overlap-tee
2026-09-23,Cava Athleisure,Cobalt Overlap Tee,L,WTP1SET2NY2L,934.0,2,0,1868.0,0,https://cavaathleisure.com/products/cobalt-overlap-tee
2026-09-23,Cava Athleisure,Lime Overlap Tee,L,WTP1SET2GRL,934.0,1,0,934.0,0,https://cavaathleisure.com/products/lime-overlap-tee
2026-09-23,Cava Athleisure,Cobalt Sprint Shorts - Lined,XL,WSH1409BLXL,1429.0,1,0,1429.0,2,https://cavaathleisure.com/products/cobalt-sprint-shorts-lined
2026-09-23,Cava Athleisure,Black Pulse Seamless Tee,S,MTS1CS121BKS,824.0,1,0,824.0,5,https://cavaathleisure.com/products/black-pulse-seamless-tee
2026-09-23,Cava Athleisure,Ash Pulse Seamless Tee,L,MTS1CS121NYL,824.0,3,0,2472.0,54,https://cavaathleisure.com/products/ash-pulse-seamless-tee
2026-09-23,Cava Athleisure,Ash Pulse Seamless Tee,XXL,MTS1CS121NYXXL,824.0,1,0,824.0,30,https://cavaathleisure.com/products/ash-pulse-seamless-tee
2026-09-23,Cava Athleisure,Brown Silhouette Zip Top,S,WTP14ACU03BNS,934.0,1,0,934.0,56,https://cavaathleisure.com/products/brown-silhouette-zip-top
2026-09-23,Cava Athleisure,Brown Silhouette Zip Top,M,WTP14ACU03BNM,934.0,2,0,1868.0,0,https://cavaathleisure.com/products/brown-silhouette-zip-top
2026-09-23,Cava Athleisure,Cobalt Silhouette Zip Top,XS,WTP14ACU03BLXS,934.0,2,0,1868.0,12,https://cavaathleisure.com/products/cobalt-silhouette-zip-top
2026-09-23,Cava Athleisure,Cobalt Silhouette Zip Top,S,WTP14ACU03BLS,934.0,3,0,2802.0,241,https://cavaathleisure.com/products/cobalt-silhouette-zip-top
2026-09-23,Cava Athleisure,Steel Blue Graphic Oversized Tee - Men,XL,MTS1602PNYXL,879.0,1,0,879.0,0,https://cavaathleisure.com/products/steel-blue-graphic-oversized-tee-men
2026-09-23,Cava Athleisure,Black Graphic Oversized Tee - Men,XL,MTS1602PBKXL,879.0,3,0,2637.0,7,https://cavaathleisure.com/products/black-graphic-oversized-tee-men
2026-09-23,Cava Athleisure,Black Graphic Oversized Tee - Men,XXL,MTS1602PBKXXL,879.0,1,0,879.0,6,https://cavaathleisure.com/products/black-graphic-oversized-tee-men
2026-09-23,Cava Athleisure,Burgundy Contrast Trim Top,S,WSB1401RDS,989.0,1,0,989.0,11,https://cavaathleisure.com/products/burgundy-contrast-trim-top
2026-09-23,Cava Athleisure,Lime Overlap Tank,S,WTN104GRS,879.0,1,0,879.0,0,https://cavaathleisure.com/products/lime-overlap-tank
2026-09-23,Cava Athleisure,Cobalt Overlap Tank,XS,WTN104NY2XS,879.0,1,0,879.0,0,https://cavaathleisure.com/products/cobalt-overlap-tank
2026-09-23,Cava Athleisure,Cobalt Overlap Tank,XXL,WTN104NY2XXL,879.0,1,0,879.0,0,https://cavaathleisure.com/products/cobalt-overlap-tank
2026-09-23,Cava Athleisure,Black Overlap Tank,XXL,WTN104BKXXL,879.0,1,0,879.0,1,https://cavaathleisure.com/products/black-overlap-tank
2026-09-23,Cava Athleisure,Cement Contrast Bonded Polo,S,MTS1405GYS,1099.0,1,0,1099.0,10,https://cavaathleisure.com/products/cement-contrast-bonded-polo
2026-09-23,Cava Athleisure,Cement Contrast Bonded Polo,XXL,MTS1405GYXXL,1099.0,1,0,1099.0,1,https://cavaathleisure.com/products/cement-contrast-bonded-polo
2026-09-23,Cava Athleisure,Black Stride Golf Shorts,32,MSH112BK32,1264.0,1,0,1264.0,17,https://cavaathleisure.com/products/black-stride-golf-shorts
2026-09-23,Cava Athleisure,Black Stride Golf Shorts,36,MSH112BK36,1264.0,1,0,1264.0,3,https://cavaathleisure.com/products/black-stride-golf-shorts
2026-09-23,Cava Athleisure,Jade Contrast Bonded Polo,XXL,MTS1405GRXXL,1099.0,1,0,1099.0,16,https://cavaathleisure.com/products/jade-contrast-bonded-polo
2026-09-23,Cava Athleisure,Cream Solid Oversized Tee - Men,XL,MTS1602SWHXL,824.0,1,0,824.0,3,https://cavaathleisure.com/products/cream-solid-oversized-tee-men
2026-09-23,Cava Athleisure,Brown Hourglass Snug Leggings,XS,WLG1010BNXS,934.0,5,0,4670.0,0,https://cavaathleisure.com/products/brown-hourglass-snug-leggings
2026-09-23,Cava Athleisure,Brown Hourglass Snug Leggings,S,WLG1010BNS,934.0,13,0,12142.0,0,https://cavaathleisure.com/products/brown-hourglass-snug-leggings
2026-09-23,Cava Athleisure,Brown Hourglass Snug Leggings,M,WLG1010BNM,934.0,27,0,25218.0,71,https://cavaathleisure.com/products/brown-hourglass-snug-leggings
2026-09-23,Cava Athleisure,Brown Hourglass Snug Leggings,L,WLG1010BNL,934.0,19,0,17746.0,7,https://cavaathleisure.com/products/brown-hourglass-snug-leggings
2026-09-23,Cava Athleisure,Brown Hourglass Snug Leggings,XL,WLG1010BNXL,934.0,1,0,934.0,0,https://cavaathleisure.com/products/brown-hourglass-snug-leggings
2026-09-23,Cava Athleisure,Brown Hourglass Snug Leggings,XXL,WLG1010BNXXL,934.0,3,0,2802.0,0,https://cavaathleisure.com/products/brown-hourglass-snug-leggings
2026-09-23,Cava Athleisure,Black Hourglass Snug Leggings,XS,WLG1010BKXS,934.0,15,0,14010.0,137,https://cavaathleisure.com/products/black-hourglass-snug-leggings
2026-09-23,Cava Athleisure,Black Hourglass Snug Leggings,S,WLG1010BKS,934.0,48,0,44832.0,356,https://cavaathleisure.com/products/black-hourglass-snug-leggings
2026-09-23,Cava Athleisure,Black Hourglass Snug Leggings,M,WLG1010BKM,934.0,64,0,59776.0,221,https://cavaathleisure.com/products/black-hourglass-snug-leggings
2026-09-23,Cava Athleisure,Black Hourglass Snug Leggings,L,WLG1010BKL,934.0,58,0,54172.0,196,https://cavaathleisure.com/products/black-hourglass-snug-leggings
2026-09-23,Cava Athleisure,Black Hourglass Snug Leggings,XL,WLG1010BKXL,934.0,35,0,32690.0,139,https://cavaathleisure.com/products/black-hourglass-snug-leggings
2026-09-23,Cava Athleisure,Black Hourglass Snug Leggings,XXL,WLG1010BKXXL,934.0,17,0,15878.0,109,https://cavaathleisure.com/products/black-hourglass-snug-leggings
2026-09-23,Cava Athleisure,Black Hourglass Booty Shorts,XS,WSH1008BKXS,879.0,29,0,25491.0,221,https://cavaathleisure.com/products/black-hourglass-booty-shorts
2026-09-23,Cava Athleisure,Black Hourglass Booty Shorts,S,WSH1008BKS,879.0,57,0,50103.0,835,https://cavaathleisure.com/products/black-hourglass-booty-shorts
2026-09-23,Cava Athleisure,Black Hourglass Booty Shorts,M,WSH1008BKM,879.0,67,0,58893.0,383,https://cavaathleisure.com/products/black-hourglass-booty-shorts
2026-09-23,Cava Athleisure,Black Hourglass Booty Shorts,L,WSH1008BKL,879.0,42,0,36918.0,108,https://cavaathleisure.com/products/black-hourglass-booty-shorts
2026-09-23,Cava Athleisure,Black Hourglass Booty Shorts,XL,WSH1008BKXL,879.0,23,0,20217.0,61,https://cavaathleisure.com/products/black-hourglass-booty-shorts
2026-09-23,Cava Athleisure,Black Hourglass Booty Shorts,XXL,WSH1008BKXXL,879.0,6,0,5274.0,19,https://cavaathleisure.com/products/black-hourglass-booty-shorts
2026-09-23,Cava Athleisure,Black Hyper Mesh Sports Bra,XS,WSB102BKXS,1154.0,4,0,4616.0,55,https://cavaathleisure.com/products/black-hyper-mesh-sports-bra
2026-09-23,Cava Athleisure,Black Hyper Mesh Sports Bra,S,WSB102BKS,1154.0,8,0,9232.0,126,https://cavaathleisure.com/products/black-hyper-mesh-sports-bra
2026-09-23,Cava Athleisure,Black Hyper Mesh Sports Bra,M,WSB102BKM,1154.0,12,0,13848.0,185,https://cavaathleisure.com/products/black-hyper-mesh-sports-bra
2026-09-23,Cava Athleisure,Black Hyper Mesh Sports Bra,L,WSB102BKL,1154.0,10,0,11540.0,63,https://cavaathleisure.com/products/black-hyper-mesh-sports-bra
2026-09-23,Cava Athleisure,Black Hyper Mesh Sports Bra,XL,WSB102BKXL,1154.0,6,0,6924.0,77,https://cavaathleisure.com/products/black-hyper-mesh-sports-bra
2026-09-23,Cava Athleisure,Black Hyper Mesh Sports Bra,XXL,WSB102BKXXL,1154.0,1,0,1154.0,11,https://cavaathleisure.com/products/black-hyper-mesh-sports-bra
2026-09-23,Cava Athleisure,Olive Stride Golf Shorts,36,MSH112GR36,1264.0,1,0,1264.0,1,https://cavaathleisure.com/products/olive-stride-golf-shorts
2026-09-23,Cava Athleisure,Ruby Aerial Leggings,S,WLG10Set12RDS,1374.0,1,0,1374.0,111,https://cavaathleisure.com/products/ruby-aerial-leggings
2026-09-23,Cava Athleisure,Ruby Aerial Leggings,M,WLG10Set12RDM,1374.0,4,0,5496.0,115,https://cavaathleisure.com/products/ruby-aerial-leggings
2026-09-23,Cava Athleisure,Ruby Aerial Leggings,XL,WLG10Set12RDXL,1374.0,1,0,1374.0,30,https://cavaathleisure.com/products/ruby-aerial-leggings
2026-09-23,Cava Athleisure,Toasted Cross Back Sports Bra,XS,WSB14SET1BNXS,934.0,3,0,2802.0,0,https://cavaathleisure.com/products/toasted-cross-back-sports-bra
2026-09-23,Cava Athleisure,Toasted Cross Back Sports Bra,XXL,WSB14SET1BNXXL,934.0,1,0,934.0,2,https://cavaathleisure.com/products/toasted-cross-back-sports-bra
2026-09-23,Cava Athleisure,Navy Overlap Tee,S,WTP1SET2NYS,934.0,2,0,1868.0,0,https://cavaathleisure.com/products/navy-overlap-tee
2026-09-23,Cava Athleisure,Navy Overlap Tee,M,WTP1SET2NYM,934.0,1,0,934.0,0,https://cavaathleisure.com/products/navy-overlap-tee
2026-09-23,Cava Athleisure,Navy Overlap Tee,L,WTP1SET2NYL,934.0,1,0,934.0,0,https://cavaathleisure.com/products/navy-overlap-tee
2026-09-23,Cava Athleisure,Grey Baseline Polo,S,MTS5CS108GYS,934.0,1,0,934.0,1,https://cavaathleisure.com/products/grey-baseline-polo
2026-09-23,Cava Athleisure,Black Airy Resort Shirt,M,MTP1CS116BKM,1154.0,1,0,1154.0,39,https://cavaathleisure.com/products/black-airy-resort-shirt
2026-09-23,Cava Athleisure,Black Airy Resort Shirt,L,MTP1CS116BKL,1154.0,1,0,1154.0,32,https://cavaathleisure.com/products/black-airy-resort-shirt
2026-09-23,Cava Athleisure,Navy Airy Resort Shirt,M,MTP1CS116BLM,1154.0,1,0,1154.0,28,https://cavaathleisure.com/products/navy-airy-resort-shirt
2026-09-23,Cava Athleisure,Navy Airy Resort Shirt,L,MTP1CS116BLL,1154.0,1,0,1154.0,50,https://cavaathleisure.com/products/navy-airy-resort-shirt
2026-09-23,Cava Athleisure,Navy Airy Resort Shirt,XL,MTP1CS116BLXL,1154.0,1,0,1154.0,19,https://cavaathleisure.com/products/navy-airy-resort-shirt
2026-09-23,Cava Athleisure,Green Airy Resort Shirt,L,MTP1CS116GRL,1154.0,1,0,1154.0,41,https://cavaathleisure.com/products/green-airy-resort-shirt
2026-09-23,Cava Athleisure,Navy Stride Cargo Pants,38,MTR1CS118NY38,1209.0,1,0,1209.0,8,https://cavaathleisure.com/products/navy-stride-cargo-pants
2026-09-23,Cava Athleisure,Beige Stride Cargo Pants,38,MTR1CS118BG38,1209.0,1,0,1209.0,5,https://cavaathleisure.com/products/beige-stride-cargo-pants
2026-09-23,Cava Athleisure,"Grey 5"" Train-In Shorts",38,MSH1CS119GY38,1044.0,2,0,2088.0,0,https://cavaathleisure.com/products/grey-train-in-shorts
2026-09-23,Cava Athleisure,"Navy 5"" Train-In Shorts",32,MSH1CS119NY32,1044.0,12,0,12528.0,62,https://cavaathleisure.com/products/navy-train-in-shorts
2026-09-23,Cava Athleisure,"Black 5"" Train-In Shorts",36,MSH1CS119BK36,1044.0,4,0,4176.0,37,https://cavaathleisure.com/products/black-5-train-in-shorts
2026-09-23,Cava Athleisure,"Black 5"" Train-In Shorts",38,MSH1CS119BK38,1044.0,2,0,2088.0,0,https://cavaathleisure.com/products/black-5-train-in-shorts
2026-09-23,Cava Athleisure,Teal Ace Bond Polo,XXL,MTS1CS122GRXXL,934.0,1,0,934.0,11,https://cavaathleisure.com/products/teal-ace-bond-polo
2026-09-23,Cava Athleisure,Black Ace Bond Polo,S,MTS1CS122BKS,934.0,1,0,934.0,0,https://cavaathleisure.com/products/black-ace-bond-polo
2026-09-23,Cava Athleisure,Moscow Blue Cross Back Sports Bra,XS,WSB14SET1BLXS,934.0,6,0,5604.0,283,https://cavaathleisure.com/products/moscow-blue-cross-back-sports-bra
2026-09-23,Cava Athleisure,Moscow Blue Cross Back Sports Bra,S,WSB14SET1BLS,934.0,49,0,45766.0,147,https://cavaathleisure.com/products/moscow-blue-cross-back-sports-bra
2026-09-23,Cava Athleisure,Moscow Blue Cross Back Sports Bra,M,WSB14SET1BLM,934.0,63,0,58842.0,258,https://cavaathleisure.com/products/moscow-blue-cross-back-sports-bra
2026-09-23,Cava Athleisure,Moscow Blue Cross Back Sports Bra,L,WSB14SET1BLL,934.0,24,0,22416.0,302,https://cavaathleisure.com/products/moscow-blue-cross-back-sports-bra
2026-09-23,Cava Athleisure,Moscow Blue Cross Back Sports Bra,XL,WSB14SET1BLXL,934.0,8,0,7472.0,82,https://cavaathleisure.com/products/moscow-blue-cross-back-sports-bra
2026-09-23,Cava Athleisure,Moscow Blue Cross Back Sports Bra,XXL,WSB14SET1BLXXL,934.0,4,0,3736.0,68,https://cavaathleisure.com/products/moscow-blue-cross-back-sports-bra
2026-09-23,Cava Athleisure,Pink Cross Back Sports Bra,XS,WSB14SET1PUXS,934.0,23,0,21482.0,97,https://cavaathleisure.com/products/pink-cross-back-sports-bra
2026-09-23,Cava Athleisure,Pink Cross Back Sports Bra,S,WSB14SET1PUS,934.0,74,0,69116.0,0,https://cavaathleisure.com/products/pink-cross-back-sports-bra
2026-09-23,Cava Athleisure,Pink Cross Back Sports Bra,M,WSB14SET1PUM,934.0,96,0,89664.0,72,https://cavaathleisure.com/products/pink-cross-back-sports-bra
2026-09-23,Cava Athleisure,Pink Cross Back Sports Bra,L,WSB14SET1PUL,934.0,39,0,36426.0,42,https://cavaathleisure.com/products/pink-cross-back-sports-bra
2026-09-23,Cava Athleisure,Pink Cross Back Sports Bra,XL,WSB14SET1PUXL,934.0,8,0,7472.0,21,https://cavaathleisure.com/products/pink-cross-back-sports-bra
2026-09-23,Cava Athleisure,Pink Cross Back Sports Bra,XXL,WSB14SET1PUXXL,934.0,6,0,5604.0,33,https://cavaathleisure.com/products/pink-cross-back-sports-bra
2026-09-23,Cava Athleisure,Black Techpique Sleeveless Polo,XS,WTP10CS04BKXS,879.0,1,0,879.0,20,https://cavaathleisure.com/products/black-techpique-sleeveless-polo
2026-09-23,Cava Athleisure,Black Techpique Sleeveless Polo,S,WTP10CS04BKS,879.0,5,0,4395.0,42,https://cavaathleisure.com/products/black-techpique-sleeveless-polo
2026-09-23,Cava Athleisure,White Techpique Sleeveless Polo,XL,WTP10CS04WHXL,879.0,1,0,879.0,0,https://cavaathleisure.com/products/white-techpique-sleeveless-polo
2026-09-23,Cava Athleisure,Pink Techpique Sleeveless Polo,XS,WTP10CS04PNXS,879.0,1,0,879.0,12,https://cavaathleisure.com/products/pink-techpique-sleeveless-polo
2026-09-23,Cava Athleisure,Pink Techpique Sleeveless Polo,S,WTP10CS04PNS,879.0,4,0,3516.0,22,https://cavaathleisure.com/products/pink-techpique-sleeveless-polo
2026-09-23,Cava Athleisure,Pink Techpique Sleeveless Polo,XL,WTP10CS04PNXL,879.0,3,0,2637.0,2,https://cavaathleisure.com/products/pink-techpique-sleeveless-polo
2026-09-23,Cava Athleisure,Black High Impact Sports Bra,S,WSB1CS02BKS,1299.0,1,0,1299.0,0,https://cavaathleisure.com/products/black-impact-sport-bra
2026-09-23,Cava Athleisure,Black High Impact Sports Bra,M,WSB1CS02BKM,1299.0,0,1,0.0,1,https://cavaathleisure.com/products/black-impact-sport-bra
2026-09-23,Cava Athleisure,Black High Impact Sports Bra,L,WSB1CS02BKL,1299.0,1,0,1299.0,0,https://cavaathleisure.com/products/black-impact-sport-bra
2026-09-23,Cava Athleisure,Ruby High Impact Sports Bra,S,WSB1CS02RDS,1299.0,1,0,1299.0,0,https://cavaathleisure.com/products/ruby-impact-sport-bra
2026-09-23,Cava Athleisure,Ruby High Impact Sports Bra,XL,WSB1CS02RDXL,1299.0,1,0,1299.0,3,https://cavaathleisure.com/products/ruby-impact-sport-bra
2026-09-23,Cava Athleisure,Ruby High Impact Sports Bra,XXL,WSB1CS02RDXXL,1299.0,0,1,0.0,2,https://cavaathleisure.com/products/ruby-impact-sport-bra
2026-09-23,Cava Athleisure,Black Ultra Support Sports Bra,XS,WSB1CS01BKXS,1044.0,4,0,4176.0,96,https://cavaathleisure.com/products/black-all-square-sports-bra
2026-09-23,Cava Athleisure,Black Ultra Support Sports Bra,S,WSB1CS01BKS,1044.0,31,0,32364.0,136,https://cavaathleisure.com/products/black-all-square-sports-bra
2026-09-23,Cava Athleisure,Black Ultra Support Sports Bra,M,WSB1CS01BKM,1044.0,45,0,46980.0,60,https://cavaathleisure.com/products/black-all-square-sports-bra
2026-09-23,Cava Athleisure,Black Ultra Support Sports Bra,L,WSB1CS01BKL,1044.0,22,0,22968.0,40,https://cavaathleisure.com/products/black-all-square-sports-bra
2026-09-23,Cava Athleisure,Black Ultra Support Sports Bra,XXL,WSB1CS01BKXXL,1044.0,3,0,3132.0,5,https://cavaathleisure.com/products/black-all-square-sports-bra
2026-09-23,Cava Athleisure,Ruby Ultra Support Sports Bra,XS,WSB1CS01RDXS,1044.0,1,0,1044.0,193,https://cavaathleisure.com/products/ruby-all-square-sports-bra
2026-09-23,Cava Athleisure,Ruby Ultra Support Sports Bra,S,WSB1CS01RDS,1044.0,15,0,15660.0,483,https://cavaathleisure.com/products/ruby-all-square-sports-bra
2026-09-23,Cava Athleisure,Ruby Ultra Support Sports Bra,M,WSB1CS01RDM,1044.0,20,0,20880.0,795,https://cavaathleisure.com/products/ruby-all-square-sports-bra
2026-09-23,Cava Athleisure,Ruby Ultra Support Sports Bra,L,WSB1CS01RDL,1044.0,16,0,16704.0,598,https://cavaathleisure.com/products/ruby-all-square-sports-bra
2026-09-23,Cava Athleisure,Ruby Ultra Support Sports Bra,XL,WSB1CS01RDXL,1044.0,8,0,8352.0,396,https://cavaathleisure.com/products/ruby-all-square-sports-bra
2026-09-23,Cava Athleisure,Ruby Ultra Support Sports Bra,XXL,WSB1CS01RDXXL,1044.0,2,0,2088.0,123,https://cavaathleisure.com/products/ruby-all-square-sports-bra
2026-09-23,Cava Athleisure,Lilac Ultra Support Sports Bra,XS,WSB1CS01PUXS,1044.0,1,0,1044.0,105,https://cavaathleisure.com/products/lilac-all-square-sports-bra
2026-09-23,Cava Athleisure,Lilac Ultra Support Sports Bra,S,WSB1CS01PUS,1044.0,11,0,11484.0,109,https://cavaathleisure.com/products/lilac-all-square-sports-bra
2026-09-23,Cava Athleisure,Lilac Ultra Support Sports Bra,M,WSB1CS01PUM,1044.0,15,0,15660.0,100,https://cavaathleisure.com/products/lilac-all-square-sports-bra
2026-09-23,Cava Athleisure,Lilac Ultra Support Sports Bra,L,WSB1CS01PUL,1044.0,4,0,4176.0,110,https://cavaathleisure.com/products/lilac-all-square-sports-bra
2026-09-23,Cava Athleisure,Lilac Ultra Support Sports Bra,XL,WSB1CS01PUXL,1044.0,3,0,3132.0,43,https://cavaathleisure.com/products/lilac-all-square-sports-bra
2026-09-23,Cava Athleisure,Pink Plie Pleated Skort,XS,WSK10CS06PNXS,1209.0,15,0,18135.0,182,https://cavaathleisure.com/products/pink-pliee-pleated-skort
2026-09-23,Cava Athleisure,Pink Plie Pleated Skort,XXL,WSK10CS06PNXXL,1209.0,5,0,6045.0,49,https://cavaathleisure.com/products/pink-pliee-pleated-skort
2026-09-23,Cava Athleisure,Ivory Plie Pleated Skort,XS,WSK10CS06WHXS,1209.0,5,0,6045.0,180,https://cavaathleisure.com/products/ivory-pliee-pleated-skort
2026-09-23,Cava Athleisure,Ivory Plie Pleated Skort,S,WSK10CS06WHS,1209.0,19,0,22971.0,67,https://cavaathleisure.com/products/ivory-pliee-pleated-skort
2026-09-23,Cava Athleisure,Ivory Plie Pleated Skort,M,WSK10CS06WHM,1209.0,11,0,13299.0,42,https://cavaathleisure.com/products/ivory-pliee-pleated-skort
2026-09-23,Cava Athleisure,Ivory Plie Pleated Skort,L,WSK10CS06WHL,1209.0,15,0,18135.0,43,https://cavaathleisure.com/products/ivory-pliee-pleated-skort
2026-09-23,Cava Athleisure,Ivory Plie Pleated Skort,XL,WSK10CS06WHXL,1209.0,3,0,3627.0,74,https://cavaathleisure.com/products/ivory-pliee-pleated-skort
2026-09-23,Cava Athleisure,Ivory Plie Pleated Skort,XXL,WSK10CS06WHXXL,1209.0,2,0,2418.0,49,https://cavaathleisure.com/products/ivory-pliee-pleated-skort
2026-09-23,Cava Athleisure,Black Plie Pleated Skort,XS,WSK10CS06BKXS,1209.0,2,0,2418.0,190,https://cavaathleisure.com/products/black-pliee-pleated-skort
2026-09-23,Cava Athleisure,Black Plie Pleated Skort,S,WSK10CS06BKS,1209.0,12,0,14508.0,261,https://cavaathleisure.com/products/black-pliee-pleated-skort
2026-09-23,Cava Athleisure,Black Plie Pleated Skort,M,WSK10CS06BKM,1209.0,14,0,16926.0,37,https://cavaathleisure.com/products/black-pliee-pleated-skort
2026-09-23,Cava Athleisure,Black Plie Pleated Skort,L,WSK10CS06BKL,1209.0,2,0,2418.0,0,https://cavaathleisure.com/products/black-pliee-pleated-skort
2026-09-23,Cava Athleisure,Navy Plie Pleated Skort,XS,WSK10CS06NYXS,1209.0,4,0,4836.0,204,https://cavaathleisure.com/products/navy-pliee-pleated-skort
2026-09-23,Cava Athleisure,Navy Plie Pleated Skort,S,WSK10CS06NYS,1209.0,20,0,24180.0,240,https://cavaathleisure.com/products/navy-pliee-pleated-skort
2026-09-23,Cava Athleisure,Navy Plie Pleated Skort,M,WSK10CS06NYM,1209.0,8,0,9672.0,48,https://cavaathleisure.com/products/navy-pliee-pleated-skort
2026-09-23,Cava Athleisure,Navy Plie Pleated Skort,XL,WSK10CS06NYXL,1209.0,6,0,7254.0,16,https://cavaathleisure.com/products/navy-pliee-pleated-skort
2026-09-23,Cava Athleisure,Navy Plie Pleated Skort,XXL,WSK10CS06NYXXL,1209.0,1,0,1209.0,6,https://cavaathleisure.com/products/navy-pliee-pleated-skort
2026-09-23,Cava Athleisure,Green Aerial Leggings,S,WLG10SET12GRS,1374.0,1,0,1374.0,27,https://cavaathleisure.com/products/green-aerial-leggings
2026-09-23,Cava Athleisure,Pink Sculptor Jacket,XS,WJK10Set5PNXS,1264.0,11,0,13904.0,0,https://cavaathleisure.com/products/pink-sculptor-jacket
2026-09-23,Cava Athleisure,Pink Sculptor Jacket,S,WJK10Set5PNS,1264.0,71,0,89744.0,106,https://cavaathleisure.com/products/pink-sculptor-jacket
2026-09-23,Cava Athleisure,Pink Sculptor Jacket,M,WJK10Set5PNM,1264.0,79,0,99856.0,118,https://cavaathleisure.com/products/pink-sculptor-jacket
2026-09-23,Cava Athleisure,Pink Sculptor Jacket,L,WJK10Set5PNL,1264.0,51,0,64464.0,119,https://cavaathleisure.com/products/pink-sculptor-jacket
2026-09-23,Cava Athleisure,Pink Sculptor Jacket,XL,WJK10Set5PNXL,1264.0,20,0,25280.0,54,https://cavaathleisure.com/products/pink-sculptor-jacket
2026-09-23,Cava Athleisure,Pink Sculptor Jacket,XXL,WJK10Set5PNXXL,1264.0,12,0,15168.0,27,https://cavaathleisure.com/products/pink-sculptor-jacket
2026-09-23,Cava Athleisure,Teal Urban Zipper Polo,S,MTS11CS120GRS,934.0,1,0,934.0,33,https://cavaathleisure.com/products/green-urban-zipper-polo
2026-09-23,Cava Athleisure,Teal Urban Zipper Polo,M,MTS11CS120GRM,934.0,1,0,934.0,0,https://cavaathleisure.com/products/green-urban-zipper-polo
2026-09-23,Cava Athleisure,Teal Urban Zipper Polo,XXL,MTS11CS120GRXXL,934.0,1,0,934.0,19,https://cavaathleisure.com/products/green-urban-zipper-polo
2026-09-23,Cava Athleisure,Black Urban Zipper Polo,L,MTS11CS120BKL,934.0,1,0,934.0,0,https://cavaathleisure.com/products/black-urban-zipper-polo
2026-09-23,Cava Athleisure,Steel Blue Sculptor Jacket,XS,WJK10Set5NYXS,1264.0,6,0,7584.0,99,https://cavaathleisure.com/products/steel-blue-sculptor-jacket
2026-09-23,Cava Athleisure,Steel Blue Sculptor Jacket,S,WJK10Set5NYS,1264.0,14,0,17696.0,234,https://cavaathleisure.com/products/steel-blue-sculptor-jacket
2026-09-23,Cava Athleisure,Steel Blue Sculptor Jacket,M,WJK10Set5NYM,1264.0,22,0,27808.0,513,https://cavaathleisure.com/products/steel-blue-sculptor-jacket
2026-09-23,Cava Athleisure,Steel Blue Sculptor Jacket,L,WJK10Set5NYL,1264.0,16,0,20224.0,274,https://cavaathleisure.com/products/steel-blue-sculptor-jacket
2026-09-23,Cava Athleisure,Steel Blue Sculptor Jacket,XL,WJK10Set5NYXL,1264.0,14,0,17696.0,11,https://cavaathleisure.com/products/steel-blue-sculptor-jacket
2026-09-23,Cava Athleisure,Steel Blue Sculptor Jacket,XXL,WJK10Set5NYXXL,1264.0,6,0,7584.0,48,https://cavaathleisure.com/products/steel-blue-sculptor-jacket
2026-09-23,Cava Athleisure,Navy Everywear Joggers,M,MTR5CS111NYM,1099.0,2,0,2198.0,18,https://cavaathleisure.com/products/navy-everywear-pants
2026-09-23,Cava Athleisure,Navy Everywear Joggers,L,MTR5CS111NYL,1099.0,2,0,2198.0,46,https://cavaathleisure.com/products/navy-everywear-pants
2026-09-23,Cava Athleisure,Light Beige Everywear Joggers,M,MTR5CS111BGM,1099.0,1,0,1099.0,35,https://cavaathleisure.com/products/light-beige-everywear-pants
2026-09-23,Cava Athleisure,Light Beige Everywear Joggers,L,MTR5CS111BGL,1099.0,1,0,1099.0,47,https://cavaathleisure.com/products/light-beige-everywear-pants
2026-09-23,Cava Athleisure,Black Supima Polo T-shirt - Regular Fit,S,MTS5CS103BKS,934.0,1,0,934.0,23,https://cavaathleisure.com/products/black-supima-polo-t-shirt
2026-09-23,Cava Athleisure,Black Supima V Neck T-shirt - Regular Fit,L,MTS5CS102BKL,824.0,1,0,824.0,33,https://cavaathleisure.com/products/black-supima-v-neck-t-shirt
2026-09-23,Cava Athleisure,Black Supima V Neck T-shirt - Regular Fit,XXL,MTS5CS102BKXXL,824.0,1,0,824.0,19,https://cavaathleisure.com/products/black-supima-v-neck-t-shirt
2026-09-23,Cava Athleisure,Beige Supima V Neck T-shirt - Regular Fit,S,MTS5CS102BGS,824.0,1,0,824.0,25,https://cavaathleisure.com/products/beige-supima-v-neck-t-shirt
2026-09-23,Cava Athleisure,Black Supima Crew Neck T-shirt - Relaxed Fit,L,MTS5CS101BKL,824.0,3,0,2472.0,0,https://cavaathleisure.com/products/black-supima-essentials-crew-neck
2026-09-23,Cava Athleisure,Beige Supima Crew Neck T-shirt - Relaxed Fit,L,MTS5CS101BGL,824.0,2,0,1648.0,17,https://cavaathleisure.com/products/beige-supima-crew-neck-t-shirt
2026-09-23,Cava Athleisure,Pink Sky-Rise Leggings,M,WLG9SET3PUM,1099.0,5,0,5495.0,0,https://cavaathleisure.com/products/pink-sky-rise-leggings
2026-09-23,Cava Athleisure,Pink Super Stretch Brami,S,WSB9SET3PUS,934.0,16,0,14944.0,3,https://cavaathleisure.com/products/pink-super-stretch-brami
2026-09-23,Cava Athleisure,Pink Super Stretch Brami,L,WSB9SET3PUL,934.0,5,0,4670.0,13,https://cavaathleisure.com/products/pink-super-stretch-brami
2026-09-23,Cava Athleisure,Pink Super Stretch Brami,XL,WSB9SET3PUXL,934.0,3,0,2802.0,8,https://cavaathleisure.com/products/pink-super-stretch-brami
2026-09-23,Cava Athleisure,Pink Pulse Biker Shorts,S,WSH9SET1PUS,934.0,1,0,934.0,79,https://cavaathleisure.com/products/pink-pulse-biker-shorts
2026-09-23,Cava Athleisure,Pink Pulse Biker Shorts,L,WSH9SET1PUL,934.0,2,0,1868.0,8,https://cavaathleisure.com/products/pink-pulse-biker-shorts
2026-09-23,Cava Athleisure,Ruby Tank Us Later Top,XS,TP-GEO-set3-008-YSH-Burgundy-XS,989.0,3,0,2967.0,43,https://cavaathleisure.com/products/ruby-tank-us-later-top
2026-09-23,Cava Athleisure,Ruby Tank Us Later Top,S,TP-GEO-set3-008-YSH-Burgundy-S,989.0,16,0,15824.0,114,https://cavaathleisure.com/products/ruby-tank-us-later-top
2026-09-23,Cava Athleisure,Ruby Tank Us Later Top,M,TP-GEO-set3-008-YSH-Burgundy-M,989.0,25,0,24725.0,150,https://cavaathleisure.com/products/ruby-tank-us-later-top
2026-09-23,Cava Athleisure,Ruby Tank Us Later Top,L,TP-GEO-set3-008-YSH-Burgundy-L,989.0,8,0,7912.0,138,https://cavaathleisure.com/products/ruby-tank-us-later-top
2026-09-23,Cava Athleisure,Ruby Tank Us Later Top,XL,TP-GEO-set3-008-YSH-Burgundy-XL,989.0,7,0,6923.0,31,https://cavaathleisure.com/products/ruby-tank-us-later-top
2026-09-23,Cava Athleisure,Steel Blue Swirl Tennis Skorts,XXS,WSKSET445BLXXS,1099.0,2,0,2198.0,14,https://cavaathleisure.com/products/steel-blue-swirl-tennis-skorts
2026-09-23,Cava Athleisure,Steel Blue Swirl Tennis Skorts,XS,BTM-ying-set4-skort-blue-XS,1099.0,4,0,4396.0,28,https://cavaathleisure.com/products/steel-blue-swirl-tennis-skorts
2026-09-23,Cava Athleisure,Steel Blue Swirl Tennis Skorts,XS,WSKSET4L45BLXS,1099.0,1,0,1099.0,11,https://cavaathleisure.com/products/steel-blue-swirl-tennis-skorts
2026-09-23,Cava Athleisure,Steel Blue Swirl Tennis Skorts,S,BTM-ying-set4-skort-blue-S,1099.0,8,0,8792.0,90,https://cavaathleisure.com/products/steel-blue-swirl-tennis-skorts
2026-09-23,Cava Athleisure,Steel Blue Swirl Tennis Skorts,M,BTM-ying-set4-skort-blue-M,1099.0,11,0,12089.0,121,https://cavaathleisure.com/products/steel-blue-swirl-tennis-skorts
2026-09-23,Cava Athleisure,Steel Blue Swirl Tennis Skorts,L,BTM-ying-set4-skort-blue-L,1099.0,7,0,7693.0,30,https://cavaathleisure.com/products/steel-blue-swirl-tennis-skorts
2026-09-23,Cava Athleisure,Steel Blue Swirl Tennis Skorts,XL,BTM-ying-set4-skort-blue-XL,1099.0,2,0,2198.0,5,https://cavaathleisure.com/products/steel-blue-swirl-tennis-skorts
2026-09-23,Cava Athleisure,Steel Blue Swirl Tennis Skorts,XXL,WSKSET4L45BLXXL,1099.0,3,0,3297.0,10,https://cavaathleisure.com/products/steel-blue-swirl-tennis-skorts
2026-09-23,Cava Athleisure,Steel Blue Swirl Tennis Skorts,XXXL,WSKSET4L45BLXXXL,1099.0,1,0,1099.0,13,https://cavaathleisure.com/products/steel-blue-swirl-tennis-skorts
2026-09-23,Cava Athleisure,Ivory Tank Us Later Top,XS,TP-GEO-set3-008-YSH-Ivory-XS,989.0,1,0,989.0,126,https://cavaathleisure.com/products/ivory-tank-us-later-top
2026-09-23,Cava Athleisure,Ivory Tank Us Later Top,S,TP-GEO-set3-008-YSH-Ivory-S,989.0,15,0,14835.0,201,https://cavaathleisure.com/products/ivory-tank-us-later-top
2026-09-23,Cava Athleisure,Ivory Tank Us Later Top,M,TP-GEO-set3-008-YSH-Ivory-M,989.0,14,0,13846.0,221,https://cavaathleisure.com/products/ivory-tank-us-later-top
2026-09-23,Cava Athleisure,Ivory Tank Us Later Top,L,TP-GEO-set3-008-YSH-Ivory-L,989.0,6,0,5934.0,109,https://cavaathleisure.com/products/ivory-tank-us-later-top
2026-09-23,Cava Athleisure,Ivory Tank Us Later Top,XL,TP-GEO-set3-008-YSH-Ivory-XL,989.0,2,0,1978.0,40,https://cavaathleisure.com/products/ivory-tank-us-later-top
2026-09-23,Cava Athleisure,Ivory Tank Us Later Top,XXL,TP-GEO-set3-008-YSH-Ivory-XXL,989.0,2,0,1978.0,21,https://cavaathleisure.com/products/ivory-tank-us-later-top
2026-09-23,Cava Athleisure,Sky Blue Sculpt Leggings,M,BEL511-Vamos-104-Lightblue-M,1099.0,10,0,10990.0,68,https://cavaathleisure.com/products/sky-blue-sculpt-leggings
2026-09-23,Cava Athleisure,Sky Blue Sculpt Leggings,L,BEL511-Vamos-104-Lightblue-L,1099.0,3,0,3297.0,0,https://cavaathleisure.com/products/sky-blue-sculpt-leggings
2026-09-23,Cava Athleisure,Sky Blue Sculpt Leggings,XL,BEL511-Vamos-104-Lightblue-XL,1099.0,1,0,1099.0,0,https://cavaathleisure.com/products/sky-blue-sculpt-leggings
2026-09-23,Cava Athleisure,Lilac Swirl Tennis Skorts,XXS,BTM-ying-set4-skort-purple-XXS,1099.0,1,0,1099.0,15,https://cavaathleisure.com/products/lilac-swirl-tennis-skort
2026-09-23,Cava Athleisure,Lilac Swirl Tennis Skorts,S,BTM-ying-set4-skort-purple-S,1099.0,13,0,14287.0,10,https://cavaathleisure.com/products/lilac-swirl-tennis-skort
2026-09-23,Cava Athleisure,Lilac Swirl Tennis Skorts,XL,BTM-ying-set4-skort-purple-XL,1099.0,3,0,3297.0,5,https://cavaathleisure.com/products/lilac-swirl-tennis-skort
2026-09-23,Cava Athleisure,Lilac Swirl Tennis Skorts,XXL,BTM-ying-set4-skort-purple-XXL,1099.0,4,0,4396.0,52,https://cavaathleisure.com/products/lilac-swirl-tennis-skort
2026-09-23,Cava Athleisure,Cappucino Cava Essential Sweatshirt,S,TP536-VAMOS-98-CAPPUCCINO-S,989.0,2,0,1978.0,145,https://cavaathleisure.com/products/cappucino-cava-essential-sweatshirt
2026-09-23,Cava Athleisure,Cappucino Cava Essential Sweatshirt,L,TP536-VAMOS-98-CAPPUCCINO-L,989.0,3,0,2967.0,202,https://cavaathleisure.com/products/cappucino-cava-essential-sweatshirt
2026-09-23,Cava Athleisure,Cappucino Cava Essential Sweatshirt,XL,TP536-VAMOS-98-CAPPUCCINO-XL,989.0,1,0,989.0,142,https://cavaathleisure.com/products/cappucino-cava-essential-sweatshirt
2026-09-23,Cava Athleisure,Charcoal Zip-It-Up Top,S,TP-RON-set13-1574-Light-black-S,1264.0,11,0,13904.0,3,https://cavaathleisure.com/products/charcoal-zip-it-up-top
2026-09-23,Cava Athleisure,Blush Overlap Tee,XS,TP-RON-set2-007-RON-Sepia-Rose-XS,934.0,1,0,934.0,39,https://cavaathleisure.com/products/blush-overlap-tee
2026-09-23,Cava Athleisure,Blush Overlap Tee,S,TP-RON-set2-007-RON-Sepia-Rose-S,934.0,0,1,0.0,1,https://cavaathleisure.com/products/blush-overlap-tee
2026-09-23,Cava Athleisure,Blush Overlap Tee,M,TP-RON-set2-007-RON-Sepia-Rose-M,934.0,1,0,934.0,0,https://cavaathleisure.com/products/blush-overlap-tee
2026-09-23,Cava Athleisure,White Cross Back Sports Bra,XS,TP-RON-set1-019-MNO-Coconut-Milk-XS,934.0,19,0,17746.0,0,https://cavaathleisure.com/products/white-cross-back-sports-bra
2026-09-23,Cava Athleisure,White Cross Back Sports Bra,S,TP-RON-set1-019-MNO-Coconut-Milk-S,934.0,105,0,98070.0,137,https://cavaathleisure.com/products/white-cross-back-sports-bra
2026-09-23,Cava Athleisure,White Cross Back Sports Bra,M,TP-RON-set1-019-MNO-Coconut-Milk-M,934.0,63,0,58842.0,27,https://cavaathleisure.com/products/white-cross-back-sports-bra
2026-09-23,Cava Athleisure,White Cross Back Sports Bra,L,TP-RON-set1-019-MNO-Coconut-Milk-L,934.0,36,0,33624.0,37,https://cavaathleisure.com/products/white-cross-back-sports-bra
2026-09-23,Cava Athleisure,White Cross Back Sports Bra,XL,TP-RON-set1-019-MNO-Coconut-Milk-XL,934.0,9,0,8406.0,72,https://cavaathleisure.com/products/white-cross-back-sports-bra
2026-09-23,Cava Athleisure,White Cross Back Sports Bra,XXL,TP-RON-set1-019-MNO-Coconut-Milk-XXL,934.0,4,0,3736.0,87,https://cavaathleisure.com/products/white-cross-back-sports-bra
2026-09-23,Cava Athleisure,Black Aerial Leggings,XS,BTM-RON-set12-CK1429-Black-XS,1374.0,2,0,2748.0,1,https://cavaathleisure.com/products/black-aerial-leggings
2026-09-23,Cava Athleisure,Black Aerial Leggings,S,BTM-RON-set12-CK1429-Black-S,1374.0,1,0,1374.0,28,https://cavaathleisure.com/products/black-aerial-leggings
2026-09-23,Cava Athleisure,Black Aerial Leggings,M,BTM-RON-set12-CK1429-Black-M,1374.0,1,0,1374.0,0,https://cavaathleisure.com/products/black-aerial-leggings
2026-09-23,Cava Athleisure,Black Aerial Leggings,XXL,BTM-RON-set12-CK1429-Black-XXL,1374.0,1,0,1374.0,0,https://cavaathleisure.com/products/black-aerial-leggings
2026-09-23,Cava Athleisure,Black Super Stretch Brami,XS,TP-RON-set3-006-RON-Jet-Black-XS,934.0,10,0,9340.0,209,https://cavaathleisure.com/products/black-super-stretch-brami
2026-09-23,Cava Athleisure,Black Super Stretch Brami,S,TP-RON-set3-006-RON-Jet-Black-S,934.0,40,0,37360.0,442,https://cavaathleisure.com/products/black-super-stretch-brami
2026-09-23,Cava Athleisure,Black Super Stretch Brami,M,TP-RON-set3-006-RON-Jet-Black-M,934.0,57,0,53238.0,496,https://cavaathleisure.com/products/black-super-stretch-brami
2026-09-23,Cava Athleisure,Black Super Stretch Brami,L,TP-RON-set3-006-RON-Jet-Black-L,934.0,26,0,24284.0,340,https://cavaathleisure.com/products/black-super-stretch-brami
2026-09-23,Cava Athleisure,Black Super Stretch Brami,XL,TP-RON-set3-006-RON-Jet-Black-XL,934.0,11,0,10274.0,64,https://cavaathleisure.com/products/black-super-stretch-brami
2026-09-23,Cava Athleisure,Black Super Stretch Brami,XXL,TP-RON-set3-006-RON-Jet-Black-XXL,934.0,7,0,6538.0,90,https://cavaathleisure.com/products/black-super-stretch-brami
2026-09-23,Cava Athleisure,Black Cross Back Sports Bra,XS,TP-RON-set1-019-MNO-Jet-Black-XS,934.0,24,0,22416.0,326,https://cavaathleisure.com/products/black-cross-back-sports-bra
2026-09-23,Cava Athleisure,Black Cross Back Sports Bra,S,TP-RON-set1-019-MNO-Jet-Black-S,934.0,121,0,113014.0,1603,https://cavaathleisure.com/products/black-cross-back-sports-bra
2026-09-23,Cava Athleisure,Black Cross Back Sports Bra,M,TP-RON-set1-019-MNO-Jet-Black-M,934.0,118,0,110212.0,1343,https://cavaathleisure.com/products/black-cross-back-sports-bra
2026-09-23,Cava Athleisure,Black Cross Back Sports Bra,L,TP-RON-set1-019-MNO-Jet-Black-L,934.0,73,0,68182.0,955,https://cavaathleisure.com/products/black-cross-back-sports-bra
2026-09-23,Cava Athleisure,Black Cross Back Sports Bra,XL,TP-RON-set1-019-MNO-Jet-Black-XL,934.0,21,0,19614.0,577,https://cavaathleisure.com/products/black-cross-back-sports-bra
2026-09-23,Cava Athleisure,Black Cross Back Sports Bra,XXL,TP-RON-set1-019-MNO-Jet-Black-XXL,934.0,12,0,11208.0,323,https://cavaathleisure.com/products/black-cross-back-sports-bra
2026-09-23,Cava Athleisure,Brunette Super Stretch Brami,XXL,TP-RON-set3-006-RON-Sorrel-Horse-XXL,934.0,1,0,934.0,0,https://cavaathleisure.com/products/brunette-super-stretch-brami
2026-09-23,Cava Athleisure,Ruby Super Stretch Brami,XS,TP-RON-set3-006-RON-Anemone-XS,934.0,1,0,934.0,374,https://cavaathleisure.com/products/ruby-super-stretch-brami
2026-09-23,Cava Athleisure,Ruby Super Stretch Brami,S,TP-RON-set3-006-RON-Anemone-S,934.0,16,0,14944.0,357,https://cavaathleisure.com/products/ruby-super-stretch-brami
2026-09-23,Cava Athleisure,Ruby Super Stretch Brami,M,TP-RON-set3-006-RON-Anemone-M,934.0,25,0,23350.0,381,https://cavaathleisure.com/products/ruby-super-stretch-brami
2026-09-23,Cava Athleisure,Ruby Super Stretch Brami,L,TP-RON-set3-006-RON-Anemone-L,934.0,14,0,13076.0,115,https://cavaathleisure.com/products/ruby-super-stretch-brami
2026-09-23,Cava Athleisure,Ruby Super Stretch Brami,XL,TP-RON-set3-006-RON-Anemone-XL,934.0,1,0,934.0,77,https://cavaathleisure.com/products/ruby-super-stretch-brami
2026-09-23,Cava Athleisure,Ruby Super Stretch Brami,XXL,TP-RON-set3-006-RON-Anemone-XXL,934.0,1,0,934.0,50,https://cavaathleisure.com/products/ruby-super-stretch-brami
2026-09-23,Cava Athleisure,Black Sky-Rise Leggings,XS,BTM-RON-set3-RON-Jet-Black-XS,1099.0,3,0,3297.0,248,https://cavaathleisure.com/products/black-sky-rise-leggings
2026-09-23,Cava Athleisure,Black Sky-Rise Leggings,S,BTM-RON-set3-RON-Jet-Black-S,1099.0,13,0,14287.0,312,https://cavaathleisure.com/products/black-sky-rise-leggings
2026-09-23,Cava Athleisure,Black Sky-Rise Leggings,M,BTM-RON-set3-RON-Jet-Black-M,1099.0,24,0,26376.0,214,https://cavaathleisure.com/products/black-sky-rise-leggings
2026-09-23,Cava Athleisure,Black Sky-Rise Leggings,L,BTM-RON-set3-RON-Jet-Black-L,1099.0,11,0,12089.0,251,https://cavaathleisure.com/products/black-sky-rise-leggings
2026-09-23,Cava Athleisure,Black Sky-Rise Leggings,XL,BTM-RON-set3-RON-Jet-Black-XL,1099.0,9,0,9891.0,77,https://cavaathleisure.com/products/black-sky-rise-leggings
2026-09-23,Cava Athleisure,Black Sky-Rise Leggings,XXL,BTM-RON-set3-RON-Jet-Black-XXL,1099.0,2,0,2198.0,102,https://cavaathleisure.com/products/black-sky-rise-leggings
2026-09-23,Cava Athleisure,Ruby Sky-Rise Leggings,XS,BTM-RON-set3-RON-Anemone-XS,1099.0,1,0,1099.0,175,https://cavaathleisure.com/products/ruby-sky-rise-leggings
2026-09-23,Cava Athleisure,Ruby Sky-Rise Leggings,S,BTM-RON-set3-RON-Anemone-S,1099.0,12,0,13188.0,551,https://cavaathleisure.com/products/ruby-sky-rise-leggings
2026-09-23,Cava Athleisure,Ruby Sky-Rise Leggings,M,BTM-RON-set3-RON-Anemone-M,1099.0,15,0,16485.0,562,https://cavaathleisure.com/products/ruby-sky-rise-leggings
2026-09-23,Cava Athleisure,Ruby Sky-Rise Leggings,L,BTM-RON-set3-RON-Anemone-L,1099.0,9,0,9891.0,439,https://cavaathleisure.com/products/ruby-sky-rise-leggings
2026-09-23,Cava Athleisure,Ruby Sky-Rise Leggings,XL,BTM-RON-set3-RON-Anemone-XL,1099.0,2,0,2198.0,126,https://cavaathleisure.com/products/ruby-sky-rise-leggings
2026-09-23,Cava Athleisure,Ruby Sky-Rise Leggings,XXL,BTM-RON-set3-RON-Anemone-XXL,1099.0,1,0,1099.0,108,https://cavaathleisure.com/products/ruby-sky-rise-leggings
2026-09-23,Cava Athleisure,Brunette Sky-Rise Leggings,S,BTM-RON-set3-RON-Sorrel-Horse-S,1099.0,2,0,2198.0,217,https://cavaathleisure.com/products/brunette-sky-rise-leggings
2026-09-23,Cava Athleisure,Brunette Sky-Rise Leggings,M,BTM-RON-set3-RON-Sorrel-Horse-M,1099.0,10,0,10990.0,264,https://cavaathleisure.com/products/brunette-sky-rise-leggings
2026-09-23,Cava Athleisure,Brunette Sky-Rise Leggings,L,BTM-RON-set3-RON-Sorrel-Horse-L,1099.0,1,0,1099.0,0,https://cavaathleisure.com/products/brunette-sky-rise-leggings
2026-09-23,Cava Athleisure,Ruby Racerback Tank,XS,TP-RON-set5-032-YSH-Anemone-XS,934.0,6,0,5604.0,31,https://cavaathleisure.com/products/ruby-racerback-tank
2026-09-23,Cava Athleisure,Ruby Racerback Tank,S,TP-RON-set5-032-YSH-Anemone-S,934.0,23,0,21482.0,84,https://cavaathleisure.com/products/ruby-racerback-tank
2026-09-23,Cava Athleisure,Ruby Racerback Tank,L,TP-RON-set5-032-YSH-Anemone-L,934.0,9,0,8406.0,26,https://cavaathleisure.com/products/ruby-racerback-tank
2026-09-23,Cava Athleisure,Ruby Racerback Tank,XXL,TP-RON-set5-032-YSH-Anemone-XXL,934.0,2,0,1868.0,10,https://cavaathleisure.com/products/ruby-racerback-tank
2026-09-23,Cava Athleisure,Ivory Sculptor Jacket,XS,TP-Reely-set5-jkt-Blanc-de-Blanc-XS,1264.0,17,0,21488.0,51,https://cavaathleisure.com/products/ivory-sculptor-jacket
2026-09-23,Cava Athleisure,Ivory Sculptor Jacket,S,TP-Reely-set5-jkt-Blanc-de-Blanc-S,1264.0,61,0,77104.0,6,https://cavaathleisure.com/products/ivory-sculptor-jacket
2026-09-23,Cava Athleisure,Ivory Sculptor Jacket,M,TP-Reely-set5-jkt-Blanc-de-Blanc-M,1264.0,68,0,85952.0,15,https://cavaathleisure.com/products/ivory-sculptor-jacket
2026-09-23,Cava Athleisure,Ivory Sculptor Jacket,L,TP-Reely-set5-jkt-Blanc-de-Blanc-L,1264.0,5,0,6320.0,0,https://cavaathleisure.com/products/ivory-sculptor-jacket
2026-09-23,Cava Athleisure,Ivory Sculptor Jacket,XL,TP-Reely-set5-jkt-Blanc-de-Blanc-XL,1264.0,21,0,26544.0,32,https://cavaathleisure.com/products/ivory-sculptor-jacket
2026-09-23,Cava Athleisure,Ivory Sculptor Jacket,XXL,TP-Reely-set5-jkt-Blanc-de-Blanc-XXL,1264.0,4,0,5056.0,0,https://cavaathleisure.com/products/ivory-sculptor-jacket
2026-09-23,Cava Athleisure,Mauve Tank Us Later Top,XS,TP-GEO-set3-008-YSH-Dull-purple-18-XS,989.0,1,0,989.0,191,https://cavaathleisure.com/products/mauve-tank-us-later-top
2026-09-23,Cava Athleisure,Mauve Tank Us Later Top,S,TP-GEO-set3-008-YSH-Dull-purple-18-S,989.0,16,0,15824.0,210,https://cavaathleisure.com/products/mauve-tank-us-later-top
2026-09-23,Cava Athleisure,Mauve Tank Us Later Top,M,TP-GEO-set3-008-YSH-Dull-purple-18-M,989.0,8,0,7912.0,186,https://cavaathleisure.com/products/mauve-tank-us-later-top
2026-09-23,Cava Athleisure,Mauve Tank Us Later Top,L,TP-GEO-set3-008-YSH-Dull-purple-18-L,989.0,5,0,4945.0,166,https://cavaathleisure.com/products/mauve-tank-us-later-top
2026-09-23,Cava Athleisure,Mauve Tank Us Later Top,XL,TP-GEO-set3-008-YSH-Dull-purple-18-XL,989.0,1,0,989.0,47,https://cavaathleisure.com/products/mauve-tank-us-later-top
2026-09-23,Cava Athleisure,Black Sculptor Jacket,XS,TP-Reely-set5-jkt-Jet-Black-XS,1264.0,48,0,60672.0,1,https://cavaathleisure.com/products/black-sculptor-jacket
2026-09-23,Cava Athleisure,Black Sculptor Jacket,S,TP-Reely-set5-jkt-Jet-Black-S,1264.0,148,0,187072.0,141,https://cavaathleisure.com/products/black-sculptor-jacket
2026-09-23,Cava Athleisure,Black Sculptor Jacket,M,TP-Reely-set5-jkt-Jet-Black-M,1264.0,177,0,223728.0,0,https://cavaathleisure.com/products/black-sculptor-jacket
2026-09-23,Cava Athleisure,Black Sculptor Jacket,L,TP-Reely-set5-jkt-Jet-Black-L,1264.0,25,0,31600.0,0,https://cavaathleisure.com/products/black-sculptor-jacket
2026-09-23,Cava Athleisure,Black Sculptor Jacket,XL,TP-Reely-set5-jkt-Jet-Black-XL,1264.0,24,0,30336.0,0,https://cavaathleisure.com/products/black-sculptor-jacket
2026-09-23,Cava Athleisure,Black Tank Us Later Top,XS,TP-GEO-set3-008-YSH-Black-02-XS,989.0,6,0,5934.0,33,https://cavaathleisure.com/products/black-tank-us-later-top
2026-09-23,Cava Athleisure,Black Tank Us Later Top,S,TP-GEO-set3-008-YSH-Black-02-S,989.0,29,0,28681.0,3,https://cavaathleisure.com/products/black-tank-us-later-top
2026-09-23,Cava Athleisure,Black Tank Us Later Top,M,TP-GEO-set3-008-YSH-Black-02-M,989.0,29,0,28681.0,0,https://cavaathleisure.com/products/black-tank-us-later-top
2026-09-23,Cava Athleisure,Black Tank Us Later Top,L,TP-GEO-set3-008-YSH-Black-02-L,989.0,16,0,15824.0,19,https://cavaathleisure.com/products/black-tank-us-later-top
2026-09-23,Cava Athleisure,Black Tank Us Later Top,XL,TP-GEO-set3-008-YSH-Black-02-XL,989.0,5,0,4945.0,87,https://cavaathleisure.com/products/black-tank-us-later-top
2026-09-23,Cava Athleisure,Ivory Swirl Tennis Skorts,XXS,WSKSET445WHXXS,1099.0,3,0,3297.0,12,https://cavaathleisure.com/products/ivory-swirl-tennis-skorts
2026-09-23,Cava Athleisure,Ivory Swirl Tennis Skorts,XS,BTM-Reely-set4-skirt-Blanc-de-Blanc-XS,1099.0,8,0,8792.0,28,https://cavaathleisure.com/products/ivory-swirl-tennis-skorts
2026-09-23,Cava Athleisure,Ivory Swirl Tennis Skorts,S,BTM-Reely-set4-skirt-Blanc-de-Blanc-S,1099.0,1,0,1099.0,0,https://cavaathleisure.com/products/ivory-swirl-tennis-skorts
2026-09-23,Cava Athleisure,Ivory Swirl Tennis Skorts,S,WSKSET4L45WHS,1099.0,15,0,16485.0,93,https://cavaathleisure.com/products/ivory-swirl-tennis-skorts
2026-09-23,Cava Athleisure,Ivory Swirl Tennis Skorts,M,BTM-Reely-set4-skirt-Blanc-de-Blanc-M,1099.0,9,0,9891.0,0,https://cavaathleisure.com/products/ivory-swirl-tennis-skorts
2026-09-23,Cava Athleisure,Ivory Swirl Tennis Skorts,M,WSKSET4L45WHM,1099.0,6,0,6594.0,133,https://cavaathleisure.com/products/ivory-swirl-tennis-skorts
2026-09-23,Cava Athleisure,Ivory Swirl Tennis Skorts,L,WSKSET4L45WHL,1099.0,12,0,13188.0,43,https://cavaathleisure.com/products/ivory-swirl-tennis-skorts
2026-09-23,Cava Athleisure,Ivory Swirl Tennis Skorts,XL,BTM-Reely-set4-skirt-Blanc-de-Blanc-XL,1099.0,3,0,3297.0,8,https://cavaathleisure.com/products/ivory-swirl-tennis-skorts
2026-09-23,Cava Athleisure,Ivory Swirl Tennis Skorts,XL,WSKSET4L45WHXL,1099.0,4,0,4396.0,4,https://cavaathleisure.com/products/ivory-swirl-tennis-skorts
2026-09-23,Cava Athleisure,Ivory Swirl Tennis Skorts,XXL,BTM-Reely-set4-skirt-Blanc-de-Blanc-XXL,1099.0,1,0,1099.0,25,https://cavaathleisure.com/products/ivory-swirl-tennis-skorts
2026-09-23,Cava Athleisure,Ivory Swirl Tennis Skorts,XXL,WSKSET4L45WHXXL,1099.0,1,0,1099.0,13,https://cavaathleisure.com/products/ivory-swirl-tennis-skorts
2026-09-23,Cava Athleisure,Ivory Swirl Tennis Skorts,XXXL,WSKSET4L45WHXXL,1099.0,1,0,1099.0,13,https://cavaathleisure.com/products/ivory-swirl-tennis-skorts
2026-09-23,Cava Athleisure,Black Swirl Tennis Skorts,XS,BTM-Reely-set4-skirt-Jet-Black-XS,1099.0,14,0,15386.0,500,https://cavaathleisure.com/products/black-swirl-tennis-skorts
2026-09-23,Cava Athleisure,Black Swirl Tennis Skorts,XS,WSKSET4L45BKXS,1099.0,4,0,4396.0,61,https://cavaathleisure.com/products/black-swirl-tennis-skorts
2026-09-23,Cava Athleisure,Black Swirl Tennis Skorts,S,BTM-Reely-set4-skirt-Jet-Black-S,1099.0,28,0,30772.0,13,https://cavaathleisure.com/products/black-swirl-tennis-skorts
2026-09-23,Cava Athleisure,Black Swirl Tennis Skorts,S,WSKSET4L45BKS,1099.0,12,0,13188.0,299,https://cavaathleisure.com/products/black-swirl-tennis-skorts
2026-09-23,Cava Athleisure,Black Swirl Tennis Skorts,M,WSKSET4L45BKM,1099.0,30,0,32970.0,295,https://cavaathleisure.com/products/black-swirl-tennis-skorts
2026-09-23,Cava Athleisure,Black Swirl Tennis Skorts,L,BTM-Reely-set4-skirt-Jet-Black-L,1099.0,1,0,1099.0,0,https://cavaathleisure.com/products/black-swirl-tennis-skorts
2026-09-23,Cava Athleisure,Black Swirl Tennis Skorts,L,WSKSET4L45BKL,1099.0,42,0,46158.0,143,https://cavaathleisure.com/products/black-swirl-tennis-skorts
2026-09-23,Cava Athleisure,Black Swirl Tennis Skorts,XL,BTM-Reely-set4-skirt-Jet-Black-XL,1099.0,0,94,0.0,94,https://cavaathleisure.com/products/black-swirl-tennis-skorts
2026-09-23,Cava Athleisure,Black Swirl Tennis Skorts,XL,WSKSET4L45BKXL,1099.0,17,0,18683.0,31,https://cavaathleisure.com/products/black-swirl-tennis-skorts
2026-09-23,Cava Athleisure,Black Swirl Tennis Skorts,XXL,BTM-Reely-set4-skirt-Jet-Black-XXL,1099.0,1,0,1099.0,5,https://cavaathleisure.com/products/black-swirl-tennis-skorts
2026-09-23,Cava Athleisure,Black Swirl Tennis Skorts,XXL,WSKSET4L45BKXXL,1099.0,3,0,3297.0,39,https://cavaathleisure.com/products/black-swirl-tennis-skorts
2026-09-23,Cava Athleisure,Black Swirl Tennis Skorts,XXXL,WSKSET4L45BKXXXL,1099.0,5,0,5495.0,3,https://cavaathleisure.com/products/black-swirl-tennis-skorts
2026-09-23,Cava Athleisure,Slate Blue Seamless Cinched Activewear Set,M,TP/BTM-UD-Light-blue-M/M,1649.0,2,0,3298.0,195,https://cavaathleisure.com/products/slate-blue-seamless-cinched-activewear-set
2026-09-23,Cava Athleisure,Raven Black Seamless Cinched Activewear set,M,TP/BTM-UD-Jet-Black-M/S,1649.0,1,0,1649.0,398,https://cavaathleisure.com/products/raven-black-seamless-cinched-activewear-set
2026-09-23,Cava Athleisure,Auburn Contoured Seamless Sports Bra,XS,TP-UD-Wine-red-XS,659.0,4,0,2636.0,108,https://cavaathleisure.com/products/auburn-contoured-seamless-sports-bra
2026-09-23,Cava Athleisure,Auburn Contoured Seamless Sports Bra,S,TP-UD-Wine red-S,659.0,10,0,6590.0,321,https://cavaathleisure.com/products/auburn-contoured-seamless-sports-bra
2026-09-23,Cava Athleisure,Auburn Contoured Seamless Sports Bra,M,TP-UD-Wine red-M,659.0,13,0,8567.0,127,https://cavaathleisure.com/products/auburn-contoured-seamless-sports-bra
2026-09-23,Cava Athleisure,Auburn Contoured Seamless Sports Bra,L,TP-UD-Wine red-L,659.0,13,0,8567.0,95,https://cavaathleisure.com/products/auburn-contoured-seamless-sports-bra
2026-09-23,Cava Athleisure,Auburn Contoured Seamless Sports Bra,XL,TP-UD-Wine-red-XL,659.0,3,0,1977.0,73,https://cavaathleisure.com/products/auburn-contoured-seamless-sports-bra
2026-09-23,Cava Athleisure,Auburn Contoured Seamless Sports Bra,XXL,TP-UD-Wine-red-XXL,659.0,1,0,659.0,73,https://cavaathleisure.com/products/auburn-contoured-seamless-sports-bra
2026-09-23,Cava Athleisure,Slate Blue Seamless Cinched Leggings,XS,BTM-UD-Light-blue-XS,934.0,1,0,934.0,86,https://cavaathleisure.com/products/slate-blue-seamless-cinched-leggings
2026-09-23,Cava Athleisure,Slate Blue Seamless Cinched Leggings,S,BTM-UD-Light-blue-S,934.0,8,0,7472.0,631,https://cavaathleisure.com/products/slate-blue-seamless-cinched-leggings
2026-09-23,Cava Athleisure,Slate Blue Seamless Cinched Leggings,M,BTM-UD-Light-blue-M,934.0,20,0,18680.0,308,https://cavaathleisure.com/products/slate-blue-seamless-cinched-leggings
2026-09-23,Cava Athleisure,Slate Blue Seamless Cinched Leggings,L,BTM-UD-Light-blue-L,934.0,6,0,5604.0,121,https://cavaathleisure.com/products/slate-blue-seamless-cinched-leggings
2026-09-23,Cava Athleisure,Slate Blue Seamless Cinched Leggings,XL,BTM-UD-Light-Blue-XL,934.0,7,0,6538.0,109,https://cavaathleisure.com/products/slate-blue-seamless-cinched-leggings
2026-09-23,Cava Athleisure,Slate Blue Seamless Cinched Leggings,XXL,BTM-UD-Light-blue-XXL,934.0,1,0,934.0,55,https://cavaathleisure.com/products/slate-blue-seamless-cinched-leggings
2026-09-23,Cava Athleisure,Raven Black Seamless Cinched Leggings,XS,BTM-UD-Jet-Black-XS,934.0,7,0,6538.0,367,https://cavaathleisure.com/products/raven-black-seamless-cinched-leggings
2026-09-23,Cava Athleisure,Raven Black Seamless Cinched Leggings,S,BTM-UD-Jet-Black-S,934.0,19,0,17746.0,689,https://cavaathleisure.com/products/raven-black-seamless-cinched-leggings
2026-09-23,Cava Athleisure,Raven Black Seamless Cinched Leggings,M,BTM-UD-Jet-Black-M,934.0,45,0,42030.0,530,https://cavaathleisure.com/products/raven-black-seamless-cinched-leggings
2026-09-23,Cava Athleisure,Raven Black Seamless Cinched Leggings,L,BTM-UD-Jet-Black-L,934.0,28,0,26152.0,660,https://cavaathleisure.com/products/raven-black-seamless-cinched-leggings
2026-09-23,Cava Athleisure,Raven Black Seamless Cinched Leggings,XL,BTM-UD-Jet-Black-XL,934.0,12,0,11208.0,517,https://cavaathleisure.com/products/raven-black-seamless-cinched-leggings
2026-09-23,Cava Athleisure,Raven Black Seamless Cinched Leggings,XXL,BTM-UD-Jet-Black-XXL,934.0,8,0,7472.0,370,https://cavaathleisure.com/products/raven-black-seamless-cinched-leggings
2026-09-23,Cava Athleisure,Auburn Seamless Cinched Leggings,XS,BTM-UD-wine-red-XS,934.0,4,0,3736.0,156,https://cavaathleisure.com/products/auburn-seamless-cinched-leggings
2026-09-23,Cava Athleisure,Auburn Seamless Cinched Leggings,S,BTM-UD-Wine red-S,934.0,7,0,6538.0,825,https://cavaathleisure.com/products/auburn-seamless-cinched-leggings
2026-09-23,Cava Athleisure,Auburn Seamless Cinched Leggings,M,BTM-UD-Wine red-M,934.0,14,0,13076.0,636,https://cavaathleisure.com/products/auburn-seamless-cinched-leggings
2026-09-23,Cava Athleisure,Auburn Seamless Cinched Leggings,L,BTM-UD-Wine red-L,934.0,14,0,13076.0,435,https://cavaathleisure.com/products/auburn-seamless-cinched-leggings
2026-09-23,Cava Athleisure,Auburn Seamless Cinched Leggings,XL,BTM-UD-wine-red-XL,934.0,10,0,9340.0,151,https://cavaathleisure.com/products/auburn-seamless-cinched-leggings
2026-09-23,Cava Athleisure,Auburn Seamless Cinched Leggings,XXL,BTM-UD-Wine-red-XXL,934.0,3,0,2802.0,107,https://cavaathleisure.com/products/auburn-seamless-cinched-leggings
2026-09-23,Cava Athleisure,Slate Blue Contoured Seamless Sports Bra,XS,TP-UD-Light-blue-XS,659.0,3,0,1977.0,72,https://cavaathleisure.com/products/slate-blue-contoured-seamless-sports-bra
2026-09-23,Cava Athleisure,Slate Blue Contoured Seamless Sports Bra,S,TP-UD-Light blue-S,659.0,14,0,9226.0,203,https://cavaathleisure.com/products/slate-blue-contoured-seamless-sports-bra
2026-09-23,Cava Athleisure,Slate Blue Contoured Seamless Sports Bra,M,TP-UD-Light blue-M,659.0,9,0,5931.0,229,https://cavaathleisure.com/products/slate-blue-contoured-seamless-sports-bra
2026-09-23,Cava Athleisure,Slate Blue Contoured Seamless Sports Bra,L,TP-UD-Light blue-L,659.0,7,0,4613.0,166,https://cavaathleisure.com/products/slate-blue-contoured-seamless-sports-bra
2026-09-23,Cava Athleisure,Raven Black Contoured Seamless Sports Bra,XS,TP-UD-Jet-Black-XS,659.0,4,0,2636.0,169,https://cavaathleisure.com/products/raven-black-contoured-seamless-sports-bra
2026-09-23,Cava Athleisure,Raven Black Contoured Seamless Sports Bra,S,TP-UD-Jet Black-S,659.0,32,0,21088.0,662,https://cavaathleisure.com/products/raven-black-contoured-seamless-sports-bra
2026-09-23,Cava Athleisure,Raven Black Contoured Seamless Sports Bra,M,TP-UD-Jet Black-M,659.0,42,0,27678.0,455,https://cavaathleisure.com/products/raven-black-contoured-seamless-sports-bra
2026-09-23,Cava Athleisure,Raven Black Contoured Seamless Sports Bra,L,TP-UD-Jet Black-L,659.0,22,0,14498.0,433,https://cavaathleisure.com/products/raven-black-contoured-seamless-sports-bra
2026-09-23,Cava Athleisure,Raven Black Contoured Seamless Sports Bra,XL,TP-UD-Jet-Black-XL,659.0,11,0,7249.0,215,https://cavaathleisure.com/products/raven-black-contoured-seamless-sports-bra
2026-09-23,Cava Athleisure,Raven Black Contoured Seamless Sports Bra,XXL,TP-UD-Jet-Black-XXL,659.0,3,0,1977.0,130,https://cavaathleisure.com/products/raven-black-contoured-seamless-sports-bra
2026-09-23,Cava Athleisure,Black Chase Rapid Dry Shorts,XS,MNSOT706-Volar-16-Blk-XS,1099.0,1,0,1099.0,23,https://cavaathleisure.com/products/black-chase-rapid-dry-shorts
2026-09-23,Cava Athleisure,Moscow Blue Cava Essential Sweatshirt,S,TP536-Vamos-87-MoscowBlue-S,989.0,2,0,1978.0,469,https://cavaathleisure.com/products/moscow-blue-cava-essential-sweatshirt
2026-09-23,Cava Athleisure,Moscow Blue Cava Essential Sweatshirt,M,TP536-Vamos-87-MoscowBlue-M,989.0,3,0,2967.0,555,https://cavaathleisure.com/products/moscow-blue-cava-essential-sweatshirt
2026-09-23,Cava Athleisure,Moscow Blue Cava Essential Sweatshirt,L,TP536-Vamos-87-MoscowBlue-L,989.0,2,0,1978.0,451,https://cavaathleisure.com/products/moscow-blue-cava-essential-sweatshirt
2026-09-23,Cava Athleisure,Moscow Blue Cava Essential Sweatshirt,XL,TP536-Vamos-87-MoscowBlue-XL,989.0,2,0,1978.0,244,https://cavaathleisure.com/products/moscow-blue-cava-essential-sweatshirt
2026-09-23,Cava Athleisure,Moscow Blue Cava Essential Sweatshirt,XXL,TP536-Vamos-87-MoscowBlue-XXL,989.0,1,0,989.0,188,https://cavaathleisure.com/products/moscow-blue-cava-essential-sweatshirt
2026-09-23,Cava Athleisure,Arctic White Straight Leg Slit Joggers,XS,JR534-Vamos-75-ArticWhite-XS,1264.0,1,0,1264.0,0,https://cavaathleisure.com/products/arctic-white-straight-leg-slit-joggers-1
2026-09-23,Cava Athleisure,Arctic White Straight Leg Slit Joggers,S,JR534-Vamos-75-ArticWhite-S,1264.0,1,0,1264.0,0,https://cavaathleisure.com/products/arctic-white-straight-leg-slit-joggers-1
2026-09-23,Cava Athleisure,Arctic White Straight Leg Slit Joggers,M,JR534-Vamos-75-ArticWhite-M,1264.0,1,0,1264.0,25,https://cavaathleisure.com/products/arctic-white-straight-leg-slit-joggers-1
2026-09-23,Cava Athleisure,Boston Black Cava Essential Sweatshirt,M,TP536-Vamos-88-BostonBlack-M,989.0,3,0,2967.0,52,https://cavaathleisure.com/products/boston-black-cava-essential-sweatshirt-1
2026-09-23,Cava Athleisure,Boston Black Cava Essential Sweatshirt,L,TP536-Vamos-88-BostonBlack-L,989.0,1,0,989.0,0,https://cavaathleisure.com/products/boston-black-cava-essential-sweatshirt-1
2026-09-23,Cava Athleisure,Boston Black Cava Essential Sweatshirt,XL,TP536-Vamos-88-BostonBlack-XL,989.0,3,0,2967.0,12,https://cavaathleisure.com/products/boston-black-cava-essential-sweatshirt-1
2026-09-23,Cava Athleisure,Boston Black Straight Leg Slit Joggers,M,JR534-Vamos-78-BostonBlack-M,1264.0,3,0,3792.0,13,https://cavaathleisure.com/products/boston-black-straight-leg-slit-joggers
2026-09-23,Musclemind,Seamless Compression Half Sleeve T-shirt,S,8906189275968.0,2599.0,1,0,2599.0,60,https://musclemind.com/products/seamless-compression-half-sleeve-t-shirt
2026-09-23,Musclemind,Seamless Compression Half Sleeve T-shirt,M,8906189275975.0,2599.0,2,0,5198.0,97,https://musclemind.com/products/seamless-compression-half-sleeve-t-shirt
2026-09-23,Musclemind,Seamless Compression Half Sleeve T-shirt,L,8906189275982.0,2599.0,3,0,7797.0,95,https://musclemind.com/products/seamless-compression-half-sleeve-t-shirt
2026-09-23,Musclemind,Seamless Compression Half Sleeve T-shirt,XL,8906189275999.0,2599.0,1,0,2599.0,91,https://musclemind.com/products/seamless-compression-half-sleeve-t-shirt
2026-09-23,Musclemind,Womens Seamless Leggings + Womens Seamless Slim fit T-shirt (Teal),S,,2599.0,1,0,2599.0,99,https://musclemind.com/products/womens-seamless-leggings-womens-seamless-slim-fit-t-shirt-teal
2026-09-23,Musclemind,Armouron Muscle Enhance Compression T-shirt,L,8906189275906.0,2499.0,0,1,0.0,1,https://musclemind.com/products/armouron-muscle-enhance-compression-t-shirt-2
2026-09-23,Musclemind,Armouron Muscle Enhance Compression T-shirt,XL,8906189275913.0,2499.0,0,1,0.0,1,https://musclemind.com/products/armouron-muscle-enhance-compression-t-shirt-2
2026-09-23,Musclemind,Armouron Muscle Enhance Compression T-shirt,M,8906189275937.0,2499.0,0,1,0.0,1,https://musclemind.com/products/armouron-muscle-enhance-compression-t-shirt-1
2026-09-23,Musclemind,Armouron Muscle Enhance Compression T-shirt,M,8906189275852.0,2499.0,0,1,0.0,1,https://musclemind.com/products/armouron-muscle-enhance-compression-t-shirt
2026-09-23,Musclemind,Armouron Muscle Enhance Compression T-shirt,L,8906189275869.0,2499.0,1,0,2499.0,0,https://musclemind.com/products/armouron-muscle-enhance-compression-t-shirt
2026-09-23,Musclemind,Armouron Muscle Enhance Compression T-shirt,XL,8906189275876.0,2499.0,0,1,0.0,1,https://musclemind.com/products/armouron-muscle-enhance-compression-t-shirt
2026-09-23,Musclemind,Armouron Superhero Compression T-shirt,M,8906189275814.0,2499.0,0,1,0.0,114,https://musclemind.com/products/superhero-compression-t-shirt
2026-09-23,Musclemind,Womens Seamless Slim fit T-shirt,S,8906189274367.0,1299.0,1,0,1299.0,103,https://musclemind.com/products/womens-seamless-slim-fit-t-shirt-teal
2026-09-23,Musclemind,Womens Seamless Leggings,S,8906189273919.0,2199.0,1,0,2199.0,99,https://musclemind.com/products/womens-seamless-leggings-teal
2026-09-23,Musclemind,Seamless Compression Half Sleeve T-shirt,M,8906189270338.0,2599.0,1,0,2599.0,67,https://musclemind.com/products/seamless-compression-half-sleeve-t-shirt-off-white
2026-09-23,Musclemind,Seamless Compression Half Sleeve T-shirt,L,8906189270345.0,2599.0,1,0,2599.0,21,https://musclemind.com/products/seamless-compression-half-sleeve-t-shirt-off-white
2026-09-23,Kosher Casual,Crop Top Sleeveless Tank Top with Full Shoulder Coverage Modest Neckline,XX-Large,1621-AXXL-BK,21.9,1,0,21.9,0,http://koshercasual.com/products/modest-neck-cropped-layering-shell-cotton-spandex-sleeveless-tank
2026-09-23,Kosher Casual,Crop Top Sleeveless Tank Top with Full Shoulder Coverage Modest Neckline,Small,1621-AS-OF,21.9,1,0,21.9,1,http://koshercasual.com/products/modest-neck-cropped-layering-shell-cotton-spandex-sleeveless-tank
2026-09-23,Kosher Casual,Modest Swim and Sports Midi Skirt with Attached Leggings - UPF 50 Protection,Large,1440-AL-BK,44.9,1,0,44.9,3,http://koshercasual.com/products/modest-swim-and-sports-midi-skirt-with-attached-leggings-upf-50-protection
2026-09-23,Kosher Casual,Modest Knee-Length Tapered Stretch Cotton Spandex Pencil Skirt,Large,1919-AL-BK,31.9,1,0,31.9,0,http://koshercasual.com/products/modest-knee-length-tapered-stretch-cotton-spandex-pencil-skirt
2026-09-23,Kosher Casual,Modest Knee-Length Tapered Stretch Cotton Spandex Pencil Skirt,Large,1919-AL-WLT,31.9,1,0,31.9,3,http://koshercasual.com/products/modest-knee-length-tapered-stretch-cotton-spandex-pencil-skirt
2026-09-23,Kosher Casual,Fitted Layering Shell - Modest Round Neck with Elbow Sleeves,Medium,1245-AM-BK,23.9,1,0,23.9,0,http://koshercasual.com/products/fitted-layering-shell-modest-round-neck-with-elbow-sleeves
2026-09-23,Kosher Casual,Modest Crew Neck Layering Shell - Long Sleeve Comfort Layer,X-Large,1259-AXL-W,23.9,1,0,23.9,27,http://koshercasual.com/products/womens-shell-top-long-sleeve
2026-09-23,Kosher Casual,Women's Stretch Maxi Pencil Skirt - Cotton Blend and No Slits,Large,1474-AL-W,35.9,1,0,35.9,5,http://koshercasual.com/products/womens-maxi-maxi-pencil-skirt-stretch-cotton-blend-and-no-slits
2026-09-23,Kosher Casual,Women's Stretch Maxi Pencil Skirt - Cotton Blend and No Slits,Medium,1474-AM-DN,35.9,1,0,35.9,0,http://koshercasual.com/products/womens-maxi-maxi-pencil-skirt-stretch-cotton-blend-and-no-slits
2026-09-23,Kosher Casual,Women's Stretch Maxi Pencil Skirt - Cotton Blend and No Slits,X-Large,1474-AXL-DN,35.9,1,0,35.9,0,http://koshercasual.com/products/womens-maxi-maxi-pencil-skirt-stretch-cotton-blend-and-no-slits
2026-09-23,Kosher Casual,Women's Stretch Maxi Pencil Skirt - Cotton Blend and No Slits,Large,1474-AL-DCH,35.9,1,0,35.9,0,http://koshercasual.com/products/womens-maxi-maxi-pencil-skirt-stretch-cotton-blend-and-no-slits
2026-09-23,Kosher Casual,Plus Size Women's Stretch Maxi Pencil Skirt - Cotton Blend and No Slits,20,1474-20-BK,39.9,1,0,39.9,8,http://koshercasual.com/products/plus-size-womens-stretch-maxi-pencil-skirt-cotton-blend-and-no-slits
2026-09-23,Kosher Casual,Plus Size Women's Stretch Maxi Pencil Skirt - Cotton Blend and No Slits,22,1474-22-BK,39.9,2,0,79.8,40,http://koshercasual.com/products/plus-size-womens-stretch-maxi-pencil-skirt-cotton-blend-and-no-slits
2026-09-23,Kosher Casual,Sleevies 3/4 Sleeve Extenders,Small,1614-S-BK,11.9,1,0,11.9,0,http://koshercasual.com/products/sleevies-sleeve-extenders
2026-09-23,Kosher Casual,Hippies Waist Coverage Band - Seamless Layering Solution for Style & Comfort,Small/Medium,1626-AS/AM-N,14.9,2,0,29.8,1,http://koshercasual.com/products/hippies-waist-coverage-band-seamless-layering-solution-for-style-comfort
2026-09-23,Kosher Casual,Hippies Waist Coverage Band - Seamless Layering Solution for Style & Comfort,Small/Medium,1626-AS/AM-DB,14.9,1,0,14.9,0,http://koshercasual.com/products/hippies-waist-coverage-band-seamless-layering-solution-for-style-comfort
2026-09-23,Kosher Casual,Modest Layering Dress with 3/4 Sleeves and No Slits,XX-Large,1629-AXXL-G,34.9,1,0,34.9,2,http://koshercasual.com/products/modest-layering-dress-with-3-4-sleeves-and-no-slits
2026-09-23,Kosher Casual,Modest Layering Dress with 3/4 Sleeves and No Slits,XX-Large,1629-AXXL-W,34.9,1,0,34.9,0,http://koshercasual.com/products/modest-layering-dress-with-3-4-sleeves-and-no-slits
2026-09-23,Kosher Casual,Popular Wide-Ribbed Handkerchief Hem Tunic with 3/4 Sleeves,XX-Large,1208-AXXL-BK,33.52,1,0,33.52,0,http://koshercasual.com/products/popular-wide-ribbed-handkerchief-hem-tunic-with-3-4-sleeves
