date,store_name,product_name,size,sku,price,units_sold,units_restocked,estimated_revenue,stock_remaining_today,product_url
2026-09-22,Cava Athleisure,Ivory Everywear Leisure Tee,S,MTS1422WHS,699.0,2,0,1398.0,97,https://cavaathleisure.com/products/ivory-everywear-leisure-tee
2026-09-22,Cava Athleisure,Ivory Everywear Leisure Tee,M,MTS1422WHM,699.0,1,0,699.0,147,https://cavaathleisure.com/products/ivory-everywear-leisure-tee
2026-09-22,Cava Athleisure,Ivory Everywear Leisure Tee,XL,MTS1422WHXL,699.0,1,0,699.0,48,https://cavaathleisure.com/products/ivory-everywear-leisure-tee
2026-09-22,Cava Athleisure,Ivory Cotton Leisure Shorts,M,MSH1622WHM,799.0,0,1,0.0,167,https://cavaathleisure.com/products/ivory-cotton-leisure-shorts
2026-09-22,Cava Athleisure,Cherry ADPT™ Wrap Top,XS,WTP10245CRDXS,1299.0,2,0,2598.0,42,https://cavaathleisure.com/products/cherry-adpt-wrap-top
2026-09-22,Cava Athleisure,Cherry ADPT™ Wrap Top,S,WTP10245CRDS,1299.0,3,0,3897.0,142,https://cavaathleisure.com/products/cherry-adpt-wrap-top
2026-09-22,Cava Athleisure,Cherry ADPT™ Wrap Top,M,WTP10245CRDM,1299.0,3,0,3897.0,119,https://cavaathleisure.com/products/cherry-adpt-wrap-top
2026-09-22,Cava Athleisure,Cherry ADPT™ Wrap Top,L,WTP10245CRDL,1299.0,3,0,3897.0,98,https://cavaathleisure.com/products/cherry-adpt-wrap-top
2026-09-22,Cava Athleisure,Cherry ADPT™ Wrap Top,XXL,WTP10245CRDXXL,1299.0,2,0,2598.0,22,https://cavaathleisure.com/products/cherry-adpt-wrap-top
2026-09-22,Cava Athleisure,Grey Melange Cotton Leisure Shorts,S,MSH1622GMLS,799.0,1,0,799.0,62,https://cavaathleisure.com/products/grey-melange-cotton-leisure-shorts
2026-09-22,Cava Athleisure,Plum Cotton Flared Leggings,XS,WFP6221PUXS,1599.0,1,0,1599.0,43,https://cavaathleisure.com/products/plum-cotton-flared-leggings
2026-09-22,Cava Athleisure,Plum Cotton Flared Leggings,S,WFP6221PUS,1599.0,4,0,6396.0,86,https://cavaathleisure.com/products/plum-cotton-flared-leggings
2026-09-22,Cava Athleisure,Plum Cotton Flared Leggings,M,WFP6221PUM,1599.0,3,0,4797.0,76,https://cavaathleisure.com/products/plum-cotton-flared-leggings
2026-09-22,Cava Athleisure,Plum Cotton Flared Leggings,L,WFP6221PUL,1599.0,5,0,7995.0,91,https://cavaathleisure.com/products/plum-cotton-flared-leggings
2026-09-22,Cava Athleisure,Plum Cotton Flared Leggings,XL,WFP6221PUXL,1599.0,3,0,4797.0,54,https://cavaathleisure.com/products/plum-cotton-flared-leggings
2026-09-22,Cava Athleisure,Navy Cotton Flared Leggings,XS,WFP6221NYXS,1599.0,2,0,3198.0,41,https://cavaathleisure.com/products/navy-cotton-flared-leggings
2026-09-22,Cava Athleisure,Navy Cotton Flared Leggings,S,WFP6221NYS,1599.0,3,0,4797.0,101,https://cavaathleisure.com/products/navy-cotton-flared-leggings
2026-09-22,Cava Athleisure,Navy Cotton Flared Leggings,M,WFP6221NYM,1599.0,5,0,7995.0,123,https://cavaathleisure.com/products/navy-cotton-flared-leggings
2026-09-22,Cava Athleisure,Navy Cotton Flared Leggings,L,WFP6221NYL,1599.0,2,0,3198.0,100,https://cavaathleisure.com/products/navy-cotton-flared-leggings
2026-09-22,Cava Athleisure,Navy Cotton Flared Leggings,XL,WFP6221NYXL,1599.0,2,0,3198.0,59,https://cavaathleisure.com/products/navy-cotton-flared-leggings
2026-09-22,Cava Athleisure,Navy Cotton Flared Leggings,XXL,WFP6221NYXXL,1599.0,1,0,1599.0,28,https://cavaathleisure.com/products/navy-cotton-flared-leggings
2026-09-22,Cava Athleisure,Teal Contour Flared Leggings,XS,WFP3720GRXS,1399.0,2,0,2798.0,55,https://cavaathleisure.com/products/teal-contour-flared-leggings
2026-09-22,Cava Athleisure,Teal Contour Flared Leggings,S,WFP3720GRS,1399.0,4,0,5596.0,99,https://cavaathleisure.com/products/teal-contour-flared-leggings
2026-09-22,Cava Athleisure,Teal Contour Flared Leggings,M,WFP3720GRM,1399.0,9,0,12591.0,149,https://cavaathleisure.com/products/teal-contour-flared-leggings
2026-09-22,Cava Athleisure,Teal Contour Flared Leggings,L,WFP3720GRL,1399.0,6,0,8394.0,107,https://cavaathleisure.com/products/teal-contour-flared-leggings
2026-09-22,Cava Athleisure,Teal Contour Flared Leggings,XL,WFP3720GRXL,1399.0,2,0,2798.0,50,https://cavaathleisure.com/products/teal-contour-flared-leggings
2026-09-22,Cava Athleisure,Purple Contour Flared Leggings,XS,WFP3720PUXS,1399.0,2,0,2798.0,68,https://cavaathleisure.com/products/purple-contour-flared-leggings
2026-09-22,Cava Athleisure,Purple Contour Flared Leggings,S,WFP3720PUS,1399.0,4,0,5596.0,89,https://cavaathleisure.com/products/purple-contour-flared-leggings
2026-09-22,Cava Athleisure,Purple Contour Flared Leggings,M,WFP3720PUM,1399.0,8,0,11192.0,154,https://cavaathleisure.com/products/purple-contour-flared-leggings
2026-09-22,Cava Athleisure,Purple Contour Flared Leggings,L,WFP3720PUL,1399.0,2,0,2798.0,116,https://cavaathleisure.com/products/purple-contour-flared-leggings
2026-09-22,Cava Athleisure,Purple Contour Flared Leggings,XL,WFP3720PUXL,1399.0,1,0,1399.0,50,https://cavaathleisure.com/products/purple-contour-flared-leggings
2026-09-22,Cava Athleisure,Purple Contour Flared Leggings,XXL,WFP3720PUXXL,1399.0,1,0,1399.0,36,https://cavaathleisure.com/products/purple-contour-flared-leggings
2026-09-22,Cava Athleisure,Ivory Studio Gym Bag,One size,WAC10923WHFREE,1699.0,5,0,8495.0,394,https://cavaathleisure.com/products/ivory-studio-gym-bag
2026-09-22,Cava Athleisure,Pink Studio Gym Bag,One size,WAC10923PNFREE,1699.0,3,0,5097.0,446,https://cavaathleisure.com/products/pink-studio-gym-bag
2026-09-22,Cava Athleisure,Blue Studio Gym Bag,One size,WAC10923BLFREE,1699.0,2,0,3398.0,453,https://cavaathleisure.com/products/blue-studio-gym-bag
2026-09-22,Cava Athleisure,Black Studio Gym Bag,One size,WAC10923BKFREE,1699.0,1,0,1699.0,443,https://cavaathleisure.com/products/black-studio-gym-bag
2026-09-22,Cava Athleisure,Black Polka Ruched Capri,XS,WLG13417BKXS,1899.0,0,32,0.0,32,https://cavaathleisure.com/products/black-polka-ruched-capri
2026-09-22,Cava Athleisure,Black Polka Ruched Capri,S,WLG13417BKS,1899.0,0,42,0.0,42,https://cavaathleisure.com/products/black-polka-ruched-capri
2026-09-22,Cava Athleisure,Black Polka Ruched Capri,M,WLG13417BKM,1899.0,0,43,0.0,43,https://cavaathleisure.com/products/black-polka-ruched-capri
2026-09-22,Cava Athleisure,Black Polka Ruched Capri,L,WLG13417BKL,1899.0,0,29,0.0,29,https://cavaathleisure.com/products/black-polka-ruched-capri
2026-09-22,Cava Athleisure,Black Polka Ruched Capri,XL,WLG13417BKXL,1899.0,0,36,0.0,37,https://cavaathleisure.com/products/black-polka-ruched-capri
2026-09-22,Cava Athleisure,Black Polka Ruched Capri,XXL,WLG13417BKXXL,1899.0,0,21,0.0,21,https://cavaathleisure.com/products/black-polka-ruched-capri
2026-09-22,Cava Athleisure,Ivory Lace Off-Shoulder Top,S,WTP16517WHS,1799.0,1,0,1799.0,0,https://cavaathleisure.com/products/ivory-lace-off-shoulder-top
2026-09-22,Cava Athleisure,Ivory Lace Off-Shoulder Top,L,WTP16517WHL,1799.0,0,1,0.0,1,https://cavaathleisure.com/products/ivory-lace-off-shoulder-top
2026-09-22,Cava Athleisure,Blush Lace Off-Shoulder Top,XS,WTP16517PNXS,1799.0,1,0,1799.0,0,https://cavaathleisure.com/products/blush-lace-off-shoulder-top
2026-09-22,Cava Athleisure,Blush Lace Off-Shoulder Top,S,WTP16517PNS,1799.0,2,0,3598.0,2,https://cavaathleisure.com/products/blush-lace-off-shoulder-top
2026-09-22,Cava Athleisure,Blush Lace Off-Shoulder Top,M,WTP16517PNM,1799.0,4,0,7196.0,19,https://cavaathleisure.com/products/blush-lace-off-shoulder-top
2026-09-22,Cava Athleisure,Blush Lace Off-Shoulder Top,L,WTP16517PNL,1799.0,3,0,5397.0,10,https://cavaathleisure.com/products/blush-lace-off-shoulder-top
2026-09-22,Cava Athleisure,Berry Ruched Capri,XS,WLG13417RDXS,1899.0,0,24,0.0,24,https://cavaathleisure.com/products/berry-ruched-capri
2026-09-22,Cava Athleisure,Berry Ruched Capri,S,WLG13417RDS,1899.0,0,84,0.0,84,https://cavaathleisure.com/products/berry-ruched-capri
2026-09-22,Cava Athleisure,Berry Ruched Capri,M,WLG13417RDM,1899.0,0,87,0.0,87,https://cavaathleisure.com/products/berry-ruched-capri
2026-09-22,Cava Athleisure,Berry Ruched Capri,L,WLG13417RDL,1899.0,0,40,0.0,40,https://cavaathleisure.com/products/berry-ruched-capri
2026-09-22,Cava Athleisure,Berry Ruched Capri,XL,WLG13417RDXL,1899.0,0,27,0.0,28,https://cavaathleisure.com/products/berry-ruched-capri
2026-09-22,Cava Athleisure,Berry Ruched Capri,XXL,WLG13417RDXXL,1899.0,0,15,0.0,18,https://cavaathleisure.com/products/berry-ruched-capri
2026-09-22,Cava Athleisure,Blue  Lace Off-Shoulder Top,S,WTP16517BLS,1799.0,3,0,5397.0,0,https://cavaathleisure.com/products/blue-lace-off-shoulder-top
2026-09-22,Cava Athleisure,Blue  Lace Off-Shoulder Top,M,WTP16517BLM,1799.0,2,0,3598.0,32,https://cavaathleisure.com/products/blue-lace-off-shoulder-top
2026-09-22,Cava Athleisure,Blue  Lace Off-Shoulder Top,L,WTP16517BLL,1799.0,2,0,3598.0,8,https://cavaathleisure.com/products/blue-lace-off-shoulder-top
2026-09-22,Cava Athleisure,Berry Lace Off-Shoulder Top,XS,WTP16517RDXS,1799.0,0,1,0.0,3,https://cavaathleisure.com/products/berry-lace-off-shoulder-top
2026-09-22,Cava Athleisure,Berry Lace Off-Shoulder Top,S,WTP16517RDS,1799.0,2,0,3598.0,24,https://cavaathleisure.com/products/berry-lace-off-shoulder-top
2026-09-22,Cava Athleisure,Berry Lace Off-Shoulder Top,M,WTP16517RDM,1799.0,1,0,1799.0,26,https://cavaathleisure.com/products/berry-lace-off-shoulder-top
2026-09-22,Cava Athleisure,Berry Lace Off-Shoulder Top,L,WTP16517RDL,1799.0,1,0,1799.0,18,https://cavaathleisure.com/products/berry-lace-off-shoulder-top
2026-09-22,Cava Athleisure,Berry Lace Off-Shoulder Top,XL,WTP16517RDXL,1799.0,1,0,1799.0,15,https://cavaathleisure.com/products/berry-lace-off-shoulder-top
2026-09-22,Cava Athleisure,Black Polka Lace Off-Shoulder Top,XL,WTP16517BKXL,1899.0,0,2,0.0,2,https://cavaathleisure.com/products/black-polka-lace-off-shoulder-top
2026-09-22,Cava Athleisure,Black Polka Lace Off-Shoulder Top,XXL,WTP16517BKXXL,1899.0,0,1,0.0,1,https://cavaathleisure.com/products/black-polka-lace-off-shoulder-top
2026-09-22,Cava Athleisure,Berry Ruched Snug Leggings,S,WLG9917RDS,1999.0,3,0,5997.0,95,https://cavaathleisure.com/products/berry-ruched-snug-leggings
2026-09-22,Cava Athleisure,Berry Ruched Snug Leggings,M,WLG9917RDM,1999.0,5,0,9995.0,227,https://cavaathleisure.com/products/berry-ruched-snug-leggings
2026-09-22,Cava Athleisure,Berry Ruched Snug Leggings,XL,WLG9917RDXL,1999.0,1,0,1999.0,72,https://cavaathleisure.com/products/berry-ruched-snug-leggings
2026-09-22,Cava Athleisure,Blush Ruched Snug Leggings,S,WLG9917PNS,1999.0,0,1,0.0,178,https://cavaathleisure.com/products/blush-ruched-snug-leggings
2026-09-22,Cava Athleisure,Blush Ruched Snug Leggings,M,WLG9917PNM,1999.0,2,0,3998.0,229,https://cavaathleisure.com/products/blush-ruched-snug-leggings
2026-09-22,Cava Athleisure,Blush Ruched Snug Leggings,L,WLG9917PNL,1999.0,0,2,0.0,149,https://cavaathleisure.com/products/blush-ruched-snug-leggings
2026-09-22,Cava Athleisure,Blush Ruched Snug Leggings,XL,WLG9917PNXL,1999.0,1,0,1999.0,78,https://cavaathleisure.com/products/blush-ruched-snug-leggings
2026-09-22,Cava Athleisure,Black Polka Ruched Snug Leggings,XS,WLG9917PBKXS,2099.0,2,0,4198.0,18,https://cavaathleisure.com/products/black-polka-ruched-snug-leggings
2026-09-22,Cava Athleisure,Black Polka Ruched Snug Leggings,S,WLG9917PBKS,2099.0,3,0,6297.0,60,https://cavaathleisure.com/products/black-polka-ruched-snug-leggings
2026-09-22,Cava Athleisure,Black Polka Ruched Snug Leggings,M,WLG9917PBKM,2099.0,0,1,0.0,3,https://cavaathleisure.com/products/black-polka-ruched-snug-leggings
2026-09-22,Cava Athleisure,Black Polka Ruched Snug Leggings,L,WLG9917PBKL,2099.0,1,0,2099.0,123,https://cavaathleisure.com/products/black-polka-ruched-snug-leggings
2026-09-22,Cava Athleisure,Black Polka Ruched Snug Leggings,XL,WLG9917PBKXL,2099.0,0,2,0.0,32,https://cavaathleisure.com/products/black-polka-ruched-snug-leggings
2026-09-22,Cava Athleisure,Black Polka Ruched Snug Leggings,XXL,WLG9917PBKXXL,2099.0,0,1,0.0,1,https://cavaathleisure.com/products/black-polka-ruched-snug-leggings
2026-09-22,Cava Athleisure,Berry Ruched Flared Leggings,XS,WFP98P17RDXS,2299.0,2,0,4598.0,81,https://cavaathleisure.com/products/berry-ruched-flared-leggings
2026-09-22,Cava Athleisure,Berry Ruched Flared Leggings,XS,WFP98T17RDXS,2299.0,0,1,0.0,64,https://cavaathleisure.com/products/berry-ruched-flared-leggings
2026-09-22,Cava Athleisure,Berry Ruched Flared Leggings,S,WFP98P17RDS,2299.0,5,0,11495.0,123,https://cavaathleisure.com/products/berry-ruched-flared-leggings
2026-09-22,Cava Athleisure,Berry Ruched Flared Leggings,S,WFP98T17RDS,2299.0,2,0,4598.0,262,https://cavaathleisure.com/products/berry-ruched-flared-leggings
2026-09-22,Cava Athleisure,Berry Ruched Flared Leggings,M,WFP98P17RDM,2299.0,3,0,6897.0,256,https://cavaathleisure.com/products/berry-ruched-flared-leggings
2026-09-22,Cava Athleisure,Berry Ruched Flared Leggings,L,WFP98P17RDL,2299.0,4,0,9196.0,172,https://cavaathleisure.com/products/berry-ruched-flared-leggings
2026-09-22,Cava Athleisure,Berry Ruched Flared Leggings,L,WFP98T17RDL,2299.0,1,0,2299.0,232,https://cavaathleisure.com/products/berry-ruched-flared-leggings
2026-09-22,Cava Athleisure,Berry Ruched Flared Leggings,XL,WFP98P17RDXL,2299.0,6,0,13794.0,91,https://cavaathleisure.com/products/berry-ruched-flared-leggings
2026-09-22,Cava Athleisure,Berry Ruched Flared Leggings,XXL,WFP98P17RDXXL,2299.0,1,0,2299.0,50,https://cavaathleisure.com/products/berry-ruched-flared-leggings
2026-09-22,Cava Athleisure,Blush Ruched Flared Leggings,XS,WFP98P17PNXS,2299.0,1,0,2299.0,73,https://cavaathleisure.com/products/blush-ruched-flared-leggings
2026-09-22,Cava Athleisure,Blush Ruched Flared Leggings,XS,WFP98T17PNXS,2299.0,1,0,2299.0,55,https://cavaathleisure.com/products/blush-ruched-flared-leggings
2026-09-22,Cava Athleisure,Blush Ruched Flared Leggings,S,WFP98P17PNS,2299.0,4,0,9196.0,160,https://cavaathleisure.com/products/blush-ruched-flared-leggings
2026-09-22,Cava Athleisure,Blush Ruched Flared Leggings,S,WFP98T17PNS,2299.0,2,0,4598.0,201,https://cavaathleisure.com/products/blush-ruched-flared-leggings
2026-09-22,Cava Athleisure,Blush Ruched Flared Leggings,S,WFP98EXT17PNS,2299.0,0,1,0.0,102,https://cavaathleisure.com/products/blush-ruched-flared-leggings
2026-09-22,Cava Athleisure,Blush Ruched Flared Leggings,M,WFP98P17PNM,2299.0,4,0,9196.0,168,https://cavaathleisure.com/products/blush-ruched-flared-leggings
2026-09-22,Cava Athleisure,Blush Ruched Flared Leggings,M,WFP98T17PNM,2299.0,2,0,4598.0,280,https://cavaathleisure.com/products/blush-ruched-flared-leggings
2026-09-22,Cava Athleisure,Blush Ruched Flared Leggings,M,WFP98EXT17PNM,2299.0,1,0,2299.0,139,https://cavaathleisure.com/products/blush-ruched-flared-leggings
2026-09-22,Cava Athleisure,Blush Ruched Flared Leggings,L,WFP98P17PNL,2299.0,3,0,6897.0,150,https://cavaathleisure.com/products/blush-ruched-flared-leggings
2026-09-22,Cava Athleisure,Blush Ruched Flared Leggings,L,WFP98T17PNL,2299.0,2,0,4598.0,205,https://cavaathleisure.com/products/blush-ruched-flared-leggings
2026-09-22,Cava Athleisure,Blush Ruched Flared Leggings,L,WFP98EXT17PNL,2299.0,3,0,6897.0,135,https://cavaathleisure.com/products/blush-ruched-flared-leggings
2026-09-22,Cava Athleisure,Blush Ruched Flared Leggings,XL,WFP98P17PNXL,2299.0,1,0,2299.0,93,https://cavaathleisure.com/products/blush-ruched-flared-leggings
2026-09-22,Cava Athleisure,Blush Ruched Flared Leggings,XXL,WFP98P17PNXXL,2299.0,1,0,2299.0,45,https://cavaathleisure.com/products/blush-ruched-flared-leggings
2026-09-22,Cava Athleisure,Blue Ruched Flared Leggings,XS,WFP98P17BLXS,2299.0,1,0,2299.0,75,https://cavaathleisure.com/products/blue-ruched-flared-leggings
2026-09-22,Cava Athleisure,Blue Ruched Flared Leggings,XS,WFP98T17BLXS,2299.0,1,0,2299.0,58,https://cavaathleisure.com/products/blue-ruched-flared-leggings
2026-09-22,Cava Athleisure,Blue Ruched Flared Leggings,S,WFP98P17BLS,2299.0,1,0,2299.0,187,https://cavaathleisure.com/products/blue-ruched-flared-leggings
2026-09-22,Cava Athleisure,Blue Ruched Flared Leggings,M,WFP98P17BLM,2299.0,4,0,9196.0,169,https://cavaathleisure.com/products/blue-ruched-flared-leggings
2026-09-22,Cava Athleisure,Blue Ruched Flared Leggings,M,WFP98T17BLM,2299.0,3,0,6897.0,267,https://cavaathleisure.com/products/blue-ruched-flared-leggings
2026-09-22,Cava Athleisure,Blue Ruched Flared Leggings,L,WFP98P17BLL,2299.0,3,0,6897.0,148,https://cavaathleisure.com/products/blue-ruched-flared-leggings
2026-09-22,Cava Athleisure,Blue Ruched Flared Leggings,L,WFP98T17BLL,2299.0,1,0,2299.0,212,https://cavaathleisure.com/products/blue-ruched-flared-leggings
2026-09-22,Cava Athleisure,Blue Ruched Flared Leggings,XL,WFP98P17BLXL,2299.0,0,1,0.0,119,https://cavaathleisure.com/products/blue-ruched-flared-leggings
2026-09-22,Cava Athleisure,Blue Ruched Flared Leggings,XL,WFP98EXT17BLXL,2299.0,1,0,2299.0,146,https://cavaathleisure.com/products/blue-ruched-flared-leggings
2026-09-22,Cava Athleisure,Blue Ruched Flared Leggings,XXL,WFP98T17BLXXL,2299.0,1,0,2299.0,39,https://cavaathleisure.com/products/blue-ruched-flared-leggings
2026-09-22,Cava Athleisure,Black Polka Ruched Flared Leggings,XS,WFP98P17PBKXS,2399.0,2,0,4798.0,109,https://cavaathleisure.com/products/black-polka-ruched-flared-leggings
2026-09-22,Cava Athleisure,Black Polka Ruched Flared Leggings,XS,WFP98T17PBKXS,2399.0,1,0,2399.0,71,https://cavaathleisure.com/products/black-polka-ruched-flared-leggings
2026-09-22,Cava Athleisure,Black Polka Ruched Flared Leggings,S,WFP98P17PBKS,2399.0,9,0,21591.0,227,https://cavaathleisure.com/products/black-polka-ruched-flared-leggings
2026-09-22,Cava Athleisure,Black Polka Ruched Flared Leggings,S,WFP98T17PBKS,2399.0,2,0,4798.0,242,https://cavaathleisure.com/products/black-polka-ruched-flared-leggings
2026-09-22,Cava Athleisure,Black Polka Ruched Flared Leggings,M,WFP98P17PBKM,2399.0,11,0,26389.0,189,https://cavaathleisure.com/products/black-polka-ruched-flared-leggings
2026-09-22,Cava Athleisure,Black Polka Ruched Flared Leggings,M,WFP98T17PBKM,2399.0,5,0,11995.0,318,https://cavaathleisure.com/products/black-polka-ruched-flared-leggings
2026-09-22,Cava Athleisure,Black Polka Ruched Flared Leggings,M,WFP98EXT17PBKM,2399.0,3,0,7197.0,194,https://cavaathleisure.com/products/black-polka-ruched-flared-leggings
2026-09-22,Cava Athleisure,Black Polka Ruched Flared Leggings,L,WFP98P17PBKL,2399.0,12,0,28788.0,189,https://cavaathleisure.com/products/black-polka-ruched-flared-leggings
2026-09-22,Cava Athleisure,Black Polka Ruched Flared Leggings,L,WFP98T17PBKL,2399.0,7,0,16793.0,204,https://cavaathleisure.com/products/black-polka-ruched-flared-leggings
2026-09-22,Cava Athleisure,Black Polka Ruched Flared Leggings,L,WFP98EXT17PBKL,2399.0,2,0,4798.0,162,https://cavaathleisure.com/products/black-polka-ruched-flared-leggings
2026-09-22,Cava Athleisure,Black Polka Ruched Flared Leggings,XL,WFP98P17PBKXL,2399.0,3,0,7197.0,111,https://cavaathleisure.com/products/black-polka-ruched-flared-leggings
2026-09-22,Cava Athleisure,Black Polka Ruched Flared Leggings,XL,WFP98T17PBKXL,2399.0,5,0,11995.0,55,https://cavaathleisure.com/products/black-polka-ruched-flared-leggings
2026-09-22,Cava Athleisure,Black Polka Ruched Flared Leggings,XL,WFP98EXT17PBKXL,2399.0,5,0,11995.0,114,https://cavaathleisure.com/products/black-polka-ruched-flared-leggings
2026-09-22,Cava Athleisure,Black Polka Ruched Flared Leggings,XXL,WFP98P17PBKXXL,2399.0,5,0,11995.0,56,https://cavaathleisure.com/products/black-polka-ruched-flared-leggings
2026-09-22,Cava Athleisure,Black Polka Ruched Flared Leggings,XXL,WFP98T17PBKXXL,2399.0,1,0,2399.0,78,https://cavaathleisure.com/products/black-polka-ruched-flared-leggings
2026-09-22,Cava Athleisure,Blush Lace Scoop Neck Top,S,WTP9517PNS,1699.0,5,0,8495.0,92,https://cavaathleisure.com/products/blush-lace-scoop-neck-top
2026-09-22,Cava Athleisure,Blush Lace Scoop Neck Top,M,WTP9517PNM,1699.0,3,0,5097.0,152,https://cavaathleisure.com/products/blush-lace-scoop-neck-top
2026-09-22,Cava Athleisure,Blush Lace Scoop Neck Top,L,WTP9517PNL,1699.0,2,0,3398.0,70,https://cavaathleisure.com/products/blush-lace-scoop-neck-top
2026-09-22,Cava Athleisure,Blush Lace Scoop Neck Top,XL,WTP9517PNXL,1699.0,0,1,0.0,43,https://cavaathleisure.com/products/blush-lace-scoop-neck-top
2026-09-22,Cava Athleisure,Ivory Lace Scoop Neck Top,S,WTP9517WHS,1699.0,8,0,13592.0,8,https://cavaathleisure.com/products/ivory-lace-scoop-neck-top
2026-09-22,Cava Athleisure,Ivory Lace Scoop Neck Top,M,WTP9517WHM,1699.0,2,0,3398.0,0,https://cavaathleisure.com/products/ivory-lace-scoop-neck-top
2026-09-22,Cava Athleisure,Ivory Lace Scoop Neck Top,L,WTP9517WHL,1699.0,1,0,1699.0,11,https://cavaathleisure.com/products/ivory-lace-scoop-neck-top
2026-09-22,Cava Athleisure,Berry Lace Scoop Neck Top,XS,WTP9517RDXS,1699.0,2,0,3398.0,22,https://cavaathleisure.com/products/berry-lace-scoop-neck-top
2026-09-22,Cava Athleisure,Berry Lace Scoop Neck Top,S,WTP9517RDS,1699.0,5,0,8495.0,114,https://cavaathleisure.com/products/berry-lace-scoop-neck-top
2026-09-22,Cava Athleisure,Berry Lace Scoop Neck Top,M,WTP9517RDM,1699.0,3,0,5097.0,116,https://cavaathleisure.com/products/berry-lace-scoop-neck-top
2026-09-22,Cava Athleisure,Black Polka Lace Scoop Neck Top,XS,WTP9517PBKXS,1799.0,0,2,0.0,2,https://cavaathleisure.com/products/black-polka-lace-scoop-neck-top
2026-09-22,Cava Athleisure,Black Polka Lace Scoop Neck Top,S,WTP9517PBKS,1799.0,7,0,12593.0,45,https://cavaathleisure.com/products/black-polka-lace-scoop-neck-top
2026-09-22,Cava Athleisure,Black Polka Lace Scoop Neck Top,M,WTP9517PBKM,1799.0,9,0,16191.0,48,https://cavaathleisure.com/products/black-polka-lace-scoop-neck-top
2026-09-22,Cava Athleisure,Black Polka Lace Scoop Neck Top,L,WTP9517PBKL,1799.0,10,0,17990.0,69,https://cavaathleisure.com/products/black-polka-lace-scoop-neck-top
2026-09-22,Cava Athleisure,Black Polka Lace Scoop Neck Top,XL,WTP9517PBKXL,1799.0,3,0,5397.0,25,https://cavaathleisure.com/products/black-polka-lace-scoop-neck-top
2026-09-22,Cava Athleisure,Blue Lace Scoop Neck Top,XS,WTP9517BLXS,1699.0,1,0,1699.0,2,https://cavaathleisure.com/products/blue-lace-scoop-neck-top
2026-09-22,Cava Athleisure,Blue Lace Scoop Neck Top,M,WTP9517BLM,1699.0,3,0,5097.0,129,https://cavaathleisure.com/products/blue-lace-scoop-neck-top
2026-09-22,Cava Athleisure,Blue Lace Scoop Neck Top,XL,WTP9517BLXL,1699.0,1,0,1699.0,37,https://cavaathleisure.com/products/blue-lace-scoop-neck-top
2026-09-22,Cava Athleisure,Berry Polka Soft Knot Skorts,XS,WSK9617PRDXS,2299.0,3,0,6897.0,61,https://cavaathleisure.com/products/berry-polka-soft-knot-skorts
2026-09-22,Cava Athleisure,Berry Polka Soft Knot Skorts,S,WSK9617PRDS,2299.0,2,0,4598.0,127,https://cavaathleisure.com/products/berry-polka-soft-knot-skorts
2026-09-22,Cava Athleisure,Berry Polka Soft Knot Skorts,M,WSK9617PRDM,2299.0,4,0,9196.0,127,https://cavaathleisure.com/products/berry-polka-soft-knot-skorts
2026-09-22,Cava Athleisure,Berry Polka Soft Knot Skorts,L,WSK9617PRDL,2299.0,1,0,2299.0,85,https://cavaathleisure.com/products/berry-polka-soft-knot-skorts
2026-09-22,Cava Athleisure,Berry Polka Soft Knot Skorts,XXL,WSK9617PRDXXL,2299.0,1,0,2299.0,28,https://cavaathleisure.com/products/berry-polka-soft-knot-skorts
2026-09-22,Cava Athleisure,Blush Soft Knot Skorts,S,WSK9617PNS,2199.0,3,0,6597.0,69,https://cavaathleisure.com/products/blush-soft-knot-skorts
2026-09-22,Cava Athleisure,Blush Soft Knot Skorts,M,WSK9617PNM,2199.0,4,0,8796.0,66,https://cavaathleisure.com/products/blush-soft-knot-skorts
2026-09-22,Cava Athleisure,Blush Soft Knot Skorts,L,WSK9617PNL,2199.0,2,0,4398.0,38,https://cavaathleisure.com/products/blush-soft-knot-skorts
2026-09-22,Cava Athleisure,Blush Soft Knot Skorts,XXL,WSK9617PNXXL,2199.0,0,1,0.0,13,https://cavaathleisure.com/products/blush-soft-knot-skorts
2026-09-22,Cava Athleisure,Mint Soft Knot Skorts,XS,WSK9617GRXS,2199.0,2,0,4398.0,74,https://cavaathleisure.com/products/mint-soft-knot-skorts
2026-09-22,Cava Athleisure,Mint Soft Knot Skorts,S,WSK9617GRS,2199.0,2,0,4398.0,108,https://cavaathleisure.com/products/mint-soft-knot-skorts
2026-09-22,Cava Athleisure,Mint Soft Knot Skorts,M,WSK9617GRM,2199.0,2,0,4398.0,87,https://cavaathleisure.com/products/mint-soft-knot-skorts
2026-09-22,Cava Athleisure,Mint Soft Knot Skorts,L,WSK9617GRL,2199.0,2,0,4398.0,64,https://cavaathleisure.com/products/mint-soft-knot-skorts
2026-09-22,Cava Athleisure,Mint Soft Knot Skorts,XL,WSK9617GRXL,2199.0,1,0,2199.0,30,https://cavaathleisure.com/products/mint-soft-knot-skorts
2026-09-22,Cava Athleisure,Mint Soft Knot Skorts,XXL,WSK9617GRXXL,2199.0,0,1,0.0,11,https://cavaathleisure.com/products/mint-soft-knot-skorts
2026-09-22,Cava Athleisure,Blue Soft Knot Skorts,XS,WSK9617BLXS,2199.0,4,0,8796.0,42,https://cavaathleisure.com/products/blue-soft-knot-skorts
2026-09-22,Cava Athleisure,Blue Soft Knot Skorts,S,WSK9617BLS,2199.0,4,0,8796.0,46,https://cavaathleisure.com/products/blue-soft-knot-skorts
2026-09-22,Cava Athleisure,Blue Soft Knot Skorts,M,WSK9617BLM,2199.0,11,0,24189.0,22,https://cavaathleisure.com/products/blue-soft-knot-skorts
2026-09-22,Cava Athleisure,Blue Soft Knot Skorts,XL,WSK9617BLXL,2199.0,5,0,10995.0,38,https://cavaathleisure.com/products/blue-soft-knot-skorts
2026-09-22,Cava Athleisure,Blue Soft Knot Skorts,XXL,WSK9617BLXXL,2199.0,1,0,2199.0,18,https://cavaathleisure.com/products/blue-soft-knot-skorts
2026-09-22,Cava Athleisure,Mint Lace Trim Halter Tank,XS,WTN9717GRXS,1699.0,7,0,11893.0,7,https://cavaathleisure.com/products/mint-lace-trim-halter
2026-09-22,Cava Athleisure,Mint Lace Trim Halter Tank,M,WTN9717GRM,1699.0,2,0,3398.0,72,https://cavaathleisure.com/products/mint-lace-trim-halter
2026-09-22,Cava Athleisure,Mint Lace Trim Halter Tank,L,WTN9717GRL,1699.0,6,0,10194.0,164,https://cavaathleisure.com/products/mint-lace-trim-halter
2026-09-22,Cava Athleisure,Mint Lace Trim Halter Tank,XL,WTN9717GRXL,1699.0,1,0,1699.0,97,https://cavaathleisure.com/products/mint-lace-trim-halter
2026-09-22,Cava Athleisure,Berry Polka Lace Trim Halter Tank,M,WTN9717RDM,1799.0,31,0,55769.0,5,https://cavaathleisure.com/products/berry-polka-lace-trim-halter
2026-09-22,Cava Athleisure,Berry Polka Lace Trim Halter Tank,L,WTN9717RDL,1799.0,6,0,10794.0,69,https://cavaathleisure.com/products/berry-polka-lace-trim-halter
2026-09-22,Cava Athleisure,Berry Polka Lace Trim Halter Tank,XL,WTN9717RDXL,1799.0,0,1,0.0,91,https://cavaathleisure.com/products/berry-polka-lace-trim-halter
2026-09-22,Cava Athleisure,Berry Polka Lace Trim Halter Tank,XXL,WTN9717RDXXL,1799.0,1,0,1799.0,18,https://cavaathleisure.com/products/berry-polka-lace-trim-halter
2026-09-22,Cava Athleisure,Blush Lace Trim Halter Tank,XS,WTN9717PNXS,1699.0,0,2,0.0,2,https://cavaathleisure.com/products/blush-lace-trim-halter
2026-09-22,Cava Athleisure,Blush Lace Trim Halter Tank,M,WTN9717PNM,1699.0,2,0,3398.0,71,https://cavaathleisure.com/products/blush-lace-trim-halter
2026-09-22,Cava Athleisure,Blush Lace Trim Halter Tank,L,WTN9717PNL,1699.0,9,0,15291.0,192,https://cavaathleisure.com/products/blush-lace-trim-halter
2026-09-22,Cava Athleisure,Blush Lace Trim Halter Tank,XL,WTN9717PNXL,1699.0,2,0,3398.0,83,https://cavaathleisure.com/products/blush-lace-trim-halter
2026-09-22,Cava Athleisure,Blue Lace Trim Halter Tank,M,WTN9717BLM,1699.0,12,0,20388.0,29,https://cavaathleisure.com/products/blue-lace-trim-halter
2026-09-22,Cava Athleisure,Blue Lace Trim Halter Tank,L,WTN9717BLL,1699.0,3,0,5097.0,148,https://cavaathleisure.com/products/blue-lace-trim-halter
2026-09-22,Cava Athleisure,Blue Lace Trim Halter Tank,XXL,WTN9717BLXXL,1699.0,5,0,8495.0,14,https://cavaathleisure.com/products/blue-lace-trim-halter
2026-09-22,Cava Athleisure,Berry Bow Halter Top,XS,WTN10017RDXS,1599.0,2,0,3198.0,0,https://cavaathleisure.com/products/berry-bow-halter-top
2026-09-22,Cava Athleisure,Berry Bow Halter Top,M,WTN10017RDM,1599.0,0,1,0.0,1,https://cavaathleisure.com/products/berry-bow-halter-top
2026-09-22,Cava Athleisure,Berry Bow Halter Top,L,WTN10017RDL,1599.0,0,1,0.0,171,https://cavaathleisure.com/products/berry-bow-halter-top
2026-09-22,Cava Athleisure,Berry Bow Halter Top,XL,WTN10017RDXL,1599.0,2,0,3198.0,86,https://cavaathleisure.com/products/berry-bow-halter-top
2026-09-22,Cava Athleisure,Berry Bow Halter Top,XXXL,WTN10017RDXXXL,1599.0,0,1,0.0,15,https://cavaathleisure.com/products/berry-bow-halter-top
2026-09-22,Cava Athleisure,Blush Bow Halter Top,L,WTN10017PNL,1599.0,1,0,1599.0,81,https://cavaathleisure.com/products/blush-bow-halter-top
2026-09-22,Cava Athleisure,Blush Bow Halter Top,XXL,WTN10017PNXXL,1599.0,1,0,1599.0,26,https://cavaathleisure.com/products/blush-bow-halter-top
2026-09-22,Cava Athleisure,Blue Bow Halter Top,M,WTN10017BLM,1599.0,0,2,0.0,2,https://cavaathleisure.com/products/blue-bow-halter-top
2026-09-22,Cava Athleisure,Blue Bow Halter Top,L,WTN10017BLL,1599.0,4,0,6396.0,104,https://cavaathleisure.com/products/blue-bow-halter-top
2026-09-22,Cava Athleisure,Blue Bow Halter Top,XL,WTN10017BLXL,1599.0,5,0,7995.0,64,https://cavaathleisure.com/products/blue-bow-halter-top
2026-09-22,Cava Athleisure,Blue Bow Halter Top,XXL,WTN10017BLXXL,1599.0,1,0,1599.0,28,https://cavaathleisure.com/products/blue-bow-halter-top
2026-09-22,Cava Athleisure,Black Polka Bow Halter Top,XS,WTN10017PBKXS,1699.0,6,0,10194.0,0,https://cavaathleisure.com/products/black-polka-bow-halter-top
2026-09-22,Cava Athleisure,Black Polka Bow Halter Top,S,WTN10017PBKS,1699.0,3,0,5097.0,0,https://cavaathleisure.com/products/black-polka-bow-halter-top
2026-09-22,Cava Athleisure,Black Polka Bow Halter Top,M,WTN10017PBKM,1699.0,4,0,6796.0,0,https://cavaathleisure.com/products/black-polka-bow-halter-top
2026-09-22,Cava Athleisure,Black Polka Bow Halter Top,L,WTN10017PBKL,1699.0,7,0,11893.0,130,https://cavaathleisure.com/products/black-polka-bow-halter-top
2026-09-22,Cava Athleisure,Black Polka Bow Halter Top,XL,WTN10017PBKXL,1699.0,3,0,5097.0,75,https://cavaathleisure.com/products/black-polka-bow-halter-top
2026-09-22,Cava Athleisure,Black Polka Bow Halter Top,XXL,WTN10017PBKXXL,1699.0,1,0,1699.0,29,https://cavaathleisure.com/products/black-polka-bow-halter-top
2026-09-22,Cava Athleisure,Free Gift Charm,Pink Pup Bag Charm,Cava-SoftServe-Charm-1,0.0,152,0,0.0,1178,https://cavaathleisure.com/products/free-gift-charm
2026-09-22,Cava Athleisure,Free Gift Charm,Polka Bow Bag Charm,Cava-SoftServe-Charm-2,0.0,50,0,0.0,1749,https://cavaathleisure.com/products/free-gift-charm
2026-09-22,Cava Athleisure,Free Gift Charm,Labrador Bag Charm,Cava-SoftServe-Charm-3,0.0,14,0,0.0,2582,https://cavaathleisure.com/products/free-gift-charm
2026-09-22,Cava Athleisure,Free Gift Charm,Tennis Ball Bag Charm,Cava-SoftServe-Charm-4,0.0,17,0,0.0,2595,https://cavaathleisure.com/products/free-gift-charm
2026-09-22,Cava Athleisure,Brown Hourglass Booty Shorts,XS,WSH0845BNXS,1099.0,4,0,4396.0,17,https://cavaathleisure.com/products/brown-hourglass-booty-shorts
2026-09-22,Cava Athleisure,Brown Hourglass Booty Shorts,S,WSH0845BNS,1099.0,4,0,4396.0,57,https://cavaathleisure.com/products/brown-hourglass-booty-shorts
2026-09-22,Cava Athleisure,Brown Hourglass Booty Shorts,XL,WSH0845BNXL,1099.0,1,0,1099.0,0,https://cavaathleisure.com/products/brown-hourglass-booty-shorts
2026-09-22,Cava Athleisure,Brown Trailscape Tracks,32,MJR5410BNM,2049.0,1,0,2049.0,0,https://cavaathleisure.com/products/brown-trailscape-tracks
2026-09-22,Cava Athleisure,Brown Trailscape Tracks,36,MJR5410BNXL,2049.0,1,0,2049.0,55,https://cavaathleisure.com/products/brown-trailscape-tracks
2026-09-22,Cava Athleisure,Light Grey Trailscape Tracks,32,MJR5410GYM,2049.0,1,0,2049.0,0,https://cavaathleisure.com/products/light-grey-trailscape-tracks
2026-09-22,Cava Athleisure,Light Grey Trailscape Tracks,36,MJR5410GYXL,2049.0,1,0,2049.0,62,https://cavaathleisure.com/products/light-grey-trailscape-tracks
2026-09-22,Cava Athleisure,Navy Trailscape Tracks,34,MJR5410NYL,2049.0,2,0,4098.0,12,https://cavaathleisure.com/products/navy-trailscape-tracks
2026-09-22,Cava Athleisure,Navy Trailscape Tracks,36,MJR5410NYXL,2049.0,2,0,4098.0,50,https://cavaathleisure.com/products/navy-trailscape-tracks
2026-09-22,Cava Athleisure,Black Trailscape Tracks,36,MJR5410BKXL,2049.0,3,0,6147.0,13,https://cavaathleisure.com/products/black-trailscape-tracks
2026-09-22,Cava Athleisure,Black Trailscape Tracks,38,MJR5410BKXXL,2049.0,1,0,2049.0,27,https://cavaathleisure.com/products/black-trailscape-tracks
2026-09-22,Cava Athleisure,Coral Sculpt Crew Top,XS,WTP0218ORXS,899.0,2,0,1798.0,56,https://cavaathleisure.com/products/coral-sculpt-crew-top
2026-09-22,Cava Athleisure,Coral Sculpt Crew Top,S,WTP0218ORS,899.0,13,0,11687.0,124,https://cavaathleisure.com/products/coral-sculpt-crew-top
2026-09-22,Cava Athleisure,Coral Sculpt Crew Top,M,WTP0218ORM,899.0,21,0,18879.0,128,https://cavaathleisure.com/products/coral-sculpt-crew-top
2026-09-22,Cava Athleisure,Coral Sculpt Crew Top,L,WTP0218ORL,899.0,15,0,13485.0,37,https://cavaathleisure.com/products/coral-sculpt-crew-top
2026-09-22,Cava Athleisure,Coral Sculpt Crew Top,XL,WTP0218ORXL,899.0,8,0,7192.0,18,https://cavaathleisure.com/products/coral-sculpt-crew-top
2026-09-22,Cava Athleisure,Coral Sculpt Crew Top,XXL,WTP0218ORXXL,899.0,2,0,1798.0,1,https://cavaathleisure.com/products/coral-sculpt-crew-top
2026-09-22,Cava Athleisure,Mint Sculpt Crew Top,XS,WTP0218GRXS,899.0,1,0,899.0,26,https://cavaathleisure.com/products/mint-sculpt-crew-top
2026-09-22,Cava Athleisure,Mint Sculpt Crew Top,S,WTP0218GRS,899.0,0,2,0.0,81,https://cavaathleisure.com/products/mint-sculpt-crew-top
2026-09-22,Cava Athleisure,Mint Sculpt Crew Top,M,WTP0218GRM,899.0,7,0,6293.0,40,https://cavaathleisure.com/products/mint-sculpt-crew-top
2026-09-22,Cava Athleisure,Mint Sculpt Crew Top,L,WTP0218GRL,899.0,2,0,1798.0,0,https://cavaathleisure.com/products/mint-sculpt-crew-top
2026-09-22,Cava Athleisure,Mint Sculpt Crew Top,XXL,WTP0218GRXXL,899.0,0,1,0.0,1,https://cavaathleisure.com/products/mint-sculpt-crew-top
2026-09-22,Cava Athleisure,Coral Sculpt Core Top,XS,WTP0118ORXS,799.0,1,0,799.0,65,https://cavaathleisure.com/products/coral-sculpt-core-top
2026-09-22,Cava Athleisure,Coral Sculpt Core Top,S,WTP0118ORS,799.0,5,0,3995.0,20,https://cavaathleisure.com/products/coral-sculpt-core-top
2026-09-22,Cava Athleisure,Mint Sculpt Bootcut Leggings,XS,WFP0118GRXS,1299.0,5,0,6495.0,37,https://cavaathleisure.com/products/mint-sculpt-bootcut-leggings
2026-09-22,Cava Athleisure,Mint Sculpt Bootcut Leggings,XS,WFP01T18GRXS,1299.0,6,0,7794.0,51,https://cavaathleisure.com/products/mint-sculpt-bootcut-leggings
2026-09-22,Cava Athleisure,Mint Sculpt Bootcut Leggings,S,WFP0118GRS,1299.0,3,0,3897.0,102,https://cavaathleisure.com/products/mint-sculpt-bootcut-leggings
2026-09-22,Cava Athleisure,Mint Sculpt Bootcut Leggings,S,WFP01T18GRS,1299.0,5,0,6495.0,120,https://cavaathleisure.com/products/mint-sculpt-bootcut-leggings
2026-09-22,Cava Athleisure,Mint Sculpt Bootcut Leggings,M,WFP0118GRM,1299.0,23,0,29877.0,115,https://cavaathleisure.com/products/mint-sculpt-bootcut-leggings
2026-09-22,Cava Athleisure,Mint Sculpt Bootcut Leggings,M,WFP01T18GRM,1299.0,23,0,29877.0,73,https://cavaathleisure.com/products/mint-sculpt-bootcut-leggings
2026-09-22,Cava Athleisure,Mint Sculpt Bootcut Leggings,L,WFP0118GRL,1299.0,12,0,15588.0,78,https://cavaathleisure.com/products/mint-sculpt-bootcut-leggings
2026-09-22,Cava Athleisure,Mint Sculpt Bootcut Leggings,L,WFP01T18GRL,1299.0,11,0,14289.0,126,https://cavaathleisure.com/products/mint-sculpt-bootcut-leggings
2026-09-22,Cava Athleisure,Mint Sculpt Bootcut Leggings,XL,WFP0118GRXL,1299.0,6,0,7794.0,42,https://cavaathleisure.com/products/mint-sculpt-bootcut-leggings
2026-09-22,Cava Athleisure,Mint Sculpt Bootcut Leggings,XL,WFP01T18GRXL,1299.0,6,0,7794.0,106,https://cavaathleisure.com/products/mint-sculpt-bootcut-leggings
2026-09-22,Cava Athleisure,Mint Sculpt Bootcut Leggings,XXL,WFP0118GRXXL,1299.0,3,0,3897.0,14,https://cavaathleisure.com/products/mint-sculpt-bootcut-leggings
2026-09-22,Cava Athleisure,Mint Sculpt Bootcut Leggings,XXL,WFP01T18GRXXL,1299.0,3,0,3897.0,22,https://cavaathleisure.com/products/mint-sculpt-bootcut-leggings
2026-09-22,Cava Athleisure,Mint Sculpt Booty Shorts,XS,WSH0418GRXS,999.0,4,0,3996.0,65,https://cavaathleisure.com/products/mint-sculpt-booty-shorts
2026-09-22,Cava Athleisure,Mint Sculpt Booty Shorts,S,WSH0418GRS,999.0,9,0,8991.0,188,https://cavaathleisure.com/products/mint-sculpt-booty-shorts
2026-09-22,Cava Athleisure,Mint Sculpt Booty Shorts,M,WSH0418GRM,999.0,23,0,22977.0,184,https://cavaathleisure.com/products/mint-sculpt-booty-shorts
2026-09-22,Cava Athleisure,Mint Sculpt Booty Shorts,L,WSH0418GRL,999.0,12,0,11988.0,66,https://cavaathleisure.com/products/mint-sculpt-booty-shorts
2026-09-22,Cava Athleisure,Mint Sculpt Booty Shorts,XL,WSH0418GRXL,999.0,5,0,4995.0,32,https://cavaathleisure.com/products/mint-sculpt-booty-shorts
2026-09-22,Cava Athleisure,Mint Sculpt Booty Shorts,XXL,WSH0418GRXXL,999.0,4,0,3996.0,9,https://cavaathleisure.com/products/mint-sculpt-booty-shorts
2026-09-22,Cava Athleisure,Pink Sculpt Crew Top,XS,WTP0218PNXS,899.0,0,2,0.0,2,https://cavaathleisure.com/products/pink-sculpt-crew-top
2026-09-22,Cava Athleisure,Pink Sculpt Crew Top,S,WTP0218PNS,899.0,0,3,0.0,3,https://cavaathleisure.com/products/pink-sculpt-crew-top
2026-09-22,Cava Athleisure,Pink Sculpt Core Top,XS,WTP0118PNXS,799.0,1,0,799.0,0,https://cavaathleisure.com/products/pink-sculpt-core-top
2026-09-22,Cava Athleisure,Pink Sculpt Booty Shorts,XS,WSH0418PNXS,999.0,5,0,4995.0,49,https://cavaathleisure.com/products/pink-sculpt-booty-shorts
2026-09-22,Cava Athleisure,Pink Sculpt Booty Shorts,S,WSH0418PNS,999.0,11,0,10989.0,154,https://cavaathleisure.com/products/pink-sculpt-booty-shorts
2026-09-22,Cava Athleisure,Pink Sculpt Booty Shorts,M,WSH0418PNM,999.0,23,0,22977.0,159,https://cavaathleisure.com/products/pink-sculpt-booty-shorts
2026-09-22,Cava Athleisure,Pink Sculpt Booty Shorts,L,WSH0418PNL,999.0,7,0,6993.0,50,https://cavaathleisure.com/products/pink-sculpt-booty-shorts
2026-09-22,Cava Athleisure,Pink Sculpt Booty Shorts,XL,WSH0418PNXL,999.0,5,0,4995.0,21,https://cavaathleisure.com/products/pink-sculpt-booty-shorts
2026-09-22,Cava Athleisure,Pink Sculpt Core Leggings,XS,WLG0218PNXS,1199.0,5,0,5995.0,19,https://cavaathleisure.com/products/pink-sculpt-core-leggings
2026-09-22,Cava Athleisure,Pink Sculpt Core Leggings,S,WLG0218PNS,1199.0,4,0,4796.0,104,https://cavaathleisure.com/products/pink-sculpt-core-leggings
2026-09-22,Cava Athleisure,Pink Sculpt Core Leggings,M,WLG0218PNM,1199.0,19,0,22781.0,75,https://cavaathleisure.com/products/pink-sculpt-core-leggings
2026-09-22,Cava Athleisure,Pink Sculpt Core Leggings,L,WLG0218PNL,1199.0,9,0,10791.0,35,https://cavaathleisure.com/products/pink-sculpt-core-leggings
2026-09-22,Cava Athleisure,Pink Sculpt Core Leggings,XL,WLG0218PNXL,1199.0,6,0,7194.0,14,https://cavaathleisure.com/products/pink-sculpt-core-leggings
2026-09-22,Cava Athleisure,Pink Sculpt Core Leggings,XXL,WLG0218PNXXL,1199.0,3,0,3597.0,22,https://cavaathleisure.com/products/pink-sculpt-core-leggings
2026-09-22,Cava Athleisure,Pink Sculpt Bootcut Leggings,M,WFP0118PNM,1299.0,4,0,5196.0,0,https://cavaathleisure.com/products/pink-sculpt-bootcut-leggings
2026-09-22,Cava Athleisure,Pink Sculpt Bootcut Leggings,M,WFP01T18PNM,1299.0,0,1,0.0,2,https://cavaathleisure.com/products/pink-sculpt-bootcut-leggings
2026-09-22,Cava Athleisure,Pink Sculpt Bootcut Leggings,L,WFP0118PNL,1299.0,3,0,3897.0,32,https://cavaathleisure.com/products/pink-sculpt-bootcut-leggings
2026-09-22,Cava Athleisure,Pink Sculpt Bootcut Leggings,L,WFP01T18PNL,1299.0,1,0,1299.0,33,https://cavaathleisure.com/products/pink-sculpt-bootcut-leggings
2026-09-22,Cava Athleisure,Pink Sculpt Bootcut Leggings,XL,WFP0118PNXL,1299.0,0,1,0.0,15,https://cavaathleisure.com/products/pink-sculpt-bootcut-leggings
2026-09-22,Cava Athleisure,Pink Sculpt Bootcut Leggings,XL,WFP01T18PNXL,1299.0,3,0,3897.0,80,https://cavaathleisure.com/products/pink-sculpt-bootcut-leggings
2026-09-22,Cava Athleisure,Pink Sculpt Bootcut Leggings,XXL,WFP0118PNXXL,1299.0,3,0,3897.0,3,https://cavaathleisure.com/products/pink-sculpt-bootcut-leggings
2026-09-22,Cava Athleisure,Cava Next Gen Card,Default Title,Cava-Next-Gen-Card,0.0,421,0,0.0,12561,https://cavaathleisure.com/products/cava-next-gen-card
2026-09-22,Cava Athleisure,Wine Hyper Mesh Sports Bra,S,WSB102RDS,1499.0,8,0,11992.0,280,https://cavaathleisure.com/products/wine-hyper-mesh-sports-bra
2026-09-22,Cava Athleisure,Wine Hyper Mesh Sports Bra,M,WSB102RDM,1499.0,14,0,20986.0,244,https://cavaathleisure.com/products/wine-hyper-mesh-sports-bra
2026-09-22,Cava Athleisure,Wine Hyper Mesh Sports Bra,L,WSB102RDL,1499.0,8,0,11992.0,139,https://cavaathleisure.com/products/wine-hyper-mesh-sports-bra
2026-09-22,Cava Athleisure,Wine Hyper Mesh Sports Bra,XL,WSB102RDXL,1499.0,5,0,7495.0,97,https://cavaathleisure.com/products/wine-hyper-mesh-sports-bra
2026-09-22,Cava Athleisure,Wine Hyper Mesh Sports Bra,XXL,WSB102RDXXL,1499.0,3,0,4497.0,37,https://cavaathleisure.com/products/wine-hyper-mesh-sports-bra
2026-09-22,Cava Athleisure,Cherry Next Gen Swirl Skorts,10-11Y,GSK11145RD10-11Y,1299.0,2,0,2598.0,192,https://cavaathleisure.com/products/cherry-next-gen-swirl-skorts
2026-09-22,Cava Athleisure,Cherry Next Gen Swirl Skorts,12-13Y,GSK11145RD12-13Y,1299.0,2,0,2598.0,120,https://cavaathleisure.com/products/cherry-next-gen-swirl-skorts
2026-09-22,Cava Athleisure,Cherry Next Gen Swirl Skorts,14+Y,GSK11145RD14-Y,1299.0,1,0,1299.0,109,https://cavaathleisure.com/products/cherry-next-gen-swirl-skorts
2026-09-22,Cava Athleisure,Black Next Gen Swirl Skorts,10-11Y,GSK11145BK10-11Y,1299.0,2,0,2598.0,194,https://cavaathleisure.com/products/black-next-gen-swirl-skorts
2026-09-22,Cava Athleisure,Black Next Gen Swirl Skorts,14+Y,GSK11145BK14-Y,1299.0,3,0,3897.0,141,https://cavaathleisure.com/products/black-next-gen-swirl-skorts
2026-09-22,Cava Athleisure,Pink Next Gen Swirl Skorts,10-11Y,GSK11145PN10-11Y,1299.0,0,183,0.0,183,https://cavaathleisure.com/products/pink-next-gen-swirl-skorts
2026-09-22,Cava Athleisure,Pink Next Gen Swirl Skorts,12-13Y,GSK11145PN12-13Y,1299.0,0,194,0.0,194,https://cavaathleisure.com/products/pink-next-gen-swirl-skorts
2026-09-22,Cava Athleisure,Pink Next Gen Swirl Skorts,14+Y,GSK11145PN14-Y,1299.0,0,91,0.0,108,https://cavaathleisure.com/products/pink-next-gen-swirl-skorts
2026-09-22,Cava Athleisure,Ivory Next Gen Swirl Skorts,12-13Y,GSK11145WH12-13Y,1299.0,1,0,1299.0,16,https://cavaathleisure.com/products/ivory-next-gen-swirl-skorts
2026-09-22,Cava Athleisure,Ivory Next Gen Swirl Skorts,14+Y,GSK11145WH14-Y,1299.0,1,0,1299.0,39,https://cavaathleisure.com/products/ivory-next-gen-swirl-skorts
2026-09-22,Cava Athleisure,Pink Next Gen Active Jacket,10-11Y,GJK11245PN10-11Y,1599.0,0,1,0.0,1,https://cavaathleisure.com/products/blush-pink-next-gen-sculptor-jacket
2026-09-22,Cava Athleisure,Pink Next Gen Active Jacket,12-13Y,GJK11245PN12-13Y,1599.0,1,0,1599.0,2,https://cavaathleisure.com/products/blush-pink-next-gen-sculptor-jacket
2026-09-22,Cava Athleisure,Pink Next Gen Active Jacket,14+Y,GJK11245PN14-Y,1599.0,1,0,1599.0,19,https://cavaathleisure.com/products/blush-pink-next-gen-sculptor-jacket
2026-09-22,Cava Athleisure,Cherry Next Gen Active Jacket,10-11Y,GJK11245RD10-11Y,1599.0,1,0,1599.0,0,https://cavaathleisure.com/products/cherry-next-gen-sculptor-jacket
2026-09-22,Cava Athleisure,Cherry Next Gen Active Jacket,12-13Y,GJK11245RD12-13Y,1599.0,2,0,3198.0,10,https://cavaathleisure.com/products/cherry-next-gen-sculptor-jacket
2026-09-22,Cava Athleisure,Steel Blue Next Gen Active Jacket,12-13Y,GJK11245BL12-13Y,1599.0,1,0,1599.0,22,https://cavaathleisure.com/products/steel-blue-next-gen-sculptor-jacket
2026-09-22,Cava Athleisure,Black Next Gen Active Jacket,10-11Y,GJK11245BK10-11Y,1599.0,1,0,1599.0,14,https://cavaathleisure.com/products/black-next-gen-sculptor-jacket
2026-09-22,Cava Athleisure,Black Next Gen Active Jacket,14+Y,GJK11245BK14-Y,1599.0,2,0,3198.0,23,https://cavaathleisure.com/products/black-next-gen-sculptor-jacket
2026-09-22,Cava Athleisure,Ivory Next Gen Active Jacket,12-13Y,GJK11245WH12-13Y,1599.0,1,0,1599.0,28,https://cavaathleisure.com/products/ivory-next-gen-sculptor-jacket
2026-09-22,Cava Athleisure,Ivory Next Gen Active Jacket,14+Y,GJK11245WH14-Y,1599.0,0,1,0.0,37,https://cavaathleisure.com/products/ivory-next-gen-sculptor-jacket
2026-09-22,Cava Athleisure,Cherry Pleated Mini Dress,L,WDR4918RDL,2049.0,1,0,2049.0,14,https://cavaathleisure.com/products/cherry-pleated-mini-dress
2026-09-22,Cava Athleisure,Cherry Pleated Mini Dress,XL,WDR4918RDXL,2049.0,1,0,2049.0,0,https://cavaathleisure.com/products/cherry-pleated-mini-dress
2026-09-22,Cava Athleisure,Cherry Hourglass Booty Shorts,S,WSH0818RDS,1099.0,8,0,8792.0,14,https://cavaathleisure.com/products/cherry-hourglass-booty-shorts
2026-09-22,Cava Athleisure,Cherry Hourglass Booty Shorts,L,WSH0818RDL,1099.0,1,0,1099.0,0,https://cavaathleisure.com/products/cherry-hourglass-booty-shorts
2026-09-22,Cava Athleisure,Green Pleated Mini Dress,XXL,WDR4918GRXXL,2049.0,1,0,2049.0,2,https://cavaathleisure.com/products/green-pleated-mini-dress
2026-09-22,Cava Athleisure,Cherry Pintuck Flared Pants,XS,WFP5218RDXS,1499.0,1,0,1499.0,14,https://cavaathleisure.com/products/cherry-pintuck-flared-pants
2026-09-22,Cava Athleisure,Cherry Pintuck Flared Pants,S,WFP5218RDS,1499.0,1,0,1499.0,44,https://cavaathleisure.com/products/cherry-pintuck-flared-pants
2026-09-22,Cava Athleisure,Cherry Pintuck Flared Pants,L,WFP5218RDL,1499.0,1,0,1499.0,15,https://cavaathleisure.com/products/cherry-pintuck-flared-pants
2026-09-22,Cava Athleisure,Cherry Pintuck Flared Pants,XL,WFP5218RDXL,1499.0,1,0,1499.0,3,https://cavaathleisure.com/products/cherry-pintuck-flared-pants
2026-09-22,Cava Athleisure,Black Pleated Mini Dress,L,WDR4918BKL,2049.0,1,0,2049.0,17,https://cavaathleisure.com/products/black-pleated-mini-dress
2026-09-22,Cava Athleisure,Black Pleated Mini Dress,XL,WDR4918BKXL,2049.0,1,0,2049.0,4,https://cavaathleisure.com/products/black-pleated-mini-dress
2026-09-22,Cava Athleisure,Green Pintuck Flared Pants,XS,WFP5218GRXS,1499.0,3,0,4497.0,15,https://cavaathleisure.com/products/green-pintuck-flared-pants
2026-09-22,Cava Athleisure,Green Club Corset Top,XS,WTP4818GRXS,1249.0,4,0,4996.0,10,https://cavaathleisure.com/products/green-club-corset-top
2026-09-22,Cava Athleisure,Green Club Corset Top,S,WTP4818GRS,1249.0,1,0,1249.0,71,https://cavaathleisure.com/products/green-club-corset-top
2026-09-22,Cava Athleisure,Green Club Corset Top,M,WTP4818GRM,1249.0,3,0,3747.0,57,https://cavaathleisure.com/products/green-club-corset-top
2026-09-22,Cava Athleisure,Cherry Club Corset Top,M,WTP4818RDM,1249.0,1,0,1249.0,0,https://cavaathleisure.com/products/cherry-club-corset-top
2026-09-22,Cava Athleisure,Black Club Corset Top,M,WTP4818BKM,1249.0,2,0,2498.0,43,https://cavaathleisure.com/products/black-club-corset-top
2026-09-22,Cava Athleisure,Black Club Corset Top,XL,WTP4818BKXL,1249.0,3,0,3747.0,0,https://cavaathleisure.com/products/black-club-corset-top
2026-09-22,Cava Athleisure,Lilac Hourglass Booty Shorts,S,WSH0845PUS,1099.0,3,0,3297.0,5,https://cavaathleisure.com/products/lilac-hourglass-booty-shorts
2026-09-22,Cava Athleisure,Ruby Hourglass Booty Shorts,XS,WSH0845RDXS,1099.0,1,0,1099.0,10,https://cavaathleisure.com/products/ruby-hourglass-booty-shorts
2026-09-22,Cava Athleisure,Ruby Hourglass Booty Shorts,S,WSH0845RDS,1099.0,0,1,0.0,53,https://cavaathleisure.com/products/ruby-hourglass-booty-shorts
2026-09-22,Cava Athleisure,Cherry Hourglass Snug Leggings,XS,WLG1018RDXS,1299.0,1,0,1299.0,0,https://cavaathleisure.com/products/cherry-hourglass-snug-leggings
2026-09-22,Cava Athleisure,Cherry Hourglass Snug Leggings,S,WLG1018RDS,1299.0,4,0,5196.0,78,https://cavaathleisure.com/products/cherry-hourglass-snug-leggings
2026-09-22,Cava Athleisure,Cherry Hourglass Snug Leggings,M,WLG1018RDM,1299.0,18,0,23382.0,73,https://cavaathleisure.com/products/cherry-hourglass-snug-leggings
2026-09-22,Cava Athleisure,Cherry Hourglass Snug Leggings,L,WLG1018RDL,1299.0,9,0,11691.0,95,https://cavaathleisure.com/products/cherry-hourglass-snug-leggings
2026-09-22,Cava Athleisure,Cherry Hourglass Snug Leggings,XL,WLG1018RDXL,1299.0,2,0,2598.0,3,https://cavaathleisure.com/products/cherry-hourglass-snug-leggings
2026-09-22,Cava Athleisure,Cherry Hourglass Snug Leggings,XXL,WLG1018RDXXL,1299.0,2,0,2598.0,30,https://cavaathleisure.com/products/cherry-hourglass-snug-leggings
2026-09-22,Cava Athleisure,Toasted ADPT™ Wrap Top,XS,WTP10245BNXS,1299.0,3,0,3897.0,35,https://cavaathleisure.com/products/toasted-adpt-wrap-top
2026-09-22,Cava Athleisure,Toasted ADPT™ Wrap Top,S,WTP10245BNS,1299.0,11,0,14289.0,120,https://cavaathleisure.com/products/toasted-adpt-wrap-top
2026-09-22,Cava Athleisure,Toasted ADPT™ Wrap Top,M,WTP10245BNM,1299.0,15,0,19485.0,141,https://cavaathleisure.com/products/toasted-adpt-wrap-top
2026-09-22,Cava Athleisure,Toasted ADPT™ Wrap Top,L,WTP10245BNL,1299.0,5,0,6495.0,53,https://cavaathleisure.com/products/toasted-adpt-wrap-top
2026-09-22,Cava Athleisure,Cherry Hourglass Flared Leggings,XS,WFPACU0118RDXS,1429.0,7,0,10003.0,0,https://cavaathleisure.com/products/cherry-hourglass-flared-leggings
2026-09-22,Cava Athleisure,Cherry Hourglass Flared Leggings,XS,WFPACU0218RDXS,1429.0,15,0,21435.0,15,https://cavaathleisure.com/products/cherry-hourglass-flared-leggings
2026-09-22,Cava Athleisure,Cherry Hourglass Flared Leggings,XS,WFPACU0418RDXS,1429.0,6,0,8574.0,49,https://cavaathleisure.com/products/cherry-hourglass-flared-leggings
2026-09-22,Cava Athleisure,Cherry Hourglass Flared Leggings,S,WFPACU0118RDS,1429.0,4,0,5716.0,0,https://cavaathleisure.com/products/cherry-hourglass-flared-leggings
2026-09-22,Cava Athleisure,Cherry Hourglass Flared Leggings,S,WFPACU0218RDS,1429.0,34,0,48586.0,41,https://cavaathleisure.com/products/cherry-hourglass-flared-leggings
2026-09-22,Cava Athleisure,Cherry Hourglass Flared Leggings,S,WFPACU0418RDS,1429.0,7,0,10003.0,54,https://cavaathleisure.com/products/cherry-hourglass-flared-leggings
2026-09-22,Cava Athleisure,Cherry Hourglass Flared Leggings,M,WFPACU0118RDM,1429.0,26,0,37154.0,0,https://cavaathleisure.com/products/cherry-hourglass-flared-leggings
2026-09-22,Cava Athleisure,Cherry Hourglass Flared Leggings,M,WFPACU0218RDM,1429.0,61,0,87169.0,30,https://cavaathleisure.com/products/cherry-hourglass-flared-leggings
2026-09-22,Cava Athleisure,Cherry Hourglass Flared Leggings,M,WFPACU0418RDM,1429.0,31,0,44299.0,27,https://cavaathleisure.com/products/cherry-hourglass-flared-leggings
2026-09-22,Cava Athleisure,Cherry Hourglass Flared Leggings,L,WFPACU0118RDL,1429.0,35,0,50015.0,27,https://cavaathleisure.com/products/cherry-hourglass-flared-leggings
2026-09-22,Cava Athleisure,Cherry Hourglass Flared Leggings,L,WFPACU0218RDL,1429.0,34,0,48586.0,0,https://cavaathleisure.com/products/cherry-hourglass-flared-leggings
2026-09-22,Cava Athleisure,Cherry Hourglass Flared Leggings,L,WFPACU0418RDL,1429.0,22,0,31438.0,25,https://cavaathleisure.com/products/cherry-hourglass-flared-leggings
2026-09-22,Cava Athleisure,Cherry Hourglass Flared Leggings,XL,WFPACU0118RDXL,1429.0,20,0,28580.0,7,https://cavaathleisure.com/products/cherry-hourglass-flared-leggings
2026-09-22,Cava Athleisure,Cherry Hourglass Flared Leggings,XL,WFPACU0218RDXL,1429.0,24,0,34296.0,65,https://cavaathleisure.com/products/cherry-hourglass-flared-leggings
2026-09-22,Cava Athleisure,Cherry Hourglass Flared Leggings,XL,WFPACU0418RDXL,1429.0,13,0,18577.0,19,https://cavaathleisure.com/products/cherry-hourglass-flared-leggings
2026-09-22,Cava Athleisure,Cherry Hourglass Flared Leggings,XXL,WFPACU0118RDXXL,1429.0,11,0,15719.0,16,https://cavaathleisure.com/products/cherry-hourglass-flared-leggings
2026-09-22,Cava Athleisure,Cherry Hourglass Flared Leggings,XXL,WFPACU0418RDXXL,1429.0,8,0,11432.0,21,https://cavaathleisure.com/products/cherry-hourglass-flared-leggings
2026-09-22,Cava Athleisure,Lilac ADPT™ Wrap Top,XS,WTP10245PUXS,1299.0,1,0,1299.0,56,https://cavaathleisure.com/products/lilac-adpt™-wrap-top
2026-09-22,Cava Athleisure,Lilac ADPT™ Wrap Top,S,WTP10245PUS,1299.0,3,0,3897.0,157,https://cavaathleisure.com/products/lilac-adpt™-wrap-top
2026-09-22,Cava Athleisure,Lilac ADPT™ Wrap Top,M,WTP10245PUM,1299.0,4,0,5196.0,105,https://cavaathleisure.com/products/lilac-adpt™-wrap-top
2026-09-22,Cava Athleisure,Lilac ADPT™ Wrap Top,L,WTP10245PUL,1299.0,2,0,2598.0,12,https://cavaathleisure.com/products/lilac-adpt™-wrap-top
2026-09-22,Cava Athleisure,Lilac ADPT™ Wrap Top,XL,WTP10245PUXL,1299.0,1,0,1299.0,13,https://cavaathleisure.com/products/lilac-adpt™-wrap-top
2026-09-22,Cava Athleisure,Blush ADPT™ Wrap Top,XS,WTP10245PNXS,1299.0,5,0,6495.0,4,https://cavaathleisure.com/products/blush-adpt-wrap-top
2026-09-22,Cava Athleisure,Blush ADPT™ Wrap Top,S,WTP10245PNS,1299.0,9,0,11691.0,109,https://cavaathleisure.com/products/blush-adpt-wrap-top
2026-09-22,Cava Athleisure,Blush ADPT™ Wrap Top,M,WTP10245PNM,1299.0,13,0,16887.0,25,https://cavaathleisure.com/products/blush-adpt-wrap-top
2026-09-22,Cava Athleisure,Blush ADPT™ Wrap Top,XL,WTP10245PNXL,1299.0,0,1,0.0,9,https://cavaathleisure.com/products/blush-adpt-wrap-top
2026-09-22,Cava Athleisure,Blush ADPT™ Wrap Top,XXL,WTP10245PNXXL,1299.0,2,0,2598.0,8,https://cavaathleisure.com/products/blush-adpt-wrap-top
2026-09-22,Cava Athleisure,Ivory ADPT™ Wrap Top,XS,WTP10245WHXS,1299.0,3,0,3897.0,0,https://cavaathleisure.com/products/ivory-adpt-wrap-top
2026-09-22,Cava Athleisure,Ivory ADPT™ Wrap Top,S,WTP10245WHS,1299.0,3,0,3897.0,85,https://cavaathleisure.com/products/ivory-adpt-wrap-top
2026-09-22,Cava Athleisure,Ivory ADPT™ Wrap Top,M,WTP10245WHM,1299.0,15,0,19485.0,25,https://cavaathleisure.com/products/ivory-adpt-wrap-top
2026-09-22,Cava Athleisure,Ivory ADPT™ Wrap Top,L,WTP10245WHL,1299.0,1,0,1299.0,0,https://cavaathleisure.com/products/ivory-adpt-wrap-top
2026-09-22,Cava Athleisure,Ivory ADPT™ Wrap Top,XL,WTP10245WHXL,1299.0,1,0,1299.0,0,https://cavaathleisure.com/products/ivory-adpt-wrap-top
2026-09-22,Cava Athleisure,Ivory ADPT™ Wrap Top,XXL,WTP10245WHXXL,1299.0,3,0,3897.0,8,https://cavaathleisure.com/products/ivory-adpt-wrap-top
2026-09-22,Cava Athleisure,Navy Athletic Quarter-Zip,XL,MTS5710NYXL,1699.0,1,0,1699.0,13,https://cavaathleisure.com/products/navy-athletic-quarter-zip
2026-09-22,Cava Athleisure,Navy Athletic Quarter-Zip,XXL,MTS5710NYXXL,1699.0,2,0,3398.0,18,https://cavaathleisure.com/products/navy-athletic-quarter-zip
2026-09-22,Cava Athleisure,Lilac Refine Crop Tank,S,WTN10145PUS,999.0,1,0,999.0,64,https://cavaathleisure.com/products/lilac-refine-crop-tank
2026-09-22,Cava Athleisure,Steel Blue Refine Crop Tank,S,WTN10145BLS,999.0,1,0,999.0,36,https://cavaathleisure.com/products/steel-blue-refine-crop-tank
2026-09-22,Cava Athleisure,Ivory Hourglass Flared Leggings,XS,WFPACU0145WHXS,1429.0,6,0,8574.0,16,https://cavaathleisure.com/products/ivory-hourglass-flared-leggings
2026-09-22,Cava Athleisure,Ivory Hourglass Flared Leggings,XS,WFPACU0245WHXS,1429.0,3,0,4287.0,0,https://cavaathleisure.com/products/ivory-hourglass-flared-leggings
2026-09-22,Cava Athleisure,Ivory Hourglass Flared Leggings,XS,WFPACU0445WHXS,1429.0,4,0,5716.0,63,https://cavaathleisure.com/products/ivory-hourglass-flared-leggings
2026-09-22,Cava Athleisure,Ivory Hourglass Flared Leggings,S,WFPACU0145WHS,1429.0,5,0,7145.0,5,https://cavaathleisure.com/products/ivory-hourglass-flared-leggings
2026-09-22,Cava Athleisure,Ivory Hourglass Flared Leggings,S,WFPACU0245WHS,1429.0,1,0,1429.0,13,https://cavaathleisure.com/products/ivory-hourglass-flared-leggings
2026-09-22,Cava Athleisure,Ivory Hourglass Flared Leggings,S,WFPACU0445WHS,1429.0,7,0,10003.0,24,https://cavaathleisure.com/products/ivory-hourglass-flared-leggings
2026-09-22,Cava Athleisure,Ivory Hourglass Flared Leggings,M,WFPACU0145WHM,1429.0,16,0,22864.0,80,https://cavaathleisure.com/products/ivory-hourglass-flared-leggings
2026-09-22,Cava Athleisure,Ivory Hourglass Flared Leggings,M,WFPACU0245WHM,1429.0,9,0,12861.0,59,https://cavaathleisure.com/products/ivory-hourglass-flared-leggings
2026-09-22,Cava Athleisure,Ivory Hourglass Flared Leggings,M,WFPACU0445WHM,1429.0,25,0,35725.0,81,https://cavaathleisure.com/products/ivory-hourglass-flared-leggings
2026-09-22,Cava Athleisure,Ivory Hourglass Flared Leggings,L,WFPACU0145WHL,1429.0,7,0,10003.0,81,https://cavaathleisure.com/products/ivory-hourglass-flared-leggings
2026-09-22,Cava Athleisure,Ivory Hourglass Flared Leggings,L,WFPACU0245WHL,1429.0,11,0,15719.0,122,https://cavaathleisure.com/products/ivory-hourglass-flared-leggings
2026-09-22,Cava Athleisure,Ivory Hourglass Flared Leggings,L,WFPACU0445WHL,1429.0,15,0,21435.0,11,https://cavaathleisure.com/products/ivory-hourglass-flared-leggings
2026-09-22,Cava Athleisure,Ivory Hourglass Flared Leggings,XL,WFPACU0145WHXL,1429.0,4,0,5716.0,2,https://cavaathleisure.com/products/ivory-hourglass-flared-leggings
2026-09-22,Cava Athleisure,Ivory Hourglass Flared Leggings,XL,WFPACU0245WHXL,1429.0,1,0,1429.0,0,https://cavaathleisure.com/products/ivory-hourglass-flared-leggings
2026-09-22,Cava Athleisure,Ivory Hourglass Flared Leggings,XL,WFPACU0445WHXL,1429.0,11,0,15719.0,60,https://cavaathleisure.com/products/ivory-hourglass-flared-leggings
2026-09-22,Cava Athleisure,Ivory Hourglass Flared Leggings,XXL,WFPACU0145WHXXL,1429.0,5,0,7145.0,32,https://cavaathleisure.com/products/ivory-hourglass-flared-leggings
2026-09-22,Cava Athleisure,Ivory Hourglass Flared Leggings,XXL,WFPACU0245WHXXL,1429.0,1,0,1429.0,86,https://cavaathleisure.com/products/ivory-hourglass-flared-leggings
2026-09-22,Cava Athleisure,Ivory Hourglass Flared Leggings,XXL,WFPACU0445WHXXL,1429.0,3,0,4287.0,50,https://cavaathleisure.com/products/ivory-hourglass-flared-leggings
2026-09-22,Cava Athleisure,Ruby Refine Crop Tank,XS,WTN10145RDXS,999.0,1,0,999.0,4,https://cavaathleisure.com/products/ruby-refine-crop-tank
2026-09-22,Cava Athleisure,Ruby Refine Crop Tank,M,WTN10145RDM,999.0,2,0,1998.0,13,https://cavaathleisure.com/products/ruby-refine-crop-tank
2026-09-22,Cava Athleisure,Ruby Refine Crop Tank,L,WTN10145RDL,999.0,3,0,2997.0,22,https://cavaathleisure.com/products/ruby-refine-crop-tank
2026-09-22,Cava Athleisure,Ivory Contrast Techpique Sleeveless Polo,M,WTPCS0410WHM,1359.0,1,0,1359.0,67,https://cavaathleisure.com/products/ivory-contrast-techpique-sleeveless-polo
2026-09-22,Cava Athleisure,Ivory Contrast Techpique Sleeveless Polo,L,WTPCS0410WHL,1359.0,1,0,1359.0,16,https://cavaathleisure.com/products/ivory-contrast-techpique-sleeveless-polo
2026-09-22,Cava Athleisure,Navy Contrast Techpique Sleeveless Polo,S,WTPCS0410NYS,1359.0,3,0,4077.0,43,https://cavaathleisure.com/products/navy-contrast-techpique-sleeveless-polo
2026-09-22,Cava Athleisure,Navy Contrast Techpique Sleeveless Polo,M,WTPCS0410NYM,1359.0,8,0,10872.0,2,https://cavaathleisure.com/products/navy-contrast-techpique-sleeveless-polo
2026-09-22,Cava Athleisure,Green Contour Jacket,M,WJK4718GRM,2199.0,1,0,2199.0,116,https://cavaathleisure.com/products/green-contour-jacket
2026-09-22,Cava Athleisure,Green Contour Jacket,L,WJK4718GRL,2199.0,2,0,4398.0,57,https://cavaathleisure.com/products/green-contour-jacket
2026-09-22,Cava Athleisure,Green Contour Jacket,XL,WJK4718GRXL,2199.0,1,0,2199.0,19,https://cavaathleisure.com/products/green-contour-jacket
2026-09-22,Cava Athleisure,"Light Grey 5"" Double Layer Rift Shorts",38,MSH5310GYXXL,1847.0,1,0,1847.0,0,https://cavaathleisure.com/products/light-grey-5-double-layer-rift-shorts
2026-09-22,Cava Athleisure,Ivory Refine Crop Tank,XS,WTN10145WHXS,999.0,1,0,999.0,19,https://cavaathleisure.com/products/ivory-refine-crop-tank
2026-09-22,Cava Athleisure,Ivory Refine Crop Tank,S,WTN10145WHS,999.0,1,0,999.0,42,https://cavaathleisure.com/products/ivory-refine-crop-tank
2026-09-22,Cava Athleisure,Ivory Refine Crop Tank,M,WTN10145WHM,999.0,2,0,1998.0,57,https://cavaathleisure.com/products/ivory-refine-crop-tank
2026-09-22,Cava Athleisure,Ice Blue Contour Jacket,S,WJK4718BLS,2199.0,3,0,6597.0,59,https://cavaathleisure.com/products/ice-blue-contour-jacket
2026-09-22,Cava Athleisure,Ice Blue Contour Jacket,M,WJK4718BLM,2199.0,4,0,8796.0,39,https://cavaathleisure.com/products/ice-blue-contour-jacket
2026-09-22,Cava Athleisure,Ice Blue Contour Jacket,XL,WJK4718BLXL,2199.0,1,0,2199.0,0,https://cavaathleisure.com/products/ice-blue-contour-jacket
2026-09-22,Cava Athleisure,Black Contour Jacket,S,WJK4718BKS,2199.0,1,0,2199.0,0,https://cavaathleisure.com/products/black-contour-jacket
2026-09-22,Cava Athleisure,Brown Trailscape Jacket,S,MJK5610BNS,2799.0,2,0,5598.0,37,https://cavaathleisure.com/products/brown-trailscape-jacket
2026-09-22,Cava Athleisure,Brown Trailscape Jacket,M,MJK5610BNM,2799.0,2,0,5598.0,56,https://cavaathleisure.com/products/brown-trailscape-jacket
2026-09-22,Cava Athleisure,Light Grey Trailscape Jacket,M,MJK5610GYM,2799.0,1,0,2799.0,13,https://cavaathleisure.com/products/light-grey-trailscape-jacket
2026-09-22,Cava Athleisure,Light Grey Trailscape Jacket,L,MJK5610GYL,2799.0,1,0,2799.0,50,https://cavaathleisure.com/products/light-grey-trailscape-jacket
2026-09-22,Cava Athleisure,Light Grey Trailscape Jacket,XL,MJK5610GYXL,2799.0,1,0,2799.0,68,https://cavaathleisure.com/products/light-grey-trailscape-jacket
2026-09-22,Cava Athleisure,Navy Trailscape Jacket,M,MJK5610NYM,2799.0,3,0,8397.0,63,https://cavaathleisure.com/products/navy-trailscape-jacket
2026-09-22,Cava Athleisure,White Velocity Training Tee,XL,MTS5518WHXL,1343.0,3,0,4029.0,1,https://cavaathleisure.com/products/white-velocity-training-tee
2026-09-22,Cava Athleisure,Ice Blue Velocity Training Tee,XL,MTS5518BLXL,1343.0,4,0,5372.0,0,https://cavaathleisure.com/products/ice-blue-velocity-training-tee
2026-09-22,Cava Athleisure,Ice Blue Velocity Training Tee,XXL,MTS5518BLXXL,1343.0,1,0,1343.0,23,https://cavaathleisure.com/products/ice-blue-velocity-training-tee
2026-09-22,Cava Athleisure,Teal Velocity Training Tee,XXL,MTS5518GRXXL,1343.0,1,0,1343.0,18,https://cavaathleisure.com/products/teal-velocity-training-tee
2026-09-22,Cava Athleisure,Black Trailscape Jacket,XL,MJK5610BKXL,2799.0,1,0,2799.0,72,https://cavaathleisure.com/products/trailscape-jacketblack-trailscape-jacket
2026-09-22,Cava Athleisure,Lilac Hyper Mesh Sports Bra,S,WSB021PUS,1499.0,4,0,5996.0,85,https://cavaathleisure.com/products/lilac-hyper-mesh-sports-bra
2026-09-22,Cava Athleisure,Lilac Hyper Mesh Sports Bra,M,WSB021PUM,1499.0,1,0,1499.0,0,https://cavaathleisure.com/products/lilac-hyper-mesh-sports-bra
2026-09-22,Cava Athleisure,Lilac Hyper Mesh Sports Bra,L,WSB021PUL,1499.0,1,0,1499.0,0,https://cavaathleisure.com/products/lilac-hyper-mesh-sports-bra
2026-09-22,Cava Athleisure,Lilac Hyper Mesh Sports Bra,XL,WSB021PUXL,1499.0,1,0,1499.0,0,https://cavaathleisure.com/products/lilac-hyper-mesh-sports-bra
2026-09-22,Cava Athleisure,Lilac Hyper Mesh Sports Bra,XXL,WSB021PUXXL,1499.0,0,1,0.0,1,https://cavaathleisure.com/products/lilac-hyper-mesh-sports-bra
2026-09-22,Cava Athleisure,Plum Cotton Recovery Jacket,XS,WJK3616PUXS,1264.0,1,0,1264.0,10,https://cavaathleisure.com/products/plum-cotton-recovery-jacket
2026-09-22,Cava Athleisure,Red Pulse Seamless Tee,XL,MTSCS12117RDXL,899.0,1,0,899.0,68,https://cavaathleisure.com/products/red-pulse-seamless-tee
2026-09-22,Cava Athleisure,Navy Ripple Swim Skorts,XL,WSWSK3414NYXL,2493.0,0,2,0.0,2,https://cavaathleisure.com/products/navy-ripple-swim-skorts
2026-09-22,Cava Athleisure,Cherry Ripple Swim Skorts,M,WSWSK3414RDM,2499.0,2,0,4998.0,244,https://cavaathleisure.com/products/cherry-ripple-swim-skorts
2026-09-22,Cava Athleisure,Cherry Ripple Swim Skorts,L,WSWSK3414RDL,2499.0,6,0,14994.0,201,https://cavaathleisure.com/products/cherry-ripple-swim-skorts
2026-09-22,Cava Athleisure,Cherry Ripple Swim Skorts,XL,WSWSK3414RDXL,2499.0,2,0,4998.0,54,https://cavaathleisure.com/products/cherry-ripple-swim-skorts
2026-09-22,Cava Athleisure,Cherry Ripple Swim Skorts,XXL,WSWSK3414RDXXL,2499.0,0,1,0.0,48,https://cavaathleisure.com/products/cherry-ripple-swim-skorts
2026-09-22,Cava Athleisure,Black Ripple Swim Skorts,XS,WSWSK3414BKXS,2489.0,1,0,2489.0,94,https://cavaathleisure.com/products/black-ripple-swim-skorts
2026-09-22,Cava Athleisure,Black Ripple Swim Skorts,M,WSWSK3414BKM,2489.0,5,0,12445.0,214,https://cavaathleisure.com/products/black-ripple-swim-skorts
2026-09-22,Cava Athleisure,Black Ripple Swim Skorts,L,WSWSK3414BKL,2489.0,2,0,4978.0,227,https://cavaathleisure.com/products/black-ripple-swim-skorts
2026-09-22,Cava Athleisure,Black Ripple Swim Skorts,XL,WSWSK3414BKXL,2489.0,1,0,2489.0,93,https://cavaathleisure.com/products/black-ripple-swim-skorts
2026-09-22,Cava Athleisure,Cherry Tieback Swim Top,S,WSWTP3314RDS,2499.0,3,0,7497.0,206,https://cavaathleisure.com/products/cherry-tieback-swim-top
2026-09-22,Cava Athleisure,Cherry Tieback Swim Top,M,WSWTP3314RDM,2499.0,4,0,9996.0,241,https://cavaathleisure.com/products/cherry-tieback-swim-top
2026-09-22,Cava Athleisure,Cherry Tieback Swim Top,L,WSWTP3314RDL,2499.0,5,0,12495.0,157,https://cavaathleisure.com/products/cherry-tieback-swim-top
2026-09-22,Cava Athleisure,Cherry Tieback Swim Top,XL,WSWTP3314RDXL,2499.0,1,0,2499.0,59,https://cavaathleisure.com/products/cherry-tieback-swim-top
2026-09-22,Cava Athleisure,Cherry Tieback Swim Top,XXL,WSWTP3314RDXXL,2499.0,1,0,2499.0,45,https://cavaathleisure.com/products/cherry-tieback-swim-top
2026-09-22,Cava Athleisure,Navy Tieback Swim Top,XL,WSWTP3314NYXL,2486.0,0,2,0.0,2,https://cavaathleisure.com/products/navy-tieback-swim-top
2026-09-22,Cava Athleisure,Black Tieback Swim Top,S,WSWTP3314BKS,2483.0,2,0,4966.0,166,https://cavaathleisure.com/products/black-tieback-swim-top
2026-09-22,Cava Athleisure,Black Tieback Swim Top,M,WSWTP3314BKM,2483.0,1,0,2483.0,206,https://cavaathleisure.com/products/black-tieback-swim-top
2026-09-22,Cava Athleisure,Black Cava Essential Tote,Free Size,WAC6014BK,1699.0,1,0,1699.0,69,https://cavaathleisure.com/products/black-cava-essential-tote
2026-09-22,Cava Athleisure,Sage Green Cava Essential Tote,Free Size,WAC5814GR,1717.0,1,0,1717.0,0,https://cavaathleisure.com/products/sage-green-cava-essential-tote
2026-09-22,Cava Athleisure,Ivory Cava Essential Tote,Free Size,WAC5914WH,1699.0,7,0,11893.0,93,https://cavaathleisure.com/products/ivory-cava-essential-tote
2026-09-22,Cava Athleisure,Cherry Plie Pleated Skort,XS,WSKCS0610RDXS,1699.0,1,0,1699.0,258,https://cavaathleisure.com/products/cherry-plie-pleated-skort
2026-09-22,Cava Athleisure,Cherry Plie Pleated Skort,S,WSKCS0610RDS,1699.0,7,0,11893.0,145,https://cavaathleisure.com/products/cherry-plie-pleated-skort
2026-09-22,Cava Athleisure,Cherry Plie Pleated Skort,XXL,WSKCS0610RDXXL,1699.0,1,0,1699.0,0,https://cavaathleisure.com/products/cherry-plie-pleated-skort
2026-09-22,Cava Athleisure,Steel Blue Hourglass Flared Leggings,XS,WFPACU0145BLXS,1429.0,9,0,12861.0,88,https://cavaathleisure.com/products/steel-blue-hourglass-flared-leggings
2026-09-22,Cava Athleisure,Steel Blue Hourglass Flared Leggings,XS,WFPACU0445BLXS,1429.0,2,0,2858.0,33,https://cavaathleisure.com/products/steel-blue-hourglass-flared-leggings
2026-09-22,Cava Athleisure,Steel Blue Hourglass Flared Leggings,S,WFPACU0145BLS,1429.0,9,0,12861.0,182,https://cavaathleisure.com/products/steel-blue-hourglass-flared-leggings
2026-09-22,Cava Athleisure,Steel Blue Hourglass Flared Leggings,S,WFPACU0445BLS,1429.0,4,0,5716.0,8,https://cavaathleisure.com/products/steel-blue-hourglass-flared-leggings
2026-09-22,Cava Athleisure,Steel Blue Hourglass Flared Leggings,M,WFPACU0145BLM,1429.0,20,0,28580.0,163,https://cavaathleisure.com/products/steel-blue-hourglass-flared-leggings
2026-09-22,Cava Athleisure,Steel Blue Hourglass Flared Leggings,M,WFPACU0445BLM,1429.0,11,0,15719.0,67,https://cavaathleisure.com/products/steel-blue-hourglass-flared-leggings
2026-09-22,Cava Athleisure,Steel Blue Hourglass Flared Leggings,L,WFPACU0145BLL,1429.0,11,0,15719.0,273,https://cavaathleisure.com/products/steel-blue-hourglass-flared-leggings
2026-09-22,Cava Athleisure,Steel Blue Hourglass Flared Leggings,L,WFPACU0245BLL,1429.0,3,0,4287.0,0,https://cavaathleisure.com/products/steel-blue-hourglass-flared-leggings
2026-09-22,Cava Athleisure,Steel Blue Hourglass Flared Leggings,L,WFPACU0445BLL,1429.0,6,0,8574.0,25,https://cavaathleisure.com/products/steel-blue-hourglass-flared-leggings
2026-09-22,Cava Athleisure,Steel Blue Hourglass Flared Leggings,XL,WFPACU0145BLXL,1429.0,3,0,4287.0,113,https://cavaathleisure.com/products/steel-blue-hourglass-flared-leggings
2026-09-22,Cava Athleisure,Steel Blue Hourglass Flared Leggings,XL,WFPACU0245BLXL,1429.0,0,2,0.0,36,https://cavaathleisure.com/products/steel-blue-hourglass-flared-leggings
2026-09-22,Cava Athleisure,Steel Blue Hourglass Flared Leggings,XL,WFPACU0445BLXL,1429.0,7,0,10003.0,51,https://cavaathleisure.com/products/steel-blue-hourglass-flared-leggings
2026-09-22,Cava Athleisure,Steel Blue Hourglass Flared Leggings,XXL,WFPACU0145BLXXL,1429.0,0,1,0.0,1,https://cavaathleisure.com/products/steel-blue-hourglass-flared-leggings
2026-09-22,Cava Athleisure,Steel Blue Hourglass Flared Leggings,XXL,WFPACU0445BLXXL,1429.0,0,1,0.0,1,https://cavaathleisure.com/products/steel-blue-hourglass-flared-leggings
2026-09-22,Cava Athleisure,Wine Hourglass Booty Shorts,XS,WSH0845WRDXS,1099.0,2,0,2198.0,80,https://cavaathleisure.com/products/wine-hourglass-booty-shorts
2026-09-22,Cava Athleisure,Wine Hourglass Booty Shorts,S,WSH0845WRDS,1099.0,9,0,9891.0,410,https://cavaathleisure.com/products/wine-hourglass-booty-shorts
2026-09-22,Cava Athleisure,Wine Hourglass Booty Shorts,M,WSH0845WRDM,1099.0,22,0,24178.0,167,https://cavaathleisure.com/products/wine-hourglass-booty-shorts
2026-09-22,Cava Athleisure,Wine Hourglass Booty Shorts,L,WSH0845WRDL,1099.0,16,0,17584.0,57,https://cavaathleisure.com/products/wine-hourglass-booty-shorts
2026-09-22,Cava Athleisure,Wine Hourglass Booty Shorts,XL,WSH0845WRDXL,1099.0,3,0,3297.0,12,https://cavaathleisure.com/products/wine-hourglass-booty-shorts
2026-09-22,Cava Athleisure,Wine Hourglass Booty Shorts,XXL,WSH0845WRDXXL,1099.0,0,1,0.0,1,https://cavaathleisure.com/products/wine-hourglass-booty-shorts
2026-09-22,Cava Athleisure,Steel Blue Hourglass Booty Shorts,XS,WSH0845BLXS,1099.0,4,0,4396.0,82,https://cavaathleisure.com/products/steel-blue-hourglass-booty-shorts
2026-09-22,Cava Athleisure,Steel Blue Hourglass Booty Shorts,S,WSH0845BLS,1099.0,3,0,3297.0,145,https://cavaathleisure.com/products/steel-blue-hourglass-booty-shorts
2026-09-22,Cava Athleisure,Steel Blue Hourglass Booty Shorts,M,WSH0845BLM,1099.0,12,0,13188.0,134,https://cavaathleisure.com/products/steel-blue-hourglass-booty-shorts
2026-09-22,Cava Athleisure,Steel Blue Hourglass Booty Shorts,L,WSH0845BLL,1099.0,7,0,7693.0,89,https://cavaathleisure.com/products/steel-blue-hourglass-booty-shorts
2026-09-22,Cava Athleisure,Steel Blue Hourglass Booty Shorts,XL,WSH0845BLXL,1099.0,2,0,2198.0,46,https://cavaathleisure.com/products/steel-blue-hourglass-booty-shorts
2026-09-22,Cava Athleisure,Steel Blue Hourglass Booty Shorts,XXL,WSH0845BLXXL,1099.0,1,0,1099.0,12,https://cavaathleisure.com/products/steel-blue-hourglass-booty-shorts
2026-09-22,Cava Athleisure,Cherry Studio Compression Sports Bra,XL,WSB4014RDXL,1799.0,0,1,0.0,1,https://cavaathleisure.com/products/cherry-studio-compression-sports-bra
2026-09-22,Cava Athleisure,Slate Studio Compression Sports Bra,L,WSB4014GYL,1799.0,0,1,0.0,1,https://cavaathleisure.com/products/slate-studio-compression-sports-bra
2026-09-22,Cava Athleisure,"Black 5"" Pacer Shorts",32,MSH4217BK32,1599.0,2,0,3198.0,33,https://cavaathleisure.com/products/black-5-pacer-shorts
2026-09-22,Cava Athleisure,"Black 5"" Pacer Shorts",38,MSH4217BK38,1599.0,1,0,1599.0,6,https://cavaathleisure.com/products/black-5-pacer-shorts
2026-09-22,Cava Athleisure,"Teal 5"" Pacer Shorts",30,MSH4217GR30,1599.0,1,0,1599.0,6,https://cavaathleisure.com/products/teal-5-pacer-shorts
2026-09-22,Cava Athleisure,"Teal 5"" Pacer Shorts",32,MSH4217GR32,1599.0,3,0,4797.0,94,https://cavaathleisure.com/products/teal-5-pacer-shorts
2026-09-22,Cava Athleisure,"Teal 5"" Pacer Shorts",34,MSH4217GR34,1599.0,2,0,3198.0,37,https://cavaathleisure.com/products/teal-5-pacer-shorts
2026-09-22,Cava Athleisure,Purple Fluid Ozone Sleeveless Tank,XXL,MTN4314PBKXXL,1199.0,0,1,0.0,4,https://cavaathleisure.com/products/purple-fluid-ozone-sleeveless-tank
2026-09-22,Cava Athleisure,Slate Contour Flared Leggings,XS,WFP3714GYXS,1399.0,5,0,6995.0,35,https://cavaathleisure.com/products/slate-contour-flared-leggings
2026-09-22,Cava Athleisure,Slate Contour Flared Leggings,S,WFP3714GYS,1399.0,4,0,5596.0,32,https://cavaathleisure.com/products/slate-contour-flared-leggings
2026-09-22,Cava Athleisure,Slate Contour Flared Leggings,M,WFP3714GYM,1399.0,14,0,19586.0,40,https://cavaathleisure.com/products/slate-contour-flared-leggings
2026-09-22,Cava Athleisure,Slate Contour Flared Leggings,L,WFP3714GYL,1399.0,1,0,1399.0,35,https://cavaathleisure.com/products/slate-contour-flared-leggings
2026-09-22,Cava Athleisure,Slate Contour Flared Leggings,XL,WFP3714GYXL,1399.0,2,0,2798.0,17,https://cavaathleisure.com/products/slate-contour-flared-leggings
2026-09-22,Cava Athleisure,Slate Contour Flared Leggings,XXL,WFP3714GYXXL,1399.0,4,0,5596.0,12,https://cavaathleisure.com/products/slate-contour-flared-leggings
2026-09-22,Cava Athleisure,Pink Strap Back Sports Bra,XS,WSB1917PNXS,1199.0,5,0,5995.0,120,https://cavaathleisure.com/products/pink-strap-back-sports-bra
2026-09-22,Cava Athleisure,Pink Strap Back Sports Bra,M,WSB1917PNM,1199.0,4,0,4796.0,42,https://cavaathleisure.com/products/pink-strap-back-sports-bra
2026-09-22,Cava Athleisure,Pink Strap Back Sports Bra,L,WSB1917PNL,1199.0,4,0,4796.0,137,https://cavaathleisure.com/products/pink-strap-back-sports-bra
2026-09-22,Cava Athleisure,Pink Strap Back Sports Bra,XL,WSB1917PNXL,1199.0,2,0,2398.0,144,https://cavaathleisure.com/products/pink-strap-back-sports-bra
2026-09-22,Cava Athleisure,Pink Strap Back Sports Bra,XXL,WSB1917PNXXL,1199.0,2,0,2398.0,92,https://cavaathleisure.com/products/pink-strap-back-sports-bra
2026-09-22,Cava Athleisure,Plum Contoured Seamless Sports Bra,XXL,WSBUD17PUXXL,999.0,1,0,999.0,0,https://cavaathleisure.com/products/plum-contoured-seamless-sports-bra
2026-09-22,Cava Athleisure,Navy Contoured Seamless Sports Bra,L,WSBUD17NYL,999.0,1,0,999.0,0,https://cavaathleisure.com/products/navy-contoured-seamless-sports-bra
2026-09-22,Cava Athleisure,Navy Contoured Seamless Sports Bra,XXL,WSBUD17NYXXL,999.0,1,0,999.0,1,https://cavaathleisure.com/products/navy-contoured-seamless-sports-bra
2026-09-22,Cava Athleisure,Cherry Contour Flared Leggings,XS,WFP3714RDXS,1399.0,11,0,15389.0,22,https://cavaathleisure.com/products/cherry-contour-flared-leggings
2026-09-22,Cava Athleisure,Cherry Contour Flared Leggings,L,WFP3714RDL,1399.0,17,0,23783.0,13,https://cavaathleisure.com/products/cherry-contour-flared-leggings
2026-09-22,Cava Athleisure,Cherry Contour Flared Leggings,XL,WFP3714RDXL,1399.0,0,1,0.0,1,https://cavaathleisure.com/products/cherry-contour-flared-leggings
2026-09-22,Cava Athleisure,Cherry Contour Flared Leggings,XXL,WFP3714RDXXL,1399.0,0,2,0.0,2,https://cavaathleisure.com/products/cherry-contour-flared-leggings
2026-09-22,Cava Athleisure,Cherry Studio Compression Leggings,XS,WLG3714RDXS,999.0,1,0,999.0,4,https://cavaathleisure.com/products/cherry-studio-compression-leggings
2026-09-22,Cava Athleisure,Cherry Studio Compression Leggings,XL,WLG3714RDXL,999.0,0,1,0.0,1,https://cavaathleisure.com/products/cherry-studio-compression-leggings
2026-09-22,Cava Athleisure,Slate Studio Compression Leggings,S,WLG3714GYS,999.0,1,0,999.0,0,https://cavaathleisure.com/products/slate-studio-compression-leggings
2026-09-22,Cava Athleisure,Blush Hourglass Swirl Skorts,XS,WSK4114PNXS,1599.0,4,0,6396.0,82,https://cavaathleisure.com/products/blush-hourglass-swirl-skorts
2026-09-22,Cava Athleisure,Blush Hourglass Swirl Skorts,S,WSK4114PNS,1599.0,10,0,15990.0,102,https://cavaathleisure.com/products/blush-hourglass-swirl-skorts
2026-09-22,Cava Athleisure,Blush Hourglass Swirl Skorts,M,WSK4114PNM,1599.0,25,0,39975.0,84,https://cavaathleisure.com/products/blush-hourglass-swirl-skorts
2026-09-22,Cava Athleisure,Blush Hourglass Swirl Skorts,L,WSK4114PNL,1599.0,13,0,20787.0,85,https://cavaathleisure.com/products/blush-hourglass-swirl-skorts
2026-09-22,Cava Athleisure,Blush Hourglass Swirl Skorts,XL,WSK4114PNXL,1599.0,9,0,14391.0,16,https://cavaathleisure.com/products/blush-hourglass-swirl-skorts
2026-09-22,Cava Athleisure,Blush Hourglass Swirl Skorts,XXL,WSK4114PNXXL,1599.0,3,0,4797.0,22,https://cavaathleisure.com/products/blush-hourglass-swirl-skorts
2026-09-22,Cava Athleisure,Wine Hourglass Swirl Skorts,XS,WSK4114WRDXS,1599.0,2,0,3198.0,92,https://cavaathleisure.com/products/wine-hourglass-swirl-skorts
2026-09-22,Cava Athleisure,Wine Hourglass Swirl Skorts,S,WSK4114WRDS,1599.0,5,0,7995.0,158,https://cavaathleisure.com/products/wine-hourglass-swirl-skorts
2026-09-22,Cava Athleisure,Wine Hourglass Swirl Skorts,M,WSK4114WRDM,1599.0,12,0,19188.0,40,https://cavaathleisure.com/products/wine-hourglass-swirl-skorts
2026-09-22,Cava Athleisure,Wine Hourglass Swirl Skorts,L,WSK4114WRDL,1599.0,7,0,11193.0,31,https://cavaathleisure.com/products/wine-hourglass-swirl-skorts
2026-09-22,Cava Athleisure,Wine Hourglass Swirl Skorts,XXL,WSK4114WRDXXL,1599.0,6,0,9594.0,22,https://cavaathleisure.com/products/wine-hourglass-swirl-skorts
2026-09-22,Cava Athleisure,Black Hourglass Swirl Skorts,XS,WSK4114BKXS,1599.0,3,0,4797.0,57,https://cavaathleisure.com/products/black-hourglass-swirl-skorts
2026-09-22,Cava Athleisure,Black Hourglass Swirl Skorts,S,WSK4114BKS,1599.0,7,0,11193.0,41,https://cavaathleisure.com/products/black-hourglass-swirl-skorts
2026-09-22,Cava Athleisure,Black Hourglass Swirl Skorts,M,WSK4114BKM,1599.0,7,0,11193.0,93,https://cavaathleisure.com/products/black-hourglass-swirl-skorts
2026-09-22,Cava Athleisure,Black Hourglass Swirl Skorts,L,WSK4114BKL,1599.0,13,0,20787.0,97,https://cavaathleisure.com/products/black-hourglass-swirl-skorts
2026-09-22,Cava Athleisure,Black Hourglass Swirl Skorts,XL,WSK4114BKXL,1599.0,3,0,4797.0,29,https://cavaathleisure.com/products/black-hourglass-swirl-skorts
2026-09-22,Cava Athleisure,Black Hourglass Swirl Skorts,XXL,WSK4114BKXXL,1599.0,1,0,1599.0,42,https://cavaathleisure.com/products/black-hourglass-swirl-skorts
2026-09-22,Cava Athleisure,Pink Heartline Sports Bra,XS,WSB3914MPNXS,1399.0,1,0,1399.0,38,https://cavaathleisure.com/products/pink-heartline-sports-bra
2026-09-22,Cava Athleisure,Pink Heartline Sports Bra,S,WSB3914MPNS,1399.0,2,0,2798.0,9,https://cavaathleisure.com/products/pink-heartline-sports-bra
2026-09-22,Cava Athleisure,Pink Heartline Sports Bra,M,WSB3914MPNM,1399.0,6,0,8394.0,0,https://cavaathleisure.com/products/pink-heartline-sports-bra
2026-09-22,Cava Athleisure,Pink Heartline Sports Bra,XL,WSB3914MPNXL,1399.0,1,0,1399.0,0,https://cavaathleisure.com/products/pink-heartline-sports-bra
2026-09-22,Cava Athleisure,Blush Heartline Sports Bra,XS,WSB3914PNXS,1596.0,2,0,3192.0,35,https://cavaathleisure.com/products/blush-heartline-sports-bra
2026-09-22,Cava Athleisure,Blush Heartline Sports Bra,S,WSB3914PNS,1596.0,3,0,4788.0,38,https://cavaathleisure.com/products/blush-heartline-sports-bra
2026-09-22,Cava Athleisure,Blush Heartline Sports Bra,M,WSB3914PNM,1596.0,8,0,12768.0,34,https://cavaathleisure.com/products/blush-heartline-sports-bra
2026-09-22,Cava Athleisure,Blush Heartline Sports Bra,L,WSB3914PNL,1596.0,2,0,3192.0,0,https://cavaathleisure.com/products/blush-heartline-sports-bra
2026-09-22,Cava Athleisure,Blush Heartline Sports Bra,XXL,WSB3914PNXXL,1596.0,2,0,3192.0,14,https://cavaathleisure.com/products/blush-heartline-sports-bra
2026-09-22,Cava Athleisure,Black Studio Compression Sports Bra,XS,WSB4014BKXS,1799.0,0,1,0.0,1,https://cavaathleisure.com/products/black-studio-compression-sports-bra
2026-09-22,Cava Athleisure,Black Studio Compression Sports Bra,M,WSB4014BKM,1799.0,0,1,0.0,1,https://cavaathleisure.com/products/black-studio-compression-sports-bra
2026-09-22,Cava Athleisure,Teal Fluid Racerback Tank,XS,WTNSET510PGRXS,1599.0,7,0,11193.0,50,https://cavaathleisure.com/products/teal-fluid-racerback-tank
2026-09-22,Cava Athleisure,Teal Fluid Racerback Tank,S,WTNSET510PGRS,1599.0,26,0,41574.0,67,https://cavaathleisure.com/products/teal-fluid-racerback-tank
2026-09-22,Cava Athleisure,Teal Fluid Racerback Tank,M,WTNSET510PGRM,1599.0,43,0,68757.0,70,https://cavaathleisure.com/products/teal-fluid-racerback-tank
2026-09-22,Cava Athleisure,Teal Fluid Racerback Tank,L,WTNSET510PGRL,1599.0,23,0,36777.0,52,https://cavaathleisure.com/products/teal-fluid-racerback-tank
2026-09-22,Cava Athleisure,Teal Fluid Racerback Tank,XL,WTNSET510PGRXL,1599.0,9,0,14391.0,6,https://cavaathleisure.com/products/teal-fluid-racerback-tank
2026-09-22,Cava Athleisure,Teal Fluid Racerback Tank,XXL,WTNSET510PGRXXL,1599.0,5,0,7995.0,11,https://cavaathleisure.com/products/teal-fluid-racerback-tank
2026-09-22,Cava Athleisure,Black Heartline Sports Bra,XS,WSB3914BKXS,1399.0,1,0,1399.0,4,https://cavaathleisure.com/products/black-heartline-sports-bra
2026-09-22,Cava Athleisure,Black Heartline Sports Bra,XL,WSB3914BKXL,1399.0,0,1,0.0,2,https://cavaathleisure.com/products/black-heartline-sports-bra
2026-09-22,Cava Athleisure,Slate Ozone Sleeveless Tank,S,MTN4314GYS,1199.0,1,0,1199.0,0,https://cavaathleisure.com/products/slate-ozone-sleeveless-tank
2026-09-22,Cava Athleisure,Pink Hourglass Booty Shorts,XS,WSH0814PNXS,1099.0,2,0,2198.0,87,https://cavaathleisure.com/products/pink-hourglass-booty-shorts
2026-09-22,Cava Athleisure,Pink Hourglass Booty Shorts,S,WSH0814PNS,1099.0,2,0,2198.0,112,https://cavaathleisure.com/products/pink-hourglass-booty-shorts
2026-09-22,Cava Athleisure,Pink Hourglass Booty Shorts,M,WSH0814PNM,1099.0,12,0,13188.0,111,https://cavaathleisure.com/products/pink-hourglass-booty-shorts
2026-09-22,Cava Athleisure,Pink Hourglass Booty Shorts,L,WSH0814PNL,1099.0,4,0,4396.0,85,https://cavaathleisure.com/products/pink-hourglass-booty-shorts
2026-09-22,Cava Athleisure,Pink Hourglass Booty Shorts,XL,WSH0814PNXL,1099.0,2,0,2198.0,69,https://cavaathleisure.com/products/pink-hourglass-booty-shorts
2026-09-22,Cava Athleisure,Pink Hourglass Booty Shorts,XXL,WSH0814PNXXL,1099.0,3,0,3297.0,28,https://cavaathleisure.com/products/pink-hourglass-booty-shorts
2026-09-22,Cava Athleisure,Plum Seamless Cinched Leggings,XS,WLGUD17PUXS,1099.0,1,0,1099.0,69,https://cavaathleisure.com/products/plum-seamless-cinched-leggings
2026-09-22,Cava Athleisure,Plum Seamless Cinched Leggings,S,WLGUD17PUS,1099.0,2,0,2198.0,25,https://cavaathleisure.com/products/plum-seamless-cinched-leggings
2026-09-22,Cava Athleisure,Plum Seamless Cinched Leggings,XL,WLGUD17PUXL,1099.0,0,2,0.0,2,https://cavaathleisure.com/products/plum-seamless-cinched-leggings
2026-09-22,Cava Athleisure,Ivory Ultra Support Sports Bra,XS,WSB0114WHXS,1399.0,17,0,23783.0,160,https://cavaathleisure.com/products/ivory-ultra-support-sports-bra
2026-09-22,Cava Athleisure,Ivory Ultra Support Sports Bra,S,WSB0114WHS,1399.0,39,0,54561.0,273,https://cavaathleisure.com/products/ivory-ultra-support-sports-bra
2026-09-22,Cava Athleisure,Ivory Ultra Support Sports Bra,M,WSB0114WHM,1399.0,98,0,137102.0,236,https://cavaathleisure.com/products/ivory-ultra-support-sports-bra
2026-09-22,Cava Athleisure,Ivory Ultra Support Sports Bra,L,WSB0114WHL,1399.0,66,0,92334.0,141,https://cavaathleisure.com/products/ivory-ultra-support-sports-bra
2026-09-22,Cava Athleisure,Ivory Ultra Support Sports Bra,XL,WSB0114WHXL,1399.0,34,0,47566.0,17,https://cavaathleisure.com/products/ivory-ultra-support-sports-bra
2026-09-22,Cava Athleisure,Ivory Ultra Support Sports Bra,XXL,WSB0114WHXXL,1399.0,23,0,32177.0,12,https://cavaathleisure.com/products/ivory-ultra-support-sports-bra
2026-09-22,Cava Athleisure,Navy Seamless Cinched Leggings,XS,WLGUD17NYXS,1099.0,7,0,7693.0,45,https://cavaathleisure.com/products/navy-seamless-cinched-leggings
2026-09-22,Cava Athleisure,Cherry Sculptor Jacket,XS,WJKSET510RDXS,1799.0,6,0,10794.0,69,https://cavaathleisure.com/products/cherry-sculptor-jacket
2026-09-22,Cava Athleisure,Cherry Sculptor Jacket,S,WJKSET510RDS,1799.0,18,0,32382.0,282,https://cavaathleisure.com/products/cherry-sculptor-jacket
2026-09-22,Cava Athleisure,Cherry Sculptor Jacket,M,WJKSET510RDM,1799.0,31,0,55769.0,395,https://cavaathleisure.com/products/cherry-sculptor-jacket
2026-09-22,Cava Athleisure,Cherry Sculptor Jacket,L,WJKSET510RDL,1799.0,27,0,48573.0,374,https://cavaathleisure.com/products/cherry-sculptor-jacket
2026-09-22,Cava Athleisure,Cherry Sculptor Jacket,XL,WJKSET510RDXL,1799.0,10,0,17990.0,140,https://cavaathleisure.com/products/cherry-sculptor-jacket
2026-09-22,Cava Athleisure,Cherry Sculptor Jacket,XXL,WJKSET510RDXXL,1799.0,6,0,10794.0,138,https://cavaathleisure.com/products/cherry-sculptor-jacket
2026-09-22,Cava Athleisure,Cherry Hourglass Swirl Skorts,XS,WSK4114RDXS,1599.0,6,0,9594.0,170,https://cavaathleisure.com/products/cherry-hourglass-swirl-skorts
2026-09-22,Cava Athleisure,Cherry Hourglass Swirl Skorts,S,WSK4114RDS,1599.0,19,0,30381.0,224,https://cavaathleisure.com/products/cherry-hourglass-swirl-skorts
2026-09-22,Cava Athleisure,Cherry Hourglass Swirl Skorts,M,WSK4114RDM,1599.0,45,0,71955.0,215,https://cavaathleisure.com/products/cherry-hourglass-swirl-skorts
2026-09-22,Cava Athleisure,Cherry Hourglass Swirl Skorts,L,WSK4114RDL,1599.0,32,0,51168.0,71,https://cavaathleisure.com/products/cherry-hourglass-swirl-skorts
2026-09-22,Cava Athleisure,Cherry Hourglass Swirl Skorts,XXL,WSK4114RDXXL,1599.0,3,0,4797.0,5,https://cavaathleisure.com/products/cherry-hourglass-swirl-skorts
2026-09-22,Cava Athleisure,Steel Blue Hourglass Snug Leggings,XS,WLG1045BLXS,1299.0,4,0,5196.0,9,https://cavaathleisure.com/products/steel-blue-hourglass-snug-leggings
2026-09-22,Cava Athleisure,Steel Blue Hourglass Snug Leggings,S,WLG1045BLS,1299.0,8,0,10392.0,63,https://cavaathleisure.com/products/steel-blue-hourglass-snug-leggings
2026-09-22,Cava Athleisure,Steel Blue Hourglass Snug Leggings,M,WLG1045BLM,1299.0,25,0,32475.0,77,https://cavaathleisure.com/products/steel-blue-hourglass-snug-leggings
2026-09-22,Cava Athleisure,Steel Blue Hourglass Snug Leggings,L,WLG1045BLL,1299.0,12,0,15588.0,65,https://cavaathleisure.com/products/steel-blue-hourglass-snug-leggings
2026-09-22,Cava Athleisure,Steel Blue Hourglass Snug Leggings,XL,WLG1045BLXL,1299.0,11,0,14289.0,56,https://cavaathleisure.com/products/steel-blue-hourglass-snug-leggings
2026-09-22,Cava Athleisure,Steel Blue Hourglass Snug Leggings,XXL,WLG1045BLXXL,1299.0,3,0,3897.0,25,https://cavaathleisure.com/products/steel-blue-hourglass-snug-leggings
2026-09-22,Cava Athleisure,Wine Hourglass Snug Leggings,XS,WLG1045WRDXS,1299.0,15,0,19485.0,48,https://cavaathleisure.com/products/wine-hourglass-snug-leggings
2026-09-22,Cava Athleisure,Wine Hourglass Snug Leggings,S,WLG1045WRDS,1299.0,20,0,25980.0,141,https://cavaathleisure.com/products/wine-hourglass-snug-leggings
2026-09-22,Cava Athleisure,Wine Hourglass Snug Leggings,M,WLG1045WRDM,1299.0,63,0,81837.0,127,https://cavaathleisure.com/products/wine-hourglass-snug-leggings
2026-09-22,Cava Athleisure,Wine Hourglass Snug Leggings,L,WLG1045WRDL,1299.0,41,0,53259.0,125,https://cavaathleisure.com/products/wine-hourglass-snug-leggings
2026-09-22,Cava Athleisure,Wine Hourglass Snug Leggings,XL,WLG1045WRDXL,1299.0,16,0,20784.0,57,https://cavaathleisure.com/products/wine-hourglass-snug-leggings
2026-09-22,Cava Athleisure,Wine Hourglass Snug Leggings,XXL,WLG1045WRDXXL,1299.0,13,0,16887.0,54,https://cavaathleisure.com/products/wine-hourglass-snug-leggings
2026-09-22,Cava Athleisure,Toasted Swirl Tennis Skorts,XS,WSKSET445BNXS,1399.0,3,0,4197.0,99,https://cavaathleisure.com/products/toasted-swirl-tennis-skorts
2026-09-22,Cava Athleisure,Toasted Swirl Tennis Skorts,S,WSKSET445BNS,1399.0,5,0,6995.0,79,https://cavaathleisure.com/products/toasted-swirl-tennis-skorts
2026-09-22,Cava Athleisure,Toasted Swirl Tennis Skorts,M,WSKSET445BNM,1399.0,8,0,11192.0,78,https://cavaathleisure.com/products/toasted-swirl-tennis-skorts
2026-09-22,Cava Athleisure,Toasted Swirl Tennis Skorts,L,WSKSET445BNL,1399.0,5,0,6995.0,46,https://cavaathleisure.com/products/toasted-swirl-tennis-skorts
2026-09-22,Cava Athleisure,Toasted Swirl Tennis Skorts,XL,WSKSET445BNXL,1399.0,1,0,1399.0,25,https://cavaathleisure.com/products/toasted-swirl-tennis-skorts
2026-09-22,Cava Athleisure,Toasted Swirl Tennis Skorts,XXL,WSKSET445BNXXL,1399.0,3,0,4197.0,34,https://cavaathleisure.com/products/toasted-swirl-tennis-skorts
2026-09-22,Cava Athleisure,Grey Adaptive Quarter Zip,M,WHD4445GYM,1559.0,0,2,0.0,2,https://cavaathleisure.com/products/grey-adaptive-quarter-zip
2026-09-22,Cava Athleisure,Grey Adaptive Quarter Zip,L,WHD4445GYL,1559.0,1,0,1559.0,1,https://cavaathleisure.com/products/grey-adaptive-quarter-zip
2026-09-22,Cava Athleisure,Shadow Everywear Sweatshirt,XXL,MHD1615BKXXL,749.0,1,0,749.0,4,https://cavaathleisure.com/products/shadow-everywear-sweatshirt
2026-09-22,Cava Athleisure,Shadow Cotton Leisure Shorts,S,MSH1616BKS,799.0,1,0,799.0,48,https://cavaathleisure.com/products/shadow-cotton-leisure-shorts
2026-09-22,Cava Athleisure,Shadow Cotton Leisure Shorts,M,MSH1616BKM,799.0,2,0,1598.0,116,https://cavaathleisure.com/products/shadow-cotton-leisure-shorts
2026-09-22,Cava Athleisure,Shadow Everywear Leisure Tee,S,MTS1614BKS,699.0,1,0,699.0,20,https://cavaathleisure.com/products/shadow-everywear-leisure-tee
2026-09-22,Cava Athleisure,Shadow Everywear Leisure Tee,M,MTS1614BKM,699.0,2,0,1398.0,43,https://cavaathleisure.com/products/shadow-everywear-leisure-tee
2026-09-22,Cava Athleisure,Blue Everywear Leisure Tee,S,MTS1614NYS,699.0,1,0,699.0,48,https://cavaathleisure.com/products/blue-everywear-leisure-tee
2026-09-22,Cava Athleisure,Blue Everywear Leisure Tee,M,MTS1614NYM,699.0,7,0,4893.0,28,https://cavaathleisure.com/products/blue-everywear-leisure-tee
2026-09-22,Cava Athleisure,Blue Everywear Leisure Tee,L,MTS1614NYL,699.0,2,0,1398.0,25,https://cavaathleisure.com/products/blue-everywear-leisure-tee
2026-09-22,Cava Athleisure,Blue Everywear Leisure Tee,XL,MTS1614NYXL,699.0,0,1,0.0,16,https://cavaathleisure.com/products/blue-everywear-leisure-tee
2026-09-22,Cava Athleisure,Blue Everywear Leisure Tee,XXL,MTS1614NYXXL,699.0,1,0,699.0,12,https://cavaathleisure.com/products/blue-everywear-leisure-tee
2026-09-22,Cava Athleisure,Brown Everywear Leisure Tee,S,MTS1614BNS,699.0,1,0,699.0,76,https://cavaathleisure.com/products/brown-everywear-leisure-tee
2026-09-22,Cava Athleisure,Brown Everywear Leisure Tee,M,MTS1614BNM,699.0,5,0,3495.0,135,https://cavaathleisure.com/products/brown-everywear-leisure-tee
2026-09-22,Cava Athleisure,Brown Everywear Leisure Tee,L,MTS1614BNL,699.0,1,0,699.0,121,https://cavaathleisure.com/products/brown-everywear-leisure-tee
2026-09-22,Cava Athleisure,Dusty Pink Everywear Leisure Tee,S,MTS1614BGS,699.0,6,0,4194.0,25,https://cavaathleisure.com/products/dusty-pink-everywear-leisure-tee
2026-09-22,Cava Athleisure,Dusty Pink Everywear Leisure Tee,L,MTS1614BGL,699.0,3,0,2097.0,59,https://cavaathleisure.com/products/dusty-pink-everywear-leisure-tee
2026-09-22,Cava Athleisure,Dusty Pink Everywear Leisure Tee,XL,MTS1614BGXL,699.0,0,1,0.0,29,https://cavaathleisure.com/products/dusty-pink-everywear-leisure-tee
2026-09-22,Cava Athleisure,Dusty Pink Everywear Leisure Tee,XXL,MTS1614BGXXL,699.0,1,0,699.0,12,https://cavaathleisure.com/products/dusty-pink-everywear-leisure-tee
2026-09-22,Cava Athleisure,Green Everywear Sweatshirt,XL,MHD1615GRXL,749.0,1,0,749.0,18,https://cavaathleisure.com/products/green-everywear-sweatshirt
2026-09-22,Cava Athleisure,Dusty Pink Everywear Sweatshirt,S,MHD1615BGS,749.0,2,0,1498.0,97,https://cavaathleisure.com/products/dusty-pink-everywear-sweatshirt
2026-09-22,Cava Athleisure,Dusty Pink Everywear Sweatshirt,M,MHD1615BGM,749.0,0,1,0.0,65,https://cavaathleisure.com/products/dusty-pink-everywear-sweatshirt
2026-09-22,Cava Athleisure,Dusty Pink Everywear Sweatshirt,XXL,MHD1615BGXXL,749.0,1,0,749.0,18,https://cavaathleisure.com/products/dusty-pink-everywear-sweatshirt
2026-09-22,Cava Athleisure,Blue Wide Leg Joggers,M,MJR1617NYM,1399.0,12,0,16788.0,18,https://cavaathleisure.com/products/blue-wide-leg-joggers
2026-09-22,Cava Athleisure,Blue Wide Leg Joggers,L,MJR1617NYL,1399.0,2,0,2798.0,25,https://cavaathleisure.com/products/blue-wide-leg-joggers
2026-09-22,Cava Athleisure,Blue Cotton Leisure Shorts,L,MSH1616NYL,799.0,1,0,799.0,75,https://cavaathleisure.com/products/blue-cotton-leisure-shorts
2026-09-22,Cava Athleisure,Pine Rib-knit Trousers,L,WJR3714GRL,1300.0,1,0,1300.0,33,https://cavaathleisure.com/products/pine-rib-knit-trousers
2026-09-22,Cava Athleisure,Pine Rib-knit Trousers,XL,WJR3714GRXL,1300.0,1,0,1300.0,8,https://cavaathleisure.com/products/pine-rib-knit-trousers
2026-09-22,Cava Athleisure,Dusty Pink Cotton Leisure Shorts,S,MSH1616BGS,799.0,1,0,799.0,51,https://cavaathleisure.com/products/dusty-pink-cotton-leisure-shorts
2026-09-22,Cava Athleisure,Dusty Pink Cotton Leisure Shorts,M,MSH1616BGM,799.0,4,0,3196.0,97,https://cavaathleisure.com/products/dusty-pink-cotton-leisure-shorts
2026-09-22,Cava Athleisure,Dusty Pink Cotton Leisure Shorts,L,MSH1616BGL,799.0,0,20,0.0,90,https://cavaathleisure.com/products/dusty-pink-cotton-leisure-shorts
2026-09-22,Cava Athleisure,Yellow Rib-knit Trousers,L,WJR3714YLL,1300.0,1,0,1300.0,54,https://cavaathleisure.com/products/yellow-rib-knit-trousers
2026-09-22,Cava Athleisure,Grey Modal Quarter Zip,M,MJK1007GYM,1999.0,1,0,1999.0,149,https://cavaathleisure.com/products/grey-modal-quarter-zip
2026-09-22,Cava Athleisure,Grey Modal Quarter Zip,XL,MJK1007GYXL,1999.0,0,1,0.0,81,https://cavaathleisure.com/products/grey-modal-quarter-zip
2026-09-22,Cava Athleisure,Grey Modal Quarter Zip,XXL,MJK1007GYXXL,1999.0,2,0,3998.0,21,https://cavaathleisure.com/products/grey-modal-quarter-zip
2026-09-22,Cava Athleisure,Petrol Blue Modal Quarter Zip,M,MJK1007NYM,1999.0,1,0,1999.0,146,https://cavaathleisure.com/products/petrol-blue-modal-quarter-zip
2026-09-22,Cava Athleisure,Petrol Blue Modal Quarter Zip,XXL,MJK1007NYXXL,1999.0,1,0,1999.0,23,https://cavaathleisure.com/products/petrol-blue-modal-quarter-zip
2026-09-22,Cava Athleisure,Black Modal Quarter Zip,XL,MJK1007BKXL,1999.0,1,0,1999.0,68,https://cavaathleisure.com/products/black-modal-quarter-zip
2026-09-22,Cava Athleisure,Cream Club Cardigan,L,WJK3614WHL,1299.0,1,0,1299.0,6,https://cavaathleisure.com/products/cream-club-cardigan
2026-09-22,Cava Athleisure,Yellow Club Cardigan,L,WJK3614YLL,1299.0,1,0,1299.0,10,https://cavaathleisure.com/products/yellow-club-cardigan
2026-09-22,Cava Athleisure,Butter Yellow Ultra Support Sports Bra,XS,WSB14CS01YLXS,1399.0,9,0,12591.0,55,https://cavaathleisure.com/products/butter-yellow-ultra-support-sports-bra
2026-09-22,Cava Athleisure,Butter Yellow Ultra Support Sports Bra,S,WSB14CS01YLS,1399.0,31,0,43369.0,88,https://cavaathleisure.com/products/butter-yellow-ultra-support-sports-bra
2026-09-22,Cava Athleisure,Butter Yellow Ultra Support Sports Bra,M,WSB14CS01YLM,1399.0,45,0,62955.0,192,https://cavaathleisure.com/products/butter-yellow-ultra-support-sports-bra
2026-09-22,Cava Athleisure,Butter Yellow Ultra Support Sports Bra,L,WSB14CS01YLL,1399.0,30,0,41970.0,242,https://cavaathleisure.com/products/butter-yellow-ultra-support-sports-bra
2026-09-22,Cava Athleisure,Butter Yellow Ultra Support Sports Bra,XL,WSB14CS01YLXL,1399.0,16,0,22384.0,95,https://cavaathleisure.com/products/butter-yellow-ultra-support-sports-bra
2026-09-22,Cava Athleisure,Butter Yellow Ultra Support Sports Bra,XXL,WSB14CS01YLXXL,1399.0,11,0,15389.0,76,https://cavaathleisure.com/products/butter-yellow-ultra-support-sports-bra
2026-09-22,Cava Athleisure,Grey Cotton Baby Tee,M,WTS1631GMLM,714.0,0,1,0.0,1,https://cavaathleisure.com/products/grey-cotton-baby-tee
2026-09-22,Cava Athleisure,Black Sculpt Core Top,XS,WTP901BKXS,799.0,0,1,0.0,1,https://cavaathleisure.com/products/black-sculpt-core-top
2026-09-22,Cava Athleisure,White Sculpt Core Top,XS,WTP901WHXS,799.0,8,0,6392.0,24,https://cavaathleisure.com/products/white-sculpt-core-top
2026-09-22,Cava Athleisure,Brown Sculpt V-Neck Top,XS,WTP904BNXS,879.0,0,2,0.0,40,https://cavaathleisure.com/products/brown-sculpt-v-neck-top
2026-09-22,Cava Athleisure,Brown Sculpt V-Neck Top,S,WTP904BNS,879.0,0,1,0.0,1,https://cavaathleisure.com/products/brown-sculpt-v-neck-top
2026-09-22,Cava Athleisure,Brown Sculpt V-Neck Top,M,WTP904BNM,879.0,0,2,0.0,2,https://cavaathleisure.com/products/brown-sculpt-v-neck-top
2026-09-22,Cava Athleisure,Burgundy Sculpt Crew Top,XS,WTP902RDXS,899.0,0,3,0.0,3,https://cavaathleisure.com/products/burgundy-sculpt-crew-top
2026-09-22,Cava Athleisure,Burgundy Sculpt Crew Top,XL,WTP902RDXL,899.0,1,0,899.0,0,https://cavaathleisure.com/products/burgundy-sculpt-crew-top
2026-09-22,Cava Athleisure,Black Sculpt Crew Top,XS,WTP902BKXS,899.0,1,0,899.0,0,https://cavaathleisure.com/products/black-sculpt-crew-top
2026-09-22,Cava Athleisure,Ice Blue Sculpt Crew Top,XS,WTP902BLXS,899.0,0,2,0.0,2,https://cavaathleisure.com/products/ice-blue-sculpt-crew-top
2026-09-22,Cava Athleisure,White Sculpt Crew Top,XS,WTP902WHXS,899.0,1,0,899.0,35,https://cavaathleisure.com/products/white-sculpt-crew-top
2026-09-22,Cava Athleisure,White Sculpt Crew Top,S,WTP902WHS,899.0,4,0,3596.0,38,https://cavaathleisure.com/products/white-sculpt-crew-top
2026-09-22,Cava Athleisure,White Sculpt Crew Top,M,WTP902WHM,899.0,4,0,3596.0,18,https://cavaathleisure.com/products/white-sculpt-crew-top
2026-09-22,Cava Athleisure,White Sculpt Crew Top,L,WTP902WHL,899.0,5,0,4495.0,1,https://cavaathleisure.com/products/white-sculpt-crew-top
2026-09-22,Cava Athleisure,White Sculpt Crew Top,XL,WTP902WHXL,899.0,2,0,1798.0,36,https://cavaathleisure.com/products/white-sculpt-crew-top
2026-09-22,Cava Athleisure,Hot Pink Sculpt Crew Top,XS,WTP902PNXS,899.0,3,0,2697.0,8,https://cavaathleisure.com/products/hot-pink-sculpt-crew-top
2026-09-22,Cava Athleisure,Hot Pink Sculpt Crew Top,S,WTP902PNS,899.0,2,0,1798.0,76,https://cavaathleisure.com/products/hot-pink-sculpt-crew-top
2026-09-22,Cava Athleisure,Hot Pink Sculpt Crew Top,M,WTP902PNM,899.0,5,0,4495.0,23,https://cavaathleisure.com/products/hot-pink-sculpt-crew-top
2026-09-22,Cava Athleisure,Hot Pink Sculpt Crew Top,XL,WTP902PNXL,899.0,1,0,899.0,0,https://cavaathleisure.com/products/hot-pink-sculpt-crew-top
2026-09-22,Cava Athleisure,Black Sculpt Core Leggings,XS,WLG902BKXS,1199.0,2,0,2398.0,98,https://cavaathleisure.com/products/black-sculpt-core-leggings
2026-09-22,Cava Athleisure,Black Sculpt Core Leggings,S,WLG902BKS,1199.0,7,0,8393.0,337,https://cavaathleisure.com/products/black-sculpt-core-leggings
2026-09-22,Cava Athleisure,Black Sculpt Core Leggings,M,WLG902BKM,1199.0,19,0,22781.0,134,https://cavaathleisure.com/products/black-sculpt-core-leggings
2026-09-22,Cava Athleisure,Black Sculpt Core Leggings,L,WLG902BKL,1199.0,12,0,14388.0,37,https://cavaathleisure.com/products/black-sculpt-core-leggings
2026-09-22,Cava Athleisure,Black Sculpt Core Leggings,XL,WLG902BKXL,1199.0,1,0,1199.0,135,https://cavaathleisure.com/products/black-sculpt-core-leggings
2026-09-22,Cava Athleisure,Black Sculpt Core Leggings,XXL,WLG902BKXXL,1199.0,3,0,3597.0,18,https://cavaathleisure.com/products/black-sculpt-core-leggings
2026-09-22,Cava Athleisure,Navy Sculpt Core Leggings,M,WLG902NYM,1199.0,0,1,0.0,1,https://cavaathleisure.com/products/navy-sculpt-core-leggings
2026-09-22,Cava Athleisure,Brown Sculpt Core Leggings,S,WLG902BNS,1199.0,1,0,1199.0,180,https://cavaathleisure.com/products/brown-sculpt-core-leggings
2026-09-22,Cava Athleisure,Brown Sculpt Core Leggings,M,WLG902BNM,1199.0,9,0,10791.0,68,https://cavaathleisure.com/products/brown-sculpt-core-leggings
2026-09-22,Cava Athleisure,Brown Sculpt Core Leggings,XL,WLG902BNXL,1199.0,2,0,2398.0,22,https://cavaathleisure.com/products/brown-sculpt-core-leggings
2026-09-22,Cava Athleisure,Brown Sculpt Core Leggings,XXL,WLG902BNXXL,1199.0,2,0,2398.0,20,https://cavaathleisure.com/products/brown-sculpt-core-leggings
2026-09-22,Cava Athleisure,Burgundy Sculpt Core Leggings,XS,WLG902RDXS,1199.0,2,0,2398.0,32,https://cavaathleisure.com/products/burgundy-sculpt-core-leggings
2026-09-22,Cava Athleisure,Burgundy Sculpt Core Leggings,M,WLG902RDM,1199.0,2,0,2398.0,25,https://cavaathleisure.com/products/burgundy-sculpt-core-leggings
2026-09-22,Cava Athleisure,Burgundy Sculpt Core Leggings,L,WLG902RDL,1199.0,2,0,2398.0,37,https://cavaathleisure.com/products/burgundy-sculpt-core-leggings
2026-09-22,Cava Athleisure,Burgundy Sculpt Core Leggings,XXL,WLG902RDXXL,1199.0,0,1,0.0,13,https://cavaathleisure.com/products/burgundy-sculpt-core-leggings
2026-09-22,Cava Athleisure,Ice Blue Sculpt Core Leggings,XS,WLG902BLXS,1199.0,1,0,1199.0,6,https://cavaathleisure.com/products/ice-blue-sculpt-core-leggings
2026-09-22,Cava Athleisure,Ice Blue Sculpt Core Leggings,M,WLG902BLM,1199.0,2,0,2398.0,58,https://cavaathleisure.com/products/ice-blue-sculpt-core-leggings
2026-09-22,Cava Athleisure,Ice Blue Sculpt Core Leggings,L,WLG902BLL,1199.0,3,0,3597.0,38,https://cavaathleisure.com/products/ice-blue-sculpt-core-leggings
2026-09-22,Cava Athleisure,Storm Blue Sculpt Core Leggings,XS,WLG902SBLXS,1199.0,0,1,0.0,28,https://cavaathleisure.com/products/storm-blue-sculpt-core-leggings
2026-09-22,Cava Athleisure,Hot Pink Sculpt Core Leggings,XS,WLG902PNXS,1199.0,1,0,1199.0,15,https://cavaathleisure.com/products/hot-pink-sculpt-core-leggings
2026-09-22,Cava Athleisure,Hot Pink Sculpt Core Leggings,XL,WLG902PNXL,1199.0,2,0,2398.0,19,https://cavaathleisure.com/products/hot-pink-sculpt-core-leggings
2026-09-22,Cava Athleisure,Hot Pink Sculpt Core Leggings,XXL,WLG902PNXXL,1199.0,0,1,0.0,34,https://cavaathleisure.com/products/hot-pink-sculpt-core-leggings
2026-09-22,Cava Athleisure,Brown Sculpt Bootcut Leggings,XS,WFP901BNXS,1299.0,0,1,0.0,1,https://cavaathleisure.com/products/brown-sculpt-bootcut-leggings
2026-09-22,Cava Athleisure,Brown Sculpt Bootcut Leggings,XS,WFP01T9BNXS,1299.0,1,0,1299.0,62,https://cavaathleisure.com/products/brown-sculpt-bootcut-leggings
2026-09-22,Cava Athleisure,Brown Sculpt Bootcut Leggings,S,WFP901BNS,1299.0,3,0,3897.0,12,https://cavaathleisure.com/products/brown-sculpt-bootcut-leggings
2026-09-22,Cava Athleisure,Brown Sculpt Bootcut Leggings,S,WFP01T9BNS,1299.0,0,3,0.0,75,https://cavaathleisure.com/products/brown-sculpt-bootcut-leggings
2026-09-22,Cava Athleisure,Brown Sculpt Bootcut Leggings,M,WFP901BNM,1299.0,2,0,2598.0,14,https://cavaathleisure.com/products/brown-sculpt-bootcut-leggings
2026-09-22,Cava Athleisure,Brown Sculpt Bootcut Leggings,L,WFP901BNL,1299.0,5,0,6495.0,6,https://cavaathleisure.com/products/brown-sculpt-bootcut-leggings
2026-09-22,Cava Athleisure,Brown Sculpt Bootcut Leggings,L,WFP01T9BNL,1299.0,3,0,3897.0,35,https://cavaathleisure.com/products/brown-sculpt-bootcut-leggings
2026-09-22,Cava Athleisure,Brown Sculpt Bootcut Leggings,XL,WFP901BNXL,1299.0,0,1,0.0,1,https://cavaathleisure.com/products/brown-sculpt-bootcut-leggings
2026-09-22,Cava Athleisure,Brown Sculpt Bootcut Leggings,XL,WFP01T9BNXL,1299.0,3,0,3897.0,61,https://cavaathleisure.com/products/brown-sculpt-bootcut-leggings
2026-09-22,Cava Athleisure,Brown Sculpt Bootcut Leggings,XXL,WFP01T9BNXXL,1299.0,3,0,3897.0,44,https://cavaathleisure.com/products/brown-sculpt-bootcut-leggings
2026-09-22,Cava Athleisure,Black Sculpt Bootcut Leggings,XS,WFP901BKXS,1299.0,2,0,2598.0,4,https://cavaathleisure.com/products/black-sculpt-bootcut-leggings
2026-09-22,Cava Athleisure,Black Sculpt Bootcut Leggings,XS,WFP01T9BKXS,1299.0,14,0,18186.0,167,https://cavaathleisure.com/products/black-sculpt-bootcut-leggings
2026-09-22,Cava Athleisure,Black Sculpt Bootcut Leggings,S,WFP901BKS,1299.0,7,0,9093.0,137,https://cavaathleisure.com/products/black-sculpt-bootcut-leggings
2026-09-22,Cava Athleisure,Black Sculpt Bootcut Leggings,S,WFP01T9BKS,1299.0,20,0,25980.0,264,https://cavaathleisure.com/products/black-sculpt-bootcut-leggings
2026-09-22,Cava Athleisure,Black Sculpt Bootcut Leggings,M,WFP901BKM,1299.0,4,0,5196.0,62,https://cavaathleisure.com/products/black-sculpt-bootcut-leggings
2026-09-22,Cava Athleisure,Black Sculpt Bootcut Leggings,M,WFP01T9BKM,1299.0,67,0,87033.0,100,https://cavaathleisure.com/products/black-sculpt-bootcut-leggings
2026-09-22,Cava Athleisure,Black Sculpt Bootcut Leggings,L,WFP901BKL,1299.0,7,0,9093.0,62,https://cavaathleisure.com/products/black-sculpt-bootcut-leggings
2026-09-22,Cava Athleisure,Black Sculpt Bootcut Leggings,L,WFP01T9BKL,1299.0,37,0,48063.0,260,https://cavaathleisure.com/products/black-sculpt-bootcut-leggings
2026-09-22,Cava Athleisure,Black Sculpt Bootcut Leggings,XL,WFP901BKXL,1299.0,3,0,3897.0,1,https://cavaathleisure.com/products/black-sculpt-bootcut-leggings
2026-09-22,Cava Athleisure,Black Sculpt Bootcut Leggings,XL,WFP01T9BKXL,1299.0,18,0,23382.0,284,https://cavaathleisure.com/products/black-sculpt-bootcut-leggings
2026-09-22,Cava Athleisure,Black Sculpt Bootcut Leggings,XXL,WFP01T9BKXXL,1299.0,10,0,12990.0,9,https://cavaathleisure.com/products/black-sculpt-bootcut-leggings
2026-09-22,Cava Athleisure,Burgundy Petite Sculpt Bootcut Leggings,M,WFP901RDM,1299.0,2,0,2598.0,66,https://cavaathleisure.com/products/burgundy-sculpt-bootcut-leggings
2026-09-22,Cava Athleisure,Burgundy Petite Sculpt Bootcut Leggings,L,WFP901RDL,1299.0,1,0,1299.0,14,https://cavaathleisure.com/products/burgundy-sculpt-bootcut-leggings
2026-09-22,Cava Athleisure,Ice Blue Petite Sculpt Bootcut Leggings,XS,WFP901BLXS,1299.0,1,0,1299.0,38,https://cavaathleisure.com/products/ice-blue-sculpt-bootcut-leggings
2026-09-22,Cava Athleisure,Ice Blue Petite Sculpt Bootcut Leggings,S,WFP901BLS,1299.0,4,0,5196.0,60,https://cavaathleisure.com/products/ice-blue-sculpt-bootcut-leggings
2026-09-22,Cava Athleisure,Ice Blue Petite Sculpt Bootcut Leggings,M,WFP901BLM,1299.0,2,0,2598.0,61,https://cavaathleisure.com/products/ice-blue-sculpt-bootcut-leggings
2026-09-22,Cava Athleisure,Ice Blue Petite Sculpt Bootcut Leggings,L,WFP901BLL,1299.0,4,0,5196.0,0,https://cavaathleisure.com/products/ice-blue-sculpt-bootcut-leggings
2026-09-22,Cava Athleisure,Hot Pink Sculpt Bootcut Leggings,XS,WFP901PNXS,1299.0,1,0,1299.0,62,https://cavaathleisure.com/products/hot-pink-sculpt-bootcut-leggings
2026-09-22,Cava Athleisure,Hot Pink Sculpt Bootcut Leggings,S,WFP01T9PNS,1299.0,0,1,0.0,298,https://cavaathleisure.com/products/hot-pink-sculpt-bootcut-leggings
2026-09-22,Cava Athleisure,Hot Pink Sculpt Bootcut Leggings,M,WFP901PNM,1299.0,2,0,2598.0,155,https://cavaathleisure.com/products/hot-pink-sculpt-bootcut-leggings
2026-09-22,Cava Athleisure,Hot Pink Sculpt Bootcut Leggings,L,WFP901PNL,1299.0,2,0,2598.0,131,https://cavaathleisure.com/products/hot-pink-sculpt-bootcut-leggings
2026-09-22,Cava Athleisure,Hot Pink Sculpt Bootcut Leggings,L,WFP01T9PNL,1299.0,1,0,1299.0,141,https://cavaathleisure.com/products/hot-pink-sculpt-bootcut-leggings
2026-09-22,Cava Athleisure,Hot Pink Sculpt Bootcut Leggings,XL,WFP901PNXL,1299.0,1,0,1299.0,37,https://cavaathleisure.com/products/hot-pink-sculpt-bootcut-leggings
2026-09-22,Cava Athleisure,Storm Blue Sculpt Bootcut Leggings,S,WFP901SBLS,1299.0,4,0,5196.0,1,https://cavaathleisure.com/products/storm-blue-sculpt-bootcut-leggings
2026-09-22,Cava Athleisure,Storm Blue Sculpt Bootcut Leggings,S,WFP01T9SBLS,1299.0,1,0,1299.0,185,https://cavaathleisure.com/products/storm-blue-sculpt-bootcut-leggings
2026-09-22,Cava Athleisure,Storm Blue Sculpt Bootcut Leggings,L,WFP01T9SBLL,1299.0,2,0,2598.0,11,https://cavaathleisure.com/products/storm-blue-sculpt-bootcut-leggings
2026-09-22,Cava Athleisure,Storm Blue Sculpt Bootcut Leggings,XL,WFP01T9SBLXL,1299.0,1,0,1299.0,11,https://cavaathleisure.com/products/storm-blue-sculpt-bootcut-leggings
2026-09-22,Cava Athleisure,Black Sculpt V-Neck Top,XS,WTP904BKXS,899.0,2,0,1798.0,17,https://cavaathleisure.com/products/black-sculpt-v-neck-top
2026-09-22,Cava Athleisure,Black Sculpt V-Neck Top,S,WTP904BKS,899.0,4,0,3596.0,3,https://cavaathleisure.com/products/black-sculpt-v-neck-top
2026-09-22,Cava Athleisure,Black Sculpt V-Neck Top,M,WTP904BKM,899.0,0,1,0.0,1,https://cavaathleisure.com/products/black-sculpt-v-neck-top
2026-09-22,Cava Athleisure,Black Sculpt V-Neck Top,XL,WTP904BKXL,899.0,1,0,899.0,0,https://cavaathleisure.com/products/black-sculpt-v-neck-top
2026-09-22,Cava Athleisure,White Sculpt V-Neck Top,XS,WTP904WHXS,899.0,2,0,1798.0,64,https://cavaathleisure.com/products/white-sculpt-v-neck-top
2026-09-22,Cava Athleisure,White Sculpt V-Neck Top,M,WTP904WHM,899.0,4,0,3596.0,29,https://cavaathleisure.com/products/white-sculpt-v-neck-top
2026-09-22,Cava Athleisure,White Sculpt V-Neck Top,L,WTP904WHL,899.0,2,0,1798.0,4,https://cavaathleisure.com/products/white-sculpt-v-neck-top
2026-09-22,Cava Athleisure,White Sculpt V-Neck Top,XL,WTP904WHXL,899.0,3,0,2697.0,1,https://cavaathleisure.com/products/white-sculpt-v-neck-top
2026-09-22,Cava Athleisure,Burgundy Sculpt V-Neck Top,XS,WTP904RDXS,899.0,0,1,0.0,44,https://cavaathleisure.com/products/burgundy-sculpt-v-neck-top
2026-09-22,Cava Athleisure,Burgundy Sculpt V-Neck Top,S,WTP904RDS,899.0,3,0,2697.0,0,https://cavaathleisure.com/products/burgundy-sculpt-v-neck-top
2026-09-22,Cava Athleisure,Burgundy Sculpt V-Neck Top,L,WTP904RDL,899.0,0,2,0.0,2,https://cavaathleisure.com/products/burgundy-sculpt-v-neck-top
2026-09-22,Cava Athleisure,Burgundy Sculpt V-Neck Top,XL,WTP904RDXL,899.0,2,0,1798.0,0,https://cavaathleisure.com/products/burgundy-sculpt-v-neck-top
2026-09-22,Cava Athleisure,Burgundy Sculpt V-Neck Top,XXL,WTP904RDXXL,899.0,1,0,899.0,10,https://cavaathleisure.com/products/burgundy-sculpt-v-neck-top
2026-09-22,Cava Athleisure,White Sculpt Scoop Top,XS,WTP903WHXS,899.0,1,0,899.0,24,https://cavaathleisure.com/products/white-sculpt-scoop-top
2026-09-22,Cava Athleisure,White Sculpt Scoop Top,S,WTP903WHS,899.0,2,0,1798.0,23,https://cavaathleisure.com/products/white-sculpt-scoop-top
2026-09-22,Cava Athleisure,White Sculpt Scoop Top,M,WTP903WHM,899.0,0,3,0.0,3,https://cavaathleisure.com/products/white-sculpt-scoop-top
2026-09-22,Cava Athleisure,White Sculpt Scoop Top,XL,WTP903WHXL,899.0,2,0,1798.0,0,https://cavaathleisure.com/products/white-sculpt-scoop-top
2026-09-22,Cava Athleisure,Ice Blue Sculpt Booty Shorts,XS,WSH904BLXS,999.0,3,0,2997.0,39,https://cavaathleisure.com/products/ice-blue-sculpt-booty-shorts
2026-09-22,Cava Athleisure,Ice Blue Sculpt Booty Shorts,M,WSH904BLM,999.0,1,0,999.0,29,https://cavaathleisure.com/products/ice-blue-sculpt-booty-shorts
2026-09-22,Cava Athleisure,Ice Blue Sculpt Booty Shorts,L,WSH904BLL,999.0,3,0,2997.0,0,https://cavaathleisure.com/products/ice-blue-sculpt-booty-shorts
2026-09-22,Cava Athleisure,Ice Blue Sculpt Booty Shorts,XL,WSH904BLXL,999.0,0,1,0.0,2,https://cavaathleisure.com/products/ice-blue-sculpt-booty-shorts
2026-09-22,Cava Athleisure,Hot Pink Sculpt Booty Shorts,S,WSH904PNS,999.0,7,0,6993.0,57,https://cavaathleisure.com/products/hot-pink-sculpt-booty-shorts
2026-09-22,Cava Athleisure,Hot Pink Sculpt Booty Shorts,M,WSH904PNM,999.0,3,0,2997.0,30,https://cavaathleisure.com/products/hot-pink-sculpt-booty-shorts
2026-09-22,Cava Athleisure,Hot Pink Sculpt Booty Shorts,L,WSH904PNL,999.0,1,0,999.0,0,https://cavaathleisure.com/products/hot-pink-sculpt-booty-shorts
2026-09-22,Cava Athleisure,Hot Pink Sculpt Booty Shorts,XL,WSH904PNXL,999.0,0,1,0.0,27,https://cavaathleisure.com/products/hot-pink-sculpt-booty-shorts
2026-09-22,Cava Athleisure,Navy Sculpt Capri,XS,WLG903NYXS,999.0,0,1,0.0,1,https://cavaathleisure.com/products/navy-sculpt-capri
2026-09-22,Cava Athleisure,Navy Sculpt Capri,S,WLG903NYS,999.0,1,0,999.0,40,https://cavaathleisure.com/products/navy-sculpt-capri
2026-09-22,Cava Athleisure,Black Sculpt Capri,XS,WLG903BKXS,999.0,0,1,0.0,1,https://cavaathleisure.com/products/black-sculpt-capri
2026-09-22,Cava Athleisure,Black Sculpt Capri,S,WLG903BKS,999.0,3,0,2997.0,9,https://cavaathleisure.com/products/black-sculpt-capri
2026-09-22,Cava Athleisure,Burgundy Sculpt Capri,XS,WLG903RDXS,999.0,0,2,0.0,8,https://cavaathleisure.com/products/burgundy-sculpt-capri
2026-09-22,Cava Athleisure,Burgundy Sculpt Capri,S,WLG903RDS,999.0,1,0,999.0,40,https://cavaathleisure.com/products/burgundy-sculpt-capri
2026-09-22,Cava Athleisure,Black Sculpt Booty Shorts,XS,WSH904BKXS,999.0,2,0,1998.0,0,https://cavaathleisure.com/products/black-sculpt-booty-shorts
2026-09-22,Cava Athleisure,Black Sculpt Booty Shorts,M,WSH904BKM,999.0,7,0,6993.0,10,https://cavaathleisure.com/products/black-sculpt-booty-shorts
2026-09-22,Cava Athleisure,Basic Supima Polo T-shirt - Pack of 2,S,MTS5CS103BKBGS,2039.0,3,0,6117.0,3,https://cavaathleisure.com/products/basic-supima-polo-t-shirt-pack-of-2
2026-09-22,Cava Athleisure,Basic Sculpt Scoop Tops - Pack of 2,S,WTP903WHBKS,1799.0,3,0,5397.0,21,https://cavaathleisure.com/products/basic-sculpt-scoop-tops-pack-of-2
2026-09-22,Cava Athleisure,Basic Sculpt V-Neck Tops - Pack of 2,XS,WTP904WHBKXS,1699.0,4,0,6796.0,14,https://cavaathleisure.com/products/basic-sculpt-v-neck-tops-pack-of-2
2026-09-22,Cava Athleisure,Essential Sculpt V-Neck Tops - Pack of 3,XS,WTP904WHBKBNXS,2399.0,4,0,9596.0,14,https://cavaathleisure.com/products/essential-sculpt-v-neck-tops-pack-of-3
2026-09-22,Cava Athleisure,Essential Sculpt Capris - Pack of 3,S,WLG903RDNYBKS,3599.0,3,0,10797.0,8,https://cavaathleisure.com/products/essential-sculpt-capris-pack-of-3
2026-09-22,Cava Athleisure,Basic Sculpt Capris - Pack of 2,S,WLG903NYBKS,2599.0,3,0,7797.0,8,https://cavaathleisure.com/products/basic-sculpt-capris-pack-of-2
2026-09-22,Cava Athleisure,Core Sculpt Capris - Pack of 2,S,WLG903BKRDS,2599.0,3,0,7797.0,8,https://cavaathleisure.com/products/core-sculpt-capris-pack-of-2
2026-09-22,Cava Athleisure,Classic Supima V Neck - Pack of 2,M,MTS102NYBGM,1949.0,1,0,1949.0,20,https://cavaathleisure.com/products/classic-supima-v-neck-pack-of-2
2026-09-22,Cava Athleisure,Classic Supima V Neck - Pack of 2,XL,MTS102NYBGXL,1949.0,2,0,3898.0,4,https://cavaathleisure.com/products/classic-supima-v-neck-pack-of-2
2026-09-22,Cava Athleisure,Classic Supima V Neck - Pack of 2,XXL,MTS102NYBGXXL,1949.0,1,0,1949.0,8,https://cavaathleisure.com/products/classic-supima-v-neck-pack-of-2
2026-09-22,Cava Athleisure,Modern Supima V Neck - Pack of 2,S,MTS102PUGRS,1949.0,1,0,1949.0,22,https://cavaathleisure.com/products/modern-supima-v-neck-pack-of-2
2026-09-22,Cava Athleisure,Aerial Contrast Leggings - Pack of 2,S,WLG1011BKRDS,3249.0,1,0,3249.0,36,https://cavaathleisure.com/products/aerial-contrast-leggings-pack-of-2
2026-09-22,Cava Athleisure,Grey Cotton Scoop Tank,M,WTN1622GMLM,879.0,0,1,0.0,1,https://cavaathleisure.com/products/grey-cotton-scoop-tank
2026-09-22,Cava Athleisure,Grey Cotton Scoop Tank,L,WTN1622GMLL,879.0,1,0,879.0,5,https://cavaathleisure.com/products/grey-cotton-scoop-tank
2026-09-22,Cava Athleisure,Black Cotton Scoop Tank,M,WTN1622BKM,879.0,0,1,0.0,1,https://cavaathleisure.com/products/black-cotton-scoop-tank
2026-09-22,Cava Athleisure,Yellow Cotton Twirl Skorts,XS,WSK1635YLXS,1119.0,1,0,1119.0,0,https://cavaathleisure.com/products/yellow-cotton-twirl-skort
2026-09-22,Cava Athleisure,Grey Cotton Twirl Skorts,S,WSK1635GMLS,1119.0,3,0,3357.0,96,https://cavaathleisure.com/products/grey-cotton-twirl-skort
2026-09-22,Cava Athleisure,Grey Cotton Twirl Skorts,M,WSK1635GMLM,1119.0,2,0,2238.0,34,https://cavaathleisure.com/products/grey-cotton-twirl-skort
2026-09-22,Cava Athleisure,Navy Sculpt Built-In Top,M,WTP1CS05NYM,1234.0,0,1,0.0,1,https://cavaathleisure.com/products/navy-sculpt-built-in-top
2026-09-22,Cava Athleisure,Pink Aerial Leggings,M,WLG8SET12PNM,1125.0,0,1,0.0,30,https://cavaathleisure.com/products/pink-aerial-leggings
2026-09-22,Cava Athleisure,Toasted Sculptor Jacket,S,WJK14SET5BNS,1799.0,13,0,23387.0,59,https://cavaathleisure.com/products/toasted-brown-sculptor-jacket
2026-09-22,Cava Athleisure,Toasted Sculptor Jacket,M,WJK14SET5BNM,1799.0,12,0,21588.0,50,https://cavaathleisure.com/products/toasted-brown-sculptor-jacket
2026-09-22,Cava Athleisure,Toasted Sculptor Jacket,L,WJK14SET5BNL,1799.0,1,0,1799.0,0,https://cavaathleisure.com/products/toasted-brown-sculptor-jacket
2026-09-22,Cava Athleisure,Toasted Aerial Leggings,S,WLG8SET12BNS,999.0,3,0,2997.0,16,https://cavaathleisure.com/products/toasted-aerial-leggings
2026-09-22,Cava Athleisure,Toasted Aerial Leggings,M,WLG8SET12BNM,999.0,0,1,0.0,1,https://cavaathleisure.com/products/toasted-aerial-leggings
2026-09-22,Cava Athleisure,Mint Cava Essential Sweatshirt,M,WHD16536BLM,1199.0,1,0,1199.0,301,https://cavaathleisure.com/products/mint-cava-essential-sweatshirt
2026-09-22,Cava Athleisure,Butter Yellow Sculptor Jacket,XS,WJK14SET5YLXS,1799.0,0,41,0.0,44,https://cavaathleisure.com/products/butter-yellow-sculptor-jacket
2026-09-22,Cava Athleisure,Butter Yellow Sculptor Jacket,S,WJK14SET5YLS,1799.0,0,117,0.0,117,https://cavaathleisure.com/products/butter-yellow-sculptor-jacket
2026-09-22,Cava Athleisure,Butter Yellow Sculptor Jacket,M,WJK14SET5YLM,1799.0,0,99,0.0,99,https://cavaathleisure.com/products/butter-yellow-sculptor-jacket
2026-09-22,Cava Athleisure,Butter Yellow Sculptor Jacket,L,WJK14SET5YLL,1799.0,0,47,0.0,47,https://cavaathleisure.com/products/butter-yellow-sculptor-jacket
2026-09-22,Cava Athleisure,Butter Yellow Sculptor Jacket,XL,WJK14SET5YLXL,1799.0,0,47,0.0,48,https://cavaathleisure.com/products/butter-yellow-sculptor-jacket
2026-09-22,Cava Athleisure,Butter Yellow Sculptor Jacket,XXL,WJK14SET5YLXXL,1799.0,0,30,0.0,31,https://cavaathleisure.com/products/butter-yellow-sculptor-jacket
2026-09-22,Cava Athleisure,Butter Yellow Plie Pleated Skort,S,WSK14CS06YLS,1699.0,7,0,11893.0,3,https://cavaathleisure.com/products/butter-yellow-pleated-skort
2026-09-22,Cava Athleisure,Butter Yellow Plie Pleated Skort,XXL,WSK14CS06YLXXL,1699.0,1,0,1699.0,0,https://cavaathleisure.com/products/butter-yellow-pleated-skort
2026-09-22,Cava Athleisure,Wine High Impact Sports Bra,XS,WSB1CS02WRDXS,1299.0,7,0,9093.0,115,https://cavaathleisure.com/products/wine-high-impact-sports-bra
2026-09-22,Cava Athleisure,Wine High Impact Sports Bra,M,WSB1CS02WRDM,1299.0,3,0,3897.0,0,https://cavaathleisure.com/products/wine-high-impact-sports-bra
2026-09-22,Cava Athleisure,Wine High Impact Sports Bra,L,WSB1CS02WRDL,1299.0,37,0,48063.0,0,https://cavaathleisure.com/products/wine-high-impact-sports-bra
2026-09-22,Cava Athleisure,Wine High Impact Sports Bra,XL,WSB1CS02WRDXL,1299.0,23,0,29877.0,43,https://cavaathleisure.com/products/wine-high-impact-sports-bra
2026-09-22,Cava Athleisure,Wine High Impact Sports Bra,XXL,WSB1CS02WRDXXL,1299.0,13,0,16887.0,15,https://cavaathleisure.com/products/wine-high-impact-sports-bra
2026-09-22,Cava Athleisure,Fuchsia Bow Sculpt Core Leggings,XS,WLG1402BRDXS,990.0,3,0,2970.0,18,https://cavaathleisure.com/products/fuchsia-bow-sculpt-core-leggings
2026-09-22,Cava Athleisure,Fuchsia Bow Sculpt Core Leggings,S,WLG1402BRDS,990.0,1,0,990.0,0,https://cavaathleisure.com/products/fuchsia-bow-sculpt-core-leggings
2026-09-22,Cava Athleisure,Pink Ultra Support Sports Bra,XS,WSB1CS01PNXS,1399.0,14,0,19586.0,54,https://cavaathleisure.com/products/pink-ultra-support-sports-bra
2026-09-22,Cava Athleisure,Pink Ultra Support Sports Bra,S,WSB1CS01PNS,1399.0,36,0,50364.0,157,https://cavaathleisure.com/products/pink-ultra-support-sports-bra
2026-09-22,Cava Athleisure,Pink Ultra Support Sports Bra,M,WSB1CS01PNM,1399.0,101,0,141299.0,275,https://cavaathleisure.com/products/pink-ultra-support-sports-bra
2026-09-22,Cava Athleisure,Pink Ultra Support Sports Bra,L,WSB1CS01PNL,1399.0,66,0,92334.0,234,https://cavaathleisure.com/products/pink-ultra-support-sports-bra
2026-09-22,Cava Athleisure,Pink Ultra Support Sports Bra,XL,WSB1CS01PNXL,1399.0,34,0,47566.0,131,https://cavaathleisure.com/products/pink-ultra-support-sports-bra
2026-09-22,Cava Athleisure,Pink Ultra Support Sports Bra,XXL,WSB1CS01PNXXL,1399.0,25,0,34975.0,11,https://cavaathleisure.com/products/pink-ultra-support-sports-bra
2026-09-22,Cava Athleisure,Pink Bow Sculpt Core Leggings,XS,WLG1402BPNXS,990.0,1,0,990.0,18,https://cavaathleisure.com/products/pink-bow-sculpt-core-leggings
2026-09-22,Cava Athleisure,Pink Bow Sculpt Core Leggings,L,WLG1402BPNL,990.0,0,1,0.0,3,https://cavaathleisure.com/products/pink-bow-sculpt-core-leggings
2026-09-22,Cava Athleisure,Pink Gingham Sculpt Core Leggings,XS,WLG1402GPNXS,990.0,1,0,990.0,18,https://cavaathleisure.com/products/pink-gingham-sculpt-core-leggings
2026-09-22,Cava Athleisure,Butter Yellow Gingham Sculpt Core Leggings,M,WLG1402GYLM,990.0,0,1,0.0,1,https://cavaathleisure.com/products/butter-yellow-gingham-sculpt-core-leggings
2026-09-22,Cava Athleisure,Butter Yellow Gingham Sculpt Core Leggings,L,WLG1402GYLL,990.0,0,1,0.0,1,https://cavaathleisure.com/products/butter-yellow-gingham-sculpt-core-leggings
2026-09-22,Cava Athleisure,Mint Gingham Sculpt Core Leggings,M,WLG1402GGRM,990.0,1,0,990.0,4,https://cavaathleisure.com/products/mint-gingham-sculpt-core-leggings
2026-09-22,Cava Athleisure,Midnight Gradient Sculpt Core Leggings,M,WLG1402GMBLM,990.0,0,2,0.0,2,https://cavaathleisure.com/products/midnight-gradient-sculpt-core-leggings
2026-09-22,Cava Athleisure,Hot Pink Swirl Tennis Skorts,XS,WSK14SET4BPNXS,1399.0,3,0,4197.0,4,https://cavaathleisure.com/products/hot-pink-swirl-tennis-skorts
2026-09-22,Cava Athleisure,Hot Pink Swirl Tennis Skorts,L,WSK14SET4BPNL,1399.0,1,0,1399.0,0,https://cavaathleisure.com/products/hot-pink-swirl-tennis-skorts
2026-09-22,Cava Athleisure,Blush Swirl Tennis Skorts,XXS,WSKSET445PNXXS,1399.0,2,0,2798.0,33,https://cavaathleisure.com/products/blush-pink-swirl-tennis-skorts
2026-09-22,Cava Athleisure,Blush Swirl Tennis Skorts,XS,WSK14SET4PNXS,1399.0,1,0,1399.0,143,https://cavaathleisure.com/products/blush-pink-swirl-tennis-skorts
2026-09-22,Cava Athleisure,Blush Swirl Tennis Skorts,S,WSK14SET4PNS,1399.0,7,0,9793.0,140,https://cavaathleisure.com/products/blush-pink-swirl-tennis-skorts
2026-09-22,Cava Athleisure,Blush Swirl Tennis Skorts,M,WSK14SET4PNM,1399.0,10,0,13990.0,73,https://cavaathleisure.com/products/blush-pink-swirl-tennis-skorts
2026-09-22,Cava Athleisure,Blush Swirl Tennis Skorts,L,WSK14SET4PNL,1399.0,6,0,8394.0,48,https://cavaathleisure.com/products/blush-pink-swirl-tennis-skorts
2026-09-22,Cava Athleisure,Blush Swirl Tennis Skorts,XL,WSK14SET4PNXL,1399.0,1,0,1399.0,21,https://cavaathleisure.com/products/blush-pink-swirl-tennis-skorts
2026-09-22,Cava Athleisure,Blush Swirl Tennis Skorts,XXL,WSK14SET4PNXXL,1399.0,1,0,1399.0,22,https://cavaathleisure.com/products/blush-pink-swirl-tennis-skorts
2026-09-22,Cava Athleisure,Black Super Stretch Bralette,M,WSB921BKM,899.0,0,1,0.0,1,https://cavaathleisure.com/products/black-super-stretch-bralette
2026-09-22,Cava Athleisure,Cream Love All Oversized Printed Tee - Women,S,WTS1618WHTHS,844.0,0,1,0.0,1,https://cavaathleisure.com/products/cream-love-all-oversized-printed-tee-women
2026-09-22,Cava Athleisure,Cobalt Hourglass Flared Leggings,M,WFP1ACU01NYM,1429.0,0,1,0.0,2,https://cavaathleisure.com/products/cobalt-hourglass-flared-leggings
2026-09-22,Cava Athleisure,Pebble Hourglass Flared Leggings,XS,WFP1ACU02BLXS,1429.0,0,1,0.0,1,https://cavaathleisure.com/products/pebble-hourglass-flared-leggings
2026-09-22,Cava Athleisure,Brown Hourglass Flared Leggings,XS,BTM-CAVA-ACU01-Brown-XS,1429.0,11,0,15719.0,123,https://cavaathleisure.com/products/brown-hourglass-flared-leggings
2026-09-22,Cava Athleisure,Brown Hourglass Flared Leggings,XS,BTM-CAVA-ACU04-Brown-XS,1429.0,0,1,0.0,19,https://cavaathleisure.com/products/brown-hourglass-flared-leggings
2026-09-22,Cava Athleisure,Brown Hourglass Flared Leggings,S,BTM-CAVA-ACU01-Brown-S,1429.0,15,0,21435.0,442,https://cavaathleisure.com/products/brown-hourglass-flared-leggings
2026-09-22,Cava Athleisure,Brown Hourglass Flared Leggings,S,BTM-CAVA-ACU02-Brown-S,1429.0,1,0,1429.0,266,https://cavaathleisure.com/products/brown-hourglass-flared-leggings
2026-09-22,Cava Athleisure,Brown Hourglass Flared Leggings,S,BTM-CAVA-ACU04-Brown-S,1429.0,0,2,0.0,3,https://cavaathleisure.com/products/brown-hourglass-flared-leggings
2026-09-22,Cava Athleisure,Brown Hourglass Flared Leggings,M,BTM-CAVA-ACU01-Brown-M,1429.0,28,0,40012.0,941,https://cavaathleisure.com/products/brown-hourglass-flared-leggings
2026-09-22,Cava Athleisure,Brown Hourglass Flared Leggings,M,BTM-CAVA-ACU02-Brown-M,1429.0,16,0,22864.0,162,https://cavaathleisure.com/products/brown-hourglass-flared-leggings
2026-09-22,Cava Athleisure,Brown Hourglass Flared Leggings,M,BTM-CAVA-ACU04-Brown-M,1429.0,11,0,15719.0,21,https://cavaathleisure.com/products/brown-hourglass-flared-leggings
2026-09-22,Cava Athleisure,Brown Hourglass Flared Leggings,L,BTM-CAVA-ACU01-Brown-L,1429.0,29,0,41441.0,434,https://cavaathleisure.com/products/brown-hourglass-flared-leggings
2026-09-22,Cava Athleisure,Brown Hourglass Flared Leggings,L,BTM-CAVA-ACU02-Brown-L,1429.0,6,0,8574.0,265,https://cavaathleisure.com/products/brown-hourglass-flared-leggings
2026-09-22,Cava Athleisure,Brown Hourglass Flared Leggings,L,BTM-CAVA-ACU04-Brown-L,1429.0,13,0,18577.0,2,https://cavaathleisure.com/products/brown-hourglass-flared-leggings
2026-09-22,Cava Athleisure,Brown Hourglass Flared Leggings,XL,BTM-CAVA-ACU01-Brown-XL,1429.0,20,0,28580.0,206,https://cavaathleisure.com/products/brown-hourglass-flared-leggings
2026-09-22,Cava Athleisure,Brown Hourglass Flared Leggings,XL,BTM-CAVA-ACU02-Brown-XL,1429.0,11,0,15719.0,140,https://cavaathleisure.com/products/brown-hourglass-flared-leggings
2026-09-22,Cava Athleisure,Brown Hourglass Flared Leggings,XL,BTM-CAVA-ACU04-Brown-XL,1429.0,5,0,7145.0,0,https://cavaathleisure.com/products/brown-hourglass-flared-leggings
2026-09-22,Cava Athleisure,Brown Hourglass Flared Leggings,XXL,BTM-CAVA-ACU01-Brown-XXL,1429.0,3,0,4287.0,124,https://cavaathleisure.com/products/brown-hourglass-flared-leggings
2026-09-22,Cava Athleisure,Brown Hourglass Flared Leggings,XXL,BTM-CAVA-ACU02-Brown-XXL,1429.0,8,0,11432.0,3,https://cavaathleisure.com/products/brown-hourglass-flared-leggings
2026-09-22,Cava Athleisure,Brown Hourglass Flared Leggings,XXL,BTM-CAVA-ACU04-Brown-XXL,1429.0,0,1,0.0,1,https://cavaathleisure.com/products/brown-hourglass-flared-leggings
2026-09-22,Cava Athleisure,Wine Hourglass Flared Leggings,XS,WFP1ACU01RDXS,1429.0,7,0,10003.0,103,https://cavaathleisure.com/products/wine-hourglass-flared-leggings
2026-09-22,Cava Athleisure,Wine Hourglass Flared Leggings,XS,WFP1ACU02RDXS,1429.0,4,0,5716.0,93,https://cavaathleisure.com/products/wine-hourglass-flared-leggings
2026-09-22,Cava Athleisure,Wine Hourglass Flared Leggings,S,WFP1ACU01RDS,1429.0,12,0,17148.0,226,https://cavaathleisure.com/products/wine-hourglass-flared-leggings
2026-09-22,Cava Athleisure,Wine Hourglass Flared Leggings,S,WFP1ACU02RDS,1429.0,5,0,7145.0,259,https://cavaathleisure.com/products/wine-hourglass-flared-leggings
2026-09-22,Cava Athleisure,Wine Hourglass Flared Leggings,S,WFB1ACU04RDS,1429.0,6,0,8574.0,72,https://cavaathleisure.com/products/wine-hourglass-flared-leggings
2026-09-22,Cava Athleisure,Wine Hourglass Flared Leggings,M,WFP1ACU01RDM,1429.0,19,0,27151.0,281,https://cavaathleisure.com/products/wine-hourglass-flared-leggings
2026-09-22,Cava Athleisure,Wine Hourglass Flared Leggings,M,WFP1ACU02RDM,1429.0,14,0,20006.0,393,https://cavaathleisure.com/products/wine-hourglass-flared-leggings
2026-09-22,Cava Athleisure,Wine Hourglass Flared Leggings,M,WFB1ACU04RDM,1429.0,6,0,8574.0,213,https://cavaathleisure.com/products/wine-hourglass-flared-leggings
2026-09-22,Cava Athleisure,Wine Hourglass Flared Leggings,L,WFP1ACU01RDL,1429.0,26,0,37154.0,146,https://cavaathleisure.com/products/wine-hourglass-flared-leggings
2026-09-22,Cava Athleisure,Wine Hourglass Flared Leggings,L,WFP1ACU02RDL,1429.0,12,0,17148.0,370,https://cavaathleisure.com/products/wine-hourglass-flared-leggings
2026-09-22,Cava Athleisure,Wine Hourglass Flared Leggings,L,WFB1ACU04RDL,1429.0,8,0,11432.0,124,https://cavaathleisure.com/products/wine-hourglass-flared-leggings
2026-09-22,Cava Athleisure,Wine Hourglass Flared Leggings,XL,WFP1ACU01RDXL,1429.0,9,0,12861.0,63,https://cavaathleisure.com/products/wine-hourglass-flared-leggings
2026-09-22,Cava Athleisure,Wine Hourglass Flared Leggings,XL,WFP1ACU02RDXL,1429.0,9,0,12861.0,138,https://cavaathleisure.com/products/wine-hourglass-flared-leggings
2026-09-22,Cava Athleisure,Wine Hourglass Flared Leggings,XL,WFB1ACU04RDXL,1429.0,8,0,11432.0,46,https://cavaathleisure.com/products/wine-hourglass-flared-leggings
2026-09-22,Cava Athleisure,Wine Hourglass Flared Leggings,XXL,WFP1ACU01RDXXL,1429.0,5,0,7145.0,24,https://cavaathleisure.com/products/wine-hourglass-flared-leggings
2026-09-22,Cava Athleisure,Wine Hourglass Flared Leggings,XXL,WFP1ACU02RDXXL,1429.0,4,0,5716.0,124,https://cavaathleisure.com/products/wine-hourglass-flared-leggings
2026-09-22,Cava Athleisure,Wine Hourglass Flared Leggings,XXL,WFB1ACU04RDXXL,1429.0,10,0,14290.0,15,https://cavaathleisure.com/products/wine-hourglass-flared-leggings
2026-09-22,Cava Athleisure,Obsidian Black Hourglass Flared Leggings,XS,BTM-CAVA-ACU01-Black-XS,1429.0,20,0,28580.0,229,https://cavaathleisure.com/products/obsidian-black-hourglass-flared-leggings
2026-09-22,Cava Athleisure,Obsidian Black Hourglass Flared Leggings,XS,BTM-CAVA-ACU02-Black-XS,1429.0,21,0,30009.0,212,https://cavaathleisure.com/products/obsidian-black-hourglass-flared-leggings
2026-09-22,Cava Athleisure,Obsidian Black Hourglass Flared Leggings,XS,BTM-CAVA-ACU04-Black-XS,1429.0,15,0,21435.0,94,https://cavaathleisure.com/products/obsidian-black-hourglass-flared-leggings
2026-09-22,Cava Athleisure,Obsidian Black Hourglass Flared Leggings,S,BTM-CAVA-ACU01-Black-S,1429.0,82,0,117178.0,360,https://cavaathleisure.com/products/obsidian-black-hourglass-flared-leggings
2026-09-22,Cava Athleisure,Obsidian Black Hourglass Flared Leggings,S,BTM-CAVA-ACU02-Black-S,1429.0,68,0,97172.0,1130,https://cavaathleisure.com/products/obsidian-black-hourglass-flared-leggings
2026-09-22,Cava Athleisure,Obsidian Black Hourglass Flared Leggings,S,BTM-CAVA-ACU04-Black-S,1429.0,28,0,40012.0,205,https://cavaathleisure.com/products/obsidian-black-hourglass-flared-leggings
2026-09-22,Cava Athleisure,Obsidian Black Hourglass Flared Leggings,M,BTM-CAVA-ACU01-Black-M,1429.0,138,0,197202.0,308,https://cavaathleisure.com/products/obsidian-black-hourglass-flared-leggings
2026-09-22,Cava Athleisure,Obsidian Black Hourglass Flared Leggings,M,BTM-CAVA-ACU02-Black-M,1429.0,119,0,170051.0,1059,https://cavaathleisure.com/products/obsidian-black-hourglass-flared-leggings
2026-09-22,Cava Athleisure,Obsidian Black Hourglass Flared Leggings,M,BTM-CAVA-ACU04-Black-M,1429.0,13,0,18577.0,0,https://cavaathleisure.com/products/obsidian-black-hourglass-flared-leggings
2026-09-22,Cava Athleisure,Obsidian Black Hourglass Flared Leggings,L,BTM-CAVA-ACU01-Black-L,1429.0,87,0,124323.0,213,https://cavaathleisure.com/products/obsidian-black-hourglass-flared-leggings
2026-09-22,Cava Athleisure,Obsidian Black Hourglass Flared Leggings,L,BTM-CAVA-ACU02-Black-L,1429.0,99,0,141471.0,955,https://cavaathleisure.com/products/obsidian-black-hourglass-flared-leggings
2026-09-22,Cava Athleisure,Obsidian Black Hourglass Flared Leggings,XL,BTM-CAVA-ACU01-Black-XL,1429.0,12,0,17148.0,0,https://cavaathleisure.com/products/obsidian-black-hourglass-flared-leggings
2026-09-22,Cava Athleisure,Obsidian Black Hourglass Flared Leggings,XL,BTM-CAVA-ACU02-Black-XL,1429.0,60,0,85740.0,404,https://cavaathleisure.com/products/obsidian-black-hourglass-flared-leggings
2026-09-22,Cava Athleisure,Obsidian Black Hourglass Flared Leggings,XL,BTM-CAVA-ACU04-Black-XL,1429.0,45,0,64305.0,2,https://cavaathleisure.com/products/obsidian-black-hourglass-flared-leggings
2026-09-22,Cava Athleisure,Obsidian Black Hourglass Flared Leggings,XXL,BTM-CAVA-ACU01-Black-XXL,1429.0,36,0,51444.0,40,https://cavaathleisure.com/products/obsidian-black-hourglass-flared-leggings
2026-09-22,Cava Athleisure,Obsidian Black Hourglass Flared Leggings,XXL,BTM-CAVA-ACU02-Black-XXL,1429.0,42,0,60018.0,222,https://cavaathleisure.com/products/obsidian-black-hourglass-flared-leggings
2026-09-22,Cava Athleisure,Obsidian Black Hourglass Flared Leggings,XXL,BTM-CAVA-ACU04-Black-XXL,1429.0,45,0,64305.0,15,https://cavaathleisure.com/products/obsidian-black-hourglass-flared-leggings
2026-09-22,Cava Athleisure,Blue Supima Polo T-Shirt - Regular Fit,S,MTS16CS103BLS,1104.0,0,1,0.0,7,https://cavaathleisure.com/products/blue-supima-polo-t-shirt-regular-fit
2026-09-22,Cava Athleisure,Burgundy Aerial Contrast Leggings,S,WLG1011RDS,1000.0,0,1,0.0,39,https://cavaathleisure.com/products/burgundy-aerial-contrast-leggings
2026-09-22,Cava Athleisure,Black Aerial Contrast Crop Tank,S,WTN1003BKS,900.0,0,1,0.0,9,https://cavaathleisure.com/products/black-aerial-contrast-crop-tank
2026-09-22,Cava Athleisure,Black Aerial Contrast Crop Tank,M,WTN1003BKM,900.0,0,1,0.0,1,https://cavaathleisure.com/products/black-aerial-contrast-crop-tank
2026-09-22,Cava Athleisure,Black Aerial Contrast Crop Tank,XL,WTN1003BKXL,900.0,3,0,2700.0,17,https://cavaathleisure.com/products/black-aerial-contrast-crop-tank
2026-09-22,Cava Athleisure,Black Aerial Contrast Leggings,S,WLG1011BKS,1250.0,0,1,0.0,105,https://cavaathleisure.com/products/black-aerial-contrast-leggings
2026-09-22,Cava Athleisure,Black Strap Back Sports Bra,XL,WSB819BKXL,1199.0,2,0,2398.0,69,https://cavaathleisure.com/products/black-strap-back-sports-bra
2026-09-22,Cava Athleisure,Black Strap Back Sports Bra,XXL,WSB819BKXXL,1199.0,2,0,2398.0,46,https://cavaathleisure.com/products/black-strap-back-sports-bra
2026-09-22,Cava Athleisure,Wine Swirl Tennis Skorts,XXS,WSKSET445WRDXXS,1399.0,1,0,1399.0,19,https://cavaathleisure.com/products/wine-swirl-tennis-skorts
2026-09-22,Cava Athleisure,Wine Swirl Tennis Skorts,XS,WSK9SET4WRDXS,1399.0,1,0,1399.0,60,https://cavaathleisure.com/products/wine-swirl-tennis-skorts
2026-09-22,Cava Athleisure,Wine Swirl Tennis Skorts,XS,WSKSET4L45WRDXS,1399.0,1,0,1399.0,12,https://cavaathleisure.com/products/wine-swirl-tennis-skorts
2026-09-22,Cava Athleisure,Wine Swirl Tennis Skorts,S,WSK9SET4WRDS,1399.0,3,0,4197.0,116,https://cavaathleisure.com/products/wine-swirl-tennis-skorts
2026-09-22,Cava Athleisure,Wine Swirl Tennis Skorts,M,WSK9SET4WRDM,1399.0,2,0,2798.0,78,https://cavaathleisure.com/products/wine-swirl-tennis-skorts
2026-09-22,Cava Athleisure,Wine Swirl Tennis Skorts,XL,WSK9SET4WRDXL,1399.0,7,0,9793.0,1,https://cavaathleisure.com/products/wine-swirl-tennis-skorts
2026-09-22,Cava Athleisure,Wine Swirl Tennis Skorts,XXL,WSK9SET4WRDXXL,1399.0,2,0,2798.0,29,https://cavaathleisure.com/products/wine-swirl-tennis-skorts
2026-09-22,Cava Athleisure,Wine Swirl Tennis Skorts,XXL,WSKSET4L45WRDXXL,1399.0,1,0,1399.0,6,https://cavaathleisure.com/products/wine-swirl-tennis-skorts
2026-09-22,Cava Athleisure,Wine Sculptor Jacket,XS,WJK9SET5WRDXS,1799.0,2,0,3598.0,14,https://cavaathleisure.com/products/wine-sculptor-jacket
2026-09-22,Cava Athleisure,Wine Sculptor Jacket,S,WJK9SET5WRDS,1799.0,12,0,21588.0,71,https://cavaathleisure.com/products/wine-sculptor-jacket
2026-09-22,Cava Athleisure,Wine Sculptor Jacket,M,WJK9SET5WRDM,1799.0,14,0,25186.0,64,https://cavaathleisure.com/products/wine-sculptor-jacket
2026-09-22,Cava Athleisure,Wine Sculptor Jacket,L,WJK9SET5WRDL,1799.0,18,0,32382.0,53,https://cavaathleisure.com/products/wine-sculptor-jacket
2026-09-22,Cava Athleisure,Wine Sculptor Jacket,XL,WJK9SET5WRDXL,1799.0,1,0,1799.0,0,https://cavaathleisure.com/products/wine-sculptor-jacket
2026-09-22,Cava Athleisure,Wine Sculptor Jacket,XXL,WJK9SET5WRDXXL,1799.0,6,0,10794.0,52,https://cavaathleisure.com/products/wine-sculptor-jacket
2026-09-22,Cava Athleisure,Red Strap Back Sports Bra,XL,WSB819RDXL,1199.0,1,0,1199.0,37,https://cavaathleisure.com/products/red-strap-back-sports-bra
2026-09-22,Cava Athleisure,White Trackline Oversized Printed Tee - Men,XL,MTS1613WHBCXL,934.0,0,1,0.0,2,https://cavaathleisure.com/products/white-trackline-oversized-printed-tee-men
2026-09-22,Cava Athleisure,White Trackline Oversized Printed Tee - Men,XXL,MTS1613WHBCXXL,934.0,0,1,0.0,2,https://cavaathleisure.com/products/white-trackline-oversized-printed-tee-men
2026-09-22,Cava Athleisure,White Tenniscore Oversized Printed Tee - Men,L,MTS1613WHTCL,960.0,0,1,0.0,1,https://cavaathleisure.com/products/white-tenniscore-oversized-printed-tee-men
2026-09-22,Cava Athleisure,White Certified Hoopers Oversized Printed Tee - Men,M,MTS1613WHHCM,939.0,0,1,0.0,1,https://cavaathleisure.com/products/white-certified-hoopers-oversized-printed-tee-men
2026-09-22,Cava Athleisure,White Certified Hoopers Oversized Printed Tee - Men,L,MTS1613WHHCL,939.0,0,2,0.0,2,https://cavaathleisure.com/products/white-certified-hoopers-oversized-printed-tee-men
2026-09-22,Cava Athleisure,Black Cava Buckle-up Bag,Free size,UNAC1416BK,1599.0,0,1,0.0,5,https://cavaathleisure.com/products/black-cava-buckle-up-bag
2026-09-22,Cava Athleisure,Grey Cava Buckle-up Bag,Free size,UNAC1416GY,1599.0,2,0,3198.0,98,https://cavaathleisure.com/products/grey-cava-buckle-up-bag
2026-09-22,Cava Athleisure,Dusky Purple Supima V Neck T-shirt - Regular Fit,S,MTS16CS102PUS,967.0,1,0,967.0,28,https://cavaathleisure.com/products/dusky-purple-supima-v-neck-t-shirt-regular-fit
2026-09-22,Cava Athleisure,Dusky Purple Supima V Neck T-shirt - Regular Fit,M,MTS16CS102PUM,967.0,0,1,0.0,13,https://cavaathleisure.com/products/dusky-purple-supima-v-neck-t-shirt-regular-fit
2026-09-22,Cava Athleisure,Dusky Purple Supima V Neck T-shirt - Regular Fit,XL,MTS16CS102PUXL,967.0,0,1,0.0,6,https://cavaathleisure.com/products/dusky-purple-supima-v-neck-t-shirt-regular-fit
2026-09-22,Cava Athleisure,Pine Supima Crew Neck T-Shirt - Regular Fit,XL,MTS16CS101GRXL,799.0,0,2,0.0,5,https://cavaathleisure.com/products/pine-supima-crew-neck-t-shirt
2026-09-22,Cava Athleisure,Pine Supima Polo T-Shirt - Regular Fit,S,MTS16CS103GRS,860.0,1,0,860.0,0,https://cavaathleisure.com/products/pine-supima-polo-t-shirt
2026-09-22,Cava Athleisure,Ash Supima Polo T-Shirt - Regular Fit,L,MTS16CS103NYL,1099.0,2,0,2198.0,2,https://cavaathleisure.com/products/ash-supima-polo-t-shirt
2026-09-22,Cava Athleisure,Ash Supima Polo T-Shirt - Regular Fit,XL,MTS16CS103NYXL,1099.0,1,0,1099.0,8,https://cavaathleisure.com/products/ash-supima-polo-t-shirt
2026-09-22,Cava Athleisure,Ash Supima Polo T-Shirt - Regular Fit,XXL,MTS16CS103NYXXL,1099.0,1,0,1099.0,8,https://cavaathleisure.com/products/ash-supima-polo-t-shirt
2026-09-22,Cava Athleisure,Sand Supima Polo T-Shirt - Regular Fit,S,MTS16CS103BGS,1099.0,3,0,3297.0,4,https://cavaathleisure.com/products/sand-supima-polo-t-shirt
2026-09-22,Cava Athleisure,Pebble Cava Essential Sweatshirt,M,WTS11536BLM,1199.0,1,0,1199.0,0,https://cavaathleisure.com/products/pebble-cava-essential-sweatshirt
2026-09-22,Cava Athleisure,Blue Sky-Rise Leggings,S,WLG9SET3BLS,1299.0,6,0,7794.0,2,https://cavaathleisure.com/products/blue-sky-rise-leggings
2026-09-22,Cava Athleisure,Blue Super Stretch Brami,S,WSB9SET3BLS,1199.0,3,0,3597.0,111,https://cavaathleisure.com/products/blue-super-stretch-brami
2026-09-22,Cava Athleisure,Wine Racerback Tank,XS,WTN1SET5RDXS,1199.0,5,0,5995.0,28,https://cavaathleisure.com/products/wine-racerback-tank
2026-09-22,Cava Athleisure,Wine Racerback Tank,S,WTN1SET5RDS,1199.0,10,0,11990.0,93,https://cavaathleisure.com/products/wine-racerback-tank
2026-09-22,Cava Athleisure,Wine Racerback Tank,M,WTN1SET5RDM,1199.0,14,0,16786.0,20,https://cavaathleisure.com/products/wine-racerback-tank
2026-09-22,Cava Athleisure,Wine Racerback Tank,L,WTN1SET5RDL,1199.0,7,0,8393.0,64,https://cavaathleisure.com/products/wine-racerback-tank
2026-09-22,Cava Athleisure,Cobalt Overlap Tee,XS,WTP1SET2NY2XS,999.0,7,0,6993.0,51,https://cavaathleisure.com/products/cobalt-overlap-tee
2026-09-22,Cava Athleisure,Cobalt Overlap Tee,S,WTP1SET2NY2S,999.0,10,0,9990.0,39,https://cavaathleisure.com/products/cobalt-overlap-tee
2026-09-22,Cava Athleisure,Cobalt Overlap Tee,M,WTP1SET2NY2M,999.0,1,0,999.0,0,https://cavaathleisure.com/products/cobalt-overlap-tee
2026-09-22,Cava Athleisure,Cobalt Overlap Tee,L,WTP1SET2NY2L,999.0,0,2,0.0,2,https://cavaathleisure.com/products/cobalt-overlap-tee
2026-09-22,Cava Athleisure,Lime Overlap Tee,L,WTP1SET2GRL,999.0,0,1,0.0,1,https://cavaathleisure.com/products/lime-overlap-tee
2026-09-22,Cava Athleisure,Cream Cava Essential Sweatshirt,XS,WTS11536WHXS,1199.0,0,2,0.0,7,https://cavaathleisure.com/products/cream-cava-essential-sweatshirt
2026-09-22,Cava Athleisure,Cream Cava Essential Sweatshirt,S,WTS11536WHS,1199.0,0,7,0.0,41,https://cavaathleisure.com/products/cream-cava-essential-sweatshirt
2026-09-22,Cava Athleisure,Cream Cava Essential Sweatshirt,M,WTS11536WHM,1199.0,3,0,3597.0,2,https://cavaathleisure.com/products/cream-cava-essential-sweatshirt
2026-09-22,Cava Athleisure,Cream Cava Essential Sweatshirt,XL,WTS11536WHXL,1199.0,2,0,2398.0,29,https://cavaathleisure.com/products/cream-cava-essential-sweatshirt
2026-09-22,Cava Athleisure,Cream Cava Essential Sweatshirt,XXL,WTS11536WHXXL,1199.0,0,2,0.0,17,https://cavaathleisure.com/products/cream-cava-essential-sweatshirt
2026-09-22,Cava Athleisure,Cobalt Sprint Shorts - Lined,XL,WSH1409BLXL,910.0,0,1,0.0,3,https://cavaathleisure.com/products/cobalt-sprint-shorts-lined
2026-09-22,Cava Athleisure,Black Pulse Seamless Tee,S,MTS1CS121BKS,899.0,0,1,0.0,6,https://cavaathleisure.com/products/black-pulse-seamless-tee
2026-09-22,Cava Athleisure,Black Pulse Seamless Tee,XL,MTS1CS121BKXL,899.0,0,3,0.0,101,https://cavaathleisure.com/products/black-pulse-seamless-tee
2026-09-22,Cava Athleisure,Black Pulse Seamless Tee,XXL,MTS1CS121BKXXL,899.0,2,0,1798.0,63,https://cavaathleisure.com/products/black-pulse-seamless-tee
2026-09-22,Cava Athleisure,Ash Pulse Seamless Tee,L,MTS1CS121NYL,899.0,1,0,899.0,57,https://cavaathleisure.com/products/ash-pulse-seamless-tee
2026-09-22,Cava Athleisure,Ash Pulse Seamless Tee,XL,MTS1CS121NYXL,899.0,2,0,1798.0,35,https://cavaathleisure.com/products/ash-pulse-seamless-tee
2026-09-22,Cava Athleisure,Ash Pulse Seamless Tee,XXL,MTS1CS121NYXXL,899.0,1,0,899.0,31,https://cavaathleisure.com/products/ash-pulse-seamless-tee
2026-09-22,Cava Athleisure,Cobalt Silhouette Zip Top,XS,WTP14ACU03BLXS,850.0,0,2,0.0,14,https://cavaathleisure.com/products/cobalt-silhouette-zip-top
2026-09-22,Cava Athleisure,Cobalt Silhouette Zip Top,S,WTP14ACU03BLS,850.0,0,1,0.0,244,https://cavaathleisure.com/products/cobalt-silhouette-zip-top
2026-09-22,Cava Athleisure,Cobalt Silhouette Zip Top,XL,WTP14ACU03BLXL,850.0,1,0,850.0,45,https://cavaathleisure.com/products/cobalt-silhouette-zip-top
2026-09-22,Cava Athleisure,Brown Silhouette Zip Top,XS,WTP14ACU03BNXS,850.0,1,0,850.0,0,https://cavaathleisure.com/products/brown-silhouette-zip-top
2026-09-22,Cava Athleisure,Brown Silhouette Zip Top,S,WTP14ACU03BNS,850.0,0,2,0.0,57,https://cavaathleisure.com/products/brown-silhouette-zip-top
2026-09-22,Cava Athleisure,Brown Silhouette Zip Top,M,WTP14ACU03BNM,850.0,0,2,0.0,2,https://cavaathleisure.com/products/brown-silhouette-zip-top
2026-09-22,Cava Athleisure,Steel Blue Cava Oversized Jersey,XL,MTS1601GYXL,1044.0,1,0,1044.0,0,https://cavaathleisure.com/products/steel-blue-cava-oversized-jersey
2026-09-22,Cava Athleisure,Burgundy Contrast Trim Top,S,WSB1401RDS,630.0,0,1,0.0,12,https://cavaathleisure.com/products/burgundy-contrast-trim-top
2026-09-22,Cava Athleisure,Burgundy Contrast Trim Top,M,WSB1401RDM,630.0,1,0,630.0,16,https://cavaathleisure.com/products/burgundy-contrast-trim-top
2026-09-22,Cava Athleisure,Burgundy Contrast Trim Top,L,WSB1401RDL,630.0,0,3,0.0,5,https://cavaathleisure.com/products/burgundy-contrast-trim-top
2026-09-22,Cava Athleisure,Cobalt Overlap Tank,XS,WTN104NY2XS,949.0,0,1,0.0,1,https://cavaathleisure.com/products/cobalt-overlap-tank
2026-09-22,Cava Athleisure,Lime Overlap Tank,S,WTN104GRS,949.0,0,1,0.0,1,https://cavaathleisure.com/products/lime-overlap-tank
2026-09-22,Cava Athleisure,Charcoal Stride Golf Shorts,32,MSH112BL32,1049.0,0,3,0.0,25,https://cavaathleisure.com/products/charcoal-stride-golf-shorts
2026-09-22,Cava Athleisure,Charcoal Stride Golf Shorts,34,MSH112BL34,1049.0,0,1,0.0,1,https://cavaathleisure.com/products/charcoal-stride-golf-shorts
2026-09-22,Cava Athleisure,Charcoal Stride Golf Shorts,38,MSH112BL38,1049.0,1,0,1049.0,1,https://cavaathleisure.com/products/charcoal-stride-golf-shorts
2026-09-22,Cava Athleisure,Black Stride Golf Shorts,32,MSH112BK32,1049.0,0,1,0.0,18,https://cavaathleisure.com/products/black-stride-golf-shorts
2026-09-22,Cava Athleisure,Black Contrast Bonded Polo,S,MTS1405BKS,999.0,0,2,0.0,19,https://cavaathleisure.com/products/black-contrast-bonded-polo
2026-09-22,Cava Athleisure,Cement Contrast Bonded Polo,S,MTS1405GYS,999.0,0,5,0.0,11,https://cavaathleisure.com/products/cement-contrast-bonded-polo
2026-09-22,Cava Athleisure,Cement Contrast Bonded Polo,M,MTS1405GYM,999.0,0,2,0.0,2,https://cavaathleisure.com/products/cement-contrast-bonded-polo
2026-09-22,Cava Athleisure,Cement Contrast Bonded Polo,XL,MTS1405GYXL,999.0,0,3,0.0,3,https://cavaathleisure.com/products/cement-contrast-bonded-polo
2026-09-22,Cava Athleisure,Jade Contrast Bonded Polo,S,MTS1405GRS,999.0,0,3,0.0,30,https://cavaathleisure.com/products/jade-contrast-bonded-polo
2026-09-22,Cava Athleisure,Jade Contrast Bonded Polo,M,MTS1405GRM,999.0,0,2,0.0,2,https://cavaathleisure.com/products/jade-contrast-bonded-polo
2026-09-22,Cava Athleisure,Jade Contrast Bonded Polo,L,MTS1405GRL,999.0,0,2,0.0,2,https://cavaathleisure.com/products/jade-contrast-bonded-polo
2026-09-22,Cava Athleisure,Jade Contrast Bonded Polo,XL,MTS1405GRXL,999.0,0,2,0.0,2,https://cavaathleisure.com/products/jade-contrast-bonded-polo
2026-09-22,Cava Athleisure,Cream Solid Oversized Tee - Men,XL,MTS1602SWHXL,749.0,0,4,0.0,4,https://cavaathleisure.com/products/cream-solid-oversized-tee-men
2026-09-22,Cava Athleisure,Cobalt Adaptive Track Pants,XS,WJR112NYXS,989.0,0,2,0.0,6,https://cavaathleisure.com/products/cobalt-adaptive-track-pants
2026-09-22,Cava Athleisure,Brown Hourglass Snug Leggings,XS,WLG1010BNXS,1299.0,2,0,2598.0,5,https://cavaathleisure.com/products/brown-hourglass-snug-leggings
2026-09-22,Cava Athleisure,Brown Hourglass Snug Leggings,S,WLG1010BNS,1299.0,2,0,2598.0,13,https://cavaathleisure.com/products/brown-hourglass-snug-leggings
2026-09-22,Cava Athleisure,Brown Hourglass Snug Leggings,M,WLG1010BNM,1299.0,14,0,18186.0,98,https://cavaathleisure.com/products/brown-hourglass-snug-leggings
2026-09-22,Cava Athleisure,Brown Hourglass Snug Leggings,L,WLG1010BNL,1299.0,12,0,15588.0,26,https://cavaathleisure.com/products/brown-hourglass-snug-leggings
2026-09-22,Cava Athleisure,Brown Hourglass Snug Leggings,XL,WLG1010BNXL,1299.0,0,1,0.0,1,https://cavaathleisure.com/products/brown-hourglass-snug-leggings
2026-09-22,Cava Athleisure,Brown Hourglass Snug Leggings,XXL,WLG1010BNXXL,1299.0,0,1,0.0,3,https://cavaathleisure.com/products/brown-hourglass-snug-leggings
2026-09-22,Cava Athleisure,Black Hourglass Snug Leggings,XS,WLG1010BKXS,1299.0,1,0,1299.0,152,https://cavaathleisure.com/products/black-hourglass-snug-leggings
2026-09-22,Cava Athleisure,Black Hourglass Snug Leggings,S,WLG1010BKS,1299.0,19,0,24681.0,404,https://cavaathleisure.com/products/black-hourglass-snug-leggings
2026-09-22,Cava Athleisure,Black Hourglass Snug Leggings,M,WLG1010BKM,1299.0,32,0,41568.0,285,https://cavaathleisure.com/products/black-hourglass-snug-leggings
2026-09-22,Cava Athleisure,Black Hourglass Snug Leggings,L,WLG1010BKL,1299.0,22,0,28578.0,254,https://cavaathleisure.com/products/black-hourglass-snug-leggings
2026-09-22,Cava Athleisure,Black Hourglass Snug Leggings,XL,WLG1010BKXL,1299.0,19,0,24681.0,174,https://cavaathleisure.com/products/black-hourglass-snug-leggings
2026-09-22,Cava Athleisure,Black Hourglass Booty Shorts,XS,WSH1008BKXS,1099.0,16,0,17584.0,250,https://cavaathleisure.com/products/black-hourglass-booty-shorts
2026-09-22,Cava Athleisure,Black Hourglass Booty Shorts,S,WSH1008BKS,1099.0,56,0,61544.0,892,https://cavaathleisure.com/products/black-hourglass-booty-shorts
2026-09-22,Cava Athleisure,Black Hourglass Booty Shorts,M,WSH1008BKM,1099.0,130,0,142870.0,450,https://cavaathleisure.com/products/black-hourglass-booty-shorts
2026-09-22,Cava Athleisure,Black Hourglass Booty Shorts,L,WSH1008BKL,1099.0,77,0,84623.0,150,https://cavaathleisure.com/products/black-hourglass-booty-shorts
2026-09-22,Cava Athleisure,Black Hourglass Booty Shorts,XL,WSH1008BKXL,1099.0,32,0,35168.0,84,https://cavaathleisure.com/products/black-hourglass-booty-shorts
2026-09-22,Cava Athleisure,Black Hourglass Booty Shorts,XXL,WSH1008BKXXL,1099.0,21,0,23079.0,25,https://cavaathleisure.com/products/black-hourglass-booty-shorts
2026-09-22,Cava Athleisure,Beige Wide Cargo Joggers,S,WJR5BEL532BGS,805.0,0,2,0.0,73,https://cavaathleisure.com/products/beige-wide-cargo-joggers
2026-09-22,Cava Athleisure,Beige Wide Cargo Joggers,M,WJR5BEL532BGM,805.0,0,1,0.0,110,https://cavaathleisure.com/products/beige-wide-cargo-joggers
2026-09-22,Cava Athleisure,Beige Wide Cargo Joggers,XL,WJR5BEL532BGXL,805.0,0,1,0.0,10,https://cavaathleisure.com/products/beige-wide-cargo-joggers
2026-09-22,Cava Athleisure,Black Hyper Mesh Sports Bra,S,WSB102BKS,1499.0,3,0,4497.0,134,https://cavaathleisure.com/products/black-hyper-mesh-sports-bra
2026-09-22,Cava Athleisure,Black Hyper Mesh Sports Bra,M,WSB102BKM,1499.0,10,0,14990.0,197,https://cavaathleisure.com/products/black-hyper-mesh-sports-bra
2026-09-22,Cava Athleisure,Black Hyper Mesh Sports Bra,L,WSB102BKL,1499.0,12,0,17988.0,73,https://cavaathleisure.com/products/black-hyper-mesh-sports-bra
2026-09-22,Cava Athleisure,Black Hyper Mesh Sports Bra,XL,WSB102BKXL,1499.0,1,0,1499.0,83,https://cavaathleisure.com/products/black-hyper-mesh-sports-bra
2026-09-22,Cava Athleisure,Black Hyper Mesh Sports Bra,XXL,WSB102BKXXL,1499.0,1,0,1499.0,12,https://cavaathleisure.com/products/black-hyper-mesh-sports-bra
2026-09-22,Cava Athleisure,Olive Wide Cargo Joggers,M,WJR5BEL532GRM,678.0,0,3,0.0,13,https://cavaathleisure.com/products/olive-wide-cargo-joggers
2026-09-22,Cava Athleisure,Moscow Blue Wide Cargo Joggers,XS,WJR5BEL532BLXS,690.0,0,1,0.0,10,https://cavaathleisure.com/products/moscow-blue-wide-cargo-joggers
2026-09-22,Cava Athleisure,Olive Stride Golf Shorts,30,MSH112GR30,1049.0,0,2,0.0,20,https://cavaathleisure.com/products/olive-stride-golf-shorts
2026-09-22,Cava Athleisure,Ruby Aerial Leggings,S,WLG10Set12RDS,999.0,1,0,999.0,112,https://cavaathleisure.com/products/ruby-aerial-leggings
2026-09-22,Cava Athleisure,Toasted Cross Back Sports Bra,XS,WSB14SET1BNXS,1199.0,0,3,0.0,3,https://cavaathleisure.com/products/toasted-cross-back-sports-bra
2026-09-22,Cava Athleisure,Navy Overlap Tee,S,WTP1SET2NYS,999.0,0,2,0.0,2,https://cavaathleisure.com/products/navy-overlap-tee
2026-09-22,Cava Athleisure,Navy Overlap Tee,M,WTP1SET2NYM,999.0,0,1,0.0,1,https://cavaathleisure.com/products/navy-overlap-tee
2026-09-22,Cava Athleisure,Navy Overlap Tee,L,WTP1SET2NYL,999.0,1,0,999.0,1,https://cavaathleisure.com/products/navy-overlap-tee
2026-09-22,Cava Athleisure,Beige Baseline Polo,S,MTS5CS108BGS,899.0,0,1,0.0,1,https://cavaathleisure.com/products/beige-baseline-polo
2026-09-22,Cava Athleisure,Beige Baseline Polo,L,MTS5CS108BGL,899.0,0,1,0.0,1,https://cavaathleisure.com/products/beige-baseline-polo
2026-09-22,Cava Athleisure,Beige Baseline Polo,XXL,MTS5CS108BGXXL,899.0,0,1,0.0,4,https://cavaathleisure.com/products/beige-baseline-polo
2026-09-22,Cava Athleisure,Black Airy Resort Shirt,M,MTP1CS116BKM,1046.0,0,1,0.0,40,https://cavaathleisure.com/products/black-airy-resort-shirt
2026-09-22,Cava Athleisure,Black Airy Resort Shirt,XL,MTP1CS116BKXL,1046.0,0,1,0.0,7,https://cavaathleisure.com/products/black-airy-resort-shirt
2026-09-22,Cava Athleisure,Grey Baseline Polo,S,MTS5CS108GYS,899.0,0,2,0.0,2,https://cavaathleisure.com/products/grey-baseline-polo
2026-09-22,Cava Athleisure,Grey Baseline Polo,L,MTS5CS108GYL,899.0,0,1,0.0,2,https://cavaathleisure.com/products/grey-baseline-polo
2026-09-22,Cava Athleisure,Clay Airy Resort Shirt,S,MTP1CS116BGS,1050.0,0,1,0.0,19,https://cavaathleisure.com/products/clay-airy-resort-shirt
2026-09-22,Cava Athleisure,Green Airy Resort Shirt,M,MTP1CS116GRM,1196.0,1,0,1196.0,46,https://cavaathleisure.com/products/green-airy-resort-shirt
2026-09-22,Cava Athleisure,Navy Airy Resort Shirt,M,MTP1CS116BLM,1050.0,0,1,0.0,29,https://cavaathleisure.com/products/navy-airy-resort-shirt
2026-09-22,Cava Athleisure,Navy Stride Cargo Pants,38,MTR1CS118NY38,1799.0,0,1,0.0,9,https://cavaathleisure.com/products/navy-stride-cargo-pants
2026-09-22,Cava Athleisure,"Navy 5"" Train-In Shorts",32,MSH1CS119NY32,1499.0,6,0,8994.0,74,https://cavaathleisure.com/products/navy-train-in-shorts
2026-09-22,Cava Athleisure,"Grey 5"" Train-In Shorts",38,MSH1CS119GY38,1499.0,1,0,1499.0,2,https://cavaathleisure.com/products/grey-train-in-shorts
2026-09-22,Cava Athleisure,"Black 5"" Train-In Shorts",36,MSH1CS119BK36,1499.0,4,0,5996.0,41,https://cavaathleisure.com/products/black-5-train-in-shorts
2026-09-22,Cava Athleisure,Black Ace Bond Polo,S,MTS1CS122BKS,1299.0,0,1,0.0,1,https://cavaathleisure.com/products/black-ace-bond-polo
2026-09-22,Cava Athleisure,Pink Cross Back Sports Bra,XS,WSB14SET1PUXS,1199.0,10,0,11990.0,120,https://cavaathleisure.com/products/pink-cross-back-sports-bra
2026-09-22,Cava Athleisure,Pink Cross Back Sports Bra,S,WSB14SET1PUS,1199.0,40,0,47960.0,74,https://cavaathleisure.com/products/pink-cross-back-sports-bra
2026-09-22,Cava Athleisure,Pink Cross Back Sports Bra,M,WSB14SET1PUM,1199.0,25,0,29975.0,168,https://cavaathleisure.com/products/pink-cross-back-sports-bra
2026-09-22,Cava Athleisure,Pink Cross Back Sports Bra,L,WSB14SET1PUL,1199.0,12,0,14388.0,81,https://cavaathleisure.com/products/pink-cross-back-sports-bra
2026-09-22,Cava Athleisure,Pink Cross Back Sports Bra,XL,WSB14SET1PUXL,1199.0,6,0,7194.0,29,https://cavaathleisure.com/products/pink-cross-back-sports-bra
2026-09-22,Cava Athleisure,Pink Cross Back Sports Bra,XXL,WSB14SET1PUXXL,1199.0,3,0,3597.0,39,https://cavaathleisure.com/products/pink-cross-back-sports-bra
2026-09-22,Cava Athleisure,Moscow Blue Cross Back Sports Bra,XS,WSB14SET1BLXS,1199.0,7,0,8393.0,289,https://cavaathleisure.com/products/moscow-blue-cross-back-sports-bra
2026-09-22,Cava Athleisure,Moscow Blue Cross Back Sports Bra,S,WSB14SET1BLS,1199.0,16,0,19184.0,196,https://cavaathleisure.com/products/moscow-blue-cross-back-sports-bra
2026-09-22,Cava Athleisure,Moscow Blue Cross Back Sports Bra,M,WSB14SET1BLM,1199.0,21,0,25179.0,321,https://cavaathleisure.com/products/moscow-blue-cross-back-sports-bra
2026-09-22,Cava Athleisure,Moscow Blue Cross Back Sports Bra,L,WSB14SET1BLL,1199.0,20,0,23980.0,326,https://cavaathleisure.com/products/moscow-blue-cross-back-sports-bra
2026-09-22,Cava Athleisure,Moscow Blue Cross Back Sports Bra,XL,WSB14SET1BLXL,1199.0,3,0,3597.0,90,https://cavaathleisure.com/products/moscow-blue-cross-back-sports-bra
2026-09-22,Cava Athleisure,Moscow Blue Cross Back Sports Bra,XXL,WSB14SET1BLXXL,1199.0,1,0,1199.0,72,https://cavaathleisure.com/products/moscow-blue-cross-back-sports-bra
2026-09-22,Cava Athleisure,Black Techpique Sleeveless Polo,S,WTP10CS04BKS,800.0,1,0,800.0,47,https://cavaathleisure.com/products/black-techpique-sleeveless-polo
2026-09-22,Cava Athleisure,Black Techpique Sleeveless Polo,XXL,WTP10CS04BKXXL,800.0,1,0,800.0,8,https://cavaathleisure.com/products/black-techpique-sleeveless-polo
2026-09-22,Cava Athleisure,White Techpique Sleeveless Polo,XXL,WTP10CS04WHXXL,783.0,1,0,783.0,6,https://cavaathleisure.com/products/white-techpique-sleeveless-polo
2026-09-22,Cava Athleisure,Pink Techpique Sleeveless Polo,XS,WTP10CS04PNXS,800.0,1,0,800.0,13,https://cavaathleisure.com/products/pink-techpique-sleeveless-polo
2026-09-22,Cava Athleisure,Pink Techpique Sleeveless Polo,S,WTP10CS04PNS,800.0,1,0,800.0,26,https://cavaathleisure.com/products/pink-techpique-sleeveless-polo
2026-09-22,Cava Athleisure,Pink Techpique Sleeveless Polo,XL,WTP10CS04PNXL,800.0,1,0,800.0,5,https://cavaathleisure.com/products/pink-techpique-sleeveless-polo
2026-09-22,Cava Athleisure,Ruby High Impact Sports Bra,XS,WSB1CS02RDXS,1299.0,3,0,3897.0,104,https://cavaathleisure.com/products/ruby-impact-sport-bra
2026-09-22,Cava Athleisure,Ruby High Impact Sports Bra,S,WSB1CS02RDS,1299.0,15,0,19485.0,1,https://cavaathleisure.com/products/ruby-impact-sport-bra
2026-09-22,Cava Athleisure,Ruby High Impact Sports Bra,M,WSB1CS02RDM,1299.0,58,0,75342.0,0,https://cavaathleisure.com/products/ruby-impact-sport-bra
2026-09-22,Cava Athleisure,Ruby High Impact Sports Bra,XL,WSB1CS02RDXL,1299.0,27,0,35073.0,4,https://cavaathleisure.com/products/ruby-impact-sport-bra
2026-09-22,Cava Athleisure,Ruby High Impact Sports Bra,XXL,WSB1CS02RDXXL,1299.0,3,0,3897.0,1,https://cavaathleisure.com/products/ruby-impact-sport-bra
2026-09-22,Cava Athleisure,Black High Impact Sports Bra,XS,WSB1CS02BKXS,1299.0,0,1,0.0,71,https://cavaathleisure.com/products/black-impact-sport-bra
2026-09-22,Cava Athleisure,Black High Impact Sports Bra,S,WSB1CS02BKS,1299.0,0,1,0.0,1,https://cavaathleisure.com/products/black-impact-sport-bra
2026-09-22,Cava Athleisure,Black High Impact Sports Bra,L,WSB1CS02BKL,1299.0,0,1,0.0,1,https://cavaathleisure.com/products/black-impact-sport-bra
2026-09-22,Cava Athleisure,Black High Impact Sports Bra,XL,WSB1CS02BKXL,1299.0,1,0,1299.0,0,https://cavaathleisure.com/products/black-impact-sport-bra
2026-09-22,Cava Athleisure,Black High Impact Sports Bra,XXL,WSB1CS02BKXXL,1299.0,1,0,1299.0,0,https://cavaathleisure.com/products/black-impact-sport-bra
2026-09-22,Cava Athleisure,Black Ultra Support Sports Bra,XS,WSB1CS01BKXS,1399.0,4,0,5596.0,100,https://cavaathleisure.com/products/black-all-square-sports-bra
2026-09-22,Cava Athleisure,Black Ultra Support Sports Bra,S,WSB1CS01BKS,1399.0,30,0,41970.0,167,https://cavaathleisure.com/products/black-all-square-sports-bra
2026-09-22,Cava Athleisure,Black Ultra Support Sports Bra,M,WSB1CS01BKM,1399.0,55,0,76945.0,105,https://cavaathleisure.com/products/black-all-square-sports-bra
2026-09-22,Cava Athleisure,Black Ultra Support Sports Bra,L,WSB1CS01BKL,1399.0,30,0,41970.0,62,https://cavaathleisure.com/products/black-all-square-sports-bra
2026-09-22,Cava Athleisure,Black Ultra Support Sports Bra,XL,WSB1CS01BKXL,1399.0,1,0,1399.0,0,https://cavaathleisure.com/products/black-all-square-sports-bra
2026-09-22,Cava Athleisure,Black Ultra Support Sports Bra,XXL,WSB1CS01BKXXL,1399.0,13,0,18187.0,8,https://cavaathleisure.com/products/black-all-square-sports-bra
2026-09-22,Cava Athleisure,Blush High Impact Sports Bra,XS,WSB1CS02PNXS,1299.0,1,0,1299.0,0,https://cavaathleisure.com/products/pastel-pink-impact-sport-bra
2026-09-22,Cava Athleisure,Ruby Ultra Support Sports Bra,S,WSB1CS01RDS,1399.0,6,0,8394.0,498,https://cavaathleisure.com/products/ruby-all-square-sports-bra
2026-09-22,Cava Athleisure,Ruby Ultra Support Sports Bra,M,WSB1CS01RDM,1399.0,4,0,5596.0,815,https://cavaathleisure.com/products/ruby-all-square-sports-bra
2026-09-22,Cava Athleisure,Ruby Ultra Support Sports Bra,XL,WSB1CS01RDXL,1399.0,4,0,5596.0,404,https://cavaathleisure.com/products/ruby-all-square-sports-bra
2026-09-22,Cava Athleisure,Ruby Ultra Support Sports Bra,XXL,WSB1CS01RDXXL,1399.0,0,1,0.0,125,https://cavaathleisure.com/products/ruby-all-square-sports-bra
2026-09-22,Cava Athleisure,Pink Plie Pleated Skort,XS,WSK10CS06PNXS,1699.0,9,0,15291.0,197,https://cavaathleisure.com/products/pink-pliee-pleated-skort
2026-09-22,Cava Athleisure,Lilac Ultra Support Sports Bra,XS,WSB1CS01PUXS,1399.0,3,0,4197.0,106,https://cavaathleisure.com/products/lilac-all-square-sports-bra
2026-09-22,Cava Athleisure,Lilac Ultra Support Sports Bra,S,WSB1CS01PUS,1399.0,11,0,15389.0,120,https://cavaathleisure.com/products/lilac-all-square-sports-bra
2026-09-22,Cava Athleisure,Lilac Ultra Support Sports Bra,M,WSB1CS01PUM,1399.0,16,0,22384.0,115,https://cavaathleisure.com/products/lilac-all-square-sports-bra
2026-09-22,Cava Athleisure,Lilac Ultra Support Sports Bra,L,WSB1CS01PUL,1399.0,8,0,11192.0,114,https://cavaathleisure.com/products/lilac-all-square-sports-bra
2026-09-22,Cava Athleisure,Lilac Ultra Support Sports Bra,XL,WSB1CS01PUXL,1399.0,4,0,5596.0,46,https://cavaathleisure.com/products/lilac-all-square-sports-bra
2026-09-22,Cava Athleisure,Lilac Ultra Support Sports Bra,XXL,WSB1CS01PUXXL,1399.0,2,0,2798.0,36,https://cavaathleisure.com/products/lilac-all-square-sports-bra
2026-09-22,Cava Athleisure,Black Plie Pleated Skort,XS,WSK10CS06BKXS,1699.0,3,0,5097.0,192,https://cavaathleisure.com/products/black-pliee-pleated-skort
2026-09-22,Cava Athleisure,Black Plie Pleated Skort,S,WSK10CS06BKS,1699.0,12,0,20388.0,273,https://cavaathleisure.com/products/black-pliee-pleated-skort
2026-09-22,Cava Athleisure,Black Plie Pleated Skort,M,WSK10CS06BKM,1699.0,6,0,10194.0,51,https://cavaathleisure.com/products/black-pliee-pleated-skort
2026-09-22,Cava Athleisure,Ivory Plie Pleated Skort,XS,WSK10CS06WHXS,1699.0,9,0,15291.0,185,https://cavaathleisure.com/products/ivory-pliee-pleated-skort
2026-09-22,Cava Athleisure,Ivory Plie Pleated Skort,S,WSK10CS06WHS,1699.0,7,0,11893.0,86,https://cavaathleisure.com/products/ivory-pliee-pleated-skort
2026-09-22,Cava Athleisure,Ivory Plie Pleated Skort,M,WSK10CS06WHM,1699.0,8,0,13592.0,53,https://cavaathleisure.com/products/ivory-pliee-pleated-skort
2026-09-22,Cava Athleisure,Ivory Plie Pleated Skort,L,WSK10CS06WHL,1699.0,3,0,5097.0,58,https://cavaathleisure.com/products/ivory-pliee-pleated-skort
2026-09-22,Cava Athleisure,Navy Plie Pleated Skort,XS,WSK10CS06NYXS,1699.0,2,0,3398.0,208,https://cavaathleisure.com/products/navy-pliee-pleated-skort
2026-09-22,Cava Athleisure,Navy Plie Pleated Skort,S,WSK10CS06NYS,1699.0,4,0,6796.0,260,https://cavaathleisure.com/products/navy-pliee-pleated-skort
2026-09-22,Cava Athleisure,Navy Plie Pleated Skort,M,WSK10CS06NYM,1699.0,3,0,5097.0,56,https://cavaathleisure.com/products/navy-pliee-pleated-skort
2026-09-22,Cava Athleisure,Navy Plie Pleated Skort,L,WSK10CS06NYL,1699.0,1,0,1699.0,0,https://cavaathleisure.com/products/navy-pliee-pleated-skort
2026-09-22,Cava Athleisure,Navy Plie Pleated Skort,XL,WSK10CS06NYXL,1699.0,2,0,3398.0,22,https://cavaathleisure.com/products/navy-pliee-pleated-skort
2026-09-22,Cava Athleisure,Navy Plie Pleated Skort,XXL,WSK10CS06NYXXL,1699.0,1,0,1699.0,7,https://cavaathleisure.com/products/navy-pliee-pleated-skort
2026-09-22,Cava Athleisure,Ivory Courtside Dress,L,WDR1CS07WHL,1050.0,0,3,0.0,5,https://cavaathleisure.com/products/ivory-courtside-dress
2026-09-22,Cava Athleisure,Green Aerial Leggings,S,WLG10SET12GRS,999.0,1,0,999.0,28,https://cavaathleisure.com/products/green-aerial-leggings
2026-09-22,Cava Athleisure,Pink Sculptor Jacket,XS,WJK10Set5PNXS,1799.0,12,0,21588.0,11,https://cavaathleisure.com/products/pink-sculptor-jacket
2026-09-22,Cava Athleisure,Pink Sculptor Jacket,S,WJK10Set5PNS,1799.0,27,0,48573.0,177,https://cavaathleisure.com/products/pink-sculptor-jacket
2026-09-22,Cava Athleisure,Pink Sculptor Jacket,M,WJK10Set5PNM,1799.0,22,0,39578.0,197,https://cavaathleisure.com/products/pink-sculptor-jacket
2026-09-22,Cava Athleisure,Pink Sculptor Jacket,L,WJK10Set5PNL,1799.0,12,0,21588.0,170,https://cavaathleisure.com/products/pink-sculptor-jacket
2026-09-22,Cava Athleisure,Pink Sculptor Jacket,XL,WJK10Set5PNXL,1799.0,6,0,10794.0,74,https://cavaathleisure.com/products/pink-sculptor-jacket
2026-09-22,Cava Athleisure,Pink Sculptor Jacket,XXL,WJK10Set5PNXXL,1799.0,6,0,10794.0,39,https://cavaathleisure.com/products/pink-sculptor-jacket
2026-09-22,Cava Athleisure,Steel Blue Sculptor Jacket,XS,WJK10Set5NYXS,1799.0,1,0,1799.0,105,https://cavaathleisure.com/products/steel-blue-sculptor-jacket
2026-09-22,Cava Athleisure,Steel Blue Sculptor Jacket,S,WJK10Set5NYS,1799.0,5,0,8995.0,248,https://cavaathleisure.com/products/steel-blue-sculptor-jacket
2026-09-22,Cava Athleisure,Steel Blue Sculptor Jacket,M,WJK10Set5NYM,1799.0,11,0,19789.0,535,https://cavaathleisure.com/products/steel-blue-sculptor-jacket
2026-09-22,Cava Athleisure,Steel Blue Sculptor Jacket,L,WJK10Set5NYL,1799.0,7,0,12593.0,290,https://cavaathleisure.com/products/steel-blue-sculptor-jacket
2026-09-22,Cava Athleisure,Steel Blue Sculptor Jacket,XL,WJK10Set5NYXL,1799.0,1,0,1799.0,25,https://cavaathleisure.com/products/steel-blue-sculptor-jacket
2026-09-22,Cava Athleisure,Steel Blue Sculptor Jacket,XXL,WJK10Set5NYXXL,1799.0,0,1,0.0,54,https://cavaathleisure.com/products/steel-blue-sculptor-jacket
2026-09-22,Cava Athleisure,Teal Urban Zipper Polo,S,MTS11CS120GRS,949.0,0,3,0.0,34,https://cavaathleisure.com/products/green-urban-zipper-polo
2026-09-22,Cava Athleisure,Teal Urban Zipper Polo,M,MTS11CS120GRM,949.0,0,1,0.0,1,https://cavaathleisure.com/products/green-urban-zipper-polo
2026-09-22,Cava Athleisure,Teal Urban Zipper Polo,XL,MTS11CS120GRXL,949.0,0,1,0.0,7,https://cavaathleisure.com/products/green-urban-zipper-polo
2026-09-22,Cava Athleisure,Black Urban Zipper Polo,L,MTS11CS120BKL,949.0,0,1,0.0,1,https://cavaathleisure.com/products/black-urban-zipper-polo
2026-09-22,Cava Athleisure,Black Urban Zipper Polo,XXL,MTS11CS120BKXXL,949.0,0,1,0.0,24,https://cavaathleisure.com/products/black-urban-zipper-polo
2026-09-22,Cava Athleisure,Navy Everywear Joggers,M,MTR5CS111NYM,1499.0,1,0,1499.0,20,https://cavaathleisure.com/products/navy-everywear-pants
2026-09-22,Cava Athleisure,Light Beige Everywear Joggers,M,MTR5CS111BGM,1499.0,2,0,2998.0,36,https://cavaathleisure.com/products/light-beige-everywear-pants
2026-09-22,Cava Athleisure,Light Beige Everywear Joggers,L,MTR5CS111BGL,1499.0,0,1,0.0,48,https://cavaathleisure.com/products/light-beige-everywear-pants
2026-09-22,Cava Athleisure,Black Supima V Neck T-shirt - Regular Fit,XL,MTS5CS102BKXL,749.0,1,0,749.0,20,https://cavaathleisure.com/products/black-supima-v-neck-t-shirt
2026-09-22,Cava Athleisure,Black Supima Crew Neck T-shirt - Relaxed Fit,XL,MTS5CS101BKXL,799.0,1,0,799.0,14,https://cavaathleisure.com/products/black-supima-essentials-crew-neck
2026-09-22,Cava Athleisure,Beige Supima V Neck T-shirt - Regular Fit,M,MTS5CS102BGM,749.0,1,0,749.0,21,https://cavaathleisure.com/products/beige-supima-v-neck-t-shirt
2026-09-22,Cava Athleisure,Beige Supima V Neck T-shirt - Regular Fit,XL,MTS5CS102BGXL,749.0,2,0,1498.0,5,https://cavaathleisure.com/products/beige-supima-v-neck-t-shirt
2026-09-22,Cava Athleisure,Pink Sky-Rise Leggings,M,WLG9SET3PUM,1299.0,0,5,0.0,5,https://cavaathleisure.com/products/pink-sky-rise-leggings
2026-09-22,Cava Athleisure,Pink Super Stretch Brami,S,WSB9SET3PUS,1199.0,1,0,1199.0,19,https://cavaathleisure.com/products/pink-super-stretch-brami
2026-09-22,Cava Athleisure,Pink Super Stretch Brami,L,WSB9SET3PUL,1199.0,2,0,2398.0,18,https://cavaathleisure.com/products/pink-super-stretch-brami
2026-09-22,Cava Athleisure,Pink Pulse Biker Shorts,S,WSH9SET1PUS,765.0,0,1,0.0,80,https://cavaathleisure.com/products/pink-pulse-biker-shorts
2026-09-22,Cava Athleisure,Pink Pulse Biker Shorts,M,WSH9SET1PUM,765.0,1,0,765.0,0,https://cavaathleisure.com/products/pink-pulse-biker-shorts
2026-09-22,Cava Athleisure,Pink Pulse Biker Shorts,XL,WSH9SET1PUXL,765.0,1,0,765.0,37,https://cavaathleisure.com/products/pink-pulse-biker-shorts
2026-09-22,Cava Athleisure,Ruby Tank Us Later Top,XS,TP-GEO-set3-008-YSH-Burgundy-XS,1299.0,1,0,1299.0,46,https://cavaathleisure.com/products/ruby-tank-us-later-top
2026-09-22,Cava Athleisure,Ruby Tank Us Later Top,S,TP-GEO-set3-008-YSH-Burgundy-S,1299.0,6,0,7794.0,130,https://cavaathleisure.com/products/ruby-tank-us-later-top
2026-09-22,Cava Athleisure,Ruby Tank Us Later Top,M,TP-GEO-set3-008-YSH-Burgundy-M,1299.0,6,0,7794.0,175,https://cavaathleisure.com/products/ruby-tank-us-later-top
2026-09-22,Cava Athleisure,Ruby Tank Us Later Top,L,TP-GEO-set3-008-YSH-Burgundy-L,1299.0,1,0,1299.0,146,https://cavaathleisure.com/products/ruby-tank-us-later-top
2026-09-22,Cava Athleisure,Ruby Tank Us Later Top,XL,TP-GEO-set3-008-YSH-Burgundy-XL,1299.0,1,0,1299.0,38,https://cavaathleisure.com/products/ruby-tank-us-later-top
2026-09-22,Cava Athleisure,Steel Blue Swirl Tennis Skorts,XXS,WSKSET445BLXXS,1399.0,1,0,1399.0,16,https://cavaathleisure.com/products/steel-blue-swirl-tennis-skorts
2026-09-22,Cava Athleisure,Steel Blue Swirl Tennis Skorts,XS,BTM-ying-set4-skort-blue-XS,1399.0,5,0,6995.0,32,https://cavaathleisure.com/products/steel-blue-swirl-tennis-skorts
2026-09-22,Cava Athleisure,Steel Blue Swirl Tennis Skorts,S,BTM-ying-set4-skort-blue-S,1399.0,3,0,4197.0,98,https://cavaathleisure.com/products/steel-blue-swirl-tennis-skorts
2026-09-22,Cava Athleisure,Steel Blue Swirl Tennis Skorts,M,BTM-ying-set4-skort-blue-M,1399.0,6,0,8394.0,132,https://cavaathleisure.com/products/steel-blue-swirl-tennis-skorts
2026-09-22,Cava Athleisure,Steel Blue Swirl Tennis Skorts,XL,BTM-ying-set4-skort-blue-XL,1399.0,1,0,1399.0,7,https://cavaathleisure.com/products/steel-blue-swirl-tennis-skorts
2026-09-22,Cava Athleisure,Steel Blue Swirl Tennis Skorts,XXL,WSKSET4L45BLXXL,1399.0,1,0,1399.0,13,https://cavaathleisure.com/products/steel-blue-swirl-tennis-skorts
2026-09-22,Cava Athleisure,Steel Blue Swirl Tennis Skorts,XXXL,WSKSET4L45BLXXXL,1399.0,1,0,1399.0,14,https://cavaathleisure.com/products/steel-blue-swirl-tennis-skorts
2026-09-22,Cava Athleisure,Ivory Tank Us Later Top,XS,TP-GEO-set3-008-YSH-Ivory-XS,1299.0,0,1,0.0,127,https://cavaathleisure.com/products/ivory-tank-us-later-top
2026-09-22,Cava Athleisure,Ivory Tank Us Later Top,S,TP-GEO-set3-008-YSH-Ivory-S,1299.0,15,0,19485.0,216,https://cavaathleisure.com/products/ivory-tank-us-later-top
2026-09-22,Cava Athleisure,Ivory Tank Us Later Top,M,TP-GEO-set3-008-YSH-Ivory-M,1299.0,9,0,11691.0,235,https://cavaathleisure.com/products/ivory-tank-us-later-top
2026-09-22,Cava Athleisure,Ivory Tank Us Later Top,L,TP-GEO-set3-008-YSH-Ivory-L,1299.0,2,0,2598.0,115,https://cavaathleisure.com/products/ivory-tank-us-later-top
2026-09-22,Cava Athleisure,Ivory Tank Us Later Top,XL,TP-GEO-set3-008-YSH-Ivory-XL,1299.0,2,0,2598.0,42,https://cavaathleisure.com/products/ivory-tank-us-later-top
2026-09-22,Cava Athleisure,Sky Blue Sculpt Leggings,XS,BEL511-Vamos-104-Lightblue-XS,900.0,0,3,0.0,3,https://cavaathleisure.com/products/sky-blue-sculpt-leggings
2026-09-22,Cava Athleisure,Sky Blue Sculpt Leggings,S,BEL511-Vamos-104-Lightblue-S,900.0,0,1,0.0,3,https://cavaathleisure.com/products/sky-blue-sculpt-leggings
2026-09-22,Cava Athleisure,Sky Blue Sculpt Leggings,M,BEL511-Vamos-104-Lightblue-M,900.0,0,1,0.0,78,https://cavaathleisure.com/products/sky-blue-sculpt-leggings
2026-09-22,Cava Athleisure,Sky Blue Sculpt Leggings,L,BEL511-Vamos-104-Lightblue-L,900.0,0,3,0.0,3,https://cavaathleisure.com/products/sky-blue-sculpt-leggings
2026-09-22,Cava Athleisure,Lilac Swirl Tennis Skorts,XS,BTM-ying-set4-skort-purple-XS,1399.0,2,0,2798.0,10,https://cavaathleisure.com/products/lilac-swirl-tennis-skort
2026-09-22,Cava Athleisure,Lilac Swirl Tennis Skorts,S,BTM-ying-set4-skort-purple-S,1399.0,6,0,8394.0,23,https://cavaathleisure.com/products/lilac-swirl-tennis-skort
2026-09-22,Cava Athleisure,Cappucino Cava Essential Sweatshirt,XS,TP536-VAMOS-98-CAPPUCCINO-XS,1199.0,1,0,1199.0,64,https://cavaathleisure.com/products/cappucino-cava-essential-sweatshirt
2026-09-22,Cava Athleisure,Cappucino Cava Essential Sweatshirt,S,TP536-VAMOS-98-CAPPUCCINO-S,1199.0,4,0,4796.0,147,https://cavaathleisure.com/products/cappucino-cava-essential-sweatshirt
2026-09-22,Cava Athleisure,Cappucino Cava Essential Sweatshirt,M,TP536-VAMOS-98-CAPPUCCINO-M,1199.0,5,0,5995.0,263,https://cavaathleisure.com/products/cappucino-cava-essential-sweatshirt
2026-09-22,Cava Athleisure,Cappucino Cava Essential Sweatshirt,L,TP536-VAMOS-98-CAPPUCCINO-L,1199.0,7,0,8393.0,205,https://cavaathleisure.com/products/cappucino-cava-essential-sweatshirt
2026-09-22,Cava Athleisure,Cappucino Cava Essential Sweatshirt,XL,TP536-VAMOS-98-CAPPUCCINO-XL,1199.0,1,0,1199.0,143,https://cavaathleisure.com/products/cappucino-cava-essential-sweatshirt
2026-09-22,Cava Athleisure,Cappucino Cava Essential Sweatshirt,XXL,TP536-VAMOS-98-CAPPUCCINO-XXL,1199.0,1,0,1199.0,83,https://cavaathleisure.com/products/cappucino-cava-essential-sweatshirt
2026-09-22,Cava Athleisure,Purple All-Day Flex Flare Pants,XS,WFB14SET1PUXS,920.0,4,0,3680.0,2,https://cavaathleisure.com/products/purple-all-day-flex-flare-pants
2026-09-22,Cava Athleisure,Charcoal Zip-It-Up Top,S,TP-RON-set13-1574-Light-black-S,1494.0,1,0,1494.0,14,https://cavaathleisure.com/products/charcoal-zip-it-up-top
2026-09-22,Cava Athleisure,Red All-Day Flex Flare Pants,XS,WFB14SET1RDXS,920.0,1,0,920.0,0,https://cavaathleisure.com/products/red-all-day-flex-flare-pants
2026-09-22,Cava Athleisure,Red All-Day Flex Flare Pants,S,WFB14SET1RDS,920.0,1,0,920.0,14,https://cavaathleisure.com/products/red-all-day-flex-flare-pants
2026-09-22,Cava Athleisure,Mint Seamless Sculpt Tee,XL,TP-RON-set9-20230824-1-Lichen-XL,600.0,0,1,0.0,4,https://cavaathleisure.com/products/mint-seamless-sculpt-tee
2026-09-22,Cava Athleisure,Sand Ease Wrap Top,XS,TP-para-AWLC09-Irish-cream-XS,660.0,1,0,660.0,4,https://cavaathleisure.com/products/taupe-ease-wrap-top
2026-09-22,Cava Athleisure,Sand Airy Two-Piece Top,L,TP-para-AWLC10-Irish-cream-L,805.0,1,0,805.0,0,https://cavaathleisure.com/products/sand-airy-two-piece
2026-09-22,Cava Athleisure,Blush Overlap Tee,XS,TP-RON-set2-007-RON-Sepia-Rose-XS,999.0,3,0,2997.0,40,https://cavaathleisure.com/products/blush-overlap-tee
2026-09-22,Cava Athleisure,Blush Overlap Tee,M,TP-RON-set2-007-RON-Sepia-Rose-M,999.0,0,1,0.0,1,https://cavaathleisure.com/products/blush-overlap-tee
2026-09-22,Cava Athleisure,Olive Sway Pants,XS/S,BTM-RON-set7-021-GEO-Forest-XS/S,990.0,1,0,990.0,11,https://cavaathleisure.com/products/olive-sway-pants
2026-09-22,Cava Athleisure,White Cross Back Sports Bra,XS,TP-RON-set1-019-MNO-Coconut-Milk-XS,1199.0,11,0,13189.0,19,https://cavaathleisure.com/products/white-cross-back-sports-bra
2026-09-22,Cava Athleisure,White Cross Back Sports Bra,S,TP-RON-set1-019-MNO-Coconut-Milk-S,1199.0,20,0,23980.0,242,https://cavaathleisure.com/products/white-cross-back-sports-bra
2026-09-22,Cava Athleisure,White Cross Back Sports Bra,M,TP-RON-set1-019-MNO-Coconut-Milk-M,1199.0,40,0,47960.0,90,https://cavaathleisure.com/products/white-cross-back-sports-bra
2026-09-22,Cava Athleisure,White Cross Back Sports Bra,L,TP-RON-set1-019-MNO-Coconut-Milk-L,1199.0,10,0,11990.0,73,https://cavaathleisure.com/products/white-cross-back-sports-bra
2026-09-22,Cava Athleisure,White Cross Back Sports Bra,XL,TP-RON-set1-019-MNO-Coconut-Milk-XL,1199.0,4,0,4796.0,81,https://cavaathleisure.com/products/white-cross-back-sports-bra
2026-09-22,Cava Athleisure,White Cross Back Sports Bra,XXL,TP-RON-set1-019-MNO-Coconut-Milk-XXL,1199.0,3,0,3597.0,91,https://cavaathleisure.com/products/white-cross-back-sports-bra
2026-09-22,Cava Athleisure,Black Aerial Leggings,XS,BTM-RON-set12-CK1429-Black-XS,999.0,0,2,0.0,3,https://cavaathleisure.com/products/black-aerial-leggings
2026-09-22,Cava Athleisure,Black Aerial Leggings,S,BTM-RON-set12-CK1429-Black-S,999.0,7,0,6993.0,29,https://cavaathleisure.com/products/black-aerial-leggings
2026-09-22,Cava Athleisure,Black Aerial Leggings,M,BTM-RON-set12-CK1429-Black-M,999.0,0,1,0.0,1,https://cavaathleisure.com/products/black-aerial-leggings
2026-09-22,Cava Athleisure,Black Aerial Leggings,XXL,BTM-RON-set12-CK1429-Black-XXL,999.0,0,1,0.0,1,https://cavaathleisure.com/products/black-aerial-leggings
2026-09-22,Cava Athleisure,Black Cross Back Sports Bra,XS,TP-RON-set1-019-MNO-Jet-Black-XS,1199.0,13,0,15587.0,350,https://cavaathleisure.com/products/black-cross-back-sports-bra
2026-09-22,Cava Athleisure,Black Cross Back Sports Bra,S,TP-RON-set1-019-MNO-Jet-Black-S,1199.0,40,0,47960.0,1724,https://cavaathleisure.com/products/black-cross-back-sports-bra
2026-09-22,Cava Athleisure,Black Cross Back Sports Bra,M,TP-RON-set1-019-MNO-Jet-Black-M,1199.0,50,0,59950.0,1461,https://cavaathleisure.com/products/black-cross-back-sports-bra
2026-09-22,Cava Athleisure,Black Cross Back Sports Bra,L,TP-RON-set1-019-MNO-Jet-Black-L,1199.0,28,0,33572.0,1028,https://cavaathleisure.com/products/black-cross-back-sports-bra
2026-09-22,Cava Athleisure,Black Cross Back Sports Bra,XL,TP-RON-set1-019-MNO-Jet-Black-XL,1199.0,10,0,11990.0,598,https://cavaathleisure.com/products/black-cross-back-sports-bra
2026-09-22,Cava Athleisure,Black Super Stretch Brami,XS,TP-RON-set3-006-RON-Jet-Black-XS,1199.0,1,0,1199.0,219,https://cavaathleisure.com/products/black-super-stretch-brami
2026-09-22,Cava Athleisure,Black Super Stretch Brami,S,TP-RON-set3-006-RON-Jet-Black-S,1199.0,11,0,13189.0,482,https://cavaathleisure.com/products/black-super-stretch-brami
2026-09-22,Cava Athleisure,Black Super Stretch Brami,M,TP-RON-set3-006-RON-Jet-Black-M,1199.0,13,0,15587.0,553,https://cavaathleisure.com/products/black-super-stretch-brami
2026-09-22,Cava Athleisure,Black Super Stretch Brami,L,TP-RON-set3-006-RON-Jet-Black-L,1199.0,11,0,13189.0,366,https://cavaathleisure.com/products/black-super-stretch-brami
2026-09-22,Cava Athleisure,Black Super Stretch Brami,XL,TP-RON-set3-006-RON-Jet-Black-XL,1199.0,5,0,5995.0,75,https://cavaathleisure.com/products/black-super-stretch-brami
2026-09-22,Cava Athleisure,Black Super Stretch Brami,XXL,TP-RON-set3-006-RON-Jet-Black-XXL,1199.0,1,0,1199.0,97,https://cavaathleisure.com/products/black-super-stretch-brami
2026-09-22,Cava Athleisure,Brunette Super Stretch Brami,XXL,TP-RON-set3-006-RON-Sorrel-Horse-XXL,1199.0,0,1,0.0,1,https://cavaathleisure.com/products/brunette-super-stretch-brami
2026-09-22,Cava Athleisure,Ruby Super Stretch Brami,XS,TP-RON-set3-006-RON-Anemone-XS,1199.0,1,0,1199.0,375,https://cavaathleisure.com/products/ruby-super-stretch-brami
2026-09-22,Cava Athleisure,Ruby Super Stretch Brami,S,TP-RON-set3-006-RON-Anemone-S,1199.0,5,0,5995.0,373,https://cavaathleisure.com/products/ruby-super-stretch-brami
2026-09-22,Cava Athleisure,Ruby Super Stretch Brami,M,TP-RON-set3-006-RON-Anemone-M,1199.0,6,0,7194.0,406,https://cavaathleisure.com/products/ruby-super-stretch-brami
2026-09-22,Cava Athleisure,Ruby Super Stretch Brami,L,TP-RON-set3-006-RON-Anemone-L,1199.0,2,0,2398.0,129,https://cavaathleisure.com/products/ruby-super-stretch-brami
2026-09-22,Cava Athleisure,Ruby Super Stretch Brami,XL,TP-RON-set3-006-RON-Anemone-XL,1199.0,1,0,1199.0,78,https://cavaathleisure.com/products/ruby-super-stretch-brami
2026-09-22,Cava Athleisure,Ruby Super Stretch Brami,XXL,TP-RON-set3-006-RON-Anemone-XXL,1199.0,1,0,1199.0,51,https://cavaathleisure.com/products/ruby-super-stretch-brami
2026-09-22,Cava Athleisure,Ruby Sky-Rise Leggings,S,BTM-RON-set3-RON-Anemone-S,1299.0,3,0,3897.0,563,https://cavaathleisure.com/products/ruby-sky-rise-leggings
2026-09-22,Cava Athleisure,Ruby Sky-Rise Leggings,M,BTM-RON-set3-RON-Anemone-M,1299.0,10,0,12990.0,577,https://cavaathleisure.com/products/ruby-sky-rise-leggings
2026-09-22,Cava Athleisure,Ruby Sky-Rise Leggings,L,BTM-RON-set3-RON-Anemone-L,1299.0,5,0,6495.0,448,https://cavaathleisure.com/products/ruby-sky-rise-leggings
2026-09-22,Cava Athleisure,Ruby Sky-Rise Leggings,XXL,BTM-RON-set3-RON-Anemone-XXL,1299.0,2,0,2598.0,109,https://cavaathleisure.com/products/ruby-sky-rise-leggings
2026-09-22,Cava Athleisure,Black Sky-Rise Leggings,XS,BTM-RON-set3-RON-Jet-Black-XS,1299.0,0,1,0.0,251,https://cavaathleisure.com/products/black-sky-rise-leggings
2026-09-22,Cava Athleisure,Black Sky-Rise Leggings,S,BTM-RON-set3-RON-Jet-Black-S,1299.0,9,0,11691.0,325,https://cavaathleisure.com/products/black-sky-rise-leggings
2026-09-22,Cava Athleisure,Black Sky-Rise Leggings,M,BTM-RON-set3-RON-Jet-Black-M,1299.0,6,0,7794.0,238,https://cavaathleisure.com/products/black-sky-rise-leggings
2026-09-22,Cava Athleisure,Black Sky-Rise Leggings,L,BTM-RON-set3-RON-Jet-Black-L,1299.0,5,0,6495.0,262,https://cavaathleisure.com/products/black-sky-rise-leggings
2026-09-22,Cava Athleisure,Black Sky-Rise Leggings,XL,BTM-RON-set3-RON-Jet-Black-XL,1299.0,3,0,3897.0,86,https://cavaathleisure.com/products/black-sky-rise-leggings
2026-09-22,Cava Athleisure,Black Sky-Rise Leggings,XXL,BTM-RON-set3-RON-Jet-Black-XXL,1299.0,0,1,0.0,104,https://cavaathleisure.com/products/black-sky-rise-leggings
2026-09-22,Cava Athleisure,Brunette Sky-Rise Leggings,S,BTM-RON-set3-RON-Sorrel-Horse-S,1299.0,2,0,2598.0,219,https://cavaathleisure.com/products/brunette-sky-rise-leggings
2026-09-22,Cava Athleisure,Brunette Sky-Rise Leggings,L,BTM-RON-set3-RON-Sorrel-Horse-L,1299.0,0,1,0.0,1,https://cavaathleisure.com/products/brunette-sky-rise-leggings
2026-09-22,Cava Athleisure,Amethyst Sway Pants,XS/S,BTM-RON-set7-021-GEO-Light-Purple-XS/S,900.0,1,0,900.0,27,https://cavaathleisure.com/products/amethyst-sway-pants
2026-09-22,Cava Athleisure,Black Racerback Tank,L,TP-RON-set5-032-YSH-Jet-Black-L,1199.0,1,0,1199.0,0,https://cavaathleisure.com/products/black-racerback-tank
2026-09-22,Cava Athleisure,Black Racerback Tank,XXL,TP-RON-set5-032-YSH-Jet-Black-XXL,1199.0,1,0,1199.0,0,https://cavaathleisure.com/products/black-racerback-tank
2026-09-22,Cava Athleisure,Ruby Racerback Tank,XS,TP-RON-set5-032-YSH-Anemone-XS,1199.0,4,0,4796.0,37,https://cavaathleisure.com/products/ruby-racerback-tank
2026-09-22,Cava Athleisure,Ruby Racerback Tank,S,TP-RON-set5-032-YSH-Anemone-S,1199.0,3,0,3597.0,107,https://cavaathleisure.com/products/ruby-racerback-tank
2026-09-22,Cava Athleisure,Ruby Racerback Tank,M,TP-RON-set5-032-YSH-Anemone-M,1199.0,11,0,13189.0,0,https://cavaathleisure.com/products/ruby-racerback-tank
2026-09-22,Cava Athleisure,Ruby Racerback Tank,L,TP-RON-set5-032-YSH-Anemone-L,1199.0,13,0,15587.0,35,https://cavaathleisure.com/products/ruby-racerback-tank
2026-09-22,Cava Athleisure,Ruby Racerback Tank,XXL,TP-RON-set5-032-YSH-Anemone-XXL,1199.0,5,0,5995.0,12,https://cavaathleisure.com/products/ruby-racerback-tank
2026-09-22,Cava Athleisure,Blush Airflow Leggings,L,BTM-RON-set5-010-YSH-Sepia-Rose-L,875.0,1,0,875.0,1,https://cavaathleisure.com/products/blush-airflow-leggings
2026-09-22,Cava Athleisure,Ivory Sculptor Jacket,XS,TP-Reely-set5-jkt-Blanc-de-Blanc-XS,1799.0,10,0,17990.0,68,https://cavaathleisure.com/products/ivory-sculptor-jacket
2026-09-22,Cava Athleisure,Ivory Sculptor Jacket,S,TP-Reely-set5-jkt-Blanc-de-Blanc-S,1799.0,23,0,41377.0,67,https://cavaathleisure.com/products/ivory-sculptor-jacket
2026-09-22,Cava Athleisure,Ivory Sculptor Jacket,M,TP-Reely-set5-jkt-Blanc-de-Blanc-M,1799.0,18,0,32382.0,83,https://cavaathleisure.com/products/ivory-sculptor-jacket
2026-09-22,Cava Athleisure,Ivory Sculptor Jacket,L,TP-Reely-set5-jkt-Blanc-de-Blanc-L,1799.0,12,0,21588.0,5,https://cavaathleisure.com/products/ivory-sculptor-jacket
2026-09-22,Cava Athleisure,Ivory Sculptor Jacket,XL,TP-Reely-set5-jkt-Blanc-de-Blanc-XL,1799.0,0,1,0.0,53,https://cavaathleisure.com/products/ivory-sculptor-jacket
2026-09-22,Cava Athleisure,Ivory Sculptor Jacket,XXL,TP-Reely-set5-jkt-Blanc-de-Blanc-XXL,1799.0,3,0,5397.0,4,https://cavaathleisure.com/products/ivory-sculptor-jacket
2026-09-22,Cava Athleisure,Black Sculptor Jacket,XS,TP-Reely-set5-jkt-Jet-Black-XS,1799.0,15,0,26985.0,49,https://cavaathleisure.com/products/black-sculptor-jacket
2026-09-22,Cava Athleisure,Black Sculptor Jacket,S,TP-Reely-set5-jkt-Jet-Black-S,1799.0,47,0,84553.0,289,https://cavaathleisure.com/products/black-sculptor-jacket
2026-09-22,Cava Athleisure,Black Sculptor Jacket,M,TP-Reely-set5-jkt-Jet-Black-M,1799.0,63,0,113337.0,177,https://cavaathleisure.com/products/black-sculptor-jacket
2026-09-22,Cava Athleisure,Black Sculptor Jacket,L,TP-Reely-set5-jkt-Jet-Black-L,1799.0,21,0,37779.0,25,https://cavaathleisure.com/products/black-sculptor-jacket
2026-09-22,Cava Athleisure,Black Sculptor Jacket,XL,TP-Reely-set5-jkt-Jet-Black-XL,1799.0,16,0,28784.0,24,https://cavaathleisure.com/products/black-sculptor-jacket
2026-09-22,Cava Athleisure,Mauve Tank Us Later Top,XS,TP-GEO-set3-008-YSH-Dull-purple-18-XS,1299.0,1,0,1299.0,192,https://cavaathleisure.com/products/mauve-tank-us-later-top
2026-09-22,Cava Athleisure,Mauve Tank Us Later Top,S,TP-GEO-set3-008-YSH-Dull-purple-18-S,1299.0,5,0,6495.0,226,https://cavaathleisure.com/products/mauve-tank-us-later-top
2026-09-22,Cava Athleisure,Mauve Tank Us Later Top,M,TP-GEO-set3-008-YSH-Dull-purple-18-M,1299.0,8,0,10392.0,194,https://cavaathleisure.com/products/mauve-tank-us-later-top
2026-09-22,Cava Athleisure,Mauve Tank Us Later Top,L,TP-GEO-set3-008-YSH-Dull-purple-18-L,1299.0,1,0,1299.0,171,https://cavaathleisure.com/products/mauve-tank-us-later-top
2026-09-22,Cava Athleisure,Mauve Tank Us Later Top,XL,TP-GEO-set3-008-YSH-Dull-purple-18-XL,1299.0,5,0,6495.0,48,https://cavaathleisure.com/products/mauve-tank-us-later-top
2026-09-22,Cava Athleisure,Mauve Tank Us Later Top,XXL,TP-GEO-set3-008-YSH-Dull-purple-18-XXL,1299.0,2,0,2598.0,61,https://cavaathleisure.com/products/mauve-tank-us-later-top
2026-09-22,Cava Athleisure,Black Tank Us Later Top,XS,TP-GEO-set3-008-YSH-Black-02-XS,1299.0,5,0,6495.0,39,https://cavaathleisure.com/products/black-tank-us-later-top
2026-09-22,Cava Athleisure,Black Tank Us Later Top,S,TP-GEO-set3-008-YSH-Black-02-S,1299.0,6,0,7794.0,32,https://cavaathleisure.com/products/black-tank-us-later-top
2026-09-22,Cava Athleisure,Black Tank Us Later Top,M,TP-GEO-set3-008-YSH-Black-02-M,1299.0,8,0,10392.0,29,https://cavaathleisure.com/products/black-tank-us-later-top
2026-09-22,Cava Athleisure,Black Tank Us Later Top,L,TP-GEO-set3-008-YSH-Black-02-L,1299.0,8,0,10392.0,35,https://cavaathleisure.com/products/black-tank-us-later-top
2026-09-22,Cava Athleisure,Black Tank Us Later Top,XL,TP-GEO-set3-008-YSH-Black-02-XL,1299.0,2,0,2598.0,92,https://cavaathleisure.com/products/black-tank-us-later-top
2026-09-22,Cava Athleisure,Ivory Swirl Tennis Skorts,XXS,WSKSET445WHXXS,1399.0,1,0,1399.0,15,https://cavaathleisure.com/products/ivory-swirl-tennis-skorts
2026-09-22,Cava Athleisure,Ivory Swirl Tennis Skorts,XS,BTM-Reely-set4-skirt-Blanc-de-Blanc-XS,1399.0,3,0,4197.0,36,https://cavaathleisure.com/products/ivory-swirl-tennis-skorts
2026-09-22,Cava Athleisure,Ivory Swirl Tennis Skorts,XS,WSKSET4L45WHXS,1399.0,1,0,1399.0,9,https://cavaathleisure.com/products/ivory-swirl-tennis-skorts
2026-09-22,Cava Athleisure,Ivory Swirl Tennis Skorts,S,BTM-Reely-set4-skirt-Blanc-de-Blanc-S,1399.0,15,0,20985.0,1,https://cavaathleisure.com/products/ivory-swirl-tennis-skorts
2026-09-22,Cava Athleisure,Ivory Swirl Tennis Skorts,S,WSKSET4L45WHS,1399.0,2,0,2798.0,108,https://cavaathleisure.com/products/ivory-swirl-tennis-skorts
2026-09-22,Cava Athleisure,Ivory Swirl Tennis Skorts,M,BTM-Reely-set4-skirt-Blanc-de-Blanc-M,1399.0,6,0,8394.0,9,https://cavaathleisure.com/products/ivory-swirl-tennis-skorts
2026-09-22,Cava Athleisure,Ivory Swirl Tennis Skorts,M,WSKSET4L45WHM,1399.0,4,0,5596.0,139,https://cavaathleisure.com/products/ivory-swirl-tennis-skorts
2026-09-22,Cava Athleisure,Ivory Swirl Tennis Skorts,L,BTM-Reely-set4-skirt-Blanc-de-Blanc-L,1399.0,1,0,1399.0,0,https://cavaathleisure.com/products/ivory-swirl-tennis-skorts
2026-09-22,Cava Athleisure,Ivory Swirl Tennis Skorts,L,WSKSET4L45WHL,1399.0,8,0,11192.0,55,https://cavaathleisure.com/products/ivory-swirl-tennis-skorts
2026-09-22,Cava Athleisure,Ivory Swirl Tennis Skorts,XL,BTM-Reely-set4-skirt-Blanc-de-Blanc-XL,1399.0,2,0,2798.0,11,https://cavaathleisure.com/products/ivory-swirl-tennis-skorts
2026-09-22,Cava Athleisure,Ivory Swirl Tennis Skorts,XL,WSKSET4L45WHXL,1399.0,2,0,2798.0,8,https://cavaathleisure.com/products/ivory-swirl-tennis-skorts
2026-09-22,Cava Athleisure,Black Swirl Tennis Skorts,XS,BTM-Reely-set4-skirt-Jet-Black-XS,1399.0,1,0,1399.0,514,https://cavaathleisure.com/products/black-swirl-tennis-skorts
2026-09-22,Cava Athleisure,Black Swirl Tennis Skorts,XS,WSKSET4L45BKXS,1399.0,0,65,0.0,65,https://cavaathleisure.com/products/black-swirl-tennis-skorts
2026-09-22,Cava Athleisure,Black Swirl Tennis Skorts,S,BTM-Reely-set4-skirt-Jet-Black-S,1399.0,10,0,13990.0,41,https://cavaathleisure.com/products/black-swirl-tennis-skorts
2026-09-22,Cava Athleisure,Black Swirl Tennis Skorts,S,WSKSET4L45BKS,1399.0,0,274,0.0,311,https://cavaathleisure.com/products/black-swirl-tennis-skorts
2026-09-22,Cava Athleisure,Black Swirl Tennis Skorts,M,WSKSET4L45BKM,1399.0,0,290,0.0,325,https://cavaathleisure.com/products/black-swirl-tennis-skorts
2026-09-22,Cava Athleisure,Black Swirl Tennis Skorts,L,BTM-Reely-set4-skirt-Jet-Black-L,1399.0,0,1,0.0,1,https://cavaathleisure.com/products/black-swirl-tennis-skorts
2026-09-22,Cava Athleisure,Black Swirl Tennis Skorts,L,WSKSET4L45BKL,1399.0,0,133,0.0,185,https://cavaathleisure.com/products/black-swirl-tennis-skorts
2026-09-22,Cava Athleisure,Black Swirl Tennis Skorts,XL,WSKSET4L45BKXL,1399.0,0,47,0.0,48,https://cavaathleisure.com/products/black-swirl-tennis-skorts
2026-09-22,Cava Athleisure,Black Swirl Tennis Skorts,XXL,BTM-Reely-set4-skirt-Jet-Black-XXL,1399.0,7,0,9793.0,6,https://cavaathleisure.com/products/black-swirl-tennis-skorts
2026-09-22,Cava Athleisure,Black Swirl Tennis Skorts,XXL,WSKSET4L45BKXXL,1399.0,0,26,0.0,42,https://cavaathleisure.com/products/black-swirl-tennis-skorts
2026-09-22,Cava Athleisure,Obsidian Black Silhouette Zip Top,XL,TP-CAVA-ACU03-Black-XL,850.0,1,0,850.0,0,https://cavaathleisure.com/products/obsidian-black-silhouette-zip-top
2026-09-22,Cava Athleisure,Raven Black Seamless Cinched Activewear set,S,TP/BTM-UD-Jet-Black-S/S,1949.0,4,0,7796.0,354,https://cavaathleisure.com/products/raven-black-seamless-cinched-activewear-set
2026-09-22,Cava Athleisure,Raven Black Seamless Cinched Activewear set,S,TP/BTM-UD-Jet-Black-S/M,1949.0,19,0,37031.0,353,https://cavaathleisure.com/products/raven-black-seamless-cinched-activewear-set
2026-09-22,Cava Athleisure,Raven Black Seamless Cinched Activewear set,S,TP/BTM-UD-Jet-Black-S/L,1949.0,14,0,27286.0,425,https://cavaathleisure.com/products/raven-black-seamless-cinched-activewear-set
2026-09-22,Cava Athleisure,Raven Black Seamless Cinched Activewear set,M,TP/BTM-UD-Jet-Black-M/S,1949.0,7,0,13643.0,399,https://cavaathleisure.com/products/raven-black-seamless-cinched-activewear-set
2026-09-22,Cava Athleisure,Raven Black Seamless Cinched Activewear set,M,TP/BTM-UD-Jet-Black-M/M,1949.0,22,0,42878.0,398,https://cavaathleisure.com/products/raven-black-seamless-cinched-activewear-set
2026-09-22,Cava Athleisure,Raven Black Seamless Cinched Activewear set,M,TP/BTM-UD-Jet-Black-M/L,1949.0,17,0,33133.0,470,https://cavaathleisure.com/products/raven-black-seamless-cinched-activewear-set
2026-09-22,Cava Athleisure,Raven Black Seamless Cinched Activewear set,L,TP/BTM-UD-Jet-Black-L/S,1949.0,5,0,9745.0,389,https://cavaathleisure.com/products/raven-black-seamless-cinched-activewear-set
2026-09-22,Cava Athleisure,Raven Black Seamless Cinched Activewear set,L,TP/BTM-UD-Jet-Black-L/M,1949.0,20,0,38980.0,388,https://cavaathleisure.com/products/raven-black-seamless-cinched-activewear-set
2026-09-22,Cava Athleisure,Raven Black Seamless Cinched Activewear set,L,TP/BTM-UD-Jet-Black-L/L,1949.0,3,0,5847.0,455,https://cavaathleisure.com/products/raven-black-seamless-cinched-activewear-set
2026-09-22,Cava Athleisure,Slate Blue Seamless Cinched Activewear Set,S,TP/BTM-UD-Light-blue-S/S,1949.0,1,0,1949.0,217,https://cavaathleisure.com/products/slate-blue-seamless-cinched-activewear-set
2026-09-22,Cava Athleisure,Slate Blue Seamless Cinched Activewear Set,S,TP/BTM-UD-Light-blue-S/M,1949.0,11,0,21439.0,197,https://cavaathleisure.com/products/slate-blue-seamless-cinched-activewear-set
2026-09-22,Cava Athleisure,Slate Blue Seamless Cinched Activewear Set,S,TP/BTM-UD-Light-blue-S/L,1949.0,5,0,9745.0,86,https://cavaathleisure.com/products/slate-blue-seamless-cinched-activewear-set
2026-09-22,Cava Athleisure,Slate Blue Seamless Cinched Activewear Set,M,TP/BTM-UD-Light-blue-M/S,1949.0,3,0,5847.0,238,https://cavaathleisure.com/products/slate-blue-seamless-cinched-activewear-set
2026-09-22,Cava Athleisure,Slate Blue Seamless Cinched Activewear Set,M,TP/BTM-UD-Light-blue-M/M,1949.0,11,0,21439.0,197,https://cavaathleisure.com/products/slate-blue-seamless-cinched-activewear-set
2026-09-22,Cava Athleisure,Slate Blue Seamless Cinched Activewear Set,M,TP/BTM-UD-Light-blue-M/L,1949.0,5,0,9745.0,86,https://cavaathleisure.com/products/slate-blue-seamless-cinched-activewear-set
2026-09-22,Cava Athleisure,Slate Blue Seamless Cinched Activewear Set,L,TP/BTM-UD-Light-blue-L/M,1949.0,2,0,3898.0,170,https://cavaathleisure.com/products/slate-blue-seamless-cinched-activewear-set
2026-09-22,Cava Athleisure,Slate Blue Seamless Cinched Activewear Set,L,TP/BTM-UD-Light-blue-L/L,1949.0,5,0,9745.0,86,https://cavaathleisure.com/products/slate-blue-seamless-cinched-activewear-set
2026-09-22,Cava Athleisure,Auburn Seamless Cinched Activewear Set,S,TP/BTM-UD-Wine-red-S/S,1949.0,3,0,5847.0,332,https://cavaathleisure.com/products/auburn-seamless-cinched-activewear-set
2026-09-22,Cava Athleisure,Auburn Seamless Cinched Activewear Set,S,TP/BTM-UD-Wine-red-S/M,1949.0,3,0,5847.0,332,https://cavaathleisure.com/products/auburn-seamless-cinched-activewear-set
2026-09-22,Cava Athleisure,Auburn Seamless Cinched Activewear Set,S,TP/BTM-UD-Wine-red-S/L,1949.0,3,0,5847.0,332,https://cavaathleisure.com/products/auburn-seamless-cinched-activewear-set
2026-09-22,Cava Athleisure,Auburn Seamless Cinched Activewear Set,M,TP/BTM-UD-Wine-red-M/S,1949.0,6,0,11694.0,142,https://cavaathleisure.com/products/auburn-seamless-cinched-activewear-set
2026-09-22,Cava Athleisure,Auburn Seamless Cinched Activewear Set,M,TP/BTM-UD-Wine-red-M/M,1949.0,6,0,11694.0,142,https://cavaathleisure.com/products/auburn-seamless-cinched-activewear-set
2026-09-22,Cava Athleisure,Auburn Seamless Cinched Activewear Set,M,TP/BTM-UD-Wine-red-M/L,1949.0,6,0,11694.0,142,https://cavaathleisure.com/products/auburn-seamless-cinched-activewear-set
2026-09-22,Cava Athleisure,Auburn Seamless Cinched Activewear Set,L,TP/BTM-UD-Wine-red-L/S,1949.0,4,0,7796.0,106,https://cavaathleisure.com/products/auburn-seamless-cinched-activewear-set
2026-09-22,Cava Athleisure,Auburn Seamless Cinched Activewear Set,L,TP/BTM-UD-Wine-red-L/M,1949.0,4,0,7796.0,106,https://cavaathleisure.com/products/auburn-seamless-cinched-activewear-set
2026-09-22,Cava Athleisure,Auburn Seamless Cinched Activewear Set,L,TP/BTM-UD-Wine-red-L/L,1949.0,4,0,7796.0,106,https://cavaathleisure.com/products/auburn-seamless-cinched-activewear-set
2026-09-22,Cava Athleisure,Auburn Contoured Seamless Sports Bra,S,TP-UD-Wine red-S,999.0,5,0,4995.0,331,https://cavaathleisure.com/products/auburn-contoured-seamless-sports-bra
2026-09-22,Cava Athleisure,Auburn Contoured Seamless Sports Bra,M,TP-UD-Wine red-M,999.0,9,0,8991.0,140,https://cavaathleisure.com/products/auburn-contoured-seamless-sports-bra
2026-09-22,Cava Athleisure,Auburn Contoured Seamless Sports Bra,L,TP-UD-Wine red-L,999.0,3,0,2997.0,108,https://cavaathleisure.com/products/auburn-contoured-seamless-sports-bra
2026-09-22,Cava Athleisure,Auburn Contoured Seamless Sports Bra,XL,TP-UD-Wine-red-XL,999.0,3,0,2997.0,76,https://cavaathleisure.com/products/auburn-contoured-seamless-sports-bra
2026-09-22,Cava Athleisure,Auburn Contoured Seamless Sports Bra,XXL,TP-UD-Wine-red-XXL,999.0,2,0,1998.0,74,https://cavaathleisure.com/products/auburn-contoured-seamless-sports-bra
2026-09-22,Cava Athleisure,Auburn Seamless Cinched Leggings,XS,BTM-UD-wine-red-XS,1099.0,2,0,2198.0,160,https://cavaathleisure.com/products/auburn-seamless-cinched-leggings
2026-09-22,Cava Athleisure,Auburn Seamless Cinched Leggings,S,BTM-UD-Wine red-S,1099.0,4,0,4396.0,832,https://cavaathleisure.com/products/auburn-seamless-cinched-leggings
2026-09-22,Cava Athleisure,Auburn Seamless Cinched Leggings,M,BTM-UD-Wine red-M,1099.0,5,0,5495.0,650,https://cavaathleisure.com/products/auburn-seamless-cinched-leggings
2026-09-22,Cava Athleisure,Auburn Seamless Cinched Leggings,L,BTM-UD-Wine red-L,1099.0,4,0,4396.0,449,https://cavaathleisure.com/products/auburn-seamless-cinched-leggings
2026-09-22,Cava Athleisure,Auburn Seamless Cinched Leggings,XXL,BTM-UD-Wine-red-XXL,1099.0,3,0,3297.0,110,https://cavaathleisure.com/products/auburn-seamless-cinched-leggings
2026-09-22,Cava Athleisure,Slate Blue Seamless Cinched Leggings,XS,BTM-UD-Light-blue-XS,1099.0,1,0,1099.0,87,https://cavaathleisure.com/products/slate-blue-seamless-cinched-leggings
2026-09-22,Cava Athleisure,Slate Blue Seamless Cinched Leggings,S,BTM-UD-Light-blue-S,1099.0,2,0,2198.0,639,https://cavaathleisure.com/products/slate-blue-seamless-cinched-leggings
2026-09-22,Cava Athleisure,Slate Blue Seamless Cinched Leggings,M,BTM-UD-Light-blue-M,1099.0,11,0,12089.0,328,https://cavaathleisure.com/products/slate-blue-seamless-cinched-leggings
2026-09-22,Cava Athleisure,Slate Blue Seamless Cinched Leggings,L,BTM-UD-Light-blue-L,1099.0,6,0,6594.0,127,https://cavaathleisure.com/products/slate-blue-seamless-cinched-leggings
2026-09-22,Cava Athleisure,Slate Blue Seamless Cinched Leggings,XL,BTM-UD-Light-Blue-XL,1099.0,2,0,2198.0,116,https://cavaathleisure.com/products/slate-blue-seamless-cinched-leggings
2026-09-22,Cava Athleisure,Raven Black Seamless Cinched Leggings,XS,BTM-UD-Jet-Black-XS,1099.0,2,0,2198.0,374,https://cavaathleisure.com/products/raven-black-seamless-cinched-leggings
2026-09-22,Cava Athleisure,Raven Black Seamless Cinched Leggings,S,BTM-UD-Jet-Black-S,1099.0,6,0,6594.0,708,https://cavaathleisure.com/products/raven-black-seamless-cinched-leggings
2026-09-22,Cava Athleisure,Raven Black Seamless Cinched Leggings,M,BTM-UD-Jet-Black-M,1099.0,31,0,34069.0,575,https://cavaathleisure.com/products/raven-black-seamless-cinched-leggings
2026-09-22,Cava Athleisure,Raven Black Seamless Cinched Leggings,L,BTM-UD-Jet-Black-L,1099.0,16,0,17584.0,688,https://cavaathleisure.com/products/raven-black-seamless-cinched-leggings
2026-09-22,Cava Athleisure,Raven Black Seamless Cinched Leggings,XL,BTM-UD-Jet-Black-XL,1099.0,9,0,9891.0,529,https://cavaathleisure.com/products/raven-black-seamless-cinched-leggings
2026-09-22,Cava Athleisure,Raven Black Seamless Cinched Leggings,XXL,BTM-UD-Jet-Black-XXL,1099.0,3,0,3297.0,378,https://cavaathleisure.com/products/raven-black-seamless-cinched-leggings
2026-09-22,Cava Athleisure,Slate Blue Contoured Seamless Sports Bra,S,TP-UD-Light blue-S,999.0,2,0,1998.0,217,https://cavaathleisure.com/products/slate-blue-contoured-seamless-sports-bra
2026-09-22,Cava Athleisure,Slate Blue Contoured Seamless Sports Bra,M,TP-UD-Light blue-M,999.0,4,0,3996.0,238,https://cavaathleisure.com/products/slate-blue-contoured-seamless-sports-bra
2026-09-22,Cava Athleisure,Slate Blue Contoured Seamless Sports Bra,XXL,TP-UD-Light-blue-XXL,999.0,1,0,999.0,55,https://cavaathleisure.com/products/slate-blue-contoured-seamless-sports-bra
2026-09-22,Cava Athleisure,Raven Black Contoured Seamless Sports Bra,XS,TP-UD-Jet-Black-XS,999.0,3,0,2997.0,173,https://cavaathleisure.com/products/raven-black-contoured-seamless-sports-bra
2026-09-22,Cava Athleisure,Raven Black Contoured Seamless Sports Bra,S,TP-UD-Jet Black-S,999.0,7,0,6993.0,694,https://cavaathleisure.com/products/raven-black-contoured-seamless-sports-bra
2026-09-22,Cava Athleisure,Raven Black Contoured Seamless Sports Bra,M,TP-UD-Jet Black-M,999.0,10,0,9990.0,497,https://cavaathleisure.com/products/raven-black-contoured-seamless-sports-bra
2026-09-22,Cava Athleisure,Raven Black Contoured Seamless Sports Bra,L,TP-UD-Jet Black-L,999.0,4,0,3996.0,455,https://cavaathleisure.com/products/raven-black-contoured-seamless-sports-bra
2026-09-22,Cava Athleisure,Raven Black Contoured Seamless Sports Bra,XL,TP-UD-Jet-Black-XL,999.0,2,0,1998.0,226,https://cavaathleisure.com/products/raven-black-contoured-seamless-sports-bra
2026-09-22,Cava Athleisure,Moscow Blue Cava Essential Sweatsuit,S,CAVA essential sweatsuit-Vamos-87/90-TP536-JR536-MoscowBlue,3569.0,2,0,7138.0,0,https://cavaathleisure.com/products/moscow-blue-cava-essential-sweatsuit-1
2026-09-22,Cava Athleisure,Moscow Blue Cava Essential Sweatshirt,XS,TP536-Vamos-87-MoscowBlue-XS,1199.0,1,0,1199.0,283,https://cavaathleisure.com/products/moscow-blue-cava-essential-sweatshirt
2026-09-22,Cava Athleisure,Moscow Blue Cava Essential Sweatshirt,S,TP536-Vamos-87-MoscowBlue-S,1199.0,2,0,2398.0,471,https://cavaathleisure.com/products/moscow-blue-cava-essential-sweatshirt
2026-09-22,Cava Athleisure,Moscow Blue Cava Essential Sweatshirt,M,TP536-Vamos-87-MoscowBlue-M,1199.0,3,0,3597.0,558,https://cavaathleisure.com/products/moscow-blue-cava-essential-sweatshirt
2026-09-22,Cava Athleisure,Moscow Blue Cava Essential Sweatshirt,L,TP536-Vamos-87-MoscowBlue-L,1199.0,6,0,7194.0,453,https://cavaathleisure.com/products/moscow-blue-cava-essential-sweatshirt
2026-09-22,Cava Athleisure,Moscow Blue Cava Essential Sweatshirt,XL,TP536-Vamos-87-MoscowBlue-XL,1199.0,2,0,2398.0,246,https://cavaathleisure.com/products/moscow-blue-cava-essential-sweatshirt
2026-09-22,Cava Athleisure,Moscow Blue Cava Essential Sweatshirt,XXL,TP536-Vamos-87-MoscowBlue-XXL,1199.0,1,0,1199.0,189,https://cavaathleisure.com/products/moscow-blue-cava-essential-sweatshirt
2026-09-22,Cava Athleisure,Arctic White Straight Leg Slit Joggers,S,JR534-Vamos-75-ArticWhite-S,805.0,1,0,805.0,1,https://cavaathleisure.com/products/arctic-white-straight-leg-slit-joggers-1
2026-09-22,Cava Athleisure,Boston Black Straight Leg Slit Joggers,XS,JR534-Vamos-78-BostonBlack-XS,805.0,1,0,805.0,14,https://cavaathleisure.com/products/boston-black-straight-leg-slit-joggers
2026-09-22,Cava Athleisure,Boston Black Straight Leg Slit Joggers,L,JR534-Vamos-78-BostonBlack-L,805.0,1,0,805.0,0,https://cavaathleisure.com/products/boston-black-straight-leg-slit-joggers
2026-09-22,Cava Athleisure,Boston Black Cava Essential Sweatshirt,S,TP536-Vamos-88-BostonBlack-S,1199.0,2,0,2398.0,166,https://cavaathleisure.com/products/boston-black-cava-essential-sweatshirt-1
2026-09-22,Cava Athleisure,Boston Black Cava Essential Sweatshirt,M,TP536-Vamos-88-BostonBlack-M,1199.0,0,2,0.0,55,https://cavaathleisure.com/products/boston-black-cava-essential-sweatshirt-1
2026-09-22,Cava Athleisure,Boston Black Cava Essential Sweatshirt,L,TP536-Vamos-88-BostonBlack-L,1199.0,2,0,2398.0,1,https://cavaathleisure.com/products/boston-black-cava-essential-sweatshirt-1
2026-09-22,Cava Athleisure,Boston Black Cava Essential Sweatshirt,XL,TP536-Vamos-88-BostonBlack-XL,1199.0,1,0,1199.0,15,https://cavaathleisure.com/products/boston-black-cava-essential-sweatshirt-1
2026-09-22,Cava Athleisure,Boston Black Cava Essential Sweatshirt,XXL,TP536-Vamos-88-BostonBlack-XXL,1199.0,2,0,2398.0,2,https://cavaathleisure.com/products/boston-black-cava-essential-sweatshirt-1
2026-09-22,Cava Athleisure,Navy Ribbed Round Neck Tee,M,Tee-sol2.0-64-navy-M,473.0,0,1,0.0,5,https://cavaathleisure.com/products/navy-ribbed-round-neck-tee
2026-09-22,Cava Athleisure,Navy Ribbed Round Neck Tee,XL,Tee-sol2.0-64-navy-XL,473.0,0,2,0.0,3,https://cavaathleisure.com/products/navy-ribbed-round-neck-tee
2026-09-22,Musclemind,Seamless Compression Half Sleeve T-shirt,S,8906189275968.0,2599.0,1,0,2599.0,61,https://musclemind.com/products/seamless-compression-half-sleeve-t-shirt
2026-09-22,Musclemind,Seamless Compression Half Sleeve T-shirt,M,8906189275975.0,2599.0,4,0,10396.0,99,https://musclemind.com/products/seamless-compression-half-sleeve-t-shirt
2026-09-22,Musclemind,Seamless Compression Half Sleeve T-shirt,L,8906189275982.0,2599.0,6,0,15594.0,98,https://musclemind.com/products/seamless-compression-half-sleeve-t-shirt
2026-09-22,Musclemind,Seamless Compression Half Sleeve T-shirt,XL,8906189275999.0,2599.0,3,0,7797.0,92,https://musclemind.com/products/seamless-compression-half-sleeve-t-shirt
2026-09-22,Musclemind,Womens Seamless Leggings + Womens Seamless Slim fit T-shirt (Teal),XS,,2599.0,0,1,0.0,30,https://musclemind.com/products/womens-seamless-leggings-womens-seamless-slim-fit-t-shirt-teal
2026-09-22,Musclemind,Womens Seamless Leggings + Womens Seamless Slim fit T-shirt (Teal),XS,,2599.0,0,1,0.0,30,https://musclemind.com/products/womens-seamless-leggings-womens-seamless-slim-fit-t-shirt-teal
2026-09-22,Musclemind,Womens Seamless Leggings + Womens Seamless Slim fit T-shirt (Teal),XS,,2599.0,0,1,0.0,30,https://musclemind.com/products/womens-seamless-leggings-womens-seamless-slim-fit-t-shirt-teal
2026-09-22,Musclemind,Womens Seamless Leggings + Womens Seamless Slim fit T-shirt (Teal),XS,,2599.0,0,1,0.0,30,https://musclemind.com/products/womens-seamless-leggings-womens-seamless-slim-fit-t-shirt-teal
2026-09-22,Musclemind,Womens Seamless Leggings + Womens Seamless Slim fit T-shirt (Teal),XS,,2599.0,1,0,2599.0,5,https://musclemind.com/products/womens-seamless-leggings-womens-seamless-slim-fit-t-shirt-teal
2026-09-22,Musclemind,Womens Seamless Leggings + Womens Seamless Slim fit T-shirt (Teal),S,,2599.0,1,0,2599.0,100,https://musclemind.com/products/womens-seamless-leggings-womens-seamless-slim-fit-t-shirt-teal
2026-09-22,Musclemind,Womens Seamless Leggings + Womens Seamless Slim fit T-shirt (Teal),S,,2599.0,1,0,2599.0,85,https://musclemind.com/products/womens-seamless-leggings-womens-seamless-slim-fit-t-shirt-teal
2026-09-22,Musclemind,Womens Seamless Leggings + Womens Seamless Slim fit T-shirt (Teal),S,,2599.0,1,0,2599.0,77,https://musclemind.com/products/womens-seamless-leggings-womens-seamless-slim-fit-t-shirt-teal
2026-09-22,Musclemind,Womens Seamless Leggings + Womens Seamless Slim fit T-shirt (Teal),S,,2599.0,1,0,2599.0,5,https://musclemind.com/products/womens-seamless-leggings-womens-seamless-slim-fit-t-shirt-teal
2026-09-22,Musclemind,Womens Seamless Leggings + Womens Seamless Slim fit T-shirt (Teal),M,,2599.0,1,0,2599.0,90,https://musclemind.com/products/womens-seamless-leggings-womens-seamless-slim-fit-t-shirt-teal
2026-09-22,Musclemind,Womens Seamless Leggings + Womens Seamless Slim fit T-shirt (Teal),M,,2599.0,1,0,2599.0,85,https://musclemind.com/products/womens-seamless-leggings-womens-seamless-slim-fit-t-shirt-teal
2026-09-22,Musclemind,Womens Seamless Leggings + Womens Seamless Slim fit T-shirt (Teal),M,,2599.0,1,0,2599.0,77,https://musclemind.com/products/womens-seamless-leggings-womens-seamless-slim-fit-t-shirt-teal
2026-09-22,Musclemind,Womens Seamless Leggings + Womens Seamless Slim fit T-shirt (Teal),M,,2599.0,1,0,2599.0,5,https://musclemind.com/products/womens-seamless-leggings-womens-seamless-slim-fit-t-shirt-teal
2026-09-22,Musclemind,Womens Seamless Leggings + Womens Seamless Slim fit T-shirt (Teal),L,,2599.0,2,0,5198.0,70,https://musclemind.com/products/womens-seamless-leggings-womens-seamless-slim-fit-t-shirt-teal
2026-09-22,Musclemind,Womens Seamless Leggings + Womens Seamless Slim fit T-shirt (Teal),L,,2599.0,2,0,5198.0,70,https://musclemind.com/products/womens-seamless-leggings-womens-seamless-slim-fit-t-shirt-teal
2026-09-22,Musclemind,Womens Seamless Leggings + Womens Seamless Slim fit T-shirt (Teal),L,,2599.0,2,0,5198.0,70,https://musclemind.com/products/womens-seamless-leggings-womens-seamless-slim-fit-t-shirt-teal
2026-09-22,Musclemind,Womens Seamless Leggings + Womens Seamless Slim fit T-shirt (Teal),L,,2599.0,1,0,2599.0,5,https://musclemind.com/products/womens-seamless-leggings-womens-seamless-slim-fit-t-shirt-teal
2026-09-22,Musclemind,Womens Seamless Leggings + Womens Seamless Slim fit T-shirt (Teal),XL,,2599.0,3,0,7797.0,1,https://musclemind.com/products/womens-seamless-leggings-womens-seamless-slim-fit-t-shirt-teal
2026-09-22,Musclemind,Womens Seamless Leggings + Womens Seamless Slim fit T-shirt (Teal),XL,,2599.0,3,0,7797.0,1,https://musclemind.com/products/womens-seamless-leggings-womens-seamless-slim-fit-t-shirt-teal
2026-09-22,Musclemind,Womens Seamless Leggings + Womens Seamless Slim fit T-shirt (Teal),XL,,2599.0,3,0,7797.0,1,https://musclemind.com/products/womens-seamless-leggings-womens-seamless-slim-fit-t-shirt-teal
2026-09-22,Musclemind,Womens Seamless Leggings + Womens Seamless Slim fit T-shirt (Teal),XL,,2599.0,3,0,7797.0,1,https://musclemind.com/products/womens-seamless-leggings-womens-seamless-slim-fit-t-shirt-teal
2026-09-22,Musclemind,Womens Seamless Leggings + Womens Seamless Slim fit T-shirt (Teal),XL,,2599.0,3,0,7797.0,1,https://musclemind.com/products/womens-seamless-leggings-womens-seamless-slim-fit-t-shirt-teal
2026-09-22,Musclemind,Womens Tank Top + Womens Cycling Shorts (Black),XS,,1999.0,1,0,1999.0,4,https://musclemind.com/products/womens-tank-top-womens-cycling-shorts-black
2026-09-22,Musclemind,Womens Tank Top + Womens Cycling Shorts (Black),M,,1999.0,1,0,1999.0,9,https://musclemind.com/products/womens-tank-top-womens-cycling-shorts-black
2026-09-22,Musclemind,Womens Tank Top + Womens Biker Shorts (Black),XS,,1999.0,1,0,1999.0,4,https://musclemind.com/products/womens-tank-top-womens-biker-shorts-black
2026-09-22,Musclemind,Womens Tank Top + Womens Biker Shorts (Black),XS,,1999.0,1,0,1999.0,4,https://musclemind.com/products/womens-tank-top-womens-biker-shorts-black
2026-09-22,Musclemind,Womens Tank Top + Womens Biker Shorts (Black),M,,1999.0,1,0,1999.0,9,https://musclemind.com/products/womens-tank-top-womens-biker-shorts-black
2026-09-22,Musclemind,Womens Sports Bra + Womens Cycling Shorts (Black),M,,2699.0,1,0,2699.0,26,https://musclemind.com/products/womens-sports-bra-womens-cycling-shorts-black
2026-09-22,Musclemind,Womens Sports Bra + Womens Cycling Shorts (Black),L,,2699.0,1,0,2699.0,26,https://musclemind.com/products/womens-sports-bra-womens-cycling-shorts-black
2026-09-22,Musclemind,Armouron Muscle Enhance Compression T-shirt,L,8906189275944.0,2499.0,1,0,2499.0,0,https://musclemind.com/products/armouron-muscle-enhance-compression-t-shirt-1
2026-09-22,Musclemind,Armouron Superhero Compression T-shirt,L,8906189275746.0,2499.0,1,0,2499.0,115,https://musclemind.com/products/armouron-superhero-compression-t-shirt-1
2026-09-22,Musclemind,Armouron Superhero Compression T-shirt,S,8906189275807.0,2499.0,0,65,0.0,67,https://musclemind.com/products/superhero-compression-t-shirt
2026-09-22,Musclemind,Armouron Superhero Compression T-shirt,M,8906189275814.0,2499.0,0,113,0.0,113,https://musclemind.com/products/superhero-compression-t-shirt
2026-09-22,Musclemind,Armouron Superhero Compression T-shirt,L,8906189275821.0,2499.0,0,114,0.0,114,https://musclemind.com/products/superhero-compression-t-shirt
2026-09-22,Musclemind,Armouron Superhero Compression T-shirt,XL,8906189275838.0,2499.0,0,96,0.0,99,https://musclemind.com/products/superhero-compression-t-shirt
2026-09-22,Musclemind,Armouron Superhero Compression T-shirt,S,8906189275760.0,2499.0,0,65,0.0,67,https://musclemind.com/products/armouron-superhero-compression-t-shirt
2026-09-22,Musclemind,Armouron Superhero Compression T-shirt,M,8906189275777.0,2499.0,0,112,0.0,112,https://musclemind.com/products/armouron-superhero-compression-t-shirt
2026-09-22,Musclemind,Armouron Superhero Compression T-shirt,L,8906189275784.0,2499.0,0,113,0.0,116,https://musclemind.com/products/armouron-superhero-compression-t-shirt
2026-09-22,Musclemind,Armouron Superhero Compression T-shirt,XL,8906189275791.0,2499.0,0,96,0.0,98,https://musclemind.com/products/armouron-superhero-compression-t-shirt
2026-09-22,Musclemind,Core Motion Training T-shirt,M,8906189275173.0,1599.0,1,0,1599.0,1,https://musclemind.com/products/core-motion-training-t-shirt-2
2026-09-22,Musclemind,Womens Seamless Slim fit T-shirt,S,8906189274367.0,1299.0,1,0,1299.0,104,https://musclemind.com/products/womens-seamless-slim-fit-t-shirt-teal
2026-09-22,Musclemind,Womens Seamless Slim fit T-shirt,M,8906189274374.0,1299.0,1,0,1299.0,85,https://musclemind.com/products/womens-seamless-slim-fit-t-shirt-teal
2026-09-22,Musclemind,Womens Seamless Slim fit T-shirt,L,8906189274381.0,1299.0,1,0,1299.0,77,https://musclemind.com/products/womens-seamless-slim-fit-t-shirt-teal
2026-09-22,Musclemind,Womens Seamless Slim fit T-shirt,XL,8906189274398.0,1299.0,1,0,1299.0,5,https://musclemind.com/products/womens-seamless-slim-fit-t-shirt-teal
2026-09-22,Musclemind,Womens Seamless Leggings,XS,8906189273902.0,2199.0,0,1,0.0,30,https://musclemind.com/products/womens-seamless-leggings-teal
2026-09-22,Musclemind,Womens Seamless Leggings,S,8906189273919.0,2199.0,1,0,2199.0,100,https://musclemind.com/products/womens-seamless-leggings-teal
2026-09-22,Musclemind,Womens Seamless Leggings,M,8906189273926.0,2199.0,1,0,2199.0,90,https://musclemind.com/products/womens-seamless-leggings-teal
2026-09-22,Musclemind,Womens Seamless Leggings,L,8906189273933.0,2199.0,2,0,4398.0,70,https://musclemind.com/products/womens-seamless-leggings-teal
2026-09-22,Musclemind,Womens Seamless Leggings,XL,8906189273940.0,2199.0,3,0,6597.0,1,https://musclemind.com/products/womens-seamless-leggings-teal
2026-09-22,Musclemind,Womens Tank Top,XS,8906189274008.0,1499.0,1,0,1499.0,4,https://musclemind.com/products/womens-tank-black
2026-09-22,Musclemind,Womens Tank Top,M,8906189274022.0,1499.0,1,0,1499.0,9,https://musclemind.com/products/womens-tank-black
2026-09-22,Musclemind,Womens Cycling Shorts,M,8906189273575.0,1999.0,1,0,1999.0,26,https://musclemind.com/products/womens-cycling-shorts-black
2026-09-22,Musclemind,Womens Sports Bra,M,8906189274176.0,1499.0,1,0,1499.0,34,https://musclemind.com/products/womens-sports-bra-black
2026-09-22,Musclemind,Mens Sleeveless Seamless Compression T-shirt,XL,8906189273230.0,1899.0,1,0,1899.0,58,https://musclemind.com/products/mens-sleeveless-seamless-compression-t-shirt-black
2026-09-22,Musclemind,Mens Gentlemen Joggers,S,8906189273452.0,2599.0,1,0,2599.0,20,https://musclemind.com/products/mens-gentlemen-joggers-light-grey
2026-09-22,Musclemind,Mens Gentlemen Joggers,S,8906189273506.0,2599.0,0,1,0.0,23,https://musclemind.com/products/mens-gentlemen-joggers-dark-grey
2026-09-22,Musclemind,Mens Compression Half Sleeve T-shirt,L,8906189271977.0,1499.0,1,0,1499.0,4,https://musclemind.com/products/mens-compression-half-sleeve-tshirt-black
2026-09-22,Musclemind,Seamless Compression Half Sleeve T-shirt,XS,8906189275661.0,2599.0,1,0,2599.0,26,https://musclemind.com/products/seamless-compression-half-sleeve-t-shirt-dark-grey
2026-09-22,Musclemind,Seamless Compression Half Sleeve T-shirt,M,8906189270307.0,2599.0,3,0,7797.0,44,https://musclemind.com/products/seamless-compression-half-sleeve-t-shirt-dark-grey
2026-09-22,Musclemind,Seamless Compression Half Sleeve T-shirt,L,8906189270314.0,2599.0,4,0,10396.0,8,https://musclemind.com/products/seamless-compression-half-sleeve-t-shirt-dark-grey
2026-09-22,Musclemind,Mens Oversized Acid Wash T-Shirt,XL,8906189271069.0,2209.0,1,0,2209.0,3,https://musclemind.com/products/mens-oversized-acid-wash-t-shirt-stormy-blue
2026-09-22,Musclemind,Seamless Compression Half Sleeve T-shirt,XS,8906189275678.0,2599.0,1,0,2599.0,31,https://musclemind.com/products/seamless-compression-half-sleeve-t-shirt-off-white
2026-09-22,Musclemind,Seamless Compression Half Sleeve T-shirt,S,8906189270185.0,2599.0,0,1,0.0,78,https://musclemind.com/products/seamless-compression-half-sleeve-t-shirt-off-white
2026-09-22,Musclemind,Seamless Compression Half Sleeve T-shirt,M,8906189270338.0,2599.0,1,0,2599.0,68,https://musclemind.com/products/seamless-compression-half-sleeve-t-shirt-off-white
2026-09-22,Musclemind,Seamless Compression Half Sleeve T-shirt,L,8906189270345.0,2599.0,2,0,5198.0,22,https://musclemind.com/products/seamless-compression-half-sleeve-t-shirt-off-white
2026-09-22,Musclemind,Vogue Polo Full Sleeves T-Shirt,M,8906189270581.0,999.0,1,0,999.0,14,https://musclemind.com/products/vogue-polo-full-sleeves-t-shirt
2026-09-22,Kosher Casual,Premium Sleeveless Layering Tank Top with Full Shoulder Coverage,Medium,1271-AM-OF,21.9,1,0,21.9,0,http://koshercasual.com/products/premium-sleeveless-shell-top-with-full-shoulder-coverage-layering-tank-top
2026-09-22,Kosher Casual,Premium Sleeveless Layering Tank Top with Full Shoulder Coverage,XX-Large,1271-AXXL-ALM,21.9,1,0,21.9,4,http://koshercasual.com/products/premium-sleeveless-shell-top-with-full-shoulder-coverage-layering-tank-top
2026-09-22,Kosher Casual,Crop Top Sleeveless Tank Top with Full Shoulder Coverage Modest Neckline,XX-Large,1621-AXXL-BK,21.9,0,2,0.0,1,http://koshercasual.com/products/modest-neck-cropped-layering-shell-cotton-spandex-sleeveless-tank
2026-09-22,Kosher Casual,Crop Top 3/4 Sleeve with Jewel Neckline,XX-Large,1632-AXXL-BK,23.9,0,1,0.0,0,http://koshercasual.com/products/modest-neck-3-4-sleeve-cropped-layering-shell-in-viscose-spandex
2026-09-22,Kosher Casual,Classic A-Line Knee Length Cotton Stretch Skirt - Modest Everyday Comfort,Medium,1913-AM-BK,31.9,1,0,31.9,0,http://koshercasual.com/products/classic-a-line-knee-length-cotton-stretch-skirt
2026-09-22,Kosher Casual,Classic A-Line Knee Length Cotton Stretch Skirt - Modest Everyday Comfort,Large,1913-AL-N,31.9,2,0,63.8,1,http://koshercasual.com/products/classic-a-line-knee-length-cotton-stretch-skirt
2026-09-22,Kosher Casual,Essential 3/4 Sleeve Modest Crew Neckline Shell - Versatile Layering Top,Medium,1258-AM-JB,23.9,1,0,23.9,1,http://koshercasual.com/products/essential-3-4-sleeve-modest-crew-neckline-shell-versatile-layering-top
2026-09-22,Kosher Casual,Women's Cotton Spandex Stretch Knee-Length Modest Pencil Skirt,X-Large,1434-AXL-LPE,31.9,1,0,31.9,5,http://koshercasual.com/products/stretch-knee-length-pencil-skirt-for-women-in-cotton-spandex
2026-09-22,Kosher Casual,Sleek A-Line Maxi Skirt with Adjustable Fold-Over Waist,X-Large,1430-AXL-ALM,44.9,1,0,44.9,0,http://koshercasual.com/products/sleek-a-line-maxi-skirt-with-adjustable-fold-over-waist
2026-09-22,Kosher Casual,Modest Knee-Length Tapered Stretch Cotton Spandex Pencil Skirt,Small,1919-AS-K,31.9,1,0,31.9,3,http://koshercasual.com/products/modest-knee-length-tapered-stretch-cotton-spandex-pencil-skirt
2026-09-22,Kosher Casual,Plus Size Mid-Calf Pencil Skirt in Cotton Spandex,18,1470-18-BK,38.9,1,0,38.9,0,http://koshercasual.com/products/plus-size-mid-calf-pencil-skirt-in-cotton-spandex
2026-09-22,Kosher Casual,Plus Size Mid-Calf Pencil Skirt in Cotton Spandex,18,1470-18-OL,38.9,1,0,38.9,2,http://koshercasual.com/products/plus-size-mid-calf-pencil-skirt-in-cotton-spandex
2026-09-22,Kosher Casual,3/4 Sleeve T-Shirt High Round Neckline Slim-Fit,Medium,1215-AM-BK,23.9,1,0,23.9,6,http://koshercasual.com/products/essential-round-neck-layering-top-3-4-sleeve-original
2026-09-22,Kosher Casual,3/4 Sleeve T-Shirt High Round Neckline Slim-Fit,XX-Large,1215-AXXL-W,23.9,1,0,23.9,11,http://koshercasual.com/products/essential-round-neck-layering-top-3-4-sleeve-original
2026-09-22,Kosher Casual,3/4 Sleeve T-Shirt High Round Neckline Slim-Fit,Medium,1215-AM-ALM,23.9,1,0,23.9,6,http://koshercasual.com/products/essential-round-neck-layering-top-3-4-sleeve-original
2026-09-22,Kosher Casual,3/4 Sleeve T-Shirt High Round Neckline Slim-Fit,Medium,1215-AM-DCH,23.9,1,0,23.9,26,http://koshercasual.com/products/essential-round-neck-layering-top-3-4-sleeve-original
2026-09-22,Kosher Casual,Plus Size Women's Stretch Maxi Pencil Skirt - Cotton Blend and No Slits,22,1474-22-BK,39.9,1,0,39.9,42,http://koshercasual.com/products/plus-size-womens-stretch-maxi-pencil-skirt-cotton-blend-and-no-slits
2026-09-22,Kosher Casual,Plus Size Women's Stretch Maxi Pencil Skirt - Cotton Blend and No Slits,24,1474-24-N,39.9,1,0,39.9,0,http://koshercasual.com/products/plus-size-womens-stretch-maxi-pencil-skirt-cotton-blend-and-no-slits
2026-09-22,Kosher Casual,Plus Size Women's Stretch Maxi Pencil Skirt - Cotton Blend and No Slits,24,1474-24-AU,39.9,1,0,39.9,5,http://koshercasual.com/products/plus-size-womens-stretch-maxi-pencil-skirt-cotton-blend-and-no-slits
2026-09-22,Kosher Casual,Modest Neck Cropped Layering - Cotton Spandex 3/4 Sleeve Shell Top,Medium,1622-AM-W,23.9,2,0,47.8,0,http://koshercasual.com/products/cropped-3-4-sleeve-shell-top-for-women
2026-09-22,Kosher Casual,Modest Neck Cropped Layering - Cotton Spandex 3/4 Sleeve Shell Top,Small,1622-AS-DN,23.9,1,0,23.9,1,http://koshercasual.com/products/cropped-3-4-sleeve-shell-top-for-women
2026-09-22,Kosher Casual,Modest Neck Cropped Layering - Cotton Spandex 3/4 Sleeve Shell Top,Medium,1622-AM-BK,23.9,2,0,47.8,4,http://koshercasual.com/products/cropped-3-4-sleeve-shell-top-for-women
2026-09-22,Kosher Casual,Modest Layering Dress with 3/4 Sleeves and No Slits,X-Large,1629-AXL-ALM,34.9,1,0,34.9,0,http://koshercasual.com/products/modest-layering-dress-with-3-4-sleeves-and-no-slits
2026-09-22,Kosher Casual,Knee Length A-Line Skater Skirt with Full Elastic Waist,Large,1400-AL-N,31.9,1,0,31.9,1,http://koshercasual.com/products/knee-length-a-line-skater-skirt-with-full-elastic-waist
2026-09-22,Kosher Casual,Knee Length A-Line Skater Skirt with Full Elastic Waist,X-Large,1400-AXL-DN,31.9,1,0,31.9,3,http://koshercasual.com/products/knee-length-a-line-skater-skirt-with-full-elastic-waist
2026-09-22,Kosher Casual,Knee Length A-Line Skater Skirt with Full Elastic Waist,Large,1400-AL-BK,31.9,1,0,31.9,0,http://koshercasual.com/products/knee-length-a-line-skater-skirt-with-full-elastic-waist
2026-09-22,Kosher Casual,Knee Length A-Line Skater Skirt with Full Elastic Waist,X-Large,1400-AXL-BK,31.9,1,0,31.9,0,http://koshercasual.com/products/knee-length-a-line-skater-skirt-with-full-elastic-waist
2026-09-22,Kosher Casual,Tote Bag,Default Title,1000-OS-BK,14.9,2,0,29.8,4646,http://koshercasual.com/products/tote-bag
