date,store_name,product_name,size,sku,price,units_sold,units_restocked,estimated_revenue,stock_remaining_today,product_url
2026-09-24,Cava Athleisure,Grey Melange Everywear Leisure Tee,M,MTS1422GMLM,799.0,1,0,799.0,106,https://cavaathleisure.com/products/grey-melange-everywear-leisure-tee
2026-09-24,Cava Athleisure,Grey Melange Everywear Leisure Tee,L,MTS1422GMLL,799.0,1,0,799.0,80,https://cavaathleisure.com/products/grey-melange-everywear-leisure-tee
2026-09-24,Cava Athleisure,"Blue 5"" Pacer Shorts",30,MSH4217BL30,1596.0,1,0,1596.0,26,https://cavaathleisure.com/products/blue-5-pacer-shorts
2026-09-24,Cava Athleisure,"Blue 5"" Pacer Shorts",32,MSH4217BL32,1596.0,4,0,6384.0,83,https://cavaathleisure.com/products/blue-5-pacer-shorts
2026-09-24,Cava Athleisure,Butter Yellow ADPT™ Wrap Top,XS,WTP10245YLXS,1299.0,3,0,3897.0,44,https://cavaathleisure.com/products/butter-yellow-adpt-wrap-top
2026-09-24,Cava Athleisure,Butter Yellow ADPT™ Wrap Top,S,WTP10245YLS,1299.0,3,0,3897.0,134,https://cavaathleisure.com/products/butter-yellow-adpt-wrap-top
2026-09-24,Cava Athleisure,Butter Yellow ADPT™ Wrap Top,M,WTP10245YLM,1299.0,4,0,5196.0,140,https://cavaathleisure.com/products/butter-yellow-adpt-wrap-top
2026-09-24,Cava Athleisure,Butter Yellow ADPT™ Wrap Top,L,WTP10245YLL,1299.0,3,0,3897.0,66,https://cavaathleisure.com/products/butter-yellow-adpt-wrap-top
2026-09-24,Cava Athleisure,Maroon Everywear Leisure Tee,M,MTS1422RDM,799.0,2,0,1598.0,134,https://cavaathleisure.com/products/maroon-everywear-leisure-tee
2026-09-24,Cava Athleisure,Maroon Everywear Leisure Tee,L,MTS1422RDL,799.0,1,0,799.0,99,https://cavaathleisure.com/products/maroon-everywear-leisure-tee
2026-09-24,Cava Athleisure,Cherry ADPT™ Wrap Top,S,WTP10245CRDS,1299.0,3,0,3897.0,131,https://cavaathleisure.com/products/cherry-adpt-wrap-top
2026-09-24,Cava Athleisure,Cherry ADPT™ Wrap Top,M,WTP10245CRDM,1299.0,3,0,3897.0,111,https://cavaathleisure.com/products/cherry-adpt-wrap-top
2026-09-24,Cava Athleisure,Cherry ADPT™ Wrap Top,L,WTP10245CRDL,1299.0,3,0,3897.0,89,https://cavaathleisure.com/products/cherry-adpt-wrap-top
2026-09-24,Cava Athleisure,Ivory Cotton Leisure Shorts,S,MSH1622WHS,899.0,4,0,3596.0,47,https://cavaathleisure.com/products/ivory-cotton-leisure-shorts
2026-09-24,Cava Athleisure,Ivory Cotton Leisure Shorts,M,MSH1622WHM,899.0,6,0,5394.0,160,https://cavaathleisure.com/products/ivory-cotton-leisure-shorts
2026-09-24,Cava Athleisure,Ivory Cotton Leisure Shorts,L,MSH1622WHL,899.0,4,0,3596.0,80,https://cavaathleisure.com/products/ivory-cotton-leisure-shorts
2026-09-24,Cava Athleisure,Ivory Cotton Leisure Shorts,XL,MSH1622WHXL,899.0,3,0,2697.0,60,https://cavaathleisure.com/products/ivory-cotton-leisure-shorts
2026-09-24,Cava Athleisure,Ivory Cotton Leisure Shorts,XXL,MSH1622WHXXL,899.0,3,0,2697.0,40,https://cavaathleisure.com/products/ivory-cotton-leisure-shorts
2026-09-24,Cava Athleisure,Grey Melange Cotton Leisure Shorts,S,MSH1622GMLS,899.0,4,0,3596.0,57,https://cavaathleisure.com/products/grey-melange-cotton-leisure-shorts
2026-09-24,Cava Athleisure,Grey Melange Cotton Leisure Shorts,M,MSH1622GMLM,899.0,5,0,4495.0,184,https://cavaathleisure.com/products/grey-melange-cotton-leisure-shorts
2026-09-24,Cava Athleisure,Grey Melange Cotton Leisure Shorts,L,MSH1622GMLL,899.0,5,0,4495.0,100,https://cavaathleisure.com/products/grey-melange-cotton-leisure-shorts
2026-09-24,Cava Athleisure,Grey Melange Cotton Leisure Shorts,XL,MSH1622GMLXL,899.0,3,0,2697.0,71,https://cavaathleisure.com/products/grey-melange-cotton-leisure-shorts
2026-09-24,Cava Athleisure,Grey Melange Cotton Leisure Shorts,XXL,MSH1622GMLXXL,899.0,2,0,1798.0,57,https://cavaathleisure.com/products/grey-melange-cotton-leisure-shorts
2026-09-24,Cava Athleisure,"Olive 5"" Pacer Shorts",32,MSH4217OGR32,1596.0,2,0,3192.0,93,https://cavaathleisure.com/products/olive-5-pacer-shorts
2026-09-24,Cava Athleisure,Plum Cotton Flared Leggings,XS,WFP6221PUXS,1599.0,7,0,11193.0,36,https://cavaathleisure.com/products/plum-cotton-flared-leggings
2026-09-24,Cava Athleisure,Plum Cotton Flared Leggings,S,WFP6221PUS,1599.0,13,0,20787.0,72,https://cavaathleisure.com/products/plum-cotton-flared-leggings
2026-09-24,Cava Athleisure,Plum Cotton Flared Leggings,M,WFP6221PUM,1599.0,10,0,15990.0,65,https://cavaathleisure.com/products/plum-cotton-flared-leggings
2026-09-24,Cava Athleisure,Plum Cotton Flared Leggings,L,WFP6221PUL,1599.0,9,0,14391.0,79,https://cavaathleisure.com/products/plum-cotton-flared-leggings
2026-09-24,Cava Athleisure,Plum Cotton Flared Leggings,XL,WFP6221PUXL,1599.0,6,0,9594.0,47,https://cavaathleisure.com/products/plum-cotton-flared-leggings
2026-09-24,Cava Athleisure,Plum Cotton Flared Leggings,XXL,WFP6221PUXXL,1599.0,5,0,7995.0,24,https://cavaathleisure.com/products/plum-cotton-flared-leggings
2026-09-24,Cava Athleisure,Ivory Everywear Leisure Tee,S,MTS1422WHS,799.0,4,0,3196.0,93,https://cavaathleisure.com/products/ivory-everywear-leisure-tee
2026-09-24,Cava Athleisure,Ivory Everywear Leisure Tee,M,MTS1422WHM,799.0,8,0,6392.0,137,https://cavaathleisure.com/products/ivory-everywear-leisure-tee
2026-09-24,Cava Athleisure,Ivory Everywear Leisure Tee,L,MTS1422WHL,799.0,7,0,5593.0,102,https://cavaathleisure.com/products/ivory-everywear-leisure-tee
2026-09-24,Cava Athleisure,Ivory Everywear Leisure Tee,XL,MTS1422WHXL,799.0,4,0,3196.0,42,https://cavaathleisure.com/products/ivory-everywear-leisure-tee
2026-09-24,Cava Athleisure,Ivory Everywear Leisure Tee,XXL,MTS1422WHXXL,799.0,4,0,3196.0,23,https://cavaathleisure.com/products/ivory-everywear-leisure-tee
2026-09-24,Cava Athleisure,Teal Contour Flared Leggings,XS,WFP3720GRXS,1399.0,7,0,9793.0,48,https://cavaathleisure.com/products/teal-contour-flared-leggings
2026-09-24,Cava Athleisure,Teal Contour Flared Leggings,S,WFP3720GRS,1399.0,16,0,22384.0,80,https://cavaathleisure.com/products/teal-contour-flared-leggings
2026-09-24,Cava Athleisure,Teal Contour Flared Leggings,M,WFP3720GRM,1399.0,15,0,20985.0,131,https://cavaathleisure.com/products/teal-contour-flared-leggings
2026-09-24,Cava Athleisure,Teal Contour Flared Leggings,L,WFP3720GRL,1399.0,8,0,11192.0,95,https://cavaathleisure.com/products/teal-contour-flared-leggings
2026-09-24,Cava Athleisure,Teal Contour Flared Leggings,XL,WFP3720GRXL,1399.0,8,0,11192.0,40,https://cavaathleisure.com/products/teal-contour-flared-leggings
2026-09-24,Cava Athleisure,Teal Contour Flared Leggings,XXL,WFP3720GRXXL,1399.0,5,0,6995.0,28,https://cavaathleisure.com/products/teal-contour-flared-leggings
2026-09-24,Cava Athleisure,Navy Cotton Flared Leggings,XS,WFP6221NYXS,1599.0,7,0,11193.0,34,https://cavaathleisure.com/products/navy-cotton-flared-leggings
2026-09-24,Cava Athleisure,Navy Cotton Flared Leggings,S,WFP6221NYS,1599.0,9,0,14391.0,90,https://cavaathleisure.com/products/navy-cotton-flared-leggings
2026-09-24,Cava Athleisure,Navy Cotton Flared Leggings,M,WFP6221NYM,1599.0,8,0,12792.0,113,https://cavaathleisure.com/products/navy-cotton-flared-leggings
2026-09-24,Cava Athleisure,Navy Cotton Flared Leggings,L,WFP6221NYL,1599.0,7,0,11193.0,93,https://cavaathleisure.com/products/navy-cotton-flared-leggings
2026-09-24,Cava Athleisure,Navy Cotton Flared Leggings,XL,WFP6221NYXL,1599.0,6,0,9594.0,50,https://cavaathleisure.com/products/navy-cotton-flared-leggings
2026-09-24,Cava Athleisure,Navy Cotton Flared Leggings,XXL,WFP6221NYXXL,1599.0,5,0,7995.0,23,https://cavaathleisure.com/products/navy-cotton-flared-leggings
2026-09-24,Cava Athleisure,Pink Studio Gym Bag,One size,WAC10923PNFREE,1699.0,11,0,18689.0,433,https://cavaathleisure.com/products/pink-studio-gym-bag
2026-09-24,Cava Athleisure,Purple Contour Flared Leggings,XS,WFP3720PUXS,1399.0,7,0,9793.0,57,https://cavaathleisure.com/products/purple-contour-flared-leggings
2026-09-24,Cava Athleisure,Purple Contour Flared Leggings,S,WFP3720PUS,1399.0,16,0,22384.0,68,https://cavaathleisure.com/products/purple-contour-flared-leggings
2026-09-24,Cava Athleisure,Purple Contour Flared Leggings,M,WFP3720PUM,1399.0,14,0,19586.0,137,https://cavaathleisure.com/products/purple-contour-flared-leggings
2026-09-24,Cava Athleisure,Purple Contour Flared Leggings,L,WFP3720PUL,1399.0,10,0,13990.0,102,https://cavaathleisure.com/products/purple-contour-flared-leggings
2026-09-24,Cava Athleisure,Purple Contour Flared Leggings,XL,WFP3720PUXL,1399.0,10,0,13990.0,38,https://cavaathleisure.com/products/purple-contour-flared-leggings
2026-09-24,Cava Athleisure,Purple Contour Flared Leggings,XXL,WFP3720PUXXL,1399.0,5,0,6995.0,31,https://cavaathleisure.com/products/purple-contour-flared-leggings
2026-09-24,Cava Athleisure,Ivory Studio Gym Bag,One size,WAC10923WHFREE,1699.0,10,0,16990.0,382,https://cavaathleisure.com/products/ivory-studio-gym-bag
2026-09-24,Cava Athleisure,Blue Studio Gym Bag,One size,WAC10923BLFREE,1699.0,11,0,18689.0,441,https://cavaathleisure.com/products/blue-studio-gym-bag
2026-09-24,Cava Athleisure,Black Studio Gym Bag,One size,WAC10923BKFREE,1699.0,12,0,20388.0,431,https://cavaathleisure.com/products/black-studio-gym-bag
2026-09-24,Cava Athleisure,Black Polka Ruched Capri,XS,WLG13417BKXS,1899.0,0,4,0.0,34,https://cavaathleisure.com/products/black-polka-ruched-capri
2026-09-24,Cava Athleisure,Black Polka Ruched Capri,S,WLG13417BKS,1899.0,0,67,0.0,106,https://cavaathleisure.com/products/black-polka-ruched-capri
2026-09-24,Cava Athleisure,Black Polka Ruched Capri,M,WLG13417BKM,1899.0,0,52,0.0,92,https://cavaathleisure.com/products/black-polka-ruched-capri
2026-09-24,Cava Athleisure,Black Polka Ruched Capri,L,WLG13417BKL,1899.0,0,20,0.0,46,https://cavaathleisure.com/products/black-polka-ruched-capri
2026-09-24,Cava Athleisure,Black Polka Ruched Capri,XL,WLG13417BKXL,1899.0,0,13,0.0,49,https://cavaathleisure.com/products/black-polka-ruched-capri
2026-09-24,Cava Athleisure,Black Polka Ruched Capri,XXL,WLG13417BKXXL,1899.0,1,0,1899.0,20,https://cavaathleisure.com/products/black-polka-ruched-capri
2026-09-24,Cava Athleisure,Berry Ruched Capri,S,WLG13417RDS,1899.0,3,0,5697.0,81,https://cavaathleisure.com/products/berry-ruched-capri
2026-09-24,Cava Athleisure,Berry Ruched Capri,M,WLG13417RDM,1899.0,5,0,9495.0,82,https://cavaathleisure.com/products/berry-ruched-capri
2026-09-24,Cava Athleisure,Berry Ruched Capri,L,WLG13417RDL,1899.0,1,0,1899.0,38,https://cavaathleisure.com/products/berry-ruched-capri
2026-09-24,Cava Athleisure,Berry Ruched Capri,XXL,WLG13417RDXXL,1899.0,2,0,3798.0,16,https://cavaathleisure.com/products/berry-ruched-capri
2026-09-24,Cava Athleisure,Ivory Lace Off-Shoulder Top,XS,WTP16517WHXS,1799.0,0,2,0.0,2,https://cavaathleisure.com/products/ivory-lace-off-shoulder-top
2026-09-24,Cava Athleisure,Ivory Lace Off-Shoulder Top,XL,WTP16517WHXL,1799.0,2,0,3598.0,3,https://cavaathleisure.com/products/ivory-lace-off-shoulder-top
2026-09-24,Cava Athleisure,Blush Lace Off-Shoulder Top,XS,WTP16517PNXS,1799.0,1,0,1799.0,0,https://cavaathleisure.com/products/blush-lace-off-shoulder-top
2026-09-24,Cava Athleisure,Blush Lace Off-Shoulder Top,S,WTP16517PNS,1799.0,1,0,1799.0,0,https://cavaathleisure.com/products/blush-lace-off-shoulder-top
2026-09-24,Cava Athleisure,Blush Lace Off-Shoulder Top,M,WTP16517PNM,1799.0,5,0,8995.0,11,https://cavaathleisure.com/products/blush-lace-off-shoulder-top
2026-09-24,Cava Athleisure,Blush Lace Off-Shoulder Top,L,WTP16517PNL,1799.0,1,0,1799.0,8,https://cavaathleisure.com/products/blush-lace-off-shoulder-top
2026-09-24,Cava Athleisure,Blush Lace Off-Shoulder Top,XL,WTP16517PNXL,1799.0,2,0,3598.0,6,https://cavaathleisure.com/products/blush-lace-off-shoulder-top
2026-09-24,Cava Athleisure,Blush Lace Off-Shoulder Top,XXL,WTP16517PNXXL,1799.0,1,0,1799.0,0,https://cavaathleisure.com/products/blush-lace-off-shoulder-top
2026-09-24,Cava Athleisure,Berry Lace Off-Shoulder Top,XS,WTP16517RDXS,1799.0,3,0,5397.0,0,https://cavaathleisure.com/products/berry-lace-off-shoulder-top
2026-09-24,Cava Athleisure,Berry Lace Off-Shoulder Top,S,WTP16517RDS,1799.0,3,0,5397.0,19,https://cavaathleisure.com/products/berry-lace-off-shoulder-top
2026-09-24,Cava Athleisure,Berry Lace Off-Shoulder Top,M,WTP16517RDM,1799.0,7,0,12593.0,16,https://cavaathleisure.com/products/berry-lace-off-shoulder-top
2026-09-24,Cava Athleisure,Berry Lace Off-Shoulder Top,L,WTP16517RDL,1799.0,3,0,5397.0,14,https://cavaathleisure.com/products/berry-lace-off-shoulder-top
2026-09-24,Cava Athleisure,Berry Lace Off-Shoulder Top,XL,WTP16517RDXL,1799.0,1,0,1799.0,13,https://cavaathleisure.com/products/berry-lace-off-shoulder-top
2026-09-24,Cava Athleisure,Blue  Lace Off-Shoulder Top,S,WTP16517BLS,1799.0,0,1,0.0,2,https://cavaathleisure.com/products/blue-lace-off-shoulder-top
2026-09-24,Cava Athleisure,Blue  Lace Off-Shoulder Top,M,WTP16517BLM,1799.0,2,0,3598.0,30,https://cavaathleisure.com/products/blue-lace-off-shoulder-top
2026-09-24,Cava Athleisure,Blue  Lace Off-Shoulder Top,L,WTP16517BLL,1799.0,2,0,3598.0,6,https://cavaathleisure.com/products/blue-lace-off-shoulder-top
2026-09-24,Cava Athleisure,Blue  Lace Off-Shoulder Top,XL,WTP16517BLXL,1799.0,1,0,1799.0,9,https://cavaathleisure.com/products/blue-lace-off-shoulder-top
2026-09-24,Cava Athleisure,Blue  Lace Off-Shoulder Top,XXL,WTP16517BLXXL,1799.0,1,0,1799.0,0,https://cavaathleisure.com/products/blue-lace-off-shoulder-top
2026-09-24,Cava Athleisure,Black Polka Lace Off-Shoulder Top,S,WTP16517BKS,1899.0,0,1,0.0,1,https://cavaathleisure.com/products/black-polka-lace-off-shoulder-top
2026-09-24,Cava Athleisure,Black Polka Lace Off-Shoulder Top,L,WTP16517BKL,1899.0,0,1,0.0,1,https://cavaathleisure.com/products/black-polka-lace-off-shoulder-top
2026-09-24,Cava Athleisure,Black Polka Lace Off-Shoulder Top,XL,WTP16517BKXL,1899.0,1,0,1899.0,0,https://cavaathleisure.com/products/black-polka-lace-off-shoulder-top
2026-09-24,Cava Athleisure,Blush Ruched Snug Leggings,XS,WLG9917PNXS,1999.0,3,0,5997.0,42,https://cavaathleisure.com/products/blush-ruched-snug-leggings
2026-09-24,Cava Athleisure,Blush Ruched Snug Leggings,S,WLG9917PNS,1999.0,3,0,5997.0,174,https://cavaathleisure.com/products/blush-ruched-snug-leggings
2026-09-24,Cava Athleisure,Blush Ruched Snug Leggings,M,WLG9917PNM,1999.0,2,0,3998.0,226,https://cavaathleisure.com/products/blush-ruched-snug-leggings
2026-09-24,Cava Athleisure,Blush Ruched Snug Leggings,L,WLG9917PNL,1999.0,2,0,3998.0,147,https://cavaathleisure.com/products/blush-ruched-snug-leggings
2026-09-24,Cava Athleisure,Blush Ruched Snug Leggings,XL,WLG9917PNXL,1999.0,1,0,1999.0,77,https://cavaathleisure.com/products/blush-ruched-snug-leggings
2026-09-24,Cava Athleisure,Blush Ruched Snug Leggings,XXL,WLG9917PNXXL,1999.0,1,0,1999.0,55,https://cavaathleisure.com/products/blush-ruched-snug-leggings
2026-09-24,Cava Athleisure,Black Polka Ruched Snug Leggings,XS,WLG9917PBKXS,2099.0,1,0,2099.0,16,https://cavaathleisure.com/products/black-polka-ruched-snug-leggings
2026-09-24,Cava Athleisure,Black Polka Ruched Snug Leggings,S,WLG9917PBKS,2099.0,1,0,2099.0,54,https://cavaathleisure.com/products/black-polka-ruched-snug-leggings
2026-09-24,Cava Athleisure,Black Polka Ruched Snug Leggings,M,WLG9917PBKM,2099.0,1,0,2099.0,1,https://cavaathleisure.com/products/black-polka-ruched-snug-leggings
2026-09-24,Cava Athleisure,Black Polka Ruched Snug Leggings,L,WLG9917PBKL,2099.0,3,0,6297.0,117,https://cavaathleisure.com/products/black-polka-ruched-snug-leggings
2026-09-24,Cava Athleisure,Black Polka Ruched Snug Leggings,XL,WLG9917PBKXL,2099.0,2,0,4198.0,30,https://cavaathleisure.com/products/black-polka-ruched-snug-leggings
2026-09-24,Cava Athleisure,Black Polka Ruched Snug Leggings,XXL,WLG9917PBKXXL,2099.0,1,0,2099.0,0,https://cavaathleisure.com/products/black-polka-ruched-snug-leggings
2026-09-24,Cava Athleisure,Berry Ruched Snug Leggings,S,WLG9917RDS,1999.0,3,0,5997.0,90,https://cavaathleisure.com/products/berry-ruched-snug-leggings
2026-09-24,Cava Athleisure,Berry Ruched Snug Leggings,M,WLG9917RDM,1999.0,3,0,5997.0,223,https://cavaathleisure.com/products/berry-ruched-snug-leggings
2026-09-24,Cava Athleisure,Berry Ruched Snug Leggings,L,WLG9917RDL,1999.0,1,0,1999.0,150,https://cavaathleisure.com/products/berry-ruched-snug-leggings
2026-09-24,Cava Athleisure,Berry Ruched Snug Leggings,XL,WLG9917RDXL,1999.0,1,0,1999.0,70,https://cavaathleisure.com/products/berry-ruched-snug-leggings
2026-09-24,Cava Athleisure,Berry Ruched Snug Leggings,XXL,WLG9917RDXXL,1999.0,1,0,1999.0,29,https://cavaathleisure.com/products/berry-ruched-snug-leggings
2026-09-24,Cava Athleisure,Berry Ruched Flared Leggings,XS,WFP98P17RDXS,2299.0,4,0,9196.0,76,https://cavaathleisure.com/products/berry-ruched-flared-leggings
2026-09-24,Cava Athleisure,Berry Ruched Flared Leggings,XS,WFP98T17RDXS,2299.0,3,0,6897.0,61,https://cavaathleisure.com/products/berry-ruched-flared-leggings
2026-09-24,Cava Athleisure,Berry Ruched Flared Leggings,XS,WFP98EXT17RDXS,2299.0,3,0,6897.0,46,https://cavaathleisure.com/products/berry-ruched-flared-leggings
2026-09-24,Cava Athleisure,Berry Ruched Flared Leggings,S,WFP98P17RDS,2299.0,4,0,9196.0,118,https://cavaathleisure.com/products/berry-ruched-flared-leggings
2026-09-24,Cava Athleisure,Berry Ruched Flared Leggings,S,WFP98T17RDS,2299.0,5,0,11495.0,257,https://cavaathleisure.com/products/berry-ruched-flared-leggings
2026-09-24,Cava Athleisure,Berry Ruched Flared Leggings,S,WFP98EXT17RDS,2299.0,2,0,4598.0,126,https://cavaathleisure.com/products/berry-ruched-flared-leggings
2026-09-24,Cava Athleisure,Berry Ruched Flared Leggings,M,WFP98P17RDM,2299.0,1,0,2299.0,253,https://cavaathleisure.com/products/berry-ruched-flared-leggings
2026-09-24,Cava Athleisure,Berry Ruched Flared Leggings,M,WFP98T17RDM,2299.0,4,0,9196.0,248,https://cavaathleisure.com/products/berry-ruched-flared-leggings
2026-09-24,Cava Athleisure,Berry Ruched Flared Leggings,M,WFP98EXT17RDM,2299.0,5,0,11495.0,202,https://cavaathleisure.com/products/berry-ruched-flared-leggings
2026-09-24,Cava Athleisure,Berry Ruched Flared Leggings,L,WFP98P17RDL,2299.0,6,0,13794.0,164,https://cavaathleisure.com/products/berry-ruched-flared-leggings
2026-09-24,Cava Athleisure,Berry Ruched Flared Leggings,L,WFP98T17RDL,2299.0,2,0,4598.0,230,https://cavaathleisure.com/products/berry-ruched-flared-leggings
2026-09-24,Cava Athleisure,Berry Ruched Flared Leggings,L,WFP98EXT17RDL,2299.0,3,0,6897.0,192,https://cavaathleisure.com/products/berry-ruched-flared-leggings
2026-09-24,Cava Athleisure,Berry Ruched Flared Leggings,XL,WFP98P17RDXL,2299.0,1,0,2299.0,90,https://cavaathleisure.com/products/berry-ruched-flared-leggings
2026-09-24,Cava Athleisure,Berry Ruched Flared Leggings,XL,WFP98T17RDXL,2299.0,1,0,2299.0,101,https://cavaathleisure.com/products/berry-ruched-flared-leggings
2026-09-24,Cava Athleisure,Berry Ruched Flared Leggings,XL,WFP98EXT17RDXL,2299.0,2,0,4598.0,49,https://cavaathleisure.com/products/berry-ruched-flared-leggings
2026-09-24,Cava Athleisure,Berry Ruched Flared Leggings,XXL,WFP98P17RDXXL,2299.0,1,0,2299.0,49,https://cavaathleisure.com/products/berry-ruched-flared-leggings
2026-09-24,Cava Athleisure,Berry Ruched Flared Leggings,XXL,WFP98T17RDXXL,2299.0,0,1,0.0,71,https://cavaathleisure.com/products/berry-ruched-flared-leggings
2026-09-24,Cava Athleisure,Berry Ruched Flared Leggings,XXL,WFP98EXT17RDXXL,2299.0,1,0,2299.0,50,https://cavaathleisure.com/products/berry-ruched-flared-leggings
2026-09-24,Cava Athleisure,Blush Ruched Flared Leggings,XS,WFP98P17PNXS,2299.0,4,0,9196.0,67,https://cavaathleisure.com/products/blush-ruched-flared-leggings
2026-09-24,Cava Athleisure,Blush Ruched Flared Leggings,XS,WFP98T17PNXS,2299.0,2,0,4598.0,53,https://cavaathleisure.com/products/blush-ruched-flared-leggings
2026-09-24,Cava Athleisure,Blush Ruched Flared Leggings,XS,WFP98EXT17PNXS,2299.0,3,0,6897.0,39,https://cavaathleisure.com/products/blush-ruched-flared-leggings
2026-09-24,Cava Athleisure,Blush Ruched Flared Leggings,S,WFP98P17PNS,2299.0,6,0,13794.0,154,https://cavaathleisure.com/products/blush-ruched-flared-leggings
2026-09-24,Cava Athleisure,Blush Ruched Flared Leggings,S,WFP98T17PNS,2299.0,6,0,13794.0,194,https://cavaathleisure.com/products/blush-ruched-flared-leggings
2026-09-24,Cava Athleisure,Blush Ruched Flared Leggings,S,WFP98EXT17PNS,2299.0,3,0,6897.0,98,https://cavaathleisure.com/products/blush-ruched-flared-leggings
2026-09-24,Cava Athleisure,Blush Ruched Flared Leggings,M,WFP98P17PNM,2299.0,4,0,9196.0,161,https://cavaathleisure.com/products/blush-ruched-flared-leggings
2026-09-24,Cava Athleisure,Blush Ruched Flared Leggings,M,WFP98T17PNM,2299.0,5,0,11495.0,273,https://cavaathleisure.com/products/blush-ruched-flared-leggings
2026-09-24,Cava Athleisure,Blush Ruched Flared Leggings,M,WFP98EXT17PNM,2299.0,3,0,6897.0,136,https://cavaathleisure.com/products/blush-ruched-flared-leggings
2026-09-24,Cava Athleisure,Blush Ruched Flared Leggings,L,WFP98P17PNL,2299.0,4,0,9196.0,145,https://cavaathleisure.com/products/blush-ruched-flared-leggings
2026-09-24,Cava Athleisure,Blush Ruched Flared Leggings,L,WFP98T17PNL,2299.0,1,0,2299.0,203,https://cavaathleisure.com/products/blush-ruched-flared-leggings
2026-09-24,Cava Athleisure,Blush Ruched Flared Leggings,L,WFP98EXT17PNL,2299.0,2,0,4598.0,133,https://cavaathleisure.com/products/blush-ruched-flared-leggings
2026-09-24,Cava Athleisure,Blush Ruched Flared Leggings,XL,WFP98P17PNXL,2299.0,1,0,2299.0,92,https://cavaathleisure.com/products/blush-ruched-flared-leggings
2026-09-24,Cava Athleisure,Blush Ruched Flared Leggings,XL,WFP98T17PNXL,2299.0,1,0,2299.0,118,https://cavaathleisure.com/products/blush-ruched-flared-leggings
2026-09-24,Cava Athleisure,Blush Ruched Flared Leggings,XL,WFP98EXT17PNXL,2299.0,1,0,2299.0,103,https://cavaathleisure.com/products/blush-ruched-flared-leggings
2026-09-24,Cava Athleisure,Blush Ruched Flared Leggings,XXL,WFP98P17PNXXL,2299.0,1,0,2299.0,44,https://cavaathleisure.com/products/blush-ruched-flared-leggings
2026-09-24,Cava Athleisure,Blush Ruched Flared Leggings,XXL,WFP98T17PNXXL,2299.0,2,0,4598.0,61,https://cavaathleisure.com/products/blush-ruched-flared-leggings
2026-09-24,Cava Athleisure,Blush Ruched Flared Leggings,XXL,WFP98EXT17PNXXL,2299.0,1,0,2299.0,44,https://cavaathleisure.com/products/blush-ruched-flared-leggings
2026-09-24,Cava Athleisure,Blue Ruched Flared Leggings,XS,WFP98P17BLXS,2299.0,4,0,9196.0,70,https://cavaathleisure.com/products/blue-ruched-flared-leggings
2026-09-24,Cava Athleisure,Blue Ruched Flared Leggings,XS,WFP98T17BLXS,2299.0,4,0,9196.0,53,https://cavaathleisure.com/products/blue-ruched-flared-leggings
2026-09-24,Cava Athleisure,Blue Ruched Flared Leggings,XS,WFP98EXT17BLXS,2299.0,3,0,6897.0,30,https://cavaathleisure.com/products/blue-ruched-flared-leggings
2026-09-24,Cava Athleisure,Blue Ruched Flared Leggings,S,WFP98P17BLS,2299.0,2,0,4598.0,185,https://cavaathleisure.com/products/blue-ruched-flared-leggings
2026-09-24,Cava Athleisure,Blue Ruched Flared Leggings,S,WFP98T17BLS,2299.0,3,0,6897.0,123,https://cavaathleisure.com/products/blue-ruched-flared-leggings
2026-09-24,Cava Athleisure,Blue Ruched Flared Leggings,S,WFP98EXT17BLS,2299.0,3,0,6897.0,67,https://cavaathleisure.com/products/blue-ruched-flared-leggings
2026-09-24,Cava Athleisure,Blue Ruched Flared Leggings,M,WFP98P17BLM,2299.0,5,0,11495.0,164,https://cavaathleisure.com/products/blue-ruched-flared-leggings
2026-09-24,Cava Athleisure,Blue Ruched Flared Leggings,M,WFP98EXT17BLM,2299.0,4,0,9196.0,166,https://cavaathleisure.com/products/blue-ruched-flared-leggings
2026-09-24,Cava Athleisure,Blue Ruched Flared Leggings,L,WFP98P17BLL,2299.0,2,0,4598.0,146,https://cavaathleisure.com/products/blue-ruched-flared-leggings
2026-09-24,Cava Athleisure,Blue Ruched Flared Leggings,L,WFP98T17BLL,2299.0,2,0,4598.0,210,https://cavaathleisure.com/products/blue-ruched-flared-leggings
2026-09-24,Cava Athleisure,Blue Ruched Flared Leggings,L,WFP98EXT17BLL,2299.0,2,0,4598.0,120,https://cavaathleisure.com/products/blue-ruched-flared-leggings
2026-09-24,Cava Athleisure,Blue Ruched Flared Leggings,XL,WFP98P17BLXL,2299.0,2,0,4598.0,117,https://cavaathleisure.com/products/blue-ruched-flared-leggings
2026-09-24,Cava Athleisure,Blue Ruched Flared Leggings,XL,WFP98T17BLXL,2299.0,1,0,2299.0,93,https://cavaathleisure.com/products/blue-ruched-flared-leggings
2026-09-24,Cava Athleisure,Blue Ruched Flared Leggings,XL,WFP98EXT17BLXL,2299.0,2,0,4598.0,144,https://cavaathleisure.com/products/blue-ruched-flared-leggings
2026-09-24,Cava Athleisure,Blue Ruched Flared Leggings,XXL,WFP98P17BLXXL,2299.0,1,0,2299.0,35,https://cavaathleisure.com/products/blue-ruched-flared-leggings
2026-09-24,Cava Athleisure,Blue Ruched Flared Leggings,XXL,WFP98T17BLXXL,2299.0,1,0,2299.0,38,https://cavaathleisure.com/products/blue-ruched-flared-leggings
2026-09-24,Cava Athleisure,Blue Ruched Flared Leggings,XXL,WFP98EXT17BLXXL,2299.0,1,0,2299.0,15,https://cavaathleisure.com/products/blue-ruched-flared-leggings
2026-09-24,Cava Athleisure,Black Polka Ruched Flared Leggings,XS,WFP98P17PBKXS,2399.0,1,0,2399.0,106,https://cavaathleisure.com/products/black-polka-ruched-flared-leggings
2026-09-24,Cava Athleisure,Black Polka Ruched Flared Leggings,XS,WFP98T17PBKXS,2399.0,2,0,4798.0,69,https://cavaathleisure.com/products/black-polka-ruched-flared-leggings
2026-09-24,Cava Athleisure,Black Polka Ruched Flared Leggings,XS,WFP98EXT17PBKXS,2399.0,3,0,7197.0,61,https://cavaathleisure.com/products/black-polka-ruched-flared-leggings
2026-09-24,Cava Athleisure,Black Polka Ruched Flared Leggings,S,WFP98P17PBKS,2399.0,6,0,14394.0,217,https://cavaathleisure.com/products/black-polka-ruched-flared-leggings
2026-09-24,Cava Athleisure,Black Polka Ruched Flared Leggings,S,WFP98T17PBKS,2399.0,3,0,7197.0,239,https://cavaathleisure.com/products/black-polka-ruched-flared-leggings
2026-09-24,Cava Athleisure,Black Polka Ruched Flared Leggings,S,WFP98EXT17PBKS,2399.0,5,0,11995.0,155,https://cavaathleisure.com/products/black-polka-ruched-flared-leggings
2026-09-24,Cava Athleisure,Black Polka Ruched Flared Leggings,M,WFP98T17PBKM,2399.0,4,0,9596.0,312,https://cavaathleisure.com/products/black-polka-ruched-flared-leggings
2026-09-24,Cava Athleisure,Black Polka Ruched Flared Leggings,M,WFP98EXT17PBKM,2399.0,2,0,4798.0,190,https://cavaathleisure.com/products/black-polka-ruched-flared-leggings
2026-09-24,Cava Athleisure,Black Polka Ruched Flared Leggings,L,WFP98P17PBKL,2399.0,3,0,7197.0,185,https://cavaathleisure.com/products/black-polka-ruched-flared-leggings
2026-09-24,Cava Athleisure,Black Polka Ruched Flared Leggings,L,WFP98T17PBKL,2399.0,2,0,4798.0,201,https://cavaathleisure.com/products/black-polka-ruched-flared-leggings
2026-09-24,Cava Athleisure,Black Polka Ruched Flared Leggings,L,WFP98EXT17PBKL,2399.0,2,0,4798.0,160,https://cavaathleisure.com/products/black-polka-ruched-flared-leggings
2026-09-24,Cava Athleisure,Black Polka Ruched Flared Leggings,XL,WFP98P17PBKXL,2399.0,1,0,2399.0,109,https://cavaathleisure.com/products/black-polka-ruched-flared-leggings
2026-09-24,Cava Athleisure,Black Polka Ruched Flared Leggings,XL,WFP98T17PBKXL,2399.0,1,0,2399.0,53,https://cavaathleisure.com/products/black-polka-ruched-flared-leggings
2026-09-24,Cava Athleisure,Black Polka Ruched Flared Leggings,XL,WFP98EXT17PBKXL,2399.0,1,0,2399.0,112,https://cavaathleisure.com/products/black-polka-ruched-flared-leggings
2026-09-24,Cava Athleisure,Black Polka Ruched Flared Leggings,XXL,WFP98T17PBKXXL,2399.0,3,0,7197.0,75,https://cavaathleisure.com/products/black-polka-ruched-flared-leggings
2026-09-24,Cava Athleisure,Ivory Lace Scoop Neck Top,S,WTP9517WHS,1699.0,4,0,6796.0,0,https://cavaathleisure.com/products/ivory-lace-scoop-neck-top
2026-09-24,Cava Athleisure,Ivory Lace Scoop Neck Top,L,WTP9517WHL,1699.0,1,0,1699.0,9,https://cavaathleisure.com/products/ivory-lace-scoop-neck-top
2026-09-24,Cava Athleisure,Ivory Lace Scoop Neck Top,XL,WTP9517WHXL,1699.0,1,0,1699.0,26,https://cavaathleisure.com/products/ivory-lace-scoop-neck-top
2026-09-24,Cava Athleisure,Blush Lace Scoop Neck Top,XS,WTP9517PNXS,1699.0,1,0,1699.0,19,https://cavaathleisure.com/products/blush-lace-scoop-neck-top
2026-09-24,Cava Athleisure,Blush Lace Scoop Neck Top,S,WTP9517PNS,1699.0,2,0,3398.0,89,https://cavaathleisure.com/products/blush-lace-scoop-neck-top
2026-09-24,Cava Athleisure,Blush Lace Scoop Neck Top,M,WTP9517PNM,1699.0,2,0,3398.0,146,https://cavaathleisure.com/products/blush-lace-scoop-neck-top
2026-09-24,Cava Athleisure,Blush Lace Scoop Neck Top,L,WTP9517PNL,1699.0,3,0,5097.0,66,https://cavaathleisure.com/products/blush-lace-scoop-neck-top
2026-09-24,Cava Athleisure,Blush Lace Scoop Neck Top,XL,WTP9517PNXL,1699.0,2,0,3398.0,41,https://cavaathleisure.com/products/blush-lace-scoop-neck-top
2026-09-24,Cava Athleisure,Blush Lace Scoop Neck Top,XXL,WTP9517PNXXL,1699.0,1,0,1699.0,9,https://cavaathleisure.com/products/blush-lace-scoop-neck-top
2026-09-24,Cava Athleisure,Berry Lace Scoop Neck Top,XS,WTP9517RDXS,1699.0,2,0,3398.0,20,https://cavaathleisure.com/products/berry-lace-scoop-neck-top
2026-09-24,Cava Athleisure,Berry Lace Scoop Neck Top,S,WTP9517RDS,1699.0,4,0,6796.0,106,https://cavaathleisure.com/products/berry-lace-scoop-neck-top
2026-09-24,Cava Athleisure,Berry Lace Scoop Neck Top,M,WTP9517RDM,1699.0,5,0,8495.0,107,https://cavaathleisure.com/products/berry-lace-scoop-neck-top
2026-09-24,Cava Athleisure,Berry Lace Scoop Neck Top,L,WTP9517RDL,1699.0,2,0,3398.0,70,https://cavaathleisure.com/products/berry-lace-scoop-neck-top
2026-09-24,Cava Athleisure,Berry Lace Scoop Neck Top,XL,WTP9517RDXL,1699.0,1,0,1699.0,46,https://cavaathleisure.com/products/berry-lace-scoop-neck-top
2026-09-24,Cava Athleisure,Berry Lace Scoop Neck Top,XXL,WTP9517RDXXL,1699.0,1,0,1699.0,43,https://cavaathleisure.com/products/berry-lace-scoop-neck-top
2026-09-24,Cava Athleisure,Blue Lace Scoop Neck Top,XS,WTP9517BLXS,1699.0,1,0,1699.0,0,https://cavaathleisure.com/products/blue-lace-scoop-neck-top
2026-09-24,Cava Athleisure,Blue Lace Scoop Neck Top,S,WTP9517BLS,1699.0,2,0,3398.0,57,https://cavaathleisure.com/products/blue-lace-scoop-neck-top
2026-09-24,Cava Athleisure,Blue Lace Scoop Neck Top,M,WTP9517BLM,1699.0,5,0,8495.0,122,https://cavaathleisure.com/products/blue-lace-scoop-neck-top
2026-09-24,Cava Athleisure,Blue Lace Scoop Neck Top,L,WTP9517BLL,1699.0,1,0,1699.0,71,https://cavaathleisure.com/products/blue-lace-scoop-neck-top
2026-09-24,Cava Athleisure,Blue Lace Scoop Neck Top,XL,WTP9517BLXL,1699.0,1,0,1699.0,36,https://cavaathleisure.com/products/blue-lace-scoop-neck-top
2026-09-24,Cava Athleisure,Blue Lace Scoop Neck Top,XXL,WTP9517BLXXL,1699.0,2,0,3398.0,5,https://cavaathleisure.com/products/blue-lace-scoop-neck-top
2026-09-24,Cava Athleisure,Berry Polka Soft Knot Skorts,XS,WSK9617PRDXS,2299.0,2,0,4598.0,58,https://cavaathleisure.com/products/berry-polka-soft-knot-skorts
2026-09-24,Cava Athleisure,Berry Polka Soft Knot Skorts,S,WSK9617PRDS,2299.0,0,1,0.0,126,https://cavaathleisure.com/products/berry-polka-soft-knot-skorts
2026-09-24,Cava Athleisure,Berry Polka Soft Knot Skorts,M,WSK9617PRDM,2299.0,3,0,6897.0,124,https://cavaathleisure.com/products/berry-polka-soft-knot-skorts
2026-09-24,Cava Athleisure,Berry Polka Soft Knot Skorts,L,WSK9617PRDL,2299.0,3,0,6897.0,82,https://cavaathleisure.com/products/berry-polka-soft-knot-skorts
2026-09-24,Cava Athleisure,Berry Polka Soft Knot Skorts,XL,WSK9617PRDXL,2299.0,2,0,4598.0,47,https://cavaathleisure.com/products/berry-polka-soft-knot-skorts
2026-09-24,Cava Athleisure,Berry Polka Soft Knot Skorts,XXL,WSK9617PRDXXL,2299.0,2,0,4598.0,26,https://cavaathleisure.com/products/berry-polka-soft-knot-skorts
2026-09-24,Cava Athleisure,Black Polka Lace Scoop Neck Top,XS,WTP9517PBKXS,1799.0,1,0,1799.0,0,https://cavaathleisure.com/products/black-polka-lace-scoop-neck-top
2026-09-24,Cava Athleisure,Black Polka Lace Scoop Neck Top,S,WTP9517PBKS,1799.0,3,0,5397.0,33,https://cavaathleisure.com/products/black-polka-lace-scoop-neck-top
2026-09-24,Cava Athleisure,Black Polka Lace Scoop Neck Top,M,WTP9517PBKM,1799.0,7,0,12593.0,36,https://cavaathleisure.com/products/black-polka-lace-scoop-neck-top
2026-09-24,Cava Athleisure,Black Polka Lace Scoop Neck Top,L,WTP9517PBKL,1799.0,1,0,1799.0,62,https://cavaathleisure.com/products/black-polka-lace-scoop-neck-top
2026-09-24,Cava Athleisure,Black Polka Lace Scoop Neck Top,XL,WTP9517PBKXL,1799.0,2,0,3598.0,23,https://cavaathleisure.com/products/black-polka-lace-scoop-neck-top
2026-09-24,Cava Athleisure,Blush Soft Knot Skorts,XS,WSK9617PNXS,2199.0,2,0,4398.0,58,https://cavaathleisure.com/products/blush-soft-knot-skorts
2026-09-24,Cava Athleisure,Blush Soft Knot Skorts,S,WSK9617PNS,2199.0,5,0,10995.0,61,https://cavaathleisure.com/products/blush-soft-knot-skorts
2026-09-24,Cava Athleisure,Blush Soft Knot Skorts,M,WSK9617PNM,2199.0,5,0,10995.0,59,https://cavaathleisure.com/products/blush-soft-knot-skorts
2026-09-24,Cava Athleisure,Blush Soft Knot Skorts,L,WSK9617PNL,2199.0,4,0,8796.0,34,https://cavaathleisure.com/products/blush-soft-knot-skorts
2026-09-24,Cava Athleisure,Blush Soft Knot Skorts,XL,WSK9617PNXL,2199.0,1,0,2199.0,18,https://cavaathleisure.com/products/blush-soft-knot-skorts
2026-09-24,Cava Athleisure,Blush Soft Knot Skorts,XXL,WSK9617PNXXL,2199.0,1,0,2199.0,12,https://cavaathleisure.com/products/blush-soft-knot-skorts
2026-09-24,Cava Athleisure,Blue Soft Knot Skorts,XS,WSK9617BLXS,2199.0,5,0,10995.0,36,https://cavaathleisure.com/products/blue-soft-knot-skorts
2026-09-24,Cava Athleisure,Blue Soft Knot Skorts,S,WSK9617BLS,2199.0,2,0,4398.0,43,https://cavaathleisure.com/products/blue-soft-knot-skorts
2026-09-24,Cava Athleisure,Blue Soft Knot Skorts,M,WSK9617BLM,2199.0,4,0,8796.0,15,https://cavaathleisure.com/products/blue-soft-knot-skorts
2026-09-24,Cava Athleisure,Blue Soft Knot Skorts,L,WSK9617BLL,2199.0,0,1,0.0,39,https://cavaathleisure.com/products/blue-soft-knot-skorts
2026-09-24,Cava Athleisure,Blue Soft Knot Skorts,XL,WSK9617BLXL,2199.0,2,0,4398.0,35,https://cavaathleisure.com/products/blue-soft-knot-skorts
2026-09-24,Cava Athleisure,Blue Soft Knot Skorts,XXL,WSK9617BLXXL,2199.0,1,0,2199.0,17,https://cavaathleisure.com/products/blue-soft-knot-skorts
2026-09-24,Cava Athleisure,Mint Soft Knot Skorts,XS,WSK9617GRXS,2199.0,3,0,6597.0,69,https://cavaathleisure.com/products/mint-soft-knot-skorts
2026-09-24,Cava Athleisure,Mint Soft Knot Skorts,S,WSK9617GRS,2199.0,5,0,10995.0,102,https://cavaathleisure.com/products/mint-soft-knot-skorts
2026-09-24,Cava Athleisure,Mint Soft Knot Skorts,M,WSK9617GRM,2199.0,2,0,4398.0,84,https://cavaathleisure.com/products/mint-soft-knot-skorts
2026-09-24,Cava Athleisure,Mint Soft Knot Skorts,L,WSK9617GRL,2199.0,3,0,6597.0,61,https://cavaathleisure.com/products/mint-soft-knot-skorts
2026-09-24,Cava Athleisure,Mint Soft Knot Skorts,XL,WSK9617GRXL,2199.0,1,0,2199.0,29,https://cavaathleisure.com/products/mint-soft-knot-skorts
2026-09-24,Cava Athleisure,Mint Soft Knot Skorts,XXL,WSK9617GRXXL,2199.0,2,0,4398.0,8,https://cavaathleisure.com/products/mint-soft-knot-skorts
2026-09-24,Cava Athleisure,Mint Lace Trim Halter Tank,XS,WTN9717GRXS,1699.0,4,0,6796.0,0,https://cavaathleisure.com/products/mint-lace-trim-halter
2026-09-24,Cava Athleisure,Mint Lace Trim Halter Tank,L,WTN9717GRL,1699.0,3,0,5097.0,161,https://cavaathleisure.com/products/mint-lace-trim-halter
2026-09-24,Cava Athleisure,Mint Lace Trim Halter Tank,XL,WTN9717GRXL,1699.0,1,0,1699.0,94,https://cavaathleisure.com/products/mint-lace-trim-halter
2026-09-24,Cava Athleisure,Mint Lace Trim Halter Tank,XXXL,WTN9717GRXXXL,1699.0,1,0,1699.0,9,https://cavaathleisure.com/products/mint-lace-trim-halter
2026-09-24,Cava Athleisure,Berry Polka Lace Trim Halter Tank,XS,WTN9717RDXS,1799.0,0,1,0.0,2,https://cavaathleisure.com/products/berry-polka-lace-trim-halter
2026-09-24,Cava Athleisure,Berry Polka Lace Trim Halter Tank,L,WTN9717RDL,1799.0,8,0,14392.0,55,https://cavaathleisure.com/products/berry-polka-lace-trim-halter
2026-09-24,Cava Athleisure,Berry Polka Lace Trim Halter Tank,XL,WTN9717RDXL,1799.0,0,2,0.0,89,https://cavaathleisure.com/products/berry-polka-lace-trim-halter
2026-09-24,Cava Athleisure,Berry Polka Lace Trim Halter Tank,XXL,WTN9717RDXXL,1799.0,2,0,3598.0,16,https://cavaathleisure.com/products/berry-polka-lace-trim-halter
2026-09-24,Cava Athleisure,Berry Polka Lace Trim Halter Tank,XXXL,WTN9717RDXXXL,1799.0,2,0,3598.0,9,https://cavaathleisure.com/products/berry-polka-lace-trim-halter
2026-09-24,Cava Athleisure,Blue Lace Trim Halter Tank,S,WTN9717BLS,1699.0,0,1,0.0,1,https://cavaathleisure.com/products/blue-lace-trim-halter
2026-09-24,Cava Athleisure,Blue Lace Trim Halter Tank,M,WTN9717BLM,1699.0,9,0,15291.0,15,https://cavaathleisure.com/products/blue-lace-trim-halter
2026-09-24,Cava Athleisure,Blue Lace Trim Halter Tank,L,WTN9717BLL,1699.0,5,0,8495.0,142,https://cavaathleisure.com/products/blue-lace-trim-halter
2026-09-24,Cava Athleisure,Blue Lace Trim Halter Tank,XL,WTN9717BLXL,1699.0,0,1,0.0,64,https://cavaathleisure.com/products/blue-lace-trim-halter
2026-09-24,Cava Athleisure,Blue Lace Trim Halter Tank,XXL,WTN9717BLXXL,1699.0,1,0,1699.0,13,https://cavaathleisure.com/products/blue-lace-trim-halter
2026-09-24,Cava Athleisure,Blush Lace Trim Halter Tank,M,WTN9717PNM,1699.0,10,0,16990.0,53,https://cavaathleisure.com/products/blush-lace-trim-halter
2026-09-24,Cava Athleisure,Blush Lace Trim Halter Tank,L,WTN9717PNL,1699.0,5,0,8495.0,185,https://cavaathleisure.com/products/blush-lace-trim-halter
2026-09-24,Cava Athleisure,Blush Lace Trim Halter Tank,XXL,WTN9717PNXXL,1699.0,2,0,3398.0,28,https://cavaathleisure.com/products/blush-lace-trim-halter
2026-09-24,Cava Athleisure,Blush Lace Trim Halter Tank,XXXL,WTN9717PNXXXL,1699.0,1,0,1699.0,35,https://cavaathleisure.com/products/blush-lace-trim-halter
2026-09-24,Cava Athleisure,Blush Bow Halter Top,L,WTN10017PNL,1599.0,6,0,9594.0,72,https://cavaathleisure.com/products/blush-bow-halter-top
2026-09-24,Cava Athleisure,Blush Bow Halter Top,XL,WTN10017PNXL,1599.0,3,0,4797.0,62,https://cavaathleisure.com/products/blush-bow-halter-top
2026-09-24,Cava Athleisure,Blush Bow Halter Top,XXL,WTN10017PNXXL,1599.0,1,0,1599.0,25,https://cavaathleisure.com/products/blush-bow-halter-top
2026-09-24,Cava Athleisure,Blush Bow Halter Top,XXXL,WTN10017PNXXXL,1599.0,1,0,1599.0,12,https://cavaathleisure.com/products/blush-bow-halter-top
2026-09-24,Cava Athleisure,Berry Bow Halter Top,XS,WTN10017RDXS,1599.0,0,1,0.0,2,https://cavaathleisure.com/products/berry-bow-halter-top
2026-09-24,Cava Athleisure,Berry Bow Halter Top,L,WTN10017RDL,1599.0,6,0,9594.0,163,https://cavaathleisure.com/products/berry-bow-halter-top
2026-09-24,Cava Athleisure,Berry Bow Halter Top,XL,WTN10017RDXL,1599.0,1,0,1599.0,83,https://cavaathleisure.com/products/berry-bow-halter-top
2026-09-24,Cava Athleisure,Berry Bow Halter Top,XXL,WTN10017RDXXL,1599.0,1,0,1599.0,33,https://cavaathleisure.com/products/berry-bow-halter-top
2026-09-24,Cava Athleisure,Berry Bow Halter Top,XXXL,WTN10017RDXXXL,1599.0,1,0,1599.0,14,https://cavaathleisure.com/products/berry-bow-halter-top
2026-09-24,Cava Athleisure,Blue Bow Halter Top,M,WTN10017BLM,1599.0,0,2,0.0,2,https://cavaathleisure.com/products/blue-bow-halter-top
2026-09-24,Cava Athleisure,Blue Bow Halter Top,L,WTN10017BLL,1599.0,1,0,1599.0,100,https://cavaathleisure.com/products/blue-bow-halter-top
2026-09-24,Cava Athleisure,Blue Bow Halter Top,XXL,WTN10017BLXXL,1599.0,1,0,1599.0,26,https://cavaathleisure.com/products/blue-bow-halter-top
2026-09-24,Cava Athleisure,Blue Bow Halter Top,XXXL,WTN10017BLXXXL,1599.0,1,0,1599.0,13,https://cavaathleisure.com/products/blue-bow-halter-top
2026-09-24,Cava Athleisure,Black Polka Bow Halter Top,S,WTN10017PBKS,1699.0,0,3,0.0,3,https://cavaathleisure.com/products/black-polka-bow-halter-top
2026-09-24,Cava Athleisure,Black Polka Bow Halter Top,L,WTN10017PBKL,1699.0,8,0,13592.0,112,https://cavaathleisure.com/products/black-polka-bow-halter-top
2026-09-24,Cava Athleisure,Black Polka Bow Halter Top,XL,WTN10017PBKXL,1699.0,1,0,1699.0,70,https://cavaathleisure.com/products/black-polka-bow-halter-top
2026-09-24,Cava Athleisure,Black Polka Bow Halter Top,XXL,WTN10017PBKXXL,1699.0,1,0,1699.0,27,https://cavaathleisure.com/products/black-polka-bow-halter-top
2026-09-24,Cava Athleisure,Free Gift Charm,Pink Pup Bag Charm,Cava-SoftServe-Charm-1,0.0,58,0,0.0,1017,https://cavaathleisure.com/products/free-gift-charm
2026-09-24,Cava Athleisure,Free Gift Charm,Polka Bow Bag Charm,Cava-SoftServe-Charm-2,0.0,16,0,0.0,1681,https://cavaathleisure.com/products/free-gift-charm
2026-09-24,Cava Athleisure,Free Gift Charm,Labrador Bag Charm,Cava-SoftServe-Charm-3,0.0,4,0,0.0,2571,https://cavaathleisure.com/products/free-gift-charm
2026-09-24,Cava Athleisure,Free Gift Charm,Tennis Ball Bag Charm,Cava-SoftServe-Charm-4,0.0,4,0,0.0,2585,https://cavaathleisure.com/products/free-gift-charm
2026-09-24,Cava Athleisure,Brown Hourglass Booty Shorts,XS,WSH0845BNXS,879.0,1,0,879.0,13,https://cavaathleisure.com/products/brown-hourglass-booty-shorts
2026-09-24,Cava Athleisure,Brown Hourglass Booty Shorts,S,WSH0845BNS,879.0,8,0,7032.0,37,https://cavaathleisure.com/products/brown-hourglass-booty-shorts
2026-09-24,Cava Athleisure,Light Grey Trailscape Tracks,34,MJR5410GYL,1429.0,7,0,10003.0,26,https://cavaathleisure.com/products/light-grey-trailscape-tracks
2026-09-24,Cava Athleisure,Light Grey Trailscape Tracks,36,MJR5410GYXL,1429.0,3,0,4287.0,58,https://cavaathleisure.com/products/light-grey-trailscape-tracks
2026-09-24,Cava Athleisure,Light Grey Trailscape Tracks,38,MJR5410GYXXL,1429.0,3,0,4287.0,41,https://cavaathleisure.com/products/light-grey-trailscape-tracks
2026-09-24,Cava Athleisure,Brown Trailscape Tracks,34,MJR5410BNL,1429.0,13,0,18577.0,14,https://cavaathleisure.com/products/brown-trailscape-tracks
2026-09-24,Cava Athleisure,Brown Trailscape Tracks,36,MJR5410BNXL,1429.0,6,0,8574.0,48,https://cavaathleisure.com/products/brown-trailscape-tracks
2026-09-24,Cava Athleisure,Brown Trailscape Tracks,38,MJR5410BNXXL,1429.0,2,0,2858.0,34,https://cavaathleisure.com/products/brown-trailscape-tracks
2026-09-24,Cava Athleisure,Navy Trailscape Tracks,34,MJR5410NYL,1429.0,1,0,1429.0,5,https://cavaathleisure.com/products/navy-trailscape-tracks
2026-09-24,Cava Athleisure,Navy Trailscape Tracks,36,MJR5410NYXL,1429.0,0,1,0.0,51,https://cavaathleisure.com/products/navy-trailscape-tracks
2026-09-24,Cava Athleisure,Black Trailscape Tracks,36,MJR5410BKXL,1429.0,0,1,0.0,5,https://cavaathleisure.com/products/black-trailscape-tracks
2026-09-24,Cava Athleisure,Mint Sculpt Crew Top,XS,WTP0218GRXS,899.0,3,0,2697.0,22,https://cavaathleisure.com/products/mint-sculpt-crew-top
2026-09-24,Cava Athleisure,Mint Sculpt Crew Top,S,WTP0218GRS,899.0,0,1,0.0,79,https://cavaathleisure.com/products/mint-sculpt-crew-top
2026-09-24,Cava Athleisure,Mint Sculpt Crew Top,M,WTP0218GRM,899.0,7,0,6293.0,26,https://cavaathleisure.com/products/mint-sculpt-crew-top
2026-09-24,Cava Athleisure,Mint Sculpt Crew Top,XL,WTP0218GRXL,899.0,0,1,0.0,1,https://cavaathleisure.com/products/mint-sculpt-crew-top
2026-09-24,Cava Athleisure,Coral Sculpt Crew Top,M,WTP0218ORM,899.0,2,0,1798.0,123,https://cavaathleisure.com/products/coral-sculpt-crew-top
2026-09-24,Cava Athleisure,Coral Sculpt Crew Top,L,WTP0218ORL,899.0,5,0,4495.0,28,https://cavaathleisure.com/products/coral-sculpt-crew-top
2026-09-24,Cava Athleisure,Coral Sculpt Crew Top,XL,WTP0218ORXL,899.0,4,0,3596.0,14,https://cavaathleisure.com/products/coral-sculpt-crew-top
2026-09-24,Cava Athleisure,Coral Sculpt Crew Top,XXL,WTP0218ORXXL,899.0,0,3,0.0,5,https://cavaathleisure.com/products/coral-sculpt-crew-top
2026-09-24,Cava Athleisure,Coral Sculpt Core Top,XS,WTP0118ORXS,799.0,2,0,1598.0,62,https://cavaathleisure.com/products/coral-sculpt-core-top
2026-09-24,Cava Athleisure,Coral Sculpt Core Top,S,WTP0118ORS,799.0,6,0,4794.0,6,https://cavaathleisure.com/products/coral-sculpt-core-top
2026-09-24,Cava Athleisure,Mint Sculpt Bootcut Leggings,S,WFP0118GRS,1299.0,1,0,1299.0,100,https://cavaathleisure.com/products/mint-sculpt-bootcut-leggings
2026-09-24,Cava Athleisure,Mint Sculpt Bootcut Leggings,M,WFP0118GRM,1299.0,2,0,2598.0,110,https://cavaathleisure.com/products/mint-sculpt-bootcut-leggings
2026-09-24,Cava Athleisure,Mint Sculpt Bootcut Leggings,L,WFP0118GRL,1299.0,2,0,2598.0,75,https://cavaathleisure.com/products/mint-sculpt-bootcut-leggings
2026-09-24,Cava Athleisure,Mint Sculpt Bootcut Leggings,L,WFP01T18GRL,1299.0,0,1,0.0,127,https://cavaathleisure.com/products/mint-sculpt-bootcut-leggings
2026-09-24,Cava Athleisure,Mint Sculpt Bootcut Leggings,XXL,WFP0118GRXXL,1299.0,3,0,3897.0,11,https://cavaathleisure.com/products/mint-sculpt-bootcut-leggings
2026-09-24,Cava Athleisure,Mint Sculpt Booty Shorts,S,WSH0418GRS,999.0,0,1,0.0,188,https://cavaathleisure.com/products/mint-sculpt-booty-shorts
2026-09-24,Cava Athleisure,Mint Sculpt Booty Shorts,M,WSH0418GRM,999.0,0,1,0.0,185,https://cavaathleisure.com/products/mint-sculpt-booty-shorts
2026-09-24,Cava Athleisure,Mint Sculpt Booty Shorts,L,WSH0418GRL,999.0,3,0,2997.0,63,https://cavaathleisure.com/products/mint-sculpt-booty-shorts
2026-09-24,Cava Athleisure,"Navy 5"" Double Layer Rift Shorts",38,MSH5310NYXXL,1209.0,2,0,2418.0,0,https://cavaathleisure.com/products/navy-5-double-layer-rift-shorts
2026-09-24,Cava Athleisure,Black Athletic Quarter-Zip,XXL,MTS5710BKXXL,1099.0,3,0,3297.0,47,https://cavaathleisure.com/products/black-athletic-quarter-zip
2026-09-24,Cava Athleisure,Pink Sculpt Crew Top,XS,WTP0218PNXS,899.0,3,0,2697.0,0,https://cavaathleisure.com/products/pink-sculpt-crew-top
2026-09-24,Cava Athleisure,Pink Sculpt Crew Top,S,WTP0218PNS,899.0,0,1,0.0,1,https://cavaathleisure.com/products/pink-sculpt-crew-top
2026-09-24,Cava Athleisure,Pink Sculpt Core Top,S,WTP0118PNS,799.0,1,0,799.0,0,https://cavaathleisure.com/products/pink-sculpt-core-top
2026-09-24,Cava Athleisure,Pink Sculpt Booty Shorts,S,WSH0418PNS,999.0,3,0,2997.0,150,https://cavaathleisure.com/products/pink-sculpt-booty-shorts
2026-09-24,Cava Athleisure,Pink Sculpt Booty Shorts,M,WSH0418PNM,999.0,0,2,0.0,160,https://cavaathleisure.com/products/pink-sculpt-booty-shorts
2026-09-24,Cava Athleisure,Pink Sculpt Booty Shorts,L,WSH0418PNL,999.0,3,0,2997.0,46,https://cavaathleisure.com/products/pink-sculpt-booty-shorts
2026-09-24,Cava Athleisure,Pink Sculpt Booty Shorts,XL,WSH0418PNXL,999.0,1,0,999.0,20,https://cavaathleisure.com/products/pink-sculpt-booty-shorts
2026-09-24,Cava Athleisure,Pink Sculpt Core Leggings,XS,WLG0218PNXS,1199.0,0,1,0.0,21,https://cavaathleisure.com/products/pink-sculpt-core-leggings
2026-09-24,Cava Athleisure,Pink Sculpt Core Leggings,S,WLG0218PNS,1199.0,5,0,5995.0,94,https://cavaathleisure.com/products/pink-sculpt-core-leggings
2026-09-24,Cava Athleisure,Pink Sculpt Core Leggings,M,WLG0218PNM,1199.0,5,0,5995.0,68,https://cavaathleisure.com/products/pink-sculpt-core-leggings
2026-09-24,Cava Athleisure,Pink Sculpt Core Leggings,L,WLG0218PNL,1199.0,2,0,2398.0,32,https://cavaathleisure.com/products/pink-sculpt-core-leggings
2026-09-24,Cava Athleisure,Pink Sculpt Core Leggings,XL,WLG0218PNXL,1199.0,3,0,3597.0,10,https://cavaathleisure.com/products/pink-sculpt-core-leggings
2026-09-24,Cava Athleisure,Pink Sculpt Bootcut Leggings,XS,WFP01T18PNXS,1299.0,4,0,5196.0,0,https://cavaathleisure.com/products/pink-sculpt-bootcut-leggings
2026-09-24,Cava Athleisure,Pink Sculpt Bootcut Leggings,S,WFP01T18PNS,1299.0,1,0,1299.0,0,https://cavaathleisure.com/products/pink-sculpt-bootcut-leggings
2026-09-24,Cava Athleisure,Pink Sculpt Bootcut Leggings,M,WFP01T18PNM,1299.0,0,2,0.0,2,https://cavaathleisure.com/products/pink-sculpt-bootcut-leggings
2026-09-24,Cava Athleisure,Pink Sculpt Bootcut Leggings,L,WFP0118PNL,1299.0,2,0,2598.0,30,https://cavaathleisure.com/products/pink-sculpt-bootcut-leggings
2026-09-24,Cava Athleisure,Pink Sculpt Bootcut Leggings,L,WFP01T18PNL,1299.0,2,0,2598.0,29,https://cavaathleisure.com/products/pink-sculpt-bootcut-leggings
2026-09-24,Cava Athleisure,Pink Sculpt Bootcut Leggings,XL,WFP0118PNXL,1299.0,1,0,1299.0,14,https://cavaathleisure.com/products/pink-sculpt-bootcut-leggings
2026-09-24,Cava Athleisure,Pink Sculpt Bootcut Leggings,XL,WFP01T18PNXL,1299.0,1,0,1299.0,78,https://cavaathleisure.com/products/pink-sculpt-bootcut-leggings
2026-09-24,Cava Athleisure,Cava Next Gen Card,Default Title,Cava-Next-Gen-Card,0.0,1034,0,0.0,9815,https://cavaathleisure.com/products/cava-next-gen-card
2026-09-24,Cava Athleisure,Wine Hyper Mesh Sports Bra,XS,WSB102RDXS,1154.0,5,0,5770.0,78,https://cavaathleisure.com/products/wine-hyper-mesh-sports-bra
2026-09-24,Cava Athleisure,Wine Hyper Mesh Sports Bra,S,WSB102RDS,1154.0,16,0,18464.0,250,https://cavaathleisure.com/products/wine-hyper-mesh-sports-bra
2026-09-24,Cava Athleisure,Wine Hyper Mesh Sports Bra,M,WSB102RDM,1154.0,36,0,41544.0,171,https://cavaathleisure.com/products/wine-hyper-mesh-sports-bra
2026-09-24,Cava Athleisure,Wine Hyper Mesh Sports Bra,L,WSB102RDL,1154.0,23,0,26542.0,102,https://cavaathleisure.com/products/wine-hyper-mesh-sports-bra
2026-09-24,Cava Athleisure,Wine Hyper Mesh Sports Bra,XL,WSB102RDXL,1154.0,12,0,13848.0,75,https://cavaathleisure.com/products/wine-hyper-mesh-sports-bra
2026-09-24,Cava Athleisure,Wine Hyper Mesh Sports Bra,XXL,WSB102RDXXL,1154.0,5,0,5770.0,26,https://cavaathleisure.com/products/wine-hyper-mesh-sports-bra
2026-09-24,Cava Athleisure,Cherry Next Gen Swirl Skorts,10-11Y,GSK11145RD10-11Y,1299.0,1,0,1299.0,190,https://cavaathleisure.com/products/cherry-next-gen-swirl-skorts
2026-09-24,Cava Athleisure,Pink Next Gen Swirl Skorts,12-13Y,GSK11145PN12-13Y,1299.0,0,1,0.0,195,https://cavaathleisure.com/products/pink-next-gen-swirl-skorts
2026-09-24,Cava Athleisure,Pink Next Gen Swirl Skorts,14+Y,GSK11145PN14-Y,1299.0,1,0,1299.0,107,https://cavaathleisure.com/products/pink-next-gen-swirl-skorts
2026-09-24,Cava Athleisure,Black Next Gen Swirl Skorts,10-11Y,GSK11145BK10-11Y,1299.0,0,3,0.0,195,https://cavaathleisure.com/products/black-next-gen-swirl-skorts
2026-09-24,Cava Athleisure,Black Next Gen Swirl Skorts,14+Y,GSK11145BK14-Y,1299.0,0,2,0.0,143,https://cavaathleisure.com/products/black-next-gen-swirl-skorts
2026-09-24,Cava Athleisure,Pink Next Gen Active Jacket,12-13Y,GJK11245PN12-13Y,1599.0,1,0,1599.0,1,https://cavaathleisure.com/products/blush-pink-next-gen-sculptor-jacket
2026-09-24,Cava Athleisure,Black Next Gen Active Jacket,12-13Y,GJK11245BK12-13Y,1599.0,1,0,1599.0,3,https://cavaathleisure.com/products/black-next-gen-sculptor-jacket
2026-09-24,Cava Athleisure,Black Next Gen Active Jacket,14+Y,GJK11245BK14-Y,1599.0,0,1,0.0,24,https://cavaathleisure.com/products/black-next-gen-sculptor-jacket
2026-09-24,Cava Athleisure,Cherry Hourglass Booty Shorts,S,WSH0818RDS,879.0,6,0,5274.0,0,https://cavaathleisure.com/products/cherry-hourglass-booty-shorts
2026-09-24,Cava Athleisure,Cherry Pleated Mini Dress,XS,WDR4918RDXS,1429.0,3,0,4287.0,51,https://cavaathleisure.com/products/cherry-pleated-mini-dress
2026-09-24,Cava Athleisure,Cherry Pleated Mini Dress,S,WDR4918RDS,1429.0,3,0,4287.0,74,https://cavaathleisure.com/products/cherry-pleated-mini-dress
2026-09-24,Cava Athleisure,Cherry Pleated Mini Dress,M,WDR4918RDM,1429.0,3,0,4287.0,26,https://cavaathleisure.com/products/cherry-pleated-mini-dress
2026-09-24,Cava Athleisure,Cherry Pleated Mini Dress,L,WDR4918RDL,1429.0,4,0,5716.0,5,https://cavaathleisure.com/products/cherry-pleated-mini-dress
2026-09-24,Cava Athleisure,Black Pleated Mini Dress,XS,WDR4918BKXS,1429.0,2,0,2858.0,59,https://cavaathleisure.com/products/black-pleated-mini-dress
2026-09-24,Cava Athleisure,Black Pleated Mini Dress,S,WDR4918BKS,1429.0,7,0,10003.0,65,https://cavaathleisure.com/products/black-pleated-mini-dress
2026-09-24,Cava Athleisure,Black Pleated Mini Dress,M,WDR4918BKM,1429.0,6,0,8574.0,50,https://cavaathleisure.com/products/black-pleated-mini-dress
2026-09-24,Cava Athleisure,Black Pleated Mini Dress,L,WDR4918BKL,1429.0,4,0,5716.0,10,https://cavaathleisure.com/products/black-pleated-mini-dress
2026-09-24,Cava Athleisure,Black Pleated Mini Dress,XL,WDR4918BKXL,1429.0,3,0,4287.0,1,https://cavaathleisure.com/products/black-pleated-mini-dress
2026-09-24,Cava Athleisure,Green Pleated Mini Dress,XS,WDR4918GRXS,1429.0,2,0,2858.0,55,https://cavaathleisure.com/products/green-pleated-mini-dress
2026-09-24,Cava Athleisure,Green Pleated Mini Dress,S,WDR4918GRS,1429.0,3,0,4287.0,96,https://cavaathleisure.com/products/green-pleated-mini-dress
2026-09-24,Cava Athleisure,Green Pleated Mini Dress,M,WDR4918GRM,1429.0,3,0,4287.0,70,https://cavaathleisure.com/products/green-pleated-mini-dress
2026-09-24,Cava Athleisure,Green Pleated Mini Dress,L,WDR4918GRL,1429.0,2,0,2858.0,21,https://cavaathleisure.com/products/green-pleated-mini-dress
2026-09-24,Cava Athleisure,Green Pleated Mini Dress,XL,WDR4918GRXL,1429.0,3,0,4287.0,16,https://cavaathleisure.com/products/green-pleated-mini-dress
2026-09-24,Cava Athleisure,Green Pleated Mini Dress,XXL,WDR4918GRXXL,1429.0,2,0,2858.0,0,https://cavaathleisure.com/products/green-pleated-mini-dress
2026-09-24,Cava Athleisure,Cherry Pintuck Flared Pants,XS,WFP5218RDXS,1044.0,2,0,2088.0,9,https://cavaathleisure.com/products/cherry-pintuck-flared-pants
2026-09-24,Cava Athleisure,Cherry Pintuck Flared Pants,S,WFP5218RDS,1044.0,2,0,2088.0,40,https://cavaathleisure.com/products/cherry-pintuck-flared-pants
2026-09-24,Cava Athleisure,Cherry Pintuck Flared Pants,M,WFP5218RDM,1044.0,8,0,8352.0,52,https://cavaathleisure.com/products/cherry-pintuck-flared-pants
2026-09-24,Cava Athleisure,Cherry Pintuck Flared Pants,L,WFP5218RDL,1044.0,6,0,6264.0,8,https://cavaathleisure.com/products/cherry-pintuck-flared-pants
2026-09-24,Cava Athleisure,Cherry Pintuck Flared Pants,XL,WFP5218RDXL,1044.0,1,0,1044.0,0,https://cavaathleisure.com/products/cherry-pintuck-flared-pants
2026-09-24,Cava Athleisure,Cherry Pintuck Flared Pants,XXL,WFP5218RDXXL,1044.0,1,0,1044.0,4,https://cavaathleisure.com/products/cherry-pintuck-flared-pants
2026-09-24,Cava Athleisure,Green Pintuck Flared Pants,XS,WFP5218GRXS,1044.0,2,0,2088.0,12,https://cavaathleisure.com/products/green-pintuck-flared-pants
2026-09-24,Cava Athleisure,Green Pintuck Flared Pants,S,WFP5218GRS,1044.0,4,0,4176.0,40,https://cavaathleisure.com/products/green-pintuck-flared-pants
2026-09-24,Cava Athleisure,Green Pintuck Flared Pants,M,WFP5218GRM,1044.0,1,0,1044.0,59,https://cavaathleisure.com/products/green-pintuck-flared-pants
2026-09-24,Cava Athleisure,Green Pintuck Flared Pants,L,WFP5218GRL,1044.0,4,0,4176.0,28,https://cavaathleisure.com/products/green-pintuck-flared-pants
2026-09-24,Cava Athleisure,Green Pintuck Flared Pants,XL,WFP5218GRXL,1044.0,8,0,8352.0,7,https://cavaathleisure.com/products/green-pintuck-flared-pants
2026-09-24,Cava Athleisure,Green Pintuck Flared Pants,XXL,WFP5218GRXXL,1044.0,2,0,2088.0,2,https://cavaathleisure.com/products/green-pintuck-flared-pants
2026-09-24,Cava Athleisure,Cherry Club Corset Top,M,WTP4818RDM,879.0,0,1,0.0,1,https://cavaathleisure.com/products/cherry-club-corset-top
2026-09-24,Cava Athleisure,Black Club Corset Top,XS,WTP4818BKXS,879.0,4,0,3516.0,1,https://cavaathleisure.com/products/black-club-corset-top
2026-09-24,Cava Athleisure,Black Club Corset Top,S,WTP4818BKS,879.0,5,0,4395.0,42,https://cavaathleisure.com/products/black-club-corset-top
2026-09-24,Cava Athleisure,Black Club Corset Top,M,WTP4818BKM,879.0,8,0,7032.0,29,https://cavaathleisure.com/products/black-club-corset-top
2026-09-24,Cava Athleisure,Green Club Corset Top,XS,WTP4818GRXS,879.0,2,0,1758.0,5,https://cavaathleisure.com/products/green-club-corset-top
2026-09-24,Cava Athleisure,Green Club Corset Top,S,WTP4818GRS,879.0,2,0,1758.0,68,https://cavaathleisure.com/products/green-club-corset-top
2026-09-24,Cava Athleisure,Green Club Corset Top,M,WTP4818GRM,879.0,6,0,5274.0,50,https://cavaathleisure.com/products/green-club-corset-top
2026-09-24,Cava Athleisure,Green Club Corset Top,L,WTP4818GRL,879.0,2,0,1758.0,28,https://cavaathleisure.com/products/green-club-corset-top
2026-09-24,Cava Athleisure,Lilac Hourglass Booty Shorts,S,WSH0845PUS,1099.0,0,1,0.0,3,https://cavaathleisure.com/products/lilac-hourglass-booty-shorts
2026-09-24,Cava Athleisure,Cherry Hourglass Snug Leggings,S,WLG1018RDS,934.0,7,0,6538.0,56,https://cavaathleisure.com/products/cherry-hourglass-snug-leggings
2026-09-24,Cava Athleisure,Cherry Hourglass Snug Leggings,M,WLG1018RDM,934.0,12,0,11208.0,50,https://cavaathleisure.com/products/cherry-hourglass-snug-leggings
2026-09-24,Cava Athleisure,Cherry Hourglass Snug Leggings,L,WLG1018RDL,934.0,14,0,13076.0,60,https://cavaathleisure.com/products/cherry-hourglass-snug-leggings
2026-09-24,Cava Athleisure,Cherry Hourglass Snug Leggings,XXL,WLG1018RDXXL,934.0,5,0,4670.0,22,https://cavaathleisure.com/products/cherry-hourglass-snug-leggings
2026-09-24,Cava Athleisure,Ruby Hourglass Booty Shorts,XS,WSH0845RDXS,1099.0,3,0,3297.0,6,https://cavaathleisure.com/products/ruby-hourglass-booty-shorts
2026-09-24,Cava Athleisure,Ruby Hourglass Booty Shorts,S,WSH0845RDS,1099.0,4,0,4396.0,44,https://cavaathleisure.com/products/ruby-hourglass-booty-shorts
2026-09-24,Cava Athleisure,Toasted ADPT™ Wrap Top,XS,WTP10245BNXS,824.0,11,0,9064.0,10,https://cavaathleisure.com/products/toasted-adpt-wrap-top
2026-09-24,Cava Athleisure,Toasted ADPT™ Wrap Top,S,WTP10245BNS,824.0,30,0,24720.0,58,https://cavaathleisure.com/products/toasted-adpt-wrap-top
2026-09-24,Cava Athleisure,Toasted ADPT™ Wrap Top,M,WTP10245BNM,824.0,24,0,19776.0,86,https://cavaathleisure.com/products/toasted-adpt-wrap-top
2026-09-24,Cava Athleisure,Toasted ADPT™ Wrap Top,L,WTP10245BNL,824.0,11,0,9064.0,32,https://cavaathleisure.com/products/toasted-adpt-wrap-top
2026-09-24,Cava Athleisure,Toasted ADPT™ Wrap Top,XL,WTP10245BNXL,824.0,3,0,2472.0,31,https://cavaathleisure.com/products/toasted-adpt-wrap-top
2026-09-24,Cava Athleisure,Cherry Hourglass Flared Leggings,XS,WFPACU0218RDXS,1209.0,4,0,4836.0,2,https://cavaathleisure.com/products/cherry-hourglass-flared-leggings
2026-09-24,Cava Athleisure,Cherry Hourglass Flared Leggings,S,WFPACU0418RDS,1209.0,12,0,14508.0,34,https://cavaathleisure.com/products/cherry-hourglass-flared-leggings
2026-09-24,Cava Athleisure,Cherry Hourglass Flared Leggings,M,WFPACU0418RDM,1209.0,18,0,21762.0,0,https://cavaathleisure.com/products/cherry-hourglass-flared-leggings
2026-09-24,Cava Athleisure,Cherry Hourglass Flared Leggings,L,WFPACU0418RDL,1209.0,8,0,9672.0,0,https://cavaathleisure.com/products/cherry-hourglass-flared-leggings
2026-09-24,Cava Athleisure,Cherry Hourglass Flared Leggings,XL,WFPACU0218RDXL,1209.0,20,0,24180.0,19,https://cavaathleisure.com/products/cherry-hourglass-flared-leggings
2026-09-24,Cava Athleisure,Cherry Hourglass Flared Leggings,XL,WFPACU0418RDXL,1209.0,10,0,12090.0,1,https://cavaathleisure.com/products/cherry-hourglass-flared-leggings
2026-09-24,Cava Athleisure,Cherry Hourglass Flared Leggings,XXL,WFPACU0118RDXXL,1209.0,6,0,7254.0,3,https://cavaathleisure.com/products/cherry-hourglass-flared-leggings
2026-09-24,Cava Athleisure,Cherry Hourglass Flared Leggings,XXL,WFPACU0418RDXXL,1209.0,11,0,13299.0,3,https://cavaathleisure.com/products/cherry-hourglass-flared-leggings
2026-09-24,Cava Athleisure,Lilac ADPT™ Wrap Top,XS,WTP10245PUXS,824.0,5,0,4120.0,49,https://cavaathleisure.com/products/lilac-adpt™-wrap-top
2026-09-24,Cava Athleisure,Lilac ADPT™ Wrap Top,S,WTP10245PUS,824.0,11,0,9064.0,134,https://cavaathleisure.com/products/lilac-adpt™-wrap-top
2026-09-24,Cava Athleisure,Lilac ADPT™ Wrap Top,M,WTP10245PUM,824.0,7,0,5768.0,88,https://cavaathleisure.com/products/lilac-adpt™-wrap-top
2026-09-24,Cava Athleisure,Lilac ADPT™ Wrap Top,L,WTP10245PUL,824.0,3,0,2472.0,3,https://cavaathleisure.com/products/lilac-adpt™-wrap-top
2026-09-24,Cava Athleisure,Lilac ADPT™ Wrap Top,XL,WTP10245PUXL,824.0,1,0,824.0,12,https://cavaathleisure.com/products/lilac-adpt™-wrap-top
2026-09-24,Cava Athleisure,Lilac ADPT™ Wrap Top,XXL,WTP10245PUXXL,824.0,2,0,1648.0,2,https://cavaathleisure.com/products/lilac-adpt™-wrap-top
2026-09-24,Cava Athleisure,Blush ADPT™ Wrap Top,S,WTP10245PNS,824.0,11,0,9064.0,88,https://cavaathleisure.com/products/blush-adpt-wrap-top
2026-09-24,Cava Athleisure,Blush ADPT™ Wrap Top,M,WTP10245PNM,824.0,6,0,4944.0,12,https://cavaathleisure.com/products/blush-adpt-wrap-top
2026-09-24,Cava Athleisure,Blush ADPT™ Wrap Top,XL,WTP10245PNXL,824.0,1,0,824.0,4,https://cavaathleisure.com/products/blush-adpt-wrap-top
2026-09-24,Cava Athleisure,Blush ADPT™ Wrap Top,XXL,WTP10245PNXXL,824.0,2,0,1648.0,6,https://cavaathleisure.com/products/blush-adpt-wrap-top
2026-09-24,Cava Athleisure,Ivory ADPT™ Wrap Top,S,WTP10245WHS,824.0,14,0,11536.0,43,https://cavaathleisure.com/products/ivory-adpt-wrap-top
2026-09-24,Cava Athleisure,Ivory ADPT™ Wrap Top,M,WTP10245WHM,824.0,5,0,4120.0,0,https://cavaathleisure.com/products/ivory-adpt-wrap-top
2026-09-24,Cava Athleisure,Ivory ADPT™ Wrap Top,XL,WTP10245WHXL,824.0,0,4,0.0,4,https://cavaathleisure.com/products/ivory-adpt-wrap-top
2026-09-24,Cava Athleisure,Ivory ADPT™ Wrap Top,XXL,WTP10245WHXXL,824.0,0,2,0.0,6,https://cavaathleisure.com/products/ivory-adpt-wrap-top
2026-09-24,Cava Athleisure,Navy Athletic Quarter-Zip,XL,MTS5710NYXL,1099.0,4,0,4396.0,4,https://cavaathleisure.com/products/navy-athletic-quarter-zip
2026-09-24,Cava Athleisure,Navy Athletic Quarter-Zip,XXL,MTS5710NYXXL,1099.0,1,0,1099.0,17,https://cavaathleisure.com/products/navy-athletic-quarter-zip
2026-09-24,Cava Athleisure,Ice Blue Athletic Quarter-Zip,XL,MTS5710BLXL,1099.0,1,0,1099.0,39,https://cavaathleisure.com/products/ice-blue-athletic-quarter-zip
2026-09-24,Cava Athleisure,Lilac Refine Crop Tank,XS,WTN10145PUXS,714.0,5,0,3570.0,16,https://cavaathleisure.com/products/lilac-refine-crop-tank
2026-09-24,Cava Athleisure,Lilac Refine Crop Tank,S,WTN10145PUS,714.0,8,0,5712.0,55,https://cavaathleisure.com/products/lilac-refine-crop-tank
2026-09-24,Cava Athleisure,Lilac Refine Crop Tank,M,WTN10145PUM,714.0,9,0,6426.0,85,https://cavaathleisure.com/products/lilac-refine-crop-tank
2026-09-24,Cava Athleisure,Lilac Refine Crop Tank,L,WTN10145PUL,714.0,5,0,3570.0,55,https://cavaathleisure.com/products/lilac-refine-crop-tank
2026-09-24,Cava Athleisure,Lilac Refine Crop Tank,XL,WTN10145PUXL,714.0,2,0,1428.0,22,https://cavaathleisure.com/products/lilac-refine-crop-tank
2026-09-24,Cava Athleisure,Lilac Refine Crop Tank,XXL,WTN10145PUXXL,714.0,1,0,714.0,3,https://cavaathleisure.com/products/lilac-refine-crop-tank
2026-09-24,Cava Athleisure,Steel Blue Refine Crop Tank,XS,WTN10145BLXS,714.0,1,0,714.0,4,https://cavaathleisure.com/products/steel-blue-refine-crop-tank
2026-09-24,Cava Athleisure,Steel Blue Refine Crop Tank,S,WTN10145BLS,714.0,10,0,7140.0,26,https://cavaathleisure.com/products/steel-blue-refine-crop-tank
2026-09-24,Cava Athleisure,Steel Blue Refine Crop Tank,M,WTN10145BLM,714.0,7,0,4998.0,38,https://cavaathleisure.com/products/steel-blue-refine-crop-tank
2026-09-24,Cava Athleisure,Steel Blue Refine Crop Tank,L,WTN10145BLL,714.0,4,0,2856.0,21,https://cavaathleisure.com/products/steel-blue-refine-crop-tank
2026-09-24,Cava Athleisure,Steel Blue Refine Crop Tank,XL,WTN10145BLXL,714.0,3,0,2142.0,21,https://cavaathleisure.com/products/steel-blue-refine-crop-tank
2026-09-24,Cava Athleisure,Steel Blue Refine Crop Tank,XXL,WTN10145BLXXL,714.0,2,0,1428.0,10,https://cavaathleisure.com/products/steel-blue-refine-crop-tank
2026-09-24,Cava Athleisure,Ruby Refine Crop Tank,S,WTN10145RDS,714.0,2,0,1428.0,1,https://cavaathleisure.com/products/ruby-refine-crop-tank
2026-09-24,Cava Athleisure,Ruby Refine Crop Tank,M,WTN10145RDM,714.0,0,1,0.0,12,https://cavaathleisure.com/products/ruby-refine-crop-tank
2026-09-24,Cava Athleisure,Ruby Refine Crop Tank,L,WTN10145RDL,714.0,4,0,2856.0,17,https://cavaathleisure.com/products/ruby-refine-crop-tank
2026-09-24,Cava Athleisure,Ruby Refine Crop Tank,XL,WTN10145RDXL,714.0,2,0,1428.0,14,https://cavaathleisure.com/products/ruby-refine-crop-tank
2026-09-24,Cava Athleisure,Ruby Refine Crop Tank,XXL,WTN10145RDXXL,714.0,0,1,0.0,4,https://cavaathleisure.com/products/ruby-refine-crop-tank
2026-09-24,Cava Athleisure,Ivory Hourglass Flared Leggings,XS,WFPACU0145WHXS,1209.0,4,0,4836.0,6,https://cavaathleisure.com/products/ivory-hourglass-flared-leggings
2026-09-24,Cava Athleisure,Ivory Hourglass Flared Leggings,XS,WFPACU0245WHXS,1209.0,0,1,0.0,1,https://cavaathleisure.com/products/ivory-hourglass-flared-leggings
2026-09-24,Cava Athleisure,Ivory Hourglass Flared Leggings,XS,WFPACU0445WHXS,1209.0,0,1,0.0,63,https://cavaathleisure.com/products/ivory-hourglass-flared-leggings
2026-09-24,Cava Athleisure,Ivory Hourglass Flared Leggings,S,WFPACU0245WHS,1209.0,1,0,1209.0,6,https://cavaathleisure.com/products/ivory-hourglass-flared-leggings
2026-09-24,Cava Athleisure,Ivory Hourglass Flared Leggings,S,WFPACU0445WHS,1209.0,0,2,0.0,24,https://cavaathleisure.com/products/ivory-hourglass-flared-leggings
2026-09-24,Cava Athleisure,Ivory Hourglass Flared Leggings,M,WFPACU0145WHM,1209.0,9,0,10881.0,59,https://cavaathleisure.com/products/ivory-hourglass-flared-leggings
2026-09-24,Cava Athleisure,Ivory Hourglass Flared Leggings,M,WFPACU0245WHM,1209.0,5,0,6045.0,47,https://cavaathleisure.com/products/ivory-hourglass-flared-leggings
2026-09-24,Cava Athleisure,Ivory Hourglass Flared Leggings,L,WFPACU0145WHL,1209.0,5,0,6045.0,68,https://cavaathleisure.com/products/ivory-hourglass-flared-leggings
2026-09-24,Cava Athleisure,Ivory Hourglass Flared Leggings,L,WFPACU0245WHL,1209.0,5,0,6045.0,115,https://cavaathleisure.com/products/ivory-hourglass-flared-leggings
2026-09-24,Cava Athleisure,Ivory Hourglass Flared Leggings,L,WFPACU0445WHL,1209.0,2,0,2418.0,4,https://cavaathleisure.com/products/ivory-hourglass-flared-leggings
2026-09-24,Cava Athleisure,Ivory Hourglass Flared Leggings,XL,WFPACU0245WHXL,1209.0,1,0,1209.0,0,https://cavaathleisure.com/products/ivory-hourglass-flared-leggings
2026-09-24,Cava Athleisure,Ivory Hourglass Flared Leggings,XL,WFPACU0445WHXL,1209.0,4,0,4836.0,54,https://cavaathleisure.com/products/ivory-hourglass-flared-leggings
2026-09-24,Cava Athleisure,Ivory Hourglass Flared Leggings,XXL,WFPACU0145WHXXL,1209.0,2,0,2418.0,28,https://cavaathleisure.com/products/ivory-hourglass-flared-leggings
2026-09-24,Cava Athleisure,Ivory Hourglass Flared Leggings,XXL,WFPACU0245WHXXL,1209.0,1,0,1209.0,83,https://cavaathleisure.com/products/ivory-hourglass-flared-leggings
2026-09-24,Cava Athleisure,Ivory Hourglass Flared Leggings,XXL,WFPACU0445WHXXL,1209.0,2,0,2418.0,44,https://cavaathleisure.com/products/ivory-hourglass-flared-leggings
2026-09-24,Cava Athleisure,Navy Contrast Techpique Sleeveless Polo,XS,WTPCS0410NYXS,1359.0,1,0,1359.0,7,https://cavaathleisure.com/products/navy-contrast-techpique-sleeveless-polo
2026-09-24,Cava Athleisure,Navy Contrast Techpique Sleeveless Polo,S,WTPCS0410NYS,1359.0,7,0,9513.0,34,https://cavaathleisure.com/products/navy-contrast-techpique-sleeveless-polo
2026-09-24,Cava Athleisure,Navy Contrast Techpique Sleeveless Polo,XL,WTPCS0410NYXL,1359.0,5,0,6795.0,16,https://cavaathleisure.com/products/navy-contrast-techpique-sleeveless-polo
2026-09-24,Cava Athleisure,Navy Contrast Techpique Sleeveless Polo,XXL,WTPCS0410NYXXL,1359.0,2,0,2718.0,10,https://cavaathleisure.com/products/navy-contrast-techpique-sleeveless-polo
2026-09-24,Cava Athleisure,Ivory Contrast Techpique Sleeveless Polo,XS,WTPCS0410WHXS,1359.0,2,0,2718.0,36,https://cavaathleisure.com/products/ivory-contrast-techpique-sleeveless-polo
2026-09-24,Cava Athleisure,Ivory Contrast Techpique Sleeveless Polo,S,WTPCS0410WHS,1359.0,6,0,8154.0,90,https://cavaathleisure.com/products/ivory-contrast-techpique-sleeveless-polo
2026-09-24,Cava Athleisure,Ivory Contrast Techpique Sleeveless Polo,M,WTPCS0410WHM,1359.0,4,0,5436.0,63,https://cavaathleisure.com/products/ivory-contrast-techpique-sleeveless-polo
2026-09-24,Cava Athleisure,Ivory Contrast Techpique Sleeveless Polo,L,WTPCS0410WHL,1359.0,4,0,5436.0,12,https://cavaathleisure.com/products/ivory-contrast-techpique-sleeveless-polo
2026-09-24,Cava Athleisure,Ivory Contrast Techpique Sleeveless Polo,XL,WTPCS0410WHXL,1359.0,3,0,4077.0,35,https://cavaathleisure.com/products/ivory-contrast-techpique-sleeveless-polo
2026-09-24,Cava Athleisure,Ivory Contrast Techpique Sleeveless Polo,XXL,WTPCS0410WHXXL,1359.0,3,0,4077.0,28,https://cavaathleisure.com/products/ivory-contrast-techpique-sleeveless-polo
2026-09-24,Cava Athleisure,Green Contour Jacket,XS,WJK4718GRXS,1319.0,5,0,6595.0,26,https://cavaathleisure.com/products/green-contour-jacket
2026-09-24,Cava Athleisure,Green Contour Jacket,S,WJK4718GRS,1319.0,10,0,13190.0,89,https://cavaathleisure.com/products/green-contour-jacket
2026-09-24,Cava Athleisure,Green Contour Jacket,M,WJK4718GRM,1319.0,9,0,11871.0,106,https://cavaathleisure.com/products/green-contour-jacket
2026-09-24,Cava Athleisure,Green Contour Jacket,L,WJK4718GRL,1319.0,7,0,9233.0,49,https://cavaathleisure.com/products/green-contour-jacket
2026-09-24,Cava Athleisure,Green Contour Jacket,XL,WJK4718GRXL,1319.0,5,0,6595.0,12,https://cavaathleisure.com/products/green-contour-jacket
2026-09-24,Cava Athleisure,Green Contour Jacket,XXL,WJK4718GRXXL,1319.0,1,0,1319.0,0,https://cavaathleisure.com/products/green-contour-jacket
2026-09-24,Cava Athleisure,Ivory Refine Crop Tank,XS,WTN10145WHXS,714.0,5,0,3570.0,14,https://cavaathleisure.com/products/ivory-refine-crop-tank
2026-09-24,Cava Athleisure,Ivory Refine Crop Tank,S,WTN10145WHS,714.0,7,0,4998.0,31,https://cavaathleisure.com/products/ivory-refine-crop-tank
2026-09-24,Cava Athleisure,Ivory Refine Crop Tank,M,WTN10145WHM,714.0,11,0,7854.0,44,https://cavaathleisure.com/products/ivory-refine-crop-tank
2026-09-24,Cava Athleisure,Ivory Refine Crop Tank,L,WTN10145WHL,714.0,4,0,2856.0,57,https://cavaathleisure.com/products/ivory-refine-crop-tank
2026-09-24,Cava Athleisure,Ivory Refine Crop Tank,XL,WTN10145WHXL,714.0,3,0,2142.0,21,https://cavaathleisure.com/products/ivory-refine-crop-tank
2026-09-24,Cava Athleisure,Brown Refine Crop Tank,M,WTN10145BNM,714.0,0,2,0.0,2,https://cavaathleisure.com/products/brown-refine-crop-tank
2026-09-24,Cava Athleisure,Brown Refine Crop Tank,L,WTN10145BNL,714.0,1,0,714.0,0,https://cavaathleisure.com/products/brown-refine-crop-tank
2026-09-24,Cava Athleisure,Brown Refine Crop Tank,XL,WTN10145BNXL,714.0,1,0,714.0,3,https://cavaathleisure.com/products/brown-refine-crop-tank
2026-09-24,Cava Athleisure,Ice Blue Contour Jacket,XS,WJK4718BLXS,1319.0,8,0,10552.0,0,https://cavaathleisure.com/products/ice-blue-contour-jacket
2026-09-24,Cava Athleisure,Ice Blue Contour Jacket,S,WJK4718BLS,1319.0,6,0,7914.0,48,https://cavaathleisure.com/products/ice-blue-contour-jacket
2026-09-24,Cava Athleisure,Ice Blue Contour Jacket,M,WJK4718BLM,1319.0,14,0,18466.0,17,https://cavaathleisure.com/products/ice-blue-contour-jacket
2026-09-24,Cava Athleisure,Brown Trailscape Jacket,S,MJK5610BNS,1979.0,7,0,13853.0,30,https://cavaathleisure.com/products/brown-trailscape-jacket
2026-09-24,Cava Athleisure,Brown Trailscape Jacket,M,MJK5610BNM,1979.0,6,0,11874.0,49,https://cavaathleisure.com/products/brown-trailscape-jacket
2026-09-24,Cava Athleisure,Brown Trailscape Jacket,L,MJK5610BNL,1979.0,4,0,7916.0,60,https://cavaathleisure.com/products/brown-trailscape-jacket
2026-09-24,Cava Athleisure,Brown Trailscape Jacket,XL,MJK5610BNXL,1979.0,4,0,7916.0,68,https://cavaathleisure.com/products/brown-trailscape-jacket
2026-09-24,Cava Athleisure,Brown Trailscape Jacket,XXL,MJK5610BNXXL,1979.0,4,0,7916.0,38,https://cavaathleisure.com/products/brown-trailscape-jacket
2026-09-24,Cava Athleisure,Light Grey Trailscape Jacket,S,MJK5610GYS,1979.0,6,0,11874.0,17,https://cavaathleisure.com/products/light-grey-trailscape-jacket
2026-09-24,Cava Athleisure,Light Grey Trailscape Jacket,M,MJK5610GYM,1979.0,2,0,3958.0,10,https://cavaathleisure.com/products/light-grey-trailscape-jacket
2026-09-24,Cava Athleisure,Light Grey Trailscape Jacket,L,MJK5610GYL,1979.0,5,0,9895.0,43,https://cavaathleisure.com/products/light-grey-trailscape-jacket
2026-09-24,Cava Athleisure,Light Grey Trailscape Jacket,XL,MJK5610GYXL,1979.0,5,0,9895.0,63,https://cavaathleisure.com/products/light-grey-trailscape-jacket
2026-09-24,Cava Athleisure,Light Grey Trailscape Jacket,XXL,MJK5610GYXXL,1979.0,3,0,5937.0,39,https://cavaathleisure.com/products/light-grey-trailscape-jacket
2026-09-24,Cava Athleisure,Navy Trailscape Jacket,S,MJK5610NYS,1979.0,5,0,9895.0,39,https://cavaathleisure.com/products/navy-trailscape-jacket
2026-09-24,Cava Athleisure,Navy Trailscape Jacket,M,MJK5610NYM,1979.0,5,0,9895.0,55,https://cavaathleisure.com/products/navy-trailscape-jacket
2026-09-24,Cava Athleisure,Navy Trailscape Jacket,L,MJK5610NYL,1979.0,5,0,9895.0,63,https://cavaathleisure.com/products/navy-trailscape-jacket
2026-09-24,Cava Athleisure,Navy Trailscape Jacket,XL,MJK5610NYXL,1979.0,3,0,5937.0,66,https://cavaathleisure.com/products/navy-trailscape-jacket
2026-09-24,Cava Athleisure,Navy Trailscape Jacket,XXL,MJK5610NYXXL,1979.0,2,0,3958.0,48,https://cavaathleisure.com/products/navy-trailscape-jacket
2026-09-24,Cava Athleisure,Light Grey Athletic Quarter-Zip,XL,MTS5710GYXL,1099.0,2,0,2198.0,4,https://cavaathleisure.com/products/light-grey-athletic-quarter-zip
2026-09-24,Cava Athleisure,White Velocity Training Tee,XXL,MTS5518WHXXL,879.0,2,0,1758.0,11,https://cavaathleisure.com/products/white-velocity-training-tee
2026-09-24,Cava Athleisure,Ice Blue Velocity Training Tee,XXL,MTS5518BLXXL,879.0,3,0,2637.0,18,https://cavaathleisure.com/products/ice-blue-velocity-training-tee
2026-09-24,Cava Athleisure,Black Trailscape Jacket,S,MJK5610BKS,1979.0,7,0,13853.0,36,https://cavaathleisure.com/products/trailscape-jacketblack-trailscape-jacket
2026-09-24,Cava Athleisure,Black Trailscape Jacket,M,MJK5610BKM,1979.0,8,0,15832.0,54,https://cavaathleisure.com/products/trailscape-jacketblack-trailscape-jacket
2026-09-24,Cava Athleisure,Black Trailscape Jacket,L,MJK5610BKL,1979.0,5,0,9895.0,53,https://cavaathleisure.com/products/trailscape-jacketblack-trailscape-jacket
2026-09-24,Cava Athleisure,Black Trailscape Jacket,XL,MJK5610BKXL,1979.0,2,0,3958.0,69,https://cavaathleisure.com/products/trailscape-jacketblack-trailscape-jacket
2026-09-24,Cava Athleisure,Black Trailscape Jacket,XXL,MJK5610BKXXL,1979.0,3,0,5937.0,49,https://cavaathleisure.com/products/trailscape-jacketblack-trailscape-jacket
2026-09-24,Cava Athleisure,Black Velocity Training Tee,XXL,MTS5518BKXXL,879.0,1,0,879.0,0,https://cavaathleisure.com/products/black-velocity-training-tee
2026-09-24,Cava Athleisure,Lilac Hyper Mesh Sports Bra,XS,WSB021PUXS,1154.0,4,0,4616.0,48,https://cavaathleisure.com/products/lilac-hyper-mesh-sports-bra
2026-09-24,Cava Athleisure,Lilac Hyper Mesh Sports Bra,S,WSB021PUS,1154.0,9,0,10386.0,72,https://cavaathleisure.com/products/lilac-hyper-mesh-sports-bra
2026-09-24,Cava Athleisure,Lilac Hyper Mesh Sports Bra,L,WSB021PUL,1154.0,0,1,0.0,1,https://cavaathleisure.com/products/lilac-hyper-mesh-sports-bra
2026-09-24,Cava Athleisure,Lilac Hyper Mesh Sports Bra,XL,WSB021PUXL,1154.0,0,1,0.0,1,https://cavaathleisure.com/products/lilac-hyper-mesh-sports-bra
2026-09-24,Cava Athleisure,Lilac Hyper Mesh Sports Bra,XXL,WSB021PUXXL,1154.0,1,0,1154.0,0,https://cavaathleisure.com/products/lilac-hyper-mesh-sports-bra
2026-09-24,Cava Athleisure,Red Pulse Seamless Tee,S,MTSCS12117RDS,824.0,4,0,3296.0,19,https://cavaathleisure.com/products/red-pulse-seamless-tee
2026-09-24,Cava Athleisure,Red Pulse Seamless Tee,XL,MTSCS12117RDXL,824.0,6,0,4944.0,61,https://cavaathleisure.com/products/red-pulse-seamless-tee
2026-09-24,Cava Athleisure,Red Pulse Seamless Tee,XXL,MTSCS12117RDXXL,824.0,6,0,4944.0,35,https://cavaathleisure.com/products/red-pulse-seamless-tee
2026-09-24,Cava Athleisure,Plum Cotton Recovery Jacket,XS,WJK3616PUXS,1264.0,2,0,2528.0,6,https://cavaathleisure.com/products/plum-cotton-recovery-jacket
2026-09-24,Cava Athleisure,Plum Cotton Recovery Jacket,S,WJK3616PUS,1264.0,0,1,0.0,1,https://cavaathleisure.com/products/plum-cotton-recovery-jacket
2026-09-24,Cava Athleisure,Plum Cotton Recovery Jacket,M,WJK3616PUM,1264.0,0,3,0.0,3,https://cavaathleisure.com/products/plum-cotton-recovery-jacket
2026-09-24,Cava Athleisure,Navy Ripple Swim Skorts,S,WSWSK3414NYS,1484.0,1,0,1484.0,12,https://cavaathleisure.com/products/navy-ripple-swim-skorts
2026-09-24,Cava Athleisure,Cherry Ripple Swim Skorts,XS,WSWSK3414RDXS,1484.0,7,0,10388.0,96,https://cavaathleisure.com/products/cherry-ripple-swim-skorts
2026-09-24,Cava Athleisure,Cherry Ripple Swim Skorts,S,WSWSK3414RDS,1484.0,20,0,29680.0,177,https://cavaathleisure.com/products/cherry-ripple-swim-skorts
2026-09-24,Cava Athleisure,Cherry Ripple Swim Skorts,M,WSWSK3414RDM,1484.0,27,0,40068.0,211,https://cavaathleisure.com/products/cherry-ripple-swim-skorts
2026-09-24,Cava Athleisure,Cherry Ripple Swim Skorts,L,WSWSK3414RDL,1484.0,23,0,34132.0,158,https://cavaathleisure.com/products/cherry-ripple-swim-skorts
2026-09-24,Cava Athleisure,Cherry Ripple Swim Skorts,XL,WSWSK3414RDXL,1484.0,8,0,11872.0,39,https://cavaathleisure.com/products/cherry-ripple-swim-skorts
2026-09-24,Cava Athleisure,Cherry Ripple Swim Skorts,XXL,WSWSK3414RDXXL,1484.0,9,0,13356.0,34,https://cavaathleisure.com/products/cherry-ripple-swim-skorts
2026-09-24,Cava Athleisure,Black Ripple Swim Skorts,XS,WSWSK3414BKXS,1484.0,5,0,7420.0,85,https://cavaathleisure.com/products/black-ripple-swim-skorts
2026-09-24,Cava Athleisure,Black Ripple Swim Skorts,S,WSWSK3414BKS,1484.0,11,0,16324.0,112,https://cavaathleisure.com/products/black-ripple-swim-skorts
2026-09-24,Cava Athleisure,Black Ripple Swim Skorts,M,WSWSK3414BKM,1484.0,13,0,19292.0,196,https://cavaathleisure.com/products/black-ripple-swim-skorts
2026-09-24,Cava Athleisure,Black Ripple Swim Skorts,L,WSWSK3414BKL,1484.0,10,0,14840.0,210,https://cavaathleisure.com/products/black-ripple-swim-skorts
2026-09-24,Cava Athleisure,Black Ripple Swim Skorts,XL,WSWSK3414BKXL,1484.0,7,0,10388.0,84,https://cavaathleisure.com/products/black-ripple-swim-skorts
2026-09-24,Cava Athleisure,Black Ripple Swim Skorts,XXL,WSWSK3414BKXXL,1484.0,3,0,4452.0,23,https://cavaathleisure.com/products/black-ripple-swim-skorts
2026-09-24,Cava Athleisure,Cherry Tieback Swim Top,XS,WSWTP3314RDXS,1484.0,17,0,25228.0,31,https://cavaathleisure.com/products/cherry-tieback-swim-top
2026-09-24,Cava Athleisure,Cherry Tieback Swim Top,S,WSWTP3314RDS,1484.0,31,0,46004.0,159,https://cavaathleisure.com/products/cherry-tieback-swim-top
2026-09-24,Cava Athleisure,Cherry Tieback Swim Top,M,WSWTP3314RDM,1484.0,34,0,50456.0,182,https://cavaathleisure.com/products/cherry-tieback-swim-top
2026-09-24,Cava Athleisure,Cherry Tieback Swim Top,L,WSWTP3314RDL,1484.0,27,0,40068.0,113,https://cavaathleisure.com/products/cherry-tieback-swim-top
2026-09-24,Cava Athleisure,Cherry Tieback Swim Top,XL,WSWTP3314RDXL,1484.0,13,0,19292.0,43,https://cavaathleisure.com/products/cherry-tieback-swim-top
2026-09-24,Cava Athleisure,Cherry Tieback Swim Top,XXL,WSWTP3314RDXXL,1484.0,6,0,8904.0,34,https://cavaathleisure.com/products/cherry-tieback-swim-top
2026-09-24,Cava Athleisure,Black Tieback Swim Top,XS,WSWTP3314BKXS,1484.0,8,0,11872.0,107,https://cavaathleisure.com/products/black-tieback-swim-top
2026-09-24,Cava Athleisure,Black Tieback Swim Top,S,WSWTP3314BKS,1484.0,12,0,17808.0,145,https://cavaathleisure.com/products/black-tieback-swim-top
2026-09-24,Cava Athleisure,Black Tieback Swim Top,M,WSWTP3314BKM,1484.0,20,0,29680.0,180,https://cavaathleisure.com/products/black-tieback-swim-top
2026-09-24,Cava Athleisure,Black Tieback Swim Top,L,WSWTP3314BKL,1484.0,14,0,20776.0,134,https://cavaathleisure.com/products/black-tieback-swim-top
2026-09-24,Cava Athleisure,Black Tieback Swim Top,XL,WSWTP3314BKXL,1484.0,7,0,10388.0,65,https://cavaathleisure.com/products/black-tieback-swim-top
2026-09-24,Cava Athleisure,Black Tieback Swim Top,XXL,WSWTP3314BKXXL,1484.0,4,0,5936.0,40,https://cavaathleisure.com/products/black-tieback-swim-top
2026-09-24,Cava Athleisure,Black Cava Essential Tote,Free Size,WAC6014BK,1699.0,15,0,25485.0,51,https://cavaathleisure.com/products/black-cava-essential-tote
2026-09-24,Cava Athleisure,Sage Green Cava Essential Tote,Free Size,WAC5814GR,1717.0,0,1,0.0,1,https://cavaathleisure.com/products/sage-green-cava-essential-tote
2026-09-24,Cava Athleisure,Ivory Cava Essential Tote,Free Size,WAC5914WH,1699.0,12,0,20388.0,80,https://cavaathleisure.com/products/ivory-cava-essential-tote
2026-09-24,Cava Athleisure,Steel Blue Hourglass Flared Leggings,XS,WFPACU0145BLXS,1209.0,3,0,3627.0,78,https://cavaathleisure.com/products/steel-blue-hourglass-flared-leggings
2026-09-24,Cava Athleisure,Steel Blue Hourglass Flared Leggings,XS,WFPACU0245BLXS,1209.0,1,0,1209.0,1,https://cavaathleisure.com/products/steel-blue-hourglass-flared-leggings
2026-09-24,Cava Athleisure,Steel Blue Hourglass Flared Leggings,XS,WFPACU0445BLXS,1209.0,1,0,1209.0,31,https://cavaathleisure.com/products/steel-blue-hourglass-flared-leggings
2026-09-24,Cava Athleisure,Steel Blue Hourglass Flared Leggings,S,WFPACU0145BLS,1209.0,17,0,20553.0,146,https://cavaathleisure.com/products/steel-blue-hourglass-flared-leggings
2026-09-24,Cava Athleisure,Steel Blue Hourglass Flared Leggings,S,WFPACU0445BLS,1209.0,1,0,1209.0,0,https://cavaathleisure.com/products/steel-blue-hourglass-flared-leggings
2026-09-24,Cava Athleisure,Steel Blue Hourglass Flared Leggings,M,WFPACU0145BLM,1209.0,35,0,42315.0,104,https://cavaathleisure.com/products/steel-blue-hourglass-flared-leggings
2026-09-24,Cava Athleisure,Steel Blue Hourglass Flared Leggings,M,WFPACU0445BLM,1209.0,15,0,18135.0,34,https://cavaathleisure.com/products/steel-blue-hourglass-flared-leggings
2026-09-24,Cava Athleisure,Steel Blue Hourglass Flared Leggings,L,WFPACU0145BLL,1209.0,18,0,21762.0,231,https://cavaathleisure.com/products/steel-blue-hourglass-flared-leggings
2026-09-24,Cava Athleisure,Steel Blue Hourglass Flared Leggings,L,WFPACU0445BLL,1209.0,6,0,7254.0,9,https://cavaathleisure.com/products/steel-blue-hourglass-flared-leggings
2026-09-24,Cava Athleisure,Steel Blue Hourglass Flared Leggings,XL,WFPACU0145BLXL,1209.0,8,0,9672.0,97,https://cavaathleisure.com/products/steel-blue-hourglass-flared-leggings
2026-09-24,Cava Athleisure,Steel Blue Hourglass Flared Leggings,XL,WFPACU0245BLXL,1209.0,8,0,9672.0,23,https://cavaathleisure.com/products/steel-blue-hourglass-flared-leggings
2026-09-24,Cava Athleisure,Steel Blue Hourglass Flared Leggings,XL,WFPACU0445BLXL,1209.0,5,0,6045.0,40,https://cavaathleisure.com/products/steel-blue-hourglass-flared-leggings
2026-09-24,Cava Athleisure,Steel Blue Hourglass Flared Leggings,XXL,WFPACU0245BLXXL,1209.0,0,1,0.0,1,https://cavaathleisure.com/products/steel-blue-hourglass-flared-leggings
2026-09-24,Cava Athleisure,Cherry Plie Pleated Skort,XS,WSKCS0610RDXS,1209.0,8,0,9672.0,245,https://cavaathleisure.com/products/cherry-plie-pleated-skort
2026-09-24,Cava Athleisure,Cherry Plie Pleated Skort,S,WSKCS0610RDS,1209.0,11,0,13299.0,122,https://cavaathleisure.com/products/cherry-plie-pleated-skort
2026-09-24,Cava Athleisure,Cherry Plie Pleated Skort,XL,WSKCS0610RDXL,1209.0,4,0,4836.0,14,https://cavaathleisure.com/products/cherry-plie-pleated-skort
2026-09-24,Cava Athleisure,Wine Hourglass Booty Shorts,XS,WSH0845WRDXS,879.0,5,0,4395.0,72,https://cavaathleisure.com/products/wine-hourglass-booty-shorts
2026-09-24,Cava Athleisure,Wine Hourglass Booty Shorts,S,WSH0845WRDS,879.0,13,0,11427.0,378,https://cavaathleisure.com/products/wine-hourglass-booty-shorts
2026-09-24,Cava Athleisure,Wine Hourglass Booty Shorts,M,WSH0845WRDM,879.0,21,0,18459.0,122,https://cavaathleisure.com/products/wine-hourglass-booty-shorts
2026-09-24,Cava Athleisure,Wine Hourglass Booty Shorts,L,WSH0845WRDL,879.0,9,0,7911.0,36,https://cavaathleisure.com/products/wine-hourglass-booty-shorts
2026-09-24,Cava Athleisure,Wine Hourglass Booty Shorts,XL,WSH0845WRDXL,879.0,7,0,6153.0,0,https://cavaathleisure.com/products/wine-hourglass-booty-shorts
2026-09-24,Cava Athleisure,Steel Blue Hourglass Booty Shorts,XS,WSH0845BLXS,879.0,0,1,0.0,82,https://cavaathleisure.com/products/steel-blue-hourglass-booty-shorts
2026-09-24,Cava Athleisure,Steel Blue Hourglass Booty Shorts,S,WSH0845BLS,879.0,1,0,879.0,138,https://cavaathleisure.com/products/steel-blue-hourglass-booty-shorts
2026-09-24,Cava Athleisure,Steel Blue Hourglass Booty Shorts,M,WSH0845BLM,879.0,12,0,10548.0,114,https://cavaathleisure.com/products/steel-blue-hourglass-booty-shorts
2026-09-24,Cava Athleisure,Steel Blue Hourglass Booty Shorts,L,WSH0845BLL,879.0,0,1,0.0,85,https://cavaathleisure.com/products/steel-blue-hourglass-booty-shorts
2026-09-24,Cava Athleisure,Steel Blue Hourglass Booty Shorts,XL,WSH0845BLXL,879.0,2,0,1758.0,43,https://cavaathleisure.com/products/steel-blue-hourglass-booty-shorts
2026-09-24,Cava Athleisure,Steel Blue Hourglass Booty Shorts,XXL,WSH0845BLXXL,879.0,4,0,3516.0,6,https://cavaathleisure.com/products/steel-blue-hourglass-booty-shorts
2026-09-24,Cava Athleisure,"Black 5"" Pacer Shorts",32,MSH4217BK32,1599.0,14,0,22386.0,11,https://cavaathleisure.com/products/black-5-pacer-shorts
2026-09-24,Cava Athleisure,"Black 5"" Pacer Shorts",38,MSH4217BK38,1599.0,2,0,3198.0,4,https://cavaathleisure.com/products/black-5-pacer-shorts
2026-09-24,Cava Athleisure,"Teal 5"" Pacer Shorts",30,MSH4217GR30,1599.0,5,0,7995.0,0,https://cavaathleisure.com/products/teal-5-pacer-shorts
2026-09-24,Cava Athleisure,"Teal 5"" Pacer Shorts",32,MSH4217GR32,1599.0,5,0,7995.0,87,https://cavaathleisure.com/products/teal-5-pacer-shorts
2026-09-24,Cava Athleisure,"Teal 5"" Pacer Shorts",34,MSH4217GR34,1599.0,5,0,7995.0,29,https://cavaathleisure.com/products/teal-5-pacer-shorts
2026-09-24,Cava Athleisure,"Teal 5"" Pacer Shorts",36,MSH4217GR36,1599.0,2,0,3198.0,5,https://cavaathleisure.com/products/teal-5-pacer-shorts
2026-09-24,Cava Athleisure,"Teal 5"" Pacer Shorts",38,MSH4217GR38,1599.0,4,0,6396.0,12,https://cavaathleisure.com/products/teal-5-pacer-shorts
2026-09-24,Cava Athleisure,Blush Overlap Tank,XS,WTN041PNXS,879.0,0,1,0.0,1,https://cavaathleisure.com/products/blush-pink-overlap-tank
2026-09-24,Cava Athleisure,Teal Fluid Strap Back Sports Bra,XL,WSB1917PGRXL,824.0,0,1,0.0,1,https://cavaathleisure.com/products/teal-fluid-strap-back-sports-bra
2026-09-24,Cava Athleisure,Teal Fluid Strap Back Sports Bra,XXL,WSB1917PGRXXL,824.0,3,0,2472.0,3,https://cavaathleisure.com/products/teal-fluid-strap-back-sports-bra
2026-09-24,Cava Athleisure,Pink Strap Back Sports Bra,XS,WSB1917PNXS,824.0,18,0,14832.0,89,https://cavaathleisure.com/products/pink-strap-back-sports-bra
2026-09-24,Cava Athleisure,Pink Strap Back Sports Bra,L,WSB1917PNL,824.0,18,0,14832.0,102,https://cavaathleisure.com/products/pink-strap-back-sports-bra
2026-09-24,Cava Athleisure,Pink Strap Back Sports Bra,XL,WSB1917PNXL,824.0,5,0,4120.0,136,https://cavaathleisure.com/products/pink-strap-back-sports-bra
2026-09-24,Cava Athleisure,Pink Strap Back Sports Bra,XXL,WSB1917PNXXL,824.0,1,0,824.0,91,https://cavaathleisure.com/products/pink-strap-back-sports-bra
2026-09-24,Cava Athleisure,Black Contour Flared Leggings,XS,WFP3714BKXS,1044.0,3,0,3132.0,0,https://cavaathleisure.com/products/black-contour-flared-leggings
2026-09-24,Cava Athleisure,Black Contour Flared Leggings,M,WFP3714BKM,1044.0,0,1,0.0,1,https://cavaathleisure.com/products/black-contour-flared-leggings
2026-09-24,Cava Athleisure,Black Contour Flared Leggings,L,WFP3714BKL,1044.0,0,2,0.0,2,https://cavaathleisure.com/products/black-contour-flared-leggings
2026-09-24,Cava Athleisure,Black Contour Flared Leggings,XL,WFP3714BKXL,1044.0,0,1,0.0,1,https://cavaathleisure.com/products/black-contour-flared-leggings
2026-09-24,Cava Athleisure,Black Contour Flared Leggings,XXL,WFP3714BKXXL,1044.0,0,1,0.0,1,https://cavaathleisure.com/products/black-contour-flared-leggings
2026-09-24,Cava Athleisure,Slate Contour Flared Leggings,XS,WFP3714GYXS,1044.0,8,0,8352.0,24,https://cavaathleisure.com/products/slate-contour-flared-leggings
2026-09-24,Cava Athleisure,Slate Contour Flared Leggings,S,WFP3714GYS,1044.0,15,0,15660.0,0,https://cavaathleisure.com/products/slate-contour-flared-leggings
2026-09-24,Cava Athleisure,Slate Contour Flared Leggings,M,WFP3714GYM,1044.0,22,0,22968.0,4,https://cavaathleisure.com/products/slate-contour-flared-leggings
2026-09-24,Cava Athleisure,Slate Contour Flared Leggings,L,WFP3714GYL,1044.0,15,0,15660.0,14,https://cavaathleisure.com/products/slate-contour-flared-leggings
2026-09-24,Cava Athleisure,Slate Contour Flared Leggings,XL,WFP3714GYXL,1044.0,12,0,12528.0,2,https://cavaathleisure.com/products/slate-contour-flared-leggings
2026-09-24,Cava Athleisure,Slate Contour Flared Leggings,XXL,WFP3714GYXXL,1044.0,7,0,7308.0,1,https://cavaathleisure.com/products/slate-contour-flared-leggings
2026-09-24,Cava Athleisure,Cherry Contour Flared Leggings,XS,WFP3714RDXS,1044.0,5,0,5220.0,0,https://cavaathleisure.com/products/cherry-contour-flared-leggings
2026-09-24,Cava Athleisure,Cherry Studio Compression Leggings,S,WLG3714RDS,1429.0,0,1,0.0,1,https://cavaathleisure.com/products/cherry-studio-compression-leggings
2026-09-24,Cava Athleisure,Cherry Studio Compression Leggings,XL,WLG3714RDXL,1429.0,1,0,1429.0,0,https://cavaathleisure.com/products/cherry-studio-compression-leggings
2026-09-24,Cava Athleisure,Slate Studio Compression Leggings,S,WLG3714GYS,1429.0,0,2,0.0,2,https://cavaathleisure.com/products/slate-studio-compression-leggings
2026-09-24,Cava Athleisure,Wine Hourglass Swirl Skorts,XS,WSK4114WRDXS,1209.0,0,1,0.0,92,https://cavaathleisure.com/products/wine-hourglass-swirl-skorts
2026-09-24,Cava Athleisure,Wine Hourglass Swirl Skorts,S,WSK4114WRDS,1209.0,7,0,8463.0,146,https://cavaathleisure.com/products/wine-hourglass-swirl-skorts
2026-09-24,Cava Athleisure,Wine Hourglass Swirl Skorts,M,WSK4114WRDM,1209.0,4,0,4836.0,27,https://cavaathleisure.com/products/wine-hourglass-swirl-skorts
2026-09-24,Cava Athleisure,Wine Hourglass Swirl Skorts,L,WSK4114WRDL,1209.0,4,0,4836.0,22,https://cavaathleisure.com/products/wine-hourglass-swirl-skorts
2026-09-24,Cava Athleisure,Wine Hourglass Swirl Skorts,XXL,WSK4114WRDXXL,1209.0,4,0,4836.0,15,https://cavaathleisure.com/products/wine-hourglass-swirl-skorts
2026-09-24,Cava Athleisure,Blush Hourglass Swirl Skorts,XS,WSK4114PNXS,1209.0,2,0,2418.0,77,https://cavaathleisure.com/products/blush-hourglass-swirl-skorts
2026-09-24,Cava Athleisure,Blush Hourglass Swirl Skorts,S,WSK4114PNS,1209.0,2,0,2418.0,94,https://cavaathleisure.com/products/blush-hourglass-swirl-skorts
2026-09-24,Cava Athleisure,Blush Hourglass Swirl Skorts,L,WSK4114PNL,1209.0,3,0,3627.0,78,https://cavaathleisure.com/products/blush-hourglass-swirl-skorts
2026-09-24,Cava Athleisure,Blush Hourglass Swirl Skorts,XL,WSK4114PNXL,1209.0,2,0,2418.0,10,https://cavaathleisure.com/products/blush-hourglass-swirl-skorts
2026-09-24,Cava Athleisure,Blush Hourglass Swirl Skorts,XXL,WSK4114PNXXL,1209.0,2,0,2418.0,17,https://cavaathleisure.com/products/blush-hourglass-swirl-skorts
2026-09-24,Cava Athleisure,Black Hourglass Swirl Skorts,XS,WSK4114BKXS,1209.0,3,0,3627.0,45,https://cavaathleisure.com/products/black-hourglass-swirl-skorts
2026-09-24,Cava Athleisure,Black Hourglass Swirl Skorts,S,WSK4114BKS,1209.0,14,0,16926.0,17,https://cavaathleisure.com/products/black-hourglass-swirl-skorts
2026-09-24,Cava Athleisure,Black Hourglass Swirl Skorts,M,WSK4114BKM,1209.0,19,0,22971.0,60,https://cavaathleisure.com/products/black-hourglass-swirl-skorts
2026-09-24,Cava Athleisure,Black Hourglass Swirl Skorts,L,WSK4114BKL,1209.0,9,0,10881.0,76,https://cavaathleisure.com/products/black-hourglass-swirl-skorts
2026-09-24,Cava Athleisure,Black Hourglass Swirl Skorts,XL,WSK4114BKXL,1209.0,13,0,15717.0,10,https://cavaathleisure.com/products/black-hourglass-swirl-skorts
2026-09-24,Cava Athleisure,Black Hourglass Swirl Skorts,XXL,WSK4114BKXXL,1209.0,2,0,2418.0,35,https://cavaathleisure.com/products/black-hourglass-swirl-skorts
2026-09-24,Cava Athleisure,Pink Heartline Sports Bra,S,WSB3914MPNS,1099.0,1,0,1099.0,0,https://cavaathleisure.com/products/pink-heartline-sports-bra
2026-09-24,Cava Athleisure,Blush Heartline Sports Bra,XS,WSB3914PNXS,1099.0,5,0,5495.0,27,https://cavaathleisure.com/products/blush-heartline-sports-bra
2026-09-24,Cava Athleisure,Blush Heartline Sports Bra,S,WSB3914PNS,1099.0,15,0,16485.0,11,https://cavaathleisure.com/products/blush-heartline-sports-bra
2026-09-24,Cava Athleisure,Blush Heartline Sports Bra,M,WSB3914PNM,1099.0,17,0,18683.0,0,https://cavaathleisure.com/products/blush-heartline-sports-bra
2026-09-24,Cava Athleisure,Blush Heartline Sports Bra,XXL,WSB3914PNXXL,1099.0,8,0,8792.0,2,https://cavaathleisure.com/products/blush-heartline-sports-bra
2026-09-24,Cava Athleisure,Black Heartline Sports Bra,XS,WSB3914BKXS,1099.0,2,0,2198.0,0,https://cavaathleisure.com/products/black-heartline-sports-bra
2026-09-24,Cava Athleisure,Black Heartline Sports Bra,XXL,WSB3914BKXXL,1099.0,0,1,0.0,1,https://cavaathleisure.com/products/black-heartline-sports-bra
2026-09-24,Cava Athleisure,Teal Fluid Racerback Tank,XS,WTNSET510PGRXS,1099.0,7,0,7693.0,42,https://cavaathleisure.com/products/teal-fluid-racerback-tank
2026-09-24,Cava Athleisure,Teal Fluid Racerback Tank,S,WTNSET510PGRS,1099.0,18,0,19782.0,41,https://cavaathleisure.com/products/teal-fluid-racerback-tank
2026-09-24,Cava Athleisure,Teal Fluid Racerback Tank,M,WTNSET510PGRM,1099.0,17,0,18683.0,48,https://cavaathleisure.com/products/teal-fluid-racerback-tank
2026-09-24,Cava Athleisure,Teal Fluid Racerback Tank,L,WTNSET510PGRL,1099.0,7,0,7693.0,37,https://cavaathleisure.com/products/teal-fluid-racerback-tank
2026-09-24,Cava Athleisure,Teal Fluid Racerback Tank,XL,WTNSET510PGRXL,1099.0,6,0,6594.0,0,https://cavaathleisure.com/products/teal-fluid-racerback-tank
2026-09-24,Cava Athleisure,Teal Fluid Racerback Tank,XXL,WTNSET510PGRXXL,1099.0,3,0,3297.0,8,https://cavaathleisure.com/products/teal-fluid-racerback-tank
2026-09-24,Cava Athleisure,Pink Hourglass Booty Shorts,XS,WSH0814PNXS,879.0,2,0,1758.0,81,https://cavaathleisure.com/products/pink-hourglass-booty-shorts
2026-09-24,Cava Athleisure,Pink Hourglass Booty Shorts,S,WSH0814PNS,879.0,7,0,6153.0,99,https://cavaathleisure.com/products/pink-hourglass-booty-shorts
2026-09-24,Cava Athleisure,Pink Hourglass Booty Shorts,M,WSH0814PNM,879.0,9,0,7911.0,87,https://cavaathleisure.com/products/pink-hourglass-booty-shorts
2026-09-24,Cava Athleisure,Pink Hourglass Booty Shorts,L,WSH0814PNL,879.0,4,0,3516.0,80,https://cavaathleisure.com/products/pink-hourglass-booty-shorts
2026-09-24,Cava Athleisure,Pink Hourglass Booty Shorts,XL,WSH0814PNXL,879.0,3,0,2637.0,66,https://cavaathleisure.com/products/pink-hourglass-booty-shorts
2026-09-24,Cava Athleisure,Plum Seamless Cinched Leggings,XS,WLGUD17PUXS,934.0,7,0,6538.0,60,https://cavaathleisure.com/products/plum-seamless-cinched-leggings
2026-09-24,Cava Athleisure,Plum Seamless Cinched Leggings,S,WLGUD17PUS,934.0,18,0,16812.0,3,https://cavaathleisure.com/products/plum-seamless-cinched-leggings
2026-09-24,Cava Athleisure,Navy Seamless Cinched Leggings,XS,WLGUD17NYXS,934.0,10,0,9340.0,33,https://cavaathleisure.com/products/navy-seamless-cinched-leggings
2026-09-24,Cava Athleisure,Ivory Ultra Support Sports Bra,XS,WSB0114WHXS,1044.0,10,0,10440.0,146,https://cavaathleisure.com/products/ivory-ultra-support-sports-bra
2026-09-24,Cava Athleisure,Ivory Ultra Support Sports Bra,S,WSB0114WHS,1044.0,25,0,26100.0,217,https://cavaathleisure.com/products/ivory-ultra-support-sports-bra
2026-09-24,Cava Athleisure,Ivory Ultra Support Sports Bra,M,WSB0114WHM,1044.0,26,0,27144.0,175,https://cavaathleisure.com/products/ivory-ultra-support-sports-bra
2026-09-24,Cava Athleisure,Ivory Ultra Support Sports Bra,L,WSB0114WHL,1044.0,14,0,14616.0,109,https://cavaathleisure.com/products/ivory-ultra-support-sports-bra
2026-09-24,Cava Athleisure,Ivory Ultra Support Sports Bra,XL,WSB0114WHXL,1044.0,12,0,12528.0,1,https://cavaathleisure.com/products/ivory-ultra-support-sports-bra
2026-09-24,Cava Athleisure,Ivory Ultra Support Sports Bra,XXL,WSB0114WHXXL,1044.0,3,0,3132.0,8,https://cavaathleisure.com/products/ivory-ultra-support-sports-bra
2026-09-24,Cava Athleisure,Cherry Sculptor Jacket,XS,WJKSET510RDXS,1264.0,11,0,13904.0,43,https://cavaathleisure.com/products/cherry-sculptor-jacket
2026-09-24,Cava Athleisure,Cherry Sculptor Jacket,S,WJKSET510RDS,1264.0,43,0,54352.0,151,https://cavaathleisure.com/products/cherry-sculptor-jacket
2026-09-24,Cava Athleisure,Cherry Sculptor Jacket,M,WJKSET510RDM,1264.0,71,0,89744.0,242,https://cavaathleisure.com/products/cherry-sculptor-jacket
2026-09-24,Cava Athleisure,Cherry Sculptor Jacket,L,WJKSET510RDL,1264.0,41,0,51824.0,262,https://cavaathleisure.com/products/cherry-sculptor-jacket
2026-09-24,Cava Athleisure,Cherry Sculptor Jacket,XL,WJKSET510RDXL,1264.0,28,0,35392.0,74,https://cavaathleisure.com/products/cherry-sculptor-jacket
2026-09-24,Cava Athleisure,Cherry Sculptor Jacket,XXL,WJKSET510RDXXL,1264.0,14,0,17696.0,104,https://cavaathleisure.com/products/cherry-sculptor-jacket
2026-09-24,Cava Athleisure,Cherry Hourglass Swirl Skorts,XS,WSK4114RDXS,1209.0,7,0,8463.0,155,https://cavaathleisure.com/products/cherry-hourglass-swirl-skorts
2026-09-24,Cava Athleisure,Cherry Hourglass Swirl Skorts,S,WSK4114RDS,1209.0,15,0,18135.0,185,https://cavaathleisure.com/products/cherry-hourglass-swirl-skorts
2026-09-24,Cava Athleisure,Cherry Hourglass Swirl Skorts,M,WSK4114RDM,1209.0,29,0,35061.0,152,https://cavaathleisure.com/products/cherry-hourglass-swirl-skorts
2026-09-24,Cava Athleisure,Cherry Hourglass Swirl Skorts,L,WSK4114RDL,1209.0,24,0,29016.0,29,https://cavaathleisure.com/products/cherry-hourglass-swirl-skorts
2026-09-24,Cava Athleisure,Wine Hourglass Snug Leggings,XS,WLG1045WRDXS,934.0,2,0,1868.0,42,https://cavaathleisure.com/products/wine-hourglass-snug-leggings
2026-09-24,Cava Athleisure,Wine Hourglass Snug Leggings,S,WLG1045WRDS,934.0,15,0,14010.0,115,https://cavaathleisure.com/products/wine-hourglass-snug-leggings
2026-09-24,Cava Athleisure,Wine Hourglass Snug Leggings,M,WLG1045WRDM,934.0,19,0,17746.0,78,https://cavaathleisure.com/products/wine-hourglass-snug-leggings
2026-09-24,Cava Athleisure,Wine Hourglass Snug Leggings,L,WLG1045WRDL,934.0,27,0,25218.0,72,https://cavaathleisure.com/products/wine-hourglass-snug-leggings
2026-09-24,Cava Athleisure,Wine Hourglass Snug Leggings,XL,WLG1045WRDXL,934.0,14,0,13076.0,32,https://cavaathleisure.com/products/wine-hourglass-snug-leggings
2026-09-24,Cava Athleisure,Wine Hourglass Snug Leggings,XXL,WLG1045WRDXXL,934.0,7,0,6538.0,44,https://cavaathleisure.com/products/wine-hourglass-snug-leggings
2026-09-24,Cava Athleisure,Steel Blue Hourglass Snug Leggings,XS,WLG1045BLXS,934.0,6,0,5604.0,2,https://cavaathleisure.com/products/steel-blue-hourglass-snug-leggings
2026-09-24,Cava Athleisure,Steel Blue Hourglass Snug Leggings,S,WLG1045BLS,934.0,15,0,14010.0,35,https://cavaathleisure.com/products/steel-blue-hourglass-snug-leggings
2026-09-24,Cava Athleisure,Steel Blue Hourglass Snug Leggings,M,WLG1045BLM,934.0,21,0,19614.0,29,https://cavaathleisure.com/products/steel-blue-hourglass-snug-leggings
2026-09-24,Cava Athleisure,Steel Blue Hourglass Snug Leggings,L,WLG1045BLL,934.0,9,0,8406.0,43,https://cavaathleisure.com/products/steel-blue-hourglass-snug-leggings
2026-09-24,Cava Athleisure,Steel Blue Hourglass Snug Leggings,XL,WLG1045BLXL,934.0,6,0,5604.0,45,https://cavaathleisure.com/products/steel-blue-hourglass-snug-leggings
2026-09-24,Cava Athleisure,Steel Blue Hourglass Snug Leggings,XXL,WLG1045BLXXL,934.0,2,0,1868.0,21,https://cavaathleisure.com/products/steel-blue-hourglass-snug-leggings
2026-09-24,Cava Athleisure,Toasted Swirl Tennis Skorts,XXS,WSKSET445BNXXS,1099.0,2,0,2198.0,8,https://cavaathleisure.com/products/toasted-swirl-tennis-skorts
2026-09-24,Cava Athleisure,Toasted Swirl Tennis Skorts,XS,WSKSET445BNXS,1099.0,4,0,4396.0,84,https://cavaathleisure.com/products/toasted-swirl-tennis-skorts
2026-09-24,Cava Athleisure,Toasted Swirl Tennis Skorts,S,WSKSET445BNS,1099.0,16,0,17584.0,51,https://cavaathleisure.com/products/toasted-swirl-tennis-skorts
2026-09-24,Cava Athleisure,Toasted Swirl Tennis Skorts,M,WSKSET445BNM,1099.0,22,0,24178.0,42,https://cavaathleisure.com/products/toasted-swirl-tennis-skorts
2026-09-24,Cava Athleisure,Toasted Swirl Tennis Skorts,L,WSKSET445BNL,1099.0,4,0,4396.0,31,https://cavaathleisure.com/products/toasted-swirl-tennis-skorts
2026-09-24,Cava Athleisure,Toasted Swirl Tennis Skorts,XL,WSKSET445BNXL,1099.0,6,0,6594.0,14,https://cavaathleisure.com/products/toasted-swirl-tennis-skorts
2026-09-24,Cava Athleisure,Toasted Swirl Tennis Skorts,XXL,WSKSET445BNXXL,1099.0,3,0,3297.0,30,https://cavaathleisure.com/products/toasted-swirl-tennis-skorts
2026-09-24,Cava Athleisure,Toasted Swirl Tennis Skorts,XXXL,WSKSET445BNXXXL,1099.0,2,0,2198.0,11,https://cavaathleisure.com/products/toasted-swirl-tennis-skorts
2026-09-24,Cava Athleisure,Petrol Blue Adaptive Quarter Zip,XXL,WHD4445NYXXL,1429.0,2,0,2858.0,0,https://cavaathleisure.com/products/petrol-blue-adaptive-quarter-zip
2026-09-24,Cava Athleisure,Black Adaptive Quarter Zip,L,WHD4445BKL,1429.0,1,0,1429.0,1,https://cavaathleisure.com/products/black-adaptive-quarter-zip
2026-09-24,Cava Athleisure,Grey Adaptive Quarter Zip,L,WHD4445GYL,1429.0,1,0,1429.0,0,https://cavaathleisure.com/products/grey-adaptive-quarter-zip
2026-09-24,Cava Athleisure,Grey Adaptive Quarter Zip,XL,WHD4445GYXL,1429.0,1,0,1429.0,5,https://cavaathleisure.com/products/grey-adaptive-quarter-zip
2026-09-24,Cava Athleisure,Shadow Cotton Leisure Shorts,S,MSH1616BKS,899.0,4,0,3596.0,44,https://cavaathleisure.com/products/shadow-cotton-leisure-shorts
2026-09-24,Cava Athleisure,Shadow Cotton Leisure Shorts,M,MSH1616BKM,899.0,6,0,5394.0,109,https://cavaathleisure.com/products/shadow-cotton-leisure-shorts
2026-09-24,Cava Athleisure,Shadow Cotton Leisure Shorts,L,MSH1616BKL,899.0,5,0,4495.0,115,https://cavaathleisure.com/products/shadow-cotton-leisure-shorts
2026-09-24,Cava Athleisure,Shadow Cotton Leisure Shorts,XL,MSH1616BKXL,899.0,5,0,4495.0,35,https://cavaathleisure.com/products/shadow-cotton-leisure-shorts
2026-09-24,Cava Athleisure,Shadow Cotton Leisure Shorts,XXL,MSH1616BKXXL,899.0,2,0,1798.0,8,https://cavaathleisure.com/products/shadow-cotton-leisure-shorts
2026-09-24,Cava Athleisure,Blue Everywear Leisure Tee,S,MTS1614NYS,799.0,6,0,4794.0,42,https://cavaathleisure.com/products/blue-everywear-leisure-tee
2026-09-24,Cava Athleisure,Blue Everywear Leisure Tee,M,MTS1614NYM,799.0,6,0,4794.0,21,https://cavaathleisure.com/products/blue-everywear-leisure-tee
2026-09-24,Cava Athleisure,Blue Everywear Leisure Tee,L,MTS1614NYL,799.0,6,0,4794.0,18,https://cavaathleisure.com/products/blue-everywear-leisure-tee
2026-09-24,Cava Athleisure,Blue Everywear Leisure Tee,XL,MTS1614NYXL,799.0,2,0,1598.0,13,https://cavaathleisure.com/products/blue-everywear-leisure-tee
2026-09-24,Cava Athleisure,Blue Everywear Leisure Tee,XXL,MTS1614NYXXL,799.0,4,0,3196.0,8,https://cavaathleisure.com/products/blue-everywear-leisure-tee
2026-09-24,Cava Athleisure,Shadow Everywear Leisure Tee,S,MTS1614BKS,799.0,4,0,3196.0,16,https://cavaathleisure.com/products/shadow-everywear-leisure-tee
2026-09-24,Cava Athleisure,Shadow Everywear Leisure Tee,M,MTS1614BKM,799.0,8,0,6392.0,35,https://cavaathleisure.com/products/shadow-everywear-leisure-tee
2026-09-24,Cava Athleisure,Shadow Everywear Leisure Tee,L,MTS1614BKL,799.0,6,0,4794.0,86,https://cavaathleisure.com/products/shadow-everywear-leisure-tee
2026-09-24,Cava Athleisure,Shadow Everywear Leisure Tee,XL,MTS1614BKXL,799.0,4,0,3196.0,8,https://cavaathleisure.com/products/shadow-everywear-leisure-tee
2026-09-24,Cava Athleisure,Brown Everywear Leisure Tee,S,MTS1614BNS,799.0,5,0,3995.0,70,https://cavaathleisure.com/products/brown-everywear-leisure-tee
2026-09-24,Cava Athleisure,Brown Everywear Leisure Tee,M,MTS1614BNM,799.0,8,0,6392.0,127,https://cavaathleisure.com/products/brown-everywear-leisure-tee
2026-09-24,Cava Athleisure,Brown Everywear Leisure Tee,L,MTS1614BNL,799.0,6,0,4794.0,114,https://cavaathleisure.com/products/brown-everywear-leisure-tee
2026-09-24,Cava Athleisure,Brown Everywear Leisure Tee,XL,MTS1614BNXL,799.0,6,0,4794.0,59,https://cavaathleisure.com/products/brown-everywear-leisure-tee
2026-09-24,Cava Athleisure,Brown Everywear Leisure Tee,XXL,MTS1614BNXXL,799.0,2,0,1598.0,25,https://cavaathleisure.com/products/brown-everywear-leisure-tee
2026-09-24,Cava Athleisure,Green Everywear Sweatshirt,XL,MHD1615GRXL,1099.0,3,0,3297.0,15,https://cavaathleisure.com/products/green-everywear-sweatshirt
2026-09-24,Cava Athleisure,Green Everywear Sweatshirt,XXL,MHD1615GRXXL,1099.0,1,0,1099.0,11,https://cavaathleisure.com/products/green-everywear-sweatshirt
2026-09-24,Cava Athleisure,Dusty Pink Everywear Leisure Tee,S,MTS1614BGS,799.0,4,0,3196.0,19,https://cavaathleisure.com/products/dusty-pink-everywear-leisure-tee
2026-09-24,Cava Athleisure,Dusty Pink Everywear Leisure Tee,M,MTS1614BGM,799.0,6,0,4794.0,53,https://cavaathleisure.com/products/dusty-pink-everywear-leisure-tee
2026-09-24,Cava Athleisure,Dusty Pink Everywear Leisure Tee,L,MTS1614BGL,799.0,5,0,3995.0,53,https://cavaathleisure.com/products/dusty-pink-everywear-leisure-tee
2026-09-24,Cava Athleisure,Dusty Pink Everywear Leisure Tee,XL,MTS1614BGXL,799.0,3,0,2397.0,26,https://cavaathleisure.com/products/dusty-pink-everywear-leisure-tee
2026-09-24,Cava Athleisure,Dusty Pink Everywear Leisure Tee,XXL,MTS1614BGXXL,799.0,4,0,3196.0,8,https://cavaathleisure.com/products/dusty-pink-everywear-leisure-tee
2026-09-24,Cava Athleisure,Blue Everywear Sweatshirt,L,MHD1615NYL,1099.0,1,0,1099.0,0,https://cavaathleisure.com/products/blue-everywear-sweatshirt
2026-09-24,Cava Athleisure,Blue Everywear Sweatshirt,XXL,MHD1615NYXXL,1099.0,2,0,2198.0,1,https://cavaathleisure.com/products/blue-everywear-sweatshirt
2026-09-24,Cava Athleisure,Brown Everywear Sweatshirt,XL,MHD1615BNXL,1099.0,1,0,1099.0,9,https://cavaathleisure.com/products/brown-everywear-sweatshirt
2026-09-24,Cava Athleisure,Brown Everywear Sweatshirt,XXL,MHD1615BNXXL,1099.0,2,0,2198.0,2,https://cavaathleisure.com/products/brown-everywear-sweatshirt
2026-09-24,Cava Athleisure,Dusty Pink Everywear Sweatshirt,S,MHD1615BGS,1099.0,5,0,5495.0,92,https://cavaathleisure.com/products/dusty-pink-everywear-sweatshirt
2026-09-24,Cava Athleisure,Dusty Pink Everywear Sweatshirt,M,MHD1615BGM,1099.0,6,0,6594.0,58,https://cavaathleisure.com/products/dusty-pink-everywear-sweatshirt
2026-09-24,Cava Athleisure,Dusty Pink Everywear Sweatshirt,L,MHD1615BGL,1099.0,5,0,5495.0,58,https://cavaathleisure.com/products/dusty-pink-everywear-sweatshirt
2026-09-24,Cava Athleisure,Dusty Pink Everywear Sweatshirt,XL,MHD1615BGXL,1099.0,3,0,3297.0,46,https://cavaathleisure.com/products/dusty-pink-everywear-sweatshirt
2026-09-24,Cava Athleisure,Dusty Pink Everywear Sweatshirt,XXL,MHD1615BGXXL,1099.0,2,0,2198.0,16,https://cavaathleisure.com/products/dusty-pink-everywear-sweatshirt
2026-09-24,Cava Athleisure,Blue Wide Leg Joggers,M,MJR1617NYM,1399.0,6,0,8394.0,11,https://cavaathleisure.com/products/blue-wide-leg-joggers
2026-09-24,Cava Athleisure,Blue Wide Leg Joggers,L,MJR1617NYL,1399.0,8,0,11192.0,13,https://cavaathleisure.com/products/blue-wide-leg-joggers
2026-09-24,Cava Athleisure,Blue Cotton Leisure Shorts,S,MSH1616NYS,899.0,4,0,3596.0,71,https://cavaathleisure.com/products/blue-cotton-leisure-shorts
2026-09-24,Cava Athleisure,Blue Cotton Leisure Shorts,M,MSH1616NYM,899.0,4,0,3596.0,91,https://cavaathleisure.com/products/blue-cotton-leisure-shorts
2026-09-24,Cava Athleisure,Blue Cotton Leisure Shorts,L,MSH1616NYL,899.0,6,0,5394.0,69,https://cavaathleisure.com/products/blue-cotton-leisure-shorts
2026-09-24,Cava Athleisure,Blue Cotton Leisure Shorts,XL,MSH1616NYXL,899.0,4,0,3596.0,18,https://cavaathleisure.com/products/blue-cotton-leisure-shorts
2026-09-24,Cava Athleisure,Blue Cotton Leisure Shorts,XXL,MSH1616NYXXL,899.0,2,0,1798.0,13,https://cavaathleisure.com/products/blue-cotton-leisure-shorts
2026-09-24,Cava Athleisure,Dusty Pink Cotton Leisure Shorts,S,MSH1616BGS,899.0,6,0,5394.0,44,https://cavaathleisure.com/products/dusty-pink-cotton-leisure-shorts
2026-09-24,Cava Athleisure,Dusty Pink Cotton Leisure Shorts,M,MSH1616BGM,899.0,5,0,4495.0,92,https://cavaathleisure.com/products/dusty-pink-cotton-leisure-shorts
2026-09-24,Cava Athleisure,Dusty Pink Cotton Leisure Shorts,L,MSH1616BGL,899.0,4,0,3596.0,86,https://cavaathleisure.com/products/dusty-pink-cotton-leisure-shorts
2026-09-24,Cava Athleisure,Dusty Pink Cotton Leisure Shorts,XL,MSH1616BGXL,899.0,4,0,3596.0,25,https://cavaathleisure.com/products/dusty-pink-cotton-leisure-shorts
2026-09-24,Cava Athleisure,Pine Rib-knit Trousers,L,WJR3714GRL,1429.0,1,0,1429.0,31,https://cavaathleisure.com/products/pine-rib-knit-trousers
2026-09-24,Cava Athleisure,Cream Club Cardigan,L,WJK3614WHL,1374.0,1,0,1374.0,1,https://cavaathleisure.com/products/cream-club-cardigan
2026-09-24,Cava Athleisure,Yellow Club Cardigan,M,WJK3614YLM,1374.0,1,0,1374.0,38,https://cavaathleisure.com/products/yellow-club-cardigan
2026-09-24,Cava Athleisure,Yellow Club Cardigan,XL,WJK3614YLXL,1374.0,0,1,0.0,1,https://cavaathleisure.com/products/yellow-club-cardigan
2026-09-24,Cava Athleisure,Butter Yellow Ultra Support Sports Bra,XS,WSB14CS01YLXS,1044.0,15,0,15660.0,31,https://cavaathleisure.com/products/butter-yellow-ultra-support-sports-bra
2026-09-24,Cava Athleisure,Butter Yellow Ultra Support Sports Bra,S,WSB14CS01YLS,1044.0,42,0,43848.0,6,https://cavaathleisure.com/products/butter-yellow-ultra-support-sports-bra
2026-09-24,Cava Athleisure,Butter Yellow Ultra Support Sports Bra,M,WSB14CS01YLM,1044.0,63,0,65772.0,71,https://cavaathleisure.com/products/butter-yellow-ultra-support-sports-bra
2026-09-24,Cava Athleisure,Butter Yellow Ultra Support Sports Bra,L,WSB14CS01YLL,1044.0,28,0,29232.0,190,https://cavaathleisure.com/products/butter-yellow-ultra-support-sports-bra
2026-09-24,Cava Athleisure,Butter Yellow Ultra Support Sports Bra,XL,WSB14CS01YLXL,1044.0,18,0,18792.0,70,https://cavaathleisure.com/products/butter-yellow-ultra-support-sports-bra
2026-09-24,Cava Athleisure,Butter Yellow Ultra Support Sports Bra,XXL,WSB14CS01YLXXL,1044.0,5,0,5220.0,70,https://cavaathleisure.com/products/butter-yellow-ultra-support-sports-bra
2026-09-24,Cava Athleisure,Grey Cotton Baby Tee,XL,WTS1631GMLXL,714.0,2,0,1428.0,11,https://cavaathleisure.com/products/grey-cotton-baby-tee
2026-09-24,Cava Athleisure,Pink Cotton Baby Tee,XL,WTS1631PNXL,714.0,1,0,714.0,25,https://cavaathleisure.com/products/pink-cotton-baby-tee
2026-09-24,Cava Athleisure,Black Sculpt Core Top,XXL,WTP901BKXXL,799.0,1,0,799.0,0,https://cavaathleisure.com/products/black-sculpt-core-top
2026-09-24,Cava Athleisure,White Sculpt Core Top,XS,WTP901WHXS,799.0,7,0,5593.0,11,https://cavaathleisure.com/products/white-sculpt-core-top
2026-09-24,Cava Athleisure,White Sculpt Core Top,S,WTP901WHS,799.0,0,113,0.0,113,https://cavaathleisure.com/products/white-sculpt-core-top
2026-09-24,Cava Athleisure,White Sculpt Core Top,M,WTP901WHM,799.0,0,117,0.0,117,https://cavaathleisure.com/products/white-sculpt-core-top
2026-09-24,Cava Athleisure,Brown Sculpt V-Neck Top,XS,WTP904BNXS,879.0,1,0,879.0,37,https://cavaathleisure.com/products/brown-sculpt-v-neck-top
2026-09-24,Cava Athleisure,Brown Sculpt V-Neck Top,S,WTP904BNS,879.0,0,1,0.0,1,https://cavaathleisure.com/products/brown-sculpt-v-neck-top
2026-09-24,Cava Athleisure,Brown Sculpt V-Neck Top,M,WTP904BNM,879.0,0,85,0.0,85,https://cavaathleisure.com/products/brown-sculpt-v-neck-top
2026-09-24,Cava Athleisure,Brown Sculpt V-Neck Top,L,WTP904BNL,879.0,0,1,0.0,1,https://cavaathleisure.com/products/brown-sculpt-v-neck-top
2026-09-24,Cava Athleisure,Black Sculpt Crew Top,XS,WTP902BKXS,899.0,0,2,0.0,2,https://cavaathleisure.com/products/black-sculpt-crew-top
2026-09-24,Cava Athleisure,Black Sculpt Crew Top,S,WTP902BKS,899.0,0,87,0.0,87,https://cavaathleisure.com/products/black-sculpt-crew-top
2026-09-24,Cava Athleisure,Black Sculpt Crew Top,M,WTP902BKM,899.0,0,80,0.0,80,https://cavaathleisure.com/products/black-sculpt-crew-top
2026-09-24,Cava Athleisure,Burgundy Sculpt Crew Top,XS,WTP902RDXS,899.0,2,0,1798.0,0,https://cavaathleisure.com/products/burgundy-sculpt-crew-top
2026-09-24,Cava Athleisure,Burgundy Sculpt Crew Top,S,WTP902RDS,899.0,0,89,0.0,89,https://cavaathleisure.com/products/burgundy-sculpt-crew-top
2026-09-24,Cava Athleisure,Burgundy Sculpt Crew Top,M,WTP902RDM,899.0,0,84,0.0,85,https://cavaathleisure.com/products/burgundy-sculpt-crew-top
2026-09-24,Cava Athleisure,Burgundy Sculpt Crew Top,L,WTP902RDL,899.0,0,1,0.0,1,https://cavaathleisure.com/products/burgundy-sculpt-crew-top
2026-09-24,Cava Athleisure,Burgundy Sculpt Crew Top,XXL,WTP902RDXXL,899.0,0,2,0.0,2,https://cavaathleisure.com/products/burgundy-sculpt-crew-top
2026-09-24,Cava Athleisure,Ice Blue Sculpt Crew Top,XS,WTP902BLXS,899.0,1,0,899.0,0,https://cavaathleisure.com/products/ice-blue-sculpt-crew-top
2026-09-24,Cava Athleisure,Ice Blue Sculpt Crew Top,S,WTP902BLS,899.0,0,84,0.0,85,https://cavaathleisure.com/products/ice-blue-sculpt-crew-top
2026-09-24,Cava Athleisure,Ice Blue Sculpt Crew Top,M,WTP902BLM,899.0,0,77,0.0,77,https://cavaathleisure.com/products/ice-blue-sculpt-crew-top
2026-09-24,Cava Athleisure,White Sculpt Crew Top,XS,WTP902WHXS,899.0,1,0,899.0,33,https://cavaathleisure.com/products/white-sculpt-crew-top
2026-09-24,Cava Athleisure,White Sculpt Crew Top,S,WTP902WHS,899.0,0,83,0.0,119,https://cavaathleisure.com/products/white-sculpt-crew-top
2026-09-24,Cava Athleisure,White Sculpt Crew Top,M,WTP902WHM,899.0,9,0,8091.0,2,https://cavaathleisure.com/products/white-sculpt-crew-top
2026-09-24,Cava Athleisure,White Sculpt Crew Top,XL,WTP902WHXL,899.0,6,0,5394.0,29,https://cavaathleisure.com/products/white-sculpt-crew-top
2026-09-24,Cava Athleisure,White Sculpt Crew Top,XXL,WTP902WHXXL,899.0,2,0,1798.0,16,https://cavaathleisure.com/products/white-sculpt-crew-top
2026-09-24,Cava Athleisure,Hot Pink Sculpt Crew Top,XS,WTP902PNXS,899.0,2,0,1798.0,4,https://cavaathleisure.com/products/hot-pink-sculpt-crew-top
2026-09-24,Cava Athleisure,Hot Pink Sculpt Crew Top,S,WTP902PNS,899.0,7,0,6293.0,66,https://cavaathleisure.com/products/hot-pink-sculpt-crew-top
2026-09-24,Cava Athleisure,Hot Pink Sculpt Crew Top,M,WTP902PNM,899.0,6,0,5394.0,13,https://cavaathleisure.com/products/hot-pink-sculpt-crew-top
2026-09-24,Cava Athleisure,Hot Pink Sculpt Crew Top,XL,WTP902PNXL,899.0,0,4,0.0,4,https://cavaathleisure.com/products/hot-pink-sculpt-crew-top
2026-09-24,Cava Athleisure,Black Sculpt Scoop Top,S,WTP903BKS,899.0,1,0,899.0,28,https://cavaathleisure.com/products/black-sculpt-scoop-top
2026-09-24,Cava Athleisure,Black Sculpt Core Leggings,XS,WLG902BKXS,1199.0,0,74,0.0,171,https://cavaathleisure.com/products/black-sculpt-core-leggings
2026-09-24,Cava Athleisure,Black Sculpt Core Leggings,S,WLG902BKS,1199.0,9,0,10791.0,315,https://cavaathleisure.com/products/black-sculpt-core-leggings
2026-09-24,Cava Athleisure,Black Sculpt Core Leggings,M,WLG902BKM,1199.0,0,67,0.0,192,https://cavaathleisure.com/products/black-sculpt-core-leggings
2026-09-24,Cava Athleisure,Black Sculpt Core Leggings,L,WLG902BKL,1199.0,0,134,0.0,164,https://cavaathleisure.com/products/black-sculpt-core-leggings
2026-09-24,Cava Athleisure,Black Sculpt Core Leggings,XL,WLG902BKXL,1199.0,0,155,0.0,285,https://cavaathleisure.com/products/black-sculpt-core-leggings
2026-09-24,Cava Athleisure,Black Sculpt Core Leggings,XXL,WLG902BKXXL,1199.0,0,62,0.0,78,https://cavaathleisure.com/products/black-sculpt-core-leggings
2026-09-24,Cava Athleisure,Navy Sculpt Core Leggings,M,WLG902NYM,1199.0,1,0,1199.0,0,https://cavaathleisure.com/products/navy-sculpt-core-leggings
2026-09-24,Cava Athleisure,Brown Sculpt Core Leggings,S,WLG902BNS,1199.0,2,0,2398.0,176,https://cavaathleisure.com/products/brown-sculpt-core-leggings
2026-09-24,Cava Athleisure,Brown Sculpt Core Leggings,M,WLG902BNM,1199.0,0,71,0.0,138,https://cavaathleisure.com/products/brown-sculpt-core-leggings
2026-09-24,Cava Athleisure,Brown Sculpt Core Leggings,L,WLG902BNL,1199.0,0,2,0.0,54,https://cavaathleisure.com/products/brown-sculpt-core-leggings
2026-09-24,Cava Athleisure,Brown Sculpt Core Leggings,XL,WLG902BNXL,1199.0,1,0,1199.0,19,https://cavaathleisure.com/products/brown-sculpt-core-leggings
2026-09-24,Cava Athleisure,Burgundy Sculpt Core Leggings,XS,WLG902RDXS,1199.0,0,1,0.0,33,https://cavaathleisure.com/products/burgundy-sculpt-core-leggings
2026-09-24,Cava Athleisure,Burgundy Sculpt Core Leggings,S,WLG902RDS,1199.0,2,0,2398.0,131,https://cavaathleisure.com/products/burgundy-sculpt-core-leggings
2026-09-24,Cava Athleisure,Burgundy Sculpt Core Leggings,M,WLG902RDM,1199.0,0,69,0.0,91,https://cavaathleisure.com/products/burgundy-sculpt-core-leggings
2026-09-24,Cava Athleisure,Burgundy Sculpt Core Leggings,L,WLG902RDL,1199.0,1,0,1199.0,34,https://cavaathleisure.com/products/burgundy-sculpt-core-leggings
2026-09-24,Cava Athleisure,Burgundy Sculpt Core Leggings,XL,WLG902RDXL,1199.0,1,0,1199.0,17,https://cavaathleisure.com/products/burgundy-sculpt-core-leggings
2026-09-24,Cava Athleisure,Burgundy Sculpt Core Leggings,XXL,WLG902RDXXL,1199.0,1,0,1199.0,12,https://cavaathleisure.com/products/burgundy-sculpt-core-leggings
2026-09-24,Cava Athleisure,Ice Blue Sculpt Core Leggings,XS,WLG902BLXS,1199.0,3,0,3597.0,3,https://cavaathleisure.com/products/ice-blue-sculpt-core-leggings
2026-09-24,Cava Athleisure,Ice Blue Sculpt Core Leggings,S,WLG902BLS,1199.0,0,74,0.0,139,https://cavaathleisure.com/products/ice-blue-sculpt-core-leggings
2026-09-24,Cava Athleisure,Ice Blue Sculpt Core Leggings,M,WLG902BLM,1199.0,4,0,4796.0,48,https://cavaathleisure.com/products/ice-blue-sculpt-core-leggings
2026-09-24,Cava Athleisure,Ice Blue Sculpt Core Leggings,XL,WLG902BLXL,1199.0,0,1,0.0,1,https://cavaathleisure.com/products/ice-blue-sculpt-core-leggings
2026-09-24,Cava Athleisure,Hot Pink Sculpt Core Leggings,S,WLG902PNS,1199.0,2,0,2398.0,188,https://cavaathleisure.com/products/hot-pink-sculpt-core-leggings
2026-09-24,Cava Athleisure,Hot Pink Sculpt Core Leggings,M,WLG902PNM,1199.0,5,0,5995.0,85,https://cavaathleisure.com/products/hot-pink-sculpt-core-leggings
2026-09-24,Cava Athleisure,Storm Blue Sculpt Core Leggings,M,WLG902SBLM,1199.0,0,1,0.0,37,https://cavaathleisure.com/products/storm-blue-sculpt-core-leggings
2026-09-24,Cava Athleisure,Storm Blue Sculpt Core Leggings,L,WLG902SBLL,1199.0,1,0,1199.0,53,https://cavaathleisure.com/products/storm-blue-sculpt-core-leggings
2026-09-24,Cava Athleisure,Storm Blue Sculpt Core Leggings,XXL,WLG902SBLXXL,1199.0,1,0,1199.0,14,https://cavaathleisure.com/products/storm-blue-sculpt-core-leggings
2026-09-24,Cava Athleisure,Black Sculpt Bootcut Leggings,S,WFP901BKS,1299.0,0,112,0.0,241,https://cavaathleisure.com/products/black-sculpt-bootcut-leggings
2026-09-24,Cava Athleisure,Black Sculpt Bootcut Leggings,S,WFP01T9BKS,1299.0,2,0,2598.0,258,https://cavaathleisure.com/products/black-sculpt-bootcut-leggings
2026-09-24,Cava Athleisure,Black Sculpt Bootcut Leggings,M,WFP901BKM,1299.0,0,115,0.0,171,https://cavaathleisure.com/products/black-sculpt-bootcut-leggings
2026-09-24,Cava Athleisure,Black Sculpt Bootcut Leggings,L,WFP901BKL,1299.0,0,49,0.0,106,https://cavaathleisure.com/products/black-sculpt-bootcut-leggings
2026-09-24,Cava Athleisure,Black Sculpt Bootcut Leggings,L,WFP01T9BKL,1299.0,0,57,0.0,314,https://cavaathleisure.com/products/black-sculpt-bootcut-leggings
2026-09-24,Cava Athleisure,Black Sculpt Bootcut Leggings,XL,WFP01T9BKXL,1299.0,0,54,0.0,334,https://cavaathleisure.com/products/black-sculpt-bootcut-leggings
2026-09-24,Cava Athleisure,Black Sculpt Bootcut Leggings,XXL,WFP01T9BKXXL,1299.0,1,0,1299.0,5,https://cavaathleisure.com/products/black-sculpt-bootcut-leggings
2026-09-24,Cava Athleisure,Brown Sculpt Bootcut Leggings,S,WFP901BNS,1299.0,3,0,3897.0,4,https://cavaathleisure.com/products/brown-sculpt-bootcut-leggings
2026-09-24,Cava Athleisure,Brown Sculpt Bootcut Leggings,S,WFP01T9BNS,1299.0,1,0,1299.0,74,https://cavaathleisure.com/products/brown-sculpt-bootcut-leggings
2026-09-24,Cava Athleisure,Brown Sculpt Bootcut Leggings,M,WFP901BNM,1299.0,7,0,9093.0,0,https://cavaathleisure.com/products/brown-sculpt-bootcut-leggings
2026-09-24,Cava Athleisure,Brown Sculpt Bootcut Leggings,L,WFP901BNL,1299.0,2,0,2598.0,0,https://cavaathleisure.com/products/brown-sculpt-bootcut-leggings
2026-09-24,Cava Athleisure,Brown Sculpt Bootcut Leggings,L,WFP01T9BNL,1299.0,10,0,12990.0,25,https://cavaathleisure.com/products/brown-sculpt-bootcut-leggings
2026-09-24,Cava Athleisure,Brown Sculpt Bootcut Leggings,XL,WFP01T9BNXL,1299.0,6,0,7794.0,53,https://cavaathleisure.com/products/brown-sculpt-bootcut-leggings
2026-09-24,Cava Athleisure,Brown Sculpt Bootcut Leggings,XXL,WFP01T9BNXXL,1299.0,0,1,0.0,46,https://cavaathleisure.com/products/brown-sculpt-bootcut-leggings
2026-09-24,Cava Athleisure,Burgundy Petite Sculpt Bootcut Leggings,XS,WFP901RDXS,1299.0,3,0,3897.0,8,https://cavaathleisure.com/products/burgundy-sculpt-bootcut-leggings
2026-09-24,Cava Athleisure,Burgundy Petite Sculpt Bootcut Leggings,S,WFP901RDS,1299.0,3,0,3897.0,53,https://cavaathleisure.com/products/burgundy-sculpt-bootcut-leggings
2026-09-24,Cava Athleisure,Burgundy Petite Sculpt Bootcut Leggings,M,WFP901RDM,1299.0,0,50,0.0,116,https://cavaathleisure.com/products/burgundy-sculpt-bootcut-leggings
2026-09-24,Cava Athleisure,Burgundy Petite Sculpt Bootcut Leggings,L,WFP901RDL,1299.0,0,60,0.0,72,https://cavaathleisure.com/products/burgundy-sculpt-bootcut-leggings
2026-09-24,Cava Athleisure,Ice Blue Petite Sculpt Bootcut Leggings,S,WFP901BLS,1299.0,1,0,1299.0,57,https://cavaathleisure.com/products/ice-blue-sculpt-bootcut-leggings
2026-09-24,Cava Athleisure,Ice Blue Petite Sculpt Bootcut Leggings,M,WFP901BLM,1299.0,7,0,9093.0,49,https://cavaathleisure.com/products/ice-blue-sculpt-bootcut-leggings
2026-09-24,Cava Athleisure,Storm Blue Sculpt Bootcut Leggings,S,WFP901SBLS,1299.0,1,0,1299.0,2,https://cavaathleisure.com/products/storm-blue-sculpt-bootcut-leggings
2026-09-24,Cava Athleisure,Storm Blue Sculpt Bootcut Leggings,S,WFP01T9SBLS,1299.0,1,0,1299.0,184,https://cavaathleisure.com/products/storm-blue-sculpt-bootcut-leggings
2026-09-24,Cava Athleisure,Storm Blue Sculpt Bootcut Leggings,M,WFP01T9SBLM,1299.0,1,0,1299.0,9,https://cavaathleisure.com/products/storm-blue-sculpt-bootcut-leggings
2026-09-24,Cava Athleisure,Storm Blue Sculpt Bootcut Leggings,L,WFP01T9SBLL,1299.0,2,0,2598.0,9,https://cavaathleisure.com/products/storm-blue-sculpt-bootcut-leggings
2026-09-24,Cava Athleisure,Storm Blue Sculpt Bootcut Leggings,XL,WFP01T9SBLXL,1299.0,1,0,1299.0,9,https://cavaathleisure.com/products/storm-blue-sculpt-bootcut-leggings
2026-09-24,Cava Athleisure,Hot Pink Sculpt Bootcut Leggings,XS,WFP901PNXS,1299.0,0,1,0.0,63,https://cavaathleisure.com/products/hot-pink-sculpt-bootcut-leggings
2026-09-24,Cava Athleisure,Hot Pink Sculpt Bootcut Leggings,S,WFP01T9PNS,1299.0,2,0,2598.0,296,https://cavaathleisure.com/products/hot-pink-sculpt-bootcut-leggings
2026-09-24,Cava Athleisure,Hot Pink Sculpt Bootcut Leggings,M,WFP901PNM,1299.0,2,0,2598.0,153,https://cavaathleisure.com/products/hot-pink-sculpt-bootcut-leggings
2026-09-24,Cava Athleisure,Hot Pink Sculpt Bootcut Leggings,M,WFP01T9PNM,1299.0,1,0,1299.0,227,https://cavaathleisure.com/products/hot-pink-sculpt-bootcut-leggings
2026-09-24,Cava Athleisure,Hot Pink Sculpt Bootcut Leggings,L,WFP901PNL,1299.0,0,1,0.0,131,https://cavaathleisure.com/products/hot-pink-sculpt-bootcut-leggings
2026-09-24,Cava Athleisure,Hot Pink Sculpt Bootcut Leggings,L,WFP01T9PNL,1299.0,1,0,1299.0,140,https://cavaathleisure.com/products/hot-pink-sculpt-bootcut-leggings
2026-09-24,Cava Athleisure,Hot Pink Sculpt Bootcut Leggings,XL,WFP901PNXL,1299.0,1,0,1299.0,36,https://cavaathleisure.com/products/hot-pink-sculpt-bootcut-leggings
2026-09-24,Cava Athleisure,Hot Pink Sculpt Bootcut Leggings,XL,WFP01T9PNXL,1299.0,1,0,1299.0,82,https://cavaathleisure.com/products/hot-pink-sculpt-bootcut-leggings
2026-09-24,Cava Athleisure,Black Sculpt V-Neck Top,XS,WTP904BKXS,899.0,6,0,5394.0,10,https://cavaathleisure.com/products/black-sculpt-v-neck-top
2026-09-24,Cava Athleisure,Black Sculpt V-Neck Top,M,WTP904BKM,899.0,0,79,0.0,79,https://cavaathleisure.com/products/black-sculpt-v-neck-top
2026-09-24,Cava Athleisure,Black Sculpt V-Neck Top,L,WTP904BKL,899.0,1,0,899.0,0,https://cavaathleisure.com/products/black-sculpt-v-neck-top
2026-09-24,Cava Athleisure,Burgundy Sculpt V-Neck Top,XS,WTP904RDXS,899.0,3,0,2697.0,42,https://cavaathleisure.com/products/burgundy-sculpt-v-neck-top
2026-09-24,Cava Athleisure,Burgundy Sculpt V-Neck Top,M,WTP904RDM,899.0,0,4,0.0,4,https://cavaathleisure.com/products/burgundy-sculpt-v-neck-top
2026-09-24,Cava Athleisure,Burgundy Sculpt V-Neck Top,XXL,WTP904RDXXL,899.0,2,0,1798.0,7,https://cavaathleisure.com/products/burgundy-sculpt-v-neck-top
2026-09-24,Cava Athleisure,White Sculpt V-Neck Top,XS,WTP904WHXS,899.0,1,0,899.0,63,https://cavaathleisure.com/products/white-sculpt-v-neck-top
2026-09-24,Cava Athleisure,White Sculpt V-Neck Top,M,WTP904WHM,899.0,2,0,1798.0,23,https://cavaathleisure.com/products/white-sculpt-v-neck-top
2026-09-24,Cava Athleisure,White Sculpt V-Neck Top,XXL,WTP904WHXXL,899.0,0,1,0.0,11,https://cavaathleisure.com/products/white-sculpt-v-neck-top
2026-09-24,Cava Athleisure,White Sculpt Scoop Top,XS,WTP903WHXS,899.0,1,0,899.0,23,https://cavaathleisure.com/products/white-sculpt-scoop-top
2026-09-24,Cava Athleisure,White Sculpt Scoop Top,M,WTP903WHM,899.0,0,1,0.0,1,https://cavaathleisure.com/products/white-sculpt-scoop-top
2026-09-24,Cava Athleisure,Ice Blue Sculpt Booty Shorts,XS,WSH904BLXS,999.0,1,0,999.0,38,https://cavaathleisure.com/products/ice-blue-sculpt-booty-shorts
2026-09-24,Cava Athleisure,Ice Blue Sculpt Booty Shorts,S,WSH904BLS,999.0,2,0,1998.0,75,https://cavaathleisure.com/products/ice-blue-sculpt-booty-shorts
2026-09-24,Cava Athleisure,Ice Blue Sculpt Booty Shorts,M,WSH904BLM,999.0,5,0,4995.0,21,https://cavaathleisure.com/products/ice-blue-sculpt-booty-shorts
2026-09-24,Cava Athleisure,Ice Blue Sculpt Booty Shorts,XL,WSH904BLXL,999.0,1,0,999.0,1,https://cavaathleisure.com/products/ice-blue-sculpt-booty-shorts
2026-09-24,Cava Athleisure,Navy Sculpt Capri,S,WLG903NYS,999.0,2,0,1998.0,37,https://cavaathleisure.com/products/navy-sculpt-capri
2026-09-24,Cava Athleisure,Hot Pink Sculpt Booty Shorts,XS,WSH904PNXS,999.0,1,0,999.0,38,https://cavaathleisure.com/products/hot-pink-sculpt-booty-shorts
2026-09-24,Cava Athleisure,Hot Pink Sculpt Booty Shorts,S,WSH904PNS,999.0,3,0,2997.0,51,https://cavaathleisure.com/products/hot-pink-sculpt-booty-shorts
2026-09-24,Cava Athleisure,Hot Pink Sculpt Booty Shorts,M,WSH904PNM,999.0,1,0,999.0,29,https://cavaathleisure.com/products/hot-pink-sculpt-booty-shorts
2026-09-24,Cava Athleisure,Hot Pink Sculpt Booty Shorts,L,WSH904PNL,999.0,0,1,0.0,1,https://cavaathleisure.com/products/hot-pink-sculpt-booty-shorts
2026-09-24,Cava Athleisure,Black Sculpt Capri,S,WLG903BKS,999.0,2,0,1998.0,6,https://cavaathleisure.com/products/black-sculpt-capri
2026-09-24,Cava Athleisure,Burgundy Sculpt Capri,S,WLG903RDS,999.0,1,0,999.0,39,https://cavaathleisure.com/products/burgundy-sculpt-capri
2026-09-24,Cava Athleisure,Basic Supima Polo T-shirt - Pack of 2,S,MTS5CS103BKBGS,2039.0,3,0,6117.0,0,https://cavaathleisure.com/products/basic-supima-polo-t-shirt-pack-of-2
2026-09-24,Cava Athleisure,Black Sculpt Booty Shorts,XS,WSH904BKXS,999.0,0,1,0.0,1,https://cavaathleisure.com/products/black-sculpt-booty-shorts
2026-09-24,Cava Athleisure,Black Sculpt Booty Shorts,S,WSH904BKS,999.0,0,105,0.0,105,https://cavaathleisure.com/products/black-sculpt-booty-shorts
2026-09-24,Cava Athleisure,Black Sculpt Booty Shorts,M,WSH904BKM,999.0,8,0,7992.0,0,https://cavaathleisure.com/products/black-sculpt-booty-shorts
2026-09-24,Cava Athleisure,Black Sculpt Booty Shorts,L,WSH904BKL,999.0,0,105,0.0,105,https://cavaathleisure.com/products/black-sculpt-booty-shorts
2026-09-24,Cava Athleisure,Black Sculpt Booty Shorts,XXL,WSH904BKXXL,999.0,0,8,0.0,8,https://cavaathleisure.com/products/black-sculpt-booty-shorts
2026-09-24,Cava Athleisure,Everyday Supima Polo T-shirt - Pack of 2,S,MTS5CS103BKBLS,2039.0,1,0,2039.0,0,https://cavaathleisure.com/products/everyday-supima-polo-t-shirt-pack-of-2
2026-09-24,Cava Athleisure,Essential Supima Crew Neck T-shirt - Pack of 2,L,MTS5CS101BKBGL,1799.0,2,0,3598.0,0,https://cavaathleisure.com/products/essential-supima-crew-neck-t-shirt-pack-of-2
2026-09-24,Cava Athleisure,Essential Supima Crew Neck T-shirt - Pack of 2,XXL,MTS5CS101BKBGXXL,1799.0,1,0,1799.0,2,https://cavaathleisure.com/products/essential-supima-crew-neck-t-shirt-pack-of-2
2026-09-24,Cava Athleisure,Basic Sculpt Scoop Tops - Pack of 2,S,WTP903WHBKS,1799.0,4,0,7196.0,17,https://cavaathleisure.com/products/basic-sculpt-scoop-tops-pack-of-2
2026-09-24,Cava Athleisure,Basic Sculpt Crew Tops - Pack of 2,S,WTP902WHBKS,1699.0,0,84,0.0,84,https://cavaathleisure.com/products/basic-sculpt-crew-tops-pack-of-2
2026-09-24,Cava Athleisure,Basic Sculpt V-Neck Tops - Pack of 2,XS,WTP904WHBKXS,1699.0,7,0,11893.0,7,https://cavaathleisure.com/products/basic-sculpt-v-neck-tops-pack-of-2
2026-09-24,Cava Athleisure,Essential Sculpt V-Neck Tops - Pack of 3,XS,WTP904WHBKBNXS,2399.0,7,0,16793.0,7,https://cavaathleisure.com/products/essential-sculpt-v-neck-tops-pack-of-3
2026-09-24,Cava Athleisure,Basic Sculpt Capris - Pack of 2,S,WLG903NYBKS,2599.0,4,0,10396.0,3,https://cavaathleisure.com/products/basic-sculpt-capris-pack-of-2
2026-09-24,Cava Athleisure,Essential Sculpt Capris - Pack of 3,S,WLG903RDNYBKS,3599.0,5,0,17995.0,3,https://cavaathleisure.com/products/essential-sculpt-capris-pack-of-3
2026-09-24,Cava Athleisure,Core Sculpt Capris - Pack of 2,S,WLG903BKRDS,2599.0,5,0,12995.0,3,https://cavaathleisure.com/products/core-sculpt-capris-pack-of-2
2026-09-24,Cava Athleisure,Essential Supima V Neck - Pack of 2,L,MTSCS102BKWHL,2079.0,3,0,6237.0,10,https://cavaathleisure.com/products/essential-supima-v-neck-pack-of-2
2026-09-24,Cava Athleisure,Essential Supima V Neck - Pack of 2,XXL,MTSCS102BKWHXXL,2079.0,2,0,4158.0,3,https://cavaathleisure.com/products/essential-supima-v-neck-pack-of-2
2026-09-24,Cava Athleisure,Staple Supima V Neck - Pack of 3,L,MTS102BKBGWHL,2819.0,3,0,8457.0,10,https://cavaathleisure.com/products/staple-supima-v-neck-pack-of-3
2026-09-24,Cava Athleisure,Staple Supima V Neck - Pack of 3,XXL,MTS102BKBGWHXXL,2819.0,2,0,5638.0,3,https://cavaathleisure.com/products/staple-supima-v-neck-pack-of-3
2026-09-24,Cava Athleisure,Classic Supima V Neck - Pack of 2,L,MTS102NYBGL,1949.0,3,0,5847.0,21,https://cavaathleisure.com/products/classic-supima-v-neck-pack-of-2
2026-09-24,Cava Athleisure,Classic Supima V Neck - Pack of 2,XL,MTS102NYBGXL,1949.0,1,0,1949.0,3,https://cavaathleisure.com/products/classic-supima-v-neck-pack-of-2
2026-09-24,Cava Athleisure,Modern Supima V Neck - Pack of 2,XL,MTS102PUGRXL,1949.0,4,0,7796.0,0,https://cavaathleisure.com/products/modern-supima-v-neck-pack-of-2
2026-09-24,Cava Athleisure,Navy Cotton Wrap Top,S,WTP1624NYS,714.0,0,1,0.0,1,https://cavaathleisure.com/products/navy-cotton-wrap-top
2026-09-24,Cava Athleisure,Yellow Cotton Scoop Tank,XL,WTN1622YLXL,879.0,1,0,879.0,1,https://cavaathleisure.com/products/yellow-cotton-scoop-tank
2026-09-24,Cava Athleisure,Grey Cotton Scoop Tank,L,WTN1622GMLL,879.0,3,0,2637.0,1,https://cavaathleisure.com/products/grey-cotton-scoop-tank
2026-09-24,Cava Athleisure,Grey Cotton Scoop Tank,XL,WTN1622GMLXL,879.0,1,0,879.0,6,https://cavaathleisure.com/products/grey-cotton-scoop-tank
2026-09-24,Cava Athleisure,Grey Cotton Scoop Tank,XXL,WTN1622GMLXXL,879.0,1,0,879.0,0,https://cavaathleisure.com/products/grey-cotton-scoop-tank
2026-09-24,Cava Athleisure,Pink Cotton Scoop Tank,L,WTN1622PNL,879.0,0,1,0.0,1,https://cavaathleisure.com/products/pink-cotton-scoop-tank
2026-09-24,Cava Athleisure,Grey Cotton Twirl Skorts,S,WSK1635GMLS,879.0,2,0,1758.0,94,https://cavaathleisure.com/products/grey-cotton-twirl-skort
2026-09-24,Cava Athleisure,Grey Cotton Twirl Skorts,M,WSK1635GMLM,879.0,2,0,1758.0,28,https://cavaathleisure.com/products/grey-cotton-twirl-skort
2026-09-24,Cava Athleisure,Grey Cotton Twirl Skorts,XL,WSK1635GMLXL,879.0,1,0,879.0,0,https://cavaathleisure.com/products/grey-cotton-twirl-skort
2026-09-24,Cava Athleisure,Toasted Aerial Crop Tank,XL,WTN8SET12BNXL,1099.0,1,0,1099.0,74,https://cavaathleisure.com/products/toasted-aerial-crop-tank
2026-09-24,Cava Athleisure,Toasted Aerial Leggings,S,WLG8SET12BNS,1374.0,2,0,2748.0,11,https://cavaathleisure.com/products/toasted-aerial-leggings
2026-09-24,Cava Athleisure,Pink Aerial Leggings,XL,WLG8SET12PNXL,1374.0,1,0,1374.0,9,https://cavaathleisure.com/products/pink-aerial-leggings
2026-09-24,Cava Athleisure,Toasted Sculptor Jacket,XS,WJK14SET5BNXS,1264.0,3,0,3792.0,8,https://cavaathleisure.com/products/toasted-brown-sculptor-jacket
2026-09-24,Cava Athleisure,Toasted Sculptor Jacket,S,WJK14SET5BNS,1264.0,21,0,26544.0,0,https://cavaathleisure.com/products/toasted-brown-sculptor-jacket
2026-09-24,Cava Athleisure,Pink Aerial Crop Tank,XL,WTN8SET12BPNXL,1099.0,3,0,3297.0,61,https://cavaathleisure.com/products/pink-aerial-crop-tank
2026-09-24,Cava Athleisure,Butter Yellow Sculptor Jacket,XS,WJK14SET5YLXS,1264.0,0,6,0.0,42,https://cavaathleisure.com/products/butter-yellow-sculptor-jacket
2026-09-24,Cava Athleisure,Butter Yellow Sculptor Jacket,S,WJK14SET5YLS,1264.0,0,84,0.0,155,https://cavaathleisure.com/products/butter-yellow-sculptor-jacket
2026-09-24,Cava Athleisure,Butter Yellow Sculptor Jacket,M,WJK14SET5YLM,1264.0,0,229,0.0,284,https://cavaathleisure.com/products/butter-yellow-sculptor-jacket
2026-09-24,Cava Athleisure,Butter Yellow Sculptor Jacket,L,WJK14SET5YLL,1264.0,0,178,0.0,199,https://cavaathleisure.com/products/butter-yellow-sculptor-jacket
2026-09-24,Cava Athleisure,Butter Yellow Sculptor Jacket,XL,WJK14SET5YLXL,1264.0,0,131,0.0,165,https://cavaathleisure.com/products/butter-yellow-sculptor-jacket
2026-09-24,Cava Athleisure,Butter Yellow Sculptor Jacket,XXL,WJK14SET5YLXXL,1264.0,0,17,0.0,38,https://cavaathleisure.com/products/butter-yellow-sculptor-jacket
2026-09-24,Cava Athleisure,Mint Cava Essential Sweatshirt,XS,WHD16536BLXS,989.0,4,0,3956.0,46,https://cavaathleisure.com/products/mint-cava-essential-sweatshirt
2026-09-24,Cava Athleisure,Mint Cava Essential Sweatshirt,S,WHD16536BLS,989.0,4,0,3956.0,191,https://cavaathleisure.com/products/mint-cava-essential-sweatshirt
2026-09-24,Cava Athleisure,Mint Cava Essential Sweatshirt,M,WHD16536BLM,989.0,5,0,4945.0,295,https://cavaathleisure.com/products/mint-cava-essential-sweatshirt
2026-09-24,Cava Athleisure,Mint Cava Essential Sweatshirt,L,WHD16536BLL,989.0,6,0,5934.0,67,https://cavaathleisure.com/products/mint-cava-essential-sweatshirt
2026-09-24,Cava Athleisure,Mint Cava Essential Sweatshirt,XL,WHD16536BLXL,989.0,3,0,2967.0,87,https://cavaathleisure.com/products/mint-cava-essential-sweatshirt
2026-09-24,Cava Athleisure,Mint Cava Essential Sweatshirt,XXL,WHD16536BLXXL,989.0,3,0,2967.0,30,https://cavaathleisure.com/products/mint-cava-essential-sweatshirt
2026-09-24,Cava Athleisure,Butter Yellow Plie Pleated Skort,S,WSK14CS06YLS,1209.0,0,2,0.0,2,https://cavaathleisure.com/products/butter-yellow-pleated-skort
2026-09-24,Cava Athleisure,Pine Plie Pleated Skort,S,WSK14CS06GRS,1209.0,4,0,4836.0,12,https://cavaathleisure.com/products/pine-green-pleated-skort
2026-09-24,Cava Athleisure,Wine High Impact Sports Bra,XS,WSB1CS02WRDXS,1299.0,4,0,5196.0,110,https://cavaathleisure.com/products/wine-high-impact-sports-bra
2026-09-24,Cava Athleisure,Wine High Impact Sports Bra,L,WSB1CS02WRDL,1299.0,0,1,0.0,1,https://cavaathleisure.com/products/wine-high-impact-sports-bra
2026-09-24,Cava Athleisure,Wine High Impact Sports Bra,XL,WSB1CS02WRDXL,1299.0,24,0,31176.0,13,https://cavaathleisure.com/products/wine-high-impact-sports-bra
2026-09-24,Cava Athleisure,Pink Ultra Support Sports Bra,XS,WSB1CS01PNXS,1044.0,12,0,12528.0,34,https://cavaathleisure.com/products/pink-ultra-support-sports-bra
2026-09-24,Cava Athleisure,Pink Ultra Support Sports Bra,S,WSB1CS01PNS,1044.0,30,0,31320.0,88,https://cavaathleisure.com/products/pink-ultra-support-sports-bra
2026-09-24,Cava Athleisure,Pink Ultra Support Sports Bra,M,WSB1CS01PNM,1044.0,42,0,43848.0,207,https://cavaathleisure.com/products/pink-ultra-support-sports-bra
2026-09-24,Cava Athleisure,Pink Ultra Support Sports Bra,L,WSB1CS01PNL,1044.0,13,0,13572.0,201,https://cavaathleisure.com/products/pink-ultra-support-sports-bra
2026-09-24,Cava Athleisure,Pink Ultra Support Sports Bra,XL,WSB1CS01PNXL,1044.0,13,0,13572.0,110,https://cavaathleisure.com/products/pink-ultra-support-sports-bra
2026-09-24,Cava Athleisure,Pink Ultra Support Sports Bra,XXL,WSB1CS01PNXXL,1044.0,7,0,7308.0,2,https://cavaathleisure.com/products/pink-ultra-support-sports-bra
2026-09-24,Cava Athleisure,Pink Bow Sculpt Core Leggings,M,WLG1402BPNM,1209.0,0,1,0.0,1,https://cavaathleisure.com/products/pink-bow-sculpt-core-leggings
2026-09-24,Cava Athleisure,Pink Bow Sculpt Core Leggings,L,WLG1402BPNL,1209.0,2,0,2418.0,0,https://cavaathleisure.com/products/pink-bow-sculpt-core-leggings
2026-09-24,Cava Athleisure,Butter Yellow Gingham Sculpt Core Leggings,M,WLG1402GYLM,1209.0,1,0,1209.0,0,https://cavaathleisure.com/products/butter-yellow-gingham-sculpt-core-leggings
2026-09-24,Cava Athleisure,Butter Yellow Gingham Sculpt Core Leggings,L,WLG1402GYLL,1209.0,1,0,1209.0,0,https://cavaathleisure.com/products/butter-yellow-gingham-sculpt-core-leggings
2026-09-24,Cava Athleisure,Mint Gingham Sculpt Core Leggings,M,WLG1402GGRM,1209.0,1,0,1209.0,1,https://cavaathleisure.com/products/mint-gingham-sculpt-core-leggings
2026-09-24,Cava Athleisure,Mint Gingham Cross Back Sports Bra,L,WSB14SET1GGRL,1099.0,0,1,0.0,1,https://cavaathleisure.com/products/mint-gingham-cross-back-sports-bra
2026-09-24,Cava Athleisure,Blush Swirl Tennis Skorts,XXS,WSKSET445PNXXS,1099.0,2,0,2198.0,30,https://cavaathleisure.com/products/blush-pink-swirl-tennis-skorts
2026-09-24,Cava Athleisure,Blush Swirl Tennis Skorts,XS,WSK14SET4PNXS,1099.0,4,0,4396.0,130,https://cavaathleisure.com/products/blush-pink-swirl-tennis-skorts
2026-09-24,Cava Athleisure,Blush Swirl Tennis Skorts,S,WSK14SET4PNS,1099.0,19,0,20881.0,102,https://cavaathleisure.com/products/blush-pink-swirl-tennis-skorts
2026-09-24,Cava Athleisure,Blush Swirl Tennis Skorts,M,WSK14SET4PNM,1099.0,11,0,12089.0,34,https://cavaathleisure.com/products/blush-pink-swirl-tennis-skorts
2026-09-24,Cava Athleisure,Blush Swirl Tennis Skorts,L,WSK14SET4PNL,1099.0,6,0,6594.0,32,https://cavaathleisure.com/products/blush-pink-swirl-tennis-skorts
2026-09-24,Cava Athleisure,Blush Swirl Tennis Skorts,XL,WSK14SET4PNXL,1099.0,2,0,2198.0,15,https://cavaathleisure.com/products/blush-pink-swirl-tennis-skorts
2026-09-24,Cava Athleisure,Blush Swirl Tennis Skorts,XXL,WSK14SET4PNXXL,1099.0,2,0,2198.0,19,https://cavaathleisure.com/products/blush-pink-swirl-tennis-skorts
2026-09-24,Cava Athleisure,Blush Swirl Tennis Skorts,XXXL,WSKSET445PNXXXL,1099.0,0,1,0.0,38,https://cavaathleisure.com/products/blush-pink-swirl-tennis-skorts
2026-09-24,Cava Athleisure,Black Courtside Oversized Printed Tee - Women,S,WTS1618BKSYCS,714.0,2,0,1428.0,2,https://cavaathleisure.com/products/black-courtside-oversized-printed-tee-women
2026-09-24,Cava Athleisure,Black Courtside Oversized Printed Tee - Women,XL,WTS1618BKSYCXL,714.0,2,0,1428.0,0,https://cavaathleisure.com/products/black-courtside-oversized-printed-tee-women
2026-09-24,Cava Athleisure,Cobalt Hourglass Flared Leggings,XS,WFP1ACU01NYXS,1264.0,2,0,2528.0,12,https://cavaathleisure.com/products/cobalt-hourglass-flared-leggings
2026-09-24,Cava Athleisure,Cobalt Hourglass Flared Leggings,XS,WFP1ACU02NYXS,1264.0,1,0,1264.0,5,https://cavaathleisure.com/products/cobalt-hourglass-flared-leggings
2026-09-24,Cava Athleisure,Cobalt Hourglass Flared Leggings,S,WFB1ACU04NYS,1264.0,0,1,0.0,1,https://cavaathleisure.com/products/cobalt-hourglass-flared-leggings
2026-09-24,Cava Athleisure,Wine Hourglass Flared Leggings,XS,WFP1ACU01RDXS,1264.0,7,0,8848.0,86,https://cavaathleisure.com/products/wine-hourglass-flared-leggings
2026-09-24,Cava Athleisure,Wine Hourglass Flared Leggings,XS,WFP1ACU02RDXS,1264.0,2,0,2528.0,88,https://cavaathleisure.com/products/wine-hourglass-flared-leggings
2026-09-24,Cava Athleisure,Wine Hourglass Flared Leggings,XS,WFB1ACU04RDXS,1264.0,1,0,1264.0,38,https://cavaathleisure.com/products/wine-hourglass-flared-leggings
2026-09-24,Cava Athleisure,Wine Hourglass Flared Leggings,S,WFP1ACU01RDS,1264.0,25,0,31600.0,171,https://cavaathleisure.com/products/wine-hourglass-flared-leggings
2026-09-24,Cava Athleisure,Wine Hourglass Flared Leggings,S,WFP1ACU02RDS,1264.0,14,0,17696.0,236,https://cavaathleisure.com/products/wine-hourglass-flared-leggings
2026-09-24,Cava Athleisure,Wine Hourglass Flared Leggings,S,WFB1ACU04RDS,1264.0,6,0,7584.0,58,https://cavaathleisure.com/products/wine-hourglass-flared-leggings
2026-09-24,Cava Athleisure,Wine Hourglass Flared Leggings,M,WFP1ACU01RDM,1264.0,43,0,54352.0,197,https://cavaathleisure.com/products/wine-hourglass-flared-leggings
2026-09-24,Cava Athleisure,Wine Hourglass Flared Leggings,M,WFP1ACU02RDM,1264.0,20,0,25280.0,340,https://cavaathleisure.com/products/wine-hourglass-flared-leggings
2026-09-24,Cava Athleisure,Wine Hourglass Flared Leggings,M,WFB1ACU04RDM,1264.0,13,0,16432.0,188,https://cavaathleisure.com/products/wine-hourglass-flared-leggings
2026-09-24,Cava Athleisure,Wine Hourglass Flared Leggings,L,WFP1ACU01RDL,1264.0,24,0,30336.0,99,https://cavaathleisure.com/products/wine-hourglass-flared-leggings
2026-09-24,Cava Athleisure,Wine Hourglass Flared Leggings,L,WFP1ACU02RDL,1264.0,16,0,20224.0,330,https://cavaathleisure.com/products/wine-hourglass-flared-leggings
2026-09-24,Cava Athleisure,Wine Hourglass Flared Leggings,L,WFB1ACU04RDL,1264.0,16,0,20224.0,91,https://cavaathleisure.com/products/wine-hourglass-flared-leggings
2026-09-24,Cava Athleisure,Wine Hourglass Flared Leggings,XL,WFP1ACU01RDXL,1264.0,16,0,20224.0,38,https://cavaathleisure.com/products/wine-hourglass-flared-leggings
2026-09-24,Cava Athleisure,Wine Hourglass Flared Leggings,XL,WFP1ACU02RDXL,1264.0,11,0,13904.0,115,https://cavaathleisure.com/products/wine-hourglass-flared-leggings
2026-09-24,Cava Athleisure,Wine Hourglass Flared Leggings,XL,WFB1ACU04RDXL,1264.0,9,0,11376.0,31,https://cavaathleisure.com/products/wine-hourglass-flared-leggings
2026-09-24,Cava Athleisure,Wine Hourglass Flared Leggings,XXL,WFP1ACU02RDXXL,1264.0,7,0,8848.0,110,https://cavaathleisure.com/products/wine-hourglass-flared-leggings
2026-09-24,Cava Athleisure,Wine Hourglass Flared Leggings,XXL,WFB1ACU04RDXXL,1264.0,8,0,10112.0,0,https://cavaathleisure.com/products/wine-hourglass-flared-leggings
2026-09-24,Cava Athleisure,Brown Hourglass Flared Leggings,XS,BTM-CAVA-ACU01-Brown-XS,1209.0,14,0,16926.0,90,https://cavaathleisure.com/products/brown-hourglass-flared-leggings
2026-09-24,Cava Athleisure,Brown Hourglass Flared Leggings,XS,BTM-CAVA-ACU04-Brown-XS,1209.0,3,0,3627.0,16,https://cavaathleisure.com/products/brown-hourglass-flared-leggings
2026-09-24,Cava Athleisure,Brown Hourglass Flared Leggings,S,BTM-CAVA-ACU01-Brown-S,1209.0,25,0,30225.0,387,https://cavaathleisure.com/products/brown-hourglass-flared-leggings
2026-09-24,Cava Athleisure,Brown Hourglass Flared Leggings,S,BTM-CAVA-ACU02-Brown-S,1209.0,19,0,22971.0,228,https://cavaathleisure.com/products/brown-hourglass-flared-leggings
2026-09-24,Cava Athleisure,Brown Hourglass Flared Leggings,M,BTM-CAVA-ACU01-Brown-M,1209.0,57,0,68913.0,847,https://cavaathleisure.com/products/brown-hourglass-flared-leggings
2026-09-24,Cava Athleisure,Brown Hourglass Flared Leggings,M,BTM-CAVA-ACU02-Brown-M,1209.0,22,0,26598.0,113,https://cavaathleisure.com/products/brown-hourglass-flared-leggings
2026-09-24,Cava Athleisure,Brown Hourglass Flared Leggings,M,BTM-CAVA-ACU04-Brown-M,1209.0,0,1,0.0,2,https://cavaathleisure.com/products/brown-hourglass-flared-leggings
2026-09-24,Cava Athleisure,Brown Hourglass Flared Leggings,L,BTM-CAVA-ACU01-Brown-L,1209.0,46,0,55614.0,356,https://cavaathleisure.com/products/brown-hourglass-flared-leggings
2026-09-24,Cava Athleisure,Brown Hourglass Flared Leggings,L,BTM-CAVA-ACU02-Brown-L,1209.0,30,0,36270.0,208,https://cavaathleisure.com/products/brown-hourglass-flared-leggings
2026-09-24,Cava Athleisure,Brown Hourglass Flared Leggings,XL,BTM-CAVA-ACU01-Brown-XL,1209.0,15,0,18135.0,173,https://cavaathleisure.com/products/brown-hourglass-flared-leggings
2026-09-24,Cava Athleisure,Brown Hourglass Flared Leggings,XL,BTM-CAVA-ACU02-Brown-XL,1209.0,9,0,10881.0,122,https://cavaathleisure.com/products/brown-hourglass-flared-leggings
2026-09-24,Cava Athleisure,Brown Hourglass Flared Leggings,XXL,BTM-CAVA-ACU01-Brown-XXL,1209.0,2,0,2418.0,114,https://cavaathleisure.com/products/brown-hourglass-flared-leggings
2026-09-24,Cava Athleisure,Pebble Hourglass Flared Leggings,XL,WFP1ACU01BLXL,1264.0,1,0,1264.0,0,https://cavaathleisure.com/products/pebble-hourglass-flared-leggings
2026-09-24,Cava Athleisure,Obsidian Black Hourglass Flared Leggings,XS,BTM-CAVA-ACU01-Black-XS,1209.0,0,102,0.0,286,https://cavaathleisure.com/products/obsidian-black-hourglass-flared-leggings
2026-09-24,Cava Athleisure,Obsidian Black Hourglass Flared Leggings,XS,BTM-CAVA-ACU02-Black-XS,1209.0,1,0,1209.0,193,https://cavaathleisure.com/products/obsidian-black-hourglass-flared-leggings
2026-09-24,Cava Athleisure,Obsidian Black Hourglass Flared Leggings,XS,BTM-CAVA-ACU04-Black-XS,1209.0,5,0,6045.0,79,https://cavaathleisure.com/products/obsidian-black-hourglass-flared-leggings
2026-09-24,Cava Athleisure,Obsidian Black Hourglass Flared Leggings,S,BTM-CAVA-ACU01-Black-S,1209.0,0,144,0.0,411,https://cavaathleisure.com/products/obsidian-black-hourglass-flared-leggings
2026-09-24,Cava Athleisure,Obsidian Black Hourglass Flared Leggings,S,BTM-CAVA-ACU02-Black-S,1209.0,60,0,72540.0,991,https://cavaathleisure.com/products/obsidian-black-hourglass-flared-leggings
2026-09-24,Cava Athleisure,Obsidian Black Hourglass Flared Leggings,S,BTM-CAVA-ACU04-Black-S,1209.0,13,0,15717.0,143,https://cavaathleisure.com/products/obsidian-black-hourglass-flared-leggings
2026-09-24,Cava Athleisure,Obsidian Black Hourglass Flared Leggings,M,BTM-CAVA-ACU01-Black-M,1209.0,0,301,0.0,446,https://cavaathleisure.com/products/obsidian-black-hourglass-flared-leggings
2026-09-24,Cava Athleisure,Obsidian Black Hourglass Flared Leggings,M,BTM-CAVA-ACU02-Black-M,1209.0,100,0,120900.0,815,https://cavaathleisure.com/products/obsidian-black-hourglass-flared-leggings
2026-09-24,Cava Athleisure,Obsidian Black Hourglass Flared Leggings,M,BTM-CAVA-ACU04-Black-M,1209.0,0,2,0.0,2,https://cavaathleisure.com/products/obsidian-black-hourglass-flared-leggings
2026-09-24,Cava Athleisure,Obsidian Black Hourglass Flared Leggings,L,BTM-CAVA-ACU01-Black-L,1209.0,0,346,0.0,464,https://cavaathleisure.com/products/obsidian-black-hourglass-flared-leggings
2026-09-24,Cava Athleisure,Obsidian Black Hourglass Flared Leggings,L,BTM-CAVA-ACU02-Black-L,1209.0,81,0,97929.0,760,https://cavaathleisure.com/products/obsidian-black-hourglass-flared-leggings
2026-09-24,Cava Athleisure,Obsidian Black Hourglass Flared Leggings,L,BTM-CAVA-ACU04-Black-L,1209.0,0,2,0.0,2,https://cavaathleisure.com/products/obsidian-black-hourglass-flared-leggings
2026-09-24,Cava Athleisure,Obsidian Black Hourglass Flared Leggings,XL,BTM-CAVA-ACU01-Black-XL,1209.0,0,220,0.0,220,https://cavaathleisure.com/products/obsidian-black-hourglass-flared-leggings
2026-09-24,Cava Athleisure,Obsidian Black Hourglass Flared Leggings,XL,BTM-CAVA-ACU02-Black-XL,1209.0,46,0,55614.0,277,https://cavaathleisure.com/products/obsidian-black-hourglass-flared-leggings
2026-09-24,Cava Athleisure,Obsidian Black Hourglass Flared Leggings,XL,BTM-CAVA-ACU04-Black-XL,1209.0,0,1,0.0,1,https://cavaathleisure.com/products/obsidian-black-hourglass-flared-leggings
2026-09-24,Cava Athleisure,Obsidian Black Hourglass Flared Leggings,XXL,BTM-CAVA-ACU01-Black-XXL,1209.0,0,92,0.0,105,https://cavaathleisure.com/products/obsidian-black-hourglass-flared-leggings
2026-09-24,Cava Athleisure,Obsidian Black Hourglass Flared Leggings,XXL,BTM-CAVA-ACU02-Black-XXL,1209.0,32,0,38688.0,161,https://cavaathleisure.com/products/obsidian-black-hourglass-flared-leggings
2026-09-24,Cava Athleisure,Cream Serve Side Oversized Printed Tee - Women,S,WTS1618WHGSMS,714.0,1,0,714.0,0,https://cavaathleisure.com/products/cream-serve-side-oversized-printed-tee-women
2026-09-24,Cava Athleisure,Blue Supima Polo T-Shirt - Regular Fit,S,MTS16CS103BLS,934.0,1,0,934.0,6,https://cavaathleisure.com/products/blue-supima-polo-t-shirt-regular-fit
2026-09-24,Cava Athleisure,Black Aerial Contrast Leggings,S,WLG1011BKS,1374.0,3,0,4122.0,101,https://cavaathleisure.com/products/black-aerial-contrast-leggings
2026-09-24,Cava Athleisure,Black Aerial Contrast Crop Tank,S,WTN1003BKS,1099.0,4,0,4396.0,3,https://cavaathleisure.com/products/black-aerial-contrast-crop-tank
2026-09-24,Cava Athleisure,Black Aerial Contrast Crop Tank,L,WTN1003BKL,1099.0,0,2,0.0,3,https://cavaathleisure.com/products/black-aerial-contrast-crop-tank
2026-09-24,Cava Athleisure,Wine Swirl Tennis Skorts,XXS,WSKSET445WRDXXS,1099.0,1,0,1099.0,17,https://cavaathleisure.com/products/wine-swirl-tennis-skorts
2026-09-24,Cava Athleisure,Wine Swirl Tennis Skorts,XS,WSK9SET4WRDXS,1099.0,1,0,1099.0,54,https://cavaathleisure.com/products/wine-swirl-tennis-skorts
2026-09-24,Cava Athleisure,Wine Swirl Tennis Skorts,XS,WSKSET4L45WRDXS,1099.0,2,0,2198.0,8,https://cavaathleisure.com/products/wine-swirl-tennis-skorts
2026-09-24,Cava Athleisure,Wine Swirl Tennis Skorts,S,WSK9SET4WRDS,1099.0,9,0,9891.0,97,https://cavaathleisure.com/products/wine-swirl-tennis-skorts
2026-09-24,Cava Athleisure,Wine Swirl Tennis Skorts,M,WSK9SET4WRDM,1099.0,14,0,15386.0,46,https://cavaathleisure.com/products/wine-swirl-tennis-skorts
2026-09-24,Cava Athleisure,Wine Swirl Tennis Skorts,L,WSK9SET4WRDL,1099.0,7,0,7693.0,36,https://cavaathleisure.com/products/wine-swirl-tennis-skorts
2026-09-24,Cava Athleisure,Wine Swirl Tennis Skorts,XXL,WSK9SET4WRDXXL,1099.0,1,0,1099.0,28,https://cavaathleisure.com/products/wine-swirl-tennis-skorts
2026-09-24,Cava Athleisure,Wine Swirl Tennis Skorts,XXL,WSKSET4L45WRDXXL,1099.0,4,0,4396.0,1,https://cavaathleisure.com/products/wine-swirl-tennis-skorts
2026-09-24,Cava Athleisure,Wine Swirl Tennis Skorts,XXXL,WSKSET4L45WRDXXXL,1099.0,4,0,4396.0,6,https://cavaathleisure.com/products/wine-swirl-tennis-skorts
2026-09-24,Cava Athleisure,Black Strap Back Sports Bra,XL,WSB819BKXL,824.0,9,0,7416.0,53,https://cavaathleisure.com/products/black-strap-back-sports-bra
2026-09-24,Cava Athleisure,Black Strap Back Sports Bra,XXL,WSB819BKXXL,824.0,2,0,1648.0,40,https://cavaathleisure.com/products/black-strap-back-sports-bra
2026-09-24,Cava Athleisure,Red Strap Back Sports Bra,XL,WSB819RDXL,824.0,5,0,4120.0,30,https://cavaathleisure.com/products/red-strap-back-sports-bra
2026-09-24,Cava Athleisure,Red Strap Back Sports Bra,XXL,WSB819RDXXL,824.0,3,0,2472.0,6,https://cavaathleisure.com/products/red-strap-back-sports-bra
2026-09-24,Cava Athleisure,Wine Sculptor Jacket,XS,WJK9SET5WRDXS,1264.0,4,0,5056.0,0,https://cavaathleisure.com/products/wine-sculptor-jacket
2026-09-24,Cava Athleisure,Wine Sculptor Jacket,S,WJK9SET5WRDS,1264.0,26,0,32864.0,9,https://cavaathleisure.com/products/wine-sculptor-jacket
2026-09-24,Cava Athleisure,Wine Sculptor Jacket,M,WJK9SET5WRDM,1264.0,19,0,24016.0,0,https://cavaathleisure.com/products/wine-sculptor-jacket
2026-09-24,Cava Athleisure,Wine Sculptor Jacket,L,WJK9SET5WRDL,1264.0,11,0,13904.0,0,https://cavaathleisure.com/products/wine-sculptor-jacket
2026-09-24,Cava Athleisure,Wine Sculptor Jacket,XXL,WJK9SET5WRDXXL,1264.0,12,0,15168.0,24,https://cavaathleisure.com/products/wine-sculptor-jacket
2026-09-24,Cava Athleisure,White Certified Hoopers Oversized Printed Tee - Men,M,MTS1613WHHCM,714.0,1,0,714.0,0,https://cavaathleisure.com/products/white-certified-hoopers-oversized-printed-tee-men
2026-09-24,Cava Athleisure,Grey Cava Buckle-up Bag,Free size,UNAC1416GY,1599.0,15,0,23985.0,80,https://cavaathleisure.com/products/grey-cava-buckle-up-bag
2026-09-24,Cava Athleisure,Dusky Purple Supima V Neck T-shirt - Regular Fit,M,MTS16CS102PUM,824.0,1,0,824.0,12,https://cavaathleisure.com/products/dusky-purple-supima-v-neck-t-shirt-regular-fit
2026-09-24,Cava Athleisure,Dusky Purple Supima V Neck T-shirt - Regular Fit,XL,MTS16CS102PUXL,824.0,2,0,1648.0,4,https://cavaathleisure.com/products/dusky-purple-supima-v-neck-t-shirt-regular-fit
2026-09-24,Cava Athleisure,Pine Supima Crew Neck T-Shirt - Regular Fit,XL,MTS16CS101GRXL,824.0,1,0,824.0,4,https://cavaathleisure.com/products/pine-supima-crew-neck-t-shirt
2026-09-24,Cava Athleisure,Pine Supima V Neck T-Shirt - Regular Fit,XXL,MTS16CS102GRXXL,824.0,0,1,0.0,9,https://cavaathleisure.com/products/pine-supima-v-neck-t-shirt
2026-09-24,Cava Athleisure,Ash Supima Polo T-Shirt - Regular Fit,L,MTS16CS103NYL,934.0,0,3,0.0,3,https://cavaathleisure.com/products/ash-supima-polo-t-shirt
2026-09-24,Cava Athleisure,Ash Supima Polo T-Shirt - Regular Fit,XL,MTS16CS103NYXL,934.0,2,0,1868.0,2,https://cavaathleisure.com/products/ash-supima-polo-t-shirt
2026-09-24,Cava Athleisure,Sand Supima Polo T-Shirt - Regular Fit,S,MTS16CS103BGS,934.0,1,0,934.0,3,https://cavaathleisure.com/products/sand-supima-polo-t-shirt
2026-09-24,Cava Athleisure,Sand Supima Polo T-Shirt - Regular Fit,XL,MTS16CS103BGXL,934.0,1,0,934.0,13,https://cavaathleisure.com/products/sand-supima-polo-t-shirt
2026-09-24,Cava Athleisure,Sand Supima Polo T-Shirt - Regular Fit,XXL,MTS16CS103BGXXL,934.0,1,0,934.0,19,https://cavaathleisure.com/products/sand-supima-polo-t-shirt
2026-09-24,Cava Athleisure,Pebble Cava Essential Sweatshirt,M,WTS11536BLM,989.0,0,1,0.0,1,https://cavaathleisure.com/products/pebble-cava-essential-sweatshirt
2026-09-24,Cava Athleisure,Pine Cava Essential Sweatshirt,S,WTS11536GRS,989.0,1,0,989.0,8,https://cavaathleisure.com/products/pine-cava-essential-sweatshirt
2026-09-24,Cava Athleisure,Blue Sky-Rise Leggings,S,WLG9SET3BLS,1099.0,0,1,0.0,1,https://cavaathleisure.com/products/blue-sky-rise-leggings
2026-09-24,Cava Athleisure,Blue Super Stretch Brami,S,WSB9SET3BLS,934.0,10,0,9340.0,90,https://cavaathleisure.com/products/blue-super-stretch-brami
2026-09-24,Cava Athleisure,Blue Super Stretch Brami,XL,WSB9SET3BLXL,934.0,2,0,1868.0,23,https://cavaathleisure.com/products/blue-super-stretch-brami
2026-09-24,Cava Athleisure,Wine Racerback Tank,XS,WTN1SET5RDXS,934.0,4,0,3736.0,21,https://cavaathleisure.com/products/wine-racerback-tank
2026-09-24,Cava Athleisure,Wine Racerback Tank,S,WTN1SET5RDS,934.0,23,0,21482.0,49,https://cavaathleisure.com/products/wine-racerback-tank
2026-09-24,Cava Athleisure,Wine Racerback Tank,L,WTN1SET5RDL,934.0,15,0,14010.0,42,https://cavaathleisure.com/products/wine-racerback-tank
2026-09-24,Cava Athleisure,Cobalt Overlap Tee,XS,WTP1SET2NY2XS,934.0,8,0,7472.0,42,https://cavaathleisure.com/products/cobalt-overlap-tee
2026-09-24,Cava Athleisure,Cobalt Overlap Tee,S,WTP1SET2NY2S,934.0,17,0,15878.0,16,https://cavaathleisure.com/products/cobalt-overlap-tee
2026-09-24,Cava Athleisure,Cobalt Overlap Tee,L,WTP1SET2NY2L,934.0,0,1,0.0,1,https://cavaathleisure.com/products/cobalt-overlap-tee
2026-09-24,Cava Athleisure,Cream Cava Essential Sweatshirt,S,WTS11536WHS,989.0,4,0,3956.0,36,https://cavaathleisure.com/products/cream-cava-essential-sweatshirt
2026-09-24,Cava Athleisure,Cream Cava Essential Sweatshirt,M,WTS11536WHM,989.0,2,0,1978.0,0,https://cavaathleisure.com/products/cream-cava-essential-sweatshirt
2026-09-24,Cava Athleisure,Cream Cava Essential Sweatshirt,XL,WTS11536WHXL,989.0,2,0,1978.0,27,https://cavaathleisure.com/products/cream-cava-essential-sweatshirt
2026-09-24,Cava Athleisure,Cream Cava Essential Sweatshirt,XXL,WTS11536WHXXL,989.0,1,0,989.0,15,https://cavaathleisure.com/products/cream-cava-essential-sweatshirt
2026-09-24,Cava Athleisure,Green Pulse Seamless Tee,XXL,MTS1CS121GRXXL,824.0,1,0,824.0,18,https://cavaathleisure.com/products/green-pulse-seamless-tee
2026-09-24,Cava Athleisure,Black Pulse Seamless Tee,XL,MTS1CS121BKXL,824.0,6,0,4944.0,95,https://cavaathleisure.com/products/black-pulse-seamless-tee
2026-09-24,Cava Athleisure,Black Pulse Seamless Tee,XXL,MTS1CS121BKXXL,824.0,6,0,4944.0,57,https://cavaathleisure.com/products/black-pulse-seamless-tee
2026-09-24,Cava Athleisure,Ash Pulse Seamless Tee,S,MTS1CS121NYS,824.0,4,0,3296.0,49,https://cavaathleisure.com/products/ash-pulse-seamless-tee
2026-09-24,Cava Athleisure,Ash Pulse Seamless Tee,L,MTS1CS121NYL,824.0,6,0,4944.0,48,https://cavaathleisure.com/products/ash-pulse-seamless-tee
2026-09-24,Cava Athleisure,Ash Pulse Seamless Tee,XL,MTS1CS121NYXL,824.0,4,0,3296.0,31,https://cavaathleisure.com/products/ash-pulse-seamless-tee
2026-09-24,Cava Athleisure,Ash Pulse Seamless Tee,XXL,MTS1CS121NYXXL,824.0,2,0,1648.0,28,https://cavaathleisure.com/products/ash-pulse-seamless-tee
2026-09-24,Cava Athleisure,Cobalt Silhouette Zip Top,S,WTP14ACU03BLS,934.0,2,0,1868.0,239,https://cavaathleisure.com/products/cobalt-silhouette-zip-top
2026-09-24,Cava Athleisure,Cobalt Silhouette Zip Top,XL,WTP14ACU03BLXL,934.0,1,0,934.0,44,https://cavaathleisure.com/products/cobalt-silhouette-zip-top
2026-09-24,Cava Athleisure,Brown Silhouette Zip Top,S,WTP14ACU03BNS,934.0,1,0,934.0,55,https://cavaathleisure.com/products/brown-silhouette-zip-top
2026-09-24,Cava Athleisure,Steel Blue Graphic Oversized Tee - Men,M,MTS1602PNYM,879.0,1,0,879.0,0,https://cavaathleisure.com/products/steel-blue-graphic-oversized-tee-men
2026-09-24,Cava Athleisure,Steel Blue Graphic Oversized Tee - Men,XL,MTS1602PNYXL,879.0,0,1,0.0,1,https://cavaathleisure.com/products/steel-blue-graphic-oversized-tee-men
2026-09-24,Cava Athleisure,Black Graphic Oversized Tee - Men,L,MTS1602PBKL,879.0,1,0,879.0,0,https://cavaathleisure.com/products/black-graphic-oversized-tee-men
2026-09-24,Cava Athleisure,Black Graphic Oversized Tee - Men,XXL,MTS1602PBKXXL,879.0,1,0,879.0,5,https://cavaathleisure.com/products/black-graphic-oversized-tee-men
2026-09-24,Cava Athleisure,Burgundy Contrast Trim Top,S,WSB1401RDS,989.0,4,0,3956.0,7,https://cavaathleisure.com/products/burgundy-contrast-trim-top
2026-09-24,Cava Athleisure,Burgundy Contrast Trim Top,M,WSB1401RDM,989.0,1,0,989.0,15,https://cavaathleisure.com/products/burgundy-contrast-trim-top
2026-09-24,Cava Athleisure,Burgundy Contrast Trim Top,L,WSB1401RDL,989.0,2,0,1978.0,3,https://cavaathleisure.com/products/burgundy-contrast-trim-top
2026-09-24,Cava Athleisure,Cobalt Overlap Tank,XS,WTN104NY2XS,879.0,0,1,0.0,1,https://cavaathleisure.com/products/cobalt-overlap-tank
2026-09-24,Cava Athleisure,Black Overlap Tank,XXL,WTN104BKXXL,879.0,0,1,0.0,2,https://cavaathleisure.com/products/black-overlap-tank
2026-09-24,Cava Athleisure,Charcoal Stride Golf Shorts,30,MSH112BL30,1264.0,2,0,2528.0,25,https://cavaathleisure.com/products/charcoal-stride-golf-shorts
2026-09-24,Cava Athleisure,Charcoal Stride Golf Shorts,32,MSH112BL32,1264.0,3,0,3792.0,22,https://cavaathleisure.com/products/charcoal-stride-golf-shorts
2026-09-24,Cava Athleisure,Charcoal Stride Golf Shorts,36,MSH112BL36,1264.0,2,0,2528.0,1,https://cavaathleisure.com/products/charcoal-stride-golf-shorts
2026-09-24,Cava Athleisure,Charcoal Stride Golf Shorts,38,MSH112BL38,1264.0,1,0,1264.0,0,https://cavaathleisure.com/products/charcoal-stride-golf-shorts
2026-09-24,Cava Athleisure,Black Stride Golf Shorts,32,MSH112BK32,1264.0,1,0,1264.0,16,https://cavaathleisure.com/products/black-stride-golf-shorts
2026-09-24,Cava Athleisure,Black Stride Golf Shorts,34,MSH112BK34,1264.0,0,1,0.0,20,https://cavaathleisure.com/products/black-stride-golf-shorts
2026-09-24,Cava Athleisure,Black Stride Golf Shorts,36,MSH112BK36,1264.0,2,0,2528.0,1,https://cavaathleisure.com/products/black-stride-golf-shorts
2026-09-24,Cava Athleisure,Cement Contrast Bonded Polo,M,MTS1405GYM,1099.0,2,0,2198.0,0,https://cavaathleisure.com/products/cement-contrast-bonded-polo
2026-09-24,Cava Athleisure,Black Contrast Bonded Polo,S,MTS1405BKS,1044.0,1,0,1044.0,18,https://cavaathleisure.com/products/black-contrast-bonded-polo
2026-09-24,Cava Athleisure,Black Contrast Bonded Polo,XXL,MTS1405BKXXL,1044.0,1,0,1044.0,0,https://cavaathleisure.com/products/black-contrast-bonded-polo
2026-09-24,Cava Athleisure,Cream Solid Oversized Tee - Men,XL,MTS1602SWHXL,824.0,1,0,824.0,2,https://cavaathleisure.com/products/cream-solid-oversized-tee-men
2026-09-24,Cava Athleisure,Jade Contrast Bonded Polo,M,MTS1405GRM,1099.0,2,0,2198.0,0,https://cavaathleisure.com/products/jade-contrast-bonded-polo
2026-09-24,Cava Athleisure,Jade Contrast Bonded Polo,L,MTS1405GRL,1099.0,2,0,2198.0,0,https://cavaathleisure.com/products/jade-contrast-bonded-polo
2026-09-24,Cava Athleisure,Cobalt Adaptive Track Pants,XS,WJR112NYXS,1264.0,1,0,1264.0,5,https://cavaathleisure.com/products/cobalt-adaptive-track-pants
2026-09-24,Cava Athleisure,Black Hourglass Snug Leggings,XS,WLG1010BKXS,934.0,10,0,9340.0,127,https://cavaathleisure.com/products/black-hourglass-snug-leggings
2026-09-24,Cava Athleisure,Black Hourglass Snug Leggings,S,WLG1010BKS,934.0,31,0,28954.0,325,https://cavaathleisure.com/products/black-hourglass-snug-leggings
2026-09-24,Cava Athleisure,Black Hourglass Snug Leggings,M,WLG1010BKM,934.0,73,0,68182.0,148,https://cavaathleisure.com/products/black-hourglass-snug-leggings
2026-09-24,Cava Athleisure,Black Hourglass Snug Leggings,L,WLG1010BKL,934.0,46,0,42964.0,150,https://cavaathleisure.com/products/black-hourglass-snug-leggings
2026-09-24,Cava Athleisure,Black Hourglass Snug Leggings,XL,WLG1010BKXL,934.0,39,0,36426.0,100,https://cavaathleisure.com/products/black-hourglass-snug-leggings
2026-09-24,Cava Athleisure,Black Hourglass Snug Leggings,XXL,WLG1010BKXXL,934.0,10,0,9340.0,99,https://cavaathleisure.com/products/black-hourglass-snug-leggings
2026-09-24,Cava Athleisure,Brown Hourglass Snug Leggings,M,WLG1010BNM,934.0,24,0,22416.0,47,https://cavaathleisure.com/products/brown-hourglass-snug-leggings
2026-09-24,Cava Athleisure,Brown Hourglass Snug Leggings,L,WLG1010BNL,934.0,7,0,6538.0,0,https://cavaathleisure.com/products/brown-hourglass-snug-leggings
2026-09-24,Cava Athleisure,Black Hourglass Booty Shorts,XS,WSH1008BKXS,879.0,16,0,14064.0,205,https://cavaathleisure.com/products/black-hourglass-booty-shorts
2026-09-24,Cava Athleisure,Black Hourglass Booty Shorts,S,WSH1008BKS,879.0,36,0,31644.0,799,https://cavaathleisure.com/products/black-hourglass-booty-shorts
2026-09-24,Cava Athleisure,Black Hourglass Booty Shorts,M,WSH1008BKM,879.0,64,0,56256.0,319,https://cavaathleisure.com/products/black-hourglass-booty-shorts
2026-09-24,Cava Athleisure,Black Hourglass Booty Shorts,L,WSH1008BKL,879.0,33,0,29007.0,75,https://cavaathleisure.com/products/black-hourglass-booty-shorts
2026-09-24,Cava Athleisure,Black Hourglass Booty Shorts,XL,WSH1008BKXL,879.0,13,0,11427.0,48,https://cavaathleisure.com/products/black-hourglass-booty-shorts
2026-09-24,Cava Athleisure,Black Hourglass Booty Shorts,XXL,WSH1008BKXXL,879.0,5,0,4395.0,14,https://cavaathleisure.com/products/black-hourglass-booty-shorts
2026-09-24,Cava Athleisure,Beige Wide Cargo Joggers,M,WJR5BEL532BGM,1264.0,1,0,1264.0,109,https://cavaathleisure.com/products/beige-wide-cargo-joggers
2026-09-24,Cava Athleisure,Black Hyper Mesh Sports Bra,XS,WSB102BKXS,1154.0,4,0,4616.0,51,https://cavaathleisure.com/products/black-hyper-mesh-sports-bra
2026-09-24,Cava Athleisure,Black Hyper Mesh Sports Bra,S,WSB102BKS,1154.0,15,0,17310.0,111,https://cavaathleisure.com/products/black-hyper-mesh-sports-bra
2026-09-24,Cava Athleisure,Black Hyper Mesh Sports Bra,M,WSB102BKM,1154.0,22,0,25388.0,163,https://cavaathleisure.com/products/black-hyper-mesh-sports-bra
2026-09-24,Cava Athleisure,Black Hyper Mesh Sports Bra,L,WSB102BKL,1154.0,8,0,9232.0,55,https://cavaathleisure.com/products/black-hyper-mesh-sports-bra
2026-09-24,Cava Athleisure,Black Hyper Mesh Sports Bra,XL,WSB102BKXL,1154.0,8,0,9232.0,69,https://cavaathleisure.com/products/black-hyper-mesh-sports-bra
2026-09-24,Cava Athleisure,Black Hyper Mesh Sports Bra,XXL,WSB102BKXXL,1154.0,5,0,5770.0,6,https://cavaathleisure.com/products/black-hyper-mesh-sports-bra
2026-09-24,Cava Athleisure,Moscow Blue Wide Cargo Joggers,M,WJR5BEL532BLM,1264.0,1,0,1264.0,45,https://cavaathleisure.com/products/moscow-blue-wide-cargo-joggers
2026-09-24,Cava Athleisure,Olive Stride Golf Shorts,36,MSH112GR36,1264.0,1,0,1264.0,0,https://cavaathleisure.com/products/olive-stride-golf-shorts
2026-09-24,Cava Athleisure,Toasted Cross Back Sports Bra,S,WSB14SET1BNS,934.0,0,93,0.0,93,https://cavaathleisure.com/products/toasted-cross-back-sports-bra
2026-09-24,Cava Athleisure,Toasted Cross Back Sports Bra,M,WSB14SET1BNM,934.0,0,90,0.0,90,https://cavaathleisure.com/products/toasted-cross-back-sports-bra
2026-09-24,Cava Athleisure,Toasted Cross Back Sports Bra,L,WSB14SET1BNL,934.0,0,1,0.0,1,https://cavaathleisure.com/products/toasted-cross-back-sports-bra
2026-09-24,Cava Athleisure,Toasted Cross Back Sports Bra,XL,WSB14SET1BNXL,934.0,0,88,0.0,88,https://cavaathleisure.com/products/toasted-cross-back-sports-bra
2026-09-24,Cava Athleisure,Toasted Cross Back Sports Bra,XXL,WSB14SET1BNXXL,934.0,2,0,1868.0,0,https://cavaathleisure.com/products/toasted-cross-back-sports-bra
2026-09-24,Cava Athleisure,Ruby Aerial Leggings,XS,WLG10Set12RDXS,1374.0,2,0,2748.0,33,https://cavaathleisure.com/products/ruby-aerial-leggings
2026-09-24,Cava Athleisure,Ruby Aerial Leggings,S,WLG10Set12RDS,1374.0,4,0,5496.0,107,https://cavaathleisure.com/products/ruby-aerial-leggings
2026-09-24,Cava Athleisure,Ruby Aerial Leggings,M,WLG10Set12RDM,1374.0,1,0,1374.0,114,https://cavaathleisure.com/products/ruby-aerial-leggings
2026-09-24,Cava Athleisure,Ruby Aerial Leggings,XL,WLG10Set12RDXL,1374.0,4,0,5496.0,26,https://cavaathleisure.com/products/ruby-aerial-leggings
2026-09-24,Cava Athleisure,Navy Overlap Tee,XS,WTP1SET2NYXS,934.0,0,1,0.0,1,https://cavaathleisure.com/products/navy-overlap-tee
2026-09-24,Cava Athleisure,Navy Overlap Tee,S,WTP1SET2NYS,934.0,0,1,0.0,1,https://cavaathleisure.com/products/navy-overlap-tee
2026-09-24,Cava Athleisure,Navy Overlap Tee,M,WTP1SET2NYM,934.0,0,2,0.0,2,https://cavaathleisure.com/products/navy-overlap-tee
2026-09-24,Cava Athleisure,Beige Baseline Polo,S,MTS5CS108BGS,934.0,1,0,934.0,0,https://cavaathleisure.com/products/beige-baseline-polo
2026-09-24,Cava Athleisure,Grey Baseline Polo,S,MTS5CS108GYS,934.0,1,0,934.0,0,https://cavaathleisure.com/products/grey-baseline-polo
2026-09-24,Cava Athleisure,Grey Baseline Polo,L,MTS5CS108GYL,934.0,1,0,934.0,1,https://cavaathleisure.com/products/grey-baseline-polo
2026-09-24,Cava Athleisure,Black Airy Resort Shirt,S,MTP1CS116BKS,1154.0,1,0,1154.0,0,https://cavaathleisure.com/products/black-airy-resort-shirt
2026-09-24,Cava Athleisure,Black Airy Resort Shirt,M,MTP1CS116BKM,1154.0,2,0,2308.0,37,https://cavaathleisure.com/products/black-airy-resort-shirt
2026-09-24,Cava Athleisure,Black Airy Resort Shirt,L,MTP1CS116BKL,1154.0,2,0,2308.0,30,https://cavaathleisure.com/products/black-airy-resort-shirt
2026-09-24,Cava Athleisure,Black Airy Resort Shirt,XL,MTP1CS116BKXL,1154.0,2,0,2308.0,5,https://cavaathleisure.com/products/black-airy-resort-shirt
2026-09-24,Cava Athleisure,Black Airy Resort Shirt,XXL,MTP1CS116BKXXL,1154.0,2,0,2308.0,21,https://cavaathleisure.com/products/black-airy-resort-shirt
2026-09-24,Cava Athleisure,Navy Airy Resort Shirt,S,MTP1CS116BLS,1154.0,2,0,2308.0,1,https://cavaathleisure.com/products/navy-airy-resort-shirt
2026-09-24,Cava Athleisure,Navy Airy Resort Shirt,M,MTP1CS116BLM,1154.0,2,0,2308.0,26,https://cavaathleisure.com/products/navy-airy-resort-shirt
2026-09-24,Cava Athleisure,Navy Airy Resort Shirt,L,MTP1CS116BLL,1154.0,3,0,3462.0,47,https://cavaathleisure.com/products/navy-airy-resort-shirt
2026-09-24,Cava Athleisure,Navy Airy Resort Shirt,XL,MTP1CS116BLXL,1154.0,2,0,2308.0,17,https://cavaathleisure.com/products/navy-airy-resort-shirt
2026-09-24,Cava Athleisure,Navy Airy Resort Shirt,XXL,MTP1CS116BLXXL,1154.0,2,0,2308.0,17,https://cavaathleisure.com/products/navy-airy-resort-shirt
2026-09-24,Cava Athleisure,Clay Airy Resort Shirt,S,MTP1CS116BGS,1154.0,2,0,2308.0,17,https://cavaathleisure.com/products/clay-airy-resort-shirt
2026-09-24,Cava Athleisure,Clay Airy Resort Shirt,M,MTP1CS116BGM,1154.0,2,0,2308.0,61,https://cavaathleisure.com/products/clay-airy-resort-shirt
2026-09-24,Cava Athleisure,Clay Airy Resort Shirt,L,MTP1CS116BGL,1154.0,2,0,2308.0,57,https://cavaathleisure.com/products/clay-airy-resort-shirt
2026-09-24,Cava Athleisure,Clay Airy Resort Shirt,XL,MTP1CS116BGXL,1154.0,2,0,2308.0,18,https://cavaathleisure.com/products/clay-airy-resort-shirt
2026-09-24,Cava Athleisure,Green Airy Resort Shirt,S,MTP1CS116GRS,1154.0,2,0,2308.0,4,https://cavaathleisure.com/products/green-airy-resort-shirt
2026-09-24,Cava Athleisure,Green Airy Resort Shirt,M,MTP1CS116GRM,1154.0,2,0,2308.0,44,https://cavaathleisure.com/products/green-airy-resort-shirt
2026-09-24,Cava Athleisure,Green Airy Resort Shirt,L,MTP1CS116GRL,1154.0,2,0,2308.0,39,https://cavaathleisure.com/products/green-airy-resort-shirt
2026-09-24,Cava Athleisure,Green Airy Resort Shirt,XL,MTP1CS116GRXL,1154.0,2,0,2308.0,21,https://cavaathleisure.com/products/green-airy-resort-shirt
2026-09-24,Cava Athleisure,Green Airy Resort Shirt,XXL,MTP1CS116GRXXL,1154.0,2,0,2308.0,23,https://cavaathleisure.com/products/green-airy-resort-shirt
2026-09-24,Cava Athleisure,Beige Stride Cargo Pants,38,MTR1CS118BG38,1209.0,0,1,0.0,6,https://cavaathleisure.com/products/beige-stride-cargo-pants
2026-09-24,Cava Athleisure,"Black 5"" Train-In Shorts",36,MSH1CS119BK36,1044.0,6,0,6264.0,31,https://cavaathleisure.com/products/black-5-train-in-shorts
2026-09-24,Cava Athleisure,"Navy 5"" Train-In Shorts",32,MSH1CS119NY32,1044.0,10,0,10440.0,52,https://cavaathleisure.com/products/navy-train-in-shorts
2026-09-24,Cava Athleisure,White Ace Bond Polo,M,MTS1CS122WHM,934.0,0,1,0.0,1,https://cavaathleisure.com/products/white-ace-bond-polo
2026-09-24,Cava Athleisure,White Ace Bond Polo,L,MTS1CS122WHL,934.0,0,1,0.0,1,https://cavaathleisure.com/products/white-ace-bond-polo
2026-09-24,Cava Athleisure,Pink Cross Back Sports Bra,XS,WSB14SET1PUXS,934.0,26,0,24284.0,71,https://cavaathleisure.com/products/pink-cross-back-sports-bra
2026-09-24,Cava Athleisure,Pink Cross Back Sports Bra,M,WSB14SET1PUM,934.0,72,0,67248.0,0,https://cavaathleisure.com/products/pink-cross-back-sports-bra
2026-09-24,Cava Athleisure,Pink Cross Back Sports Bra,L,WSB14SET1PUL,934.0,40,0,37360.0,2,https://cavaathleisure.com/products/pink-cross-back-sports-bra
2026-09-24,Cava Athleisure,Pink Cross Back Sports Bra,XL,WSB14SET1PUXL,934.0,17,0,15878.0,4,https://cavaathleisure.com/products/pink-cross-back-sports-bra
2026-09-24,Cava Athleisure,Pink Cross Back Sports Bra,XXL,WSB14SET1PUXXL,934.0,8,0,7472.0,25,https://cavaathleisure.com/products/pink-cross-back-sports-bra
2026-09-24,Cava Athleisure,Moscow Blue Cross Back Sports Bra,XS,WSB14SET1BLXS,934.0,12,0,11208.0,271,https://cavaathleisure.com/products/moscow-blue-cross-back-sports-bra
2026-09-24,Cava Athleisure,Moscow Blue Cross Back Sports Bra,S,WSB14SET1BLS,934.0,54,0,50436.0,93,https://cavaathleisure.com/products/moscow-blue-cross-back-sports-bra
2026-09-24,Cava Athleisure,Moscow Blue Cross Back Sports Bra,M,WSB14SET1BLM,934.0,72,0,67248.0,186,https://cavaathleisure.com/products/moscow-blue-cross-back-sports-bra
2026-09-24,Cava Athleisure,Moscow Blue Cross Back Sports Bra,L,WSB14SET1BLL,934.0,28,0,26152.0,274,https://cavaathleisure.com/products/moscow-blue-cross-back-sports-bra
2026-09-24,Cava Athleisure,Moscow Blue Cross Back Sports Bra,XL,WSB14SET1BLXL,934.0,13,0,12142.0,69,https://cavaathleisure.com/products/moscow-blue-cross-back-sports-bra
2026-09-24,Cava Athleisure,Moscow Blue Cross Back Sports Bra,XXL,WSB14SET1BLXXL,934.0,7,0,6538.0,61,https://cavaathleisure.com/products/moscow-blue-cross-back-sports-bra
2026-09-24,Cava Athleisure,Black Techpique Sleeveless Polo,XS,WTP10CS04BKXS,879.0,5,0,4395.0,15,https://cavaathleisure.com/products/black-techpique-sleeveless-polo
2026-09-24,Cava Athleisure,Black Techpique Sleeveless Polo,XL,WTP10CS04BKXL,879.0,3,0,2637.0,8,https://cavaathleisure.com/products/black-techpique-sleeveless-polo
2026-09-24,Cava Athleisure,White Techpique Sleeveless Polo,XXL,WTP10CS04WHXXL,879.0,1,0,879.0,5,https://cavaathleisure.com/products/white-techpique-sleeveless-polo
2026-09-24,Cava Athleisure,Pink Techpique Sleeveless Polo,XS,WTP10CS04PNXS,879.0,1,0,879.0,11,https://cavaathleisure.com/products/pink-techpique-sleeveless-polo
2026-09-24,Cava Athleisure,Pink Techpique Sleeveless Polo,S,WTP10CS04PNS,879.0,2,0,1758.0,20,https://cavaathleisure.com/products/pink-techpique-sleeveless-polo
2026-09-24,Cava Athleisure,Pink Techpique Sleeveless Polo,XL,WTP10CS04PNXL,879.0,2,0,1758.0,0,https://cavaathleisure.com/products/pink-techpique-sleeveless-polo
2026-09-24,Cava Athleisure,Black High Impact Sports Bra,XS,WSB1CS02BKXS,1299.0,5,0,6495.0,66,https://cavaathleisure.com/products/black-impact-sport-bra
2026-09-24,Cava Athleisure,Black High Impact Sports Bra,M,WSB1CS02BKM,1299.0,1,0,1299.0,0,https://cavaathleisure.com/products/black-impact-sport-bra
2026-09-24,Cava Athleisure,Black High Impact Sports Bra,XXL,WSB1CS02BKXXL,1299.0,0,2,0.0,2,https://cavaathleisure.com/products/black-impact-sport-bra
2026-09-24,Cava Athleisure,Ruby High Impact Sports Bra,XS,WSB1CS02RDXS,1299.0,2,0,2598.0,102,https://cavaathleisure.com/products/ruby-impact-sport-bra
2026-09-24,Cava Athleisure,Ruby High Impact Sports Bra,S,WSB1CS02RDS,1299.0,0,3,0.0,3,https://cavaathleisure.com/products/ruby-impact-sport-bra
2026-09-24,Cava Athleisure,Ruby High Impact Sports Bra,XL,WSB1CS02RDXL,1299.0,3,0,3897.0,0,https://cavaathleisure.com/products/ruby-impact-sport-bra
2026-09-24,Cava Athleisure,Ruby High Impact Sports Bra,XXL,WSB1CS02RDXXL,1299.0,0,1,0.0,3,https://cavaathleisure.com/products/ruby-impact-sport-bra
2026-09-24,Cava Athleisure,Black Ultra Support Sports Bra,XS,WSB1CS01BKXS,1044.0,12,0,12528.0,84,https://cavaathleisure.com/products/black-all-square-sports-bra
2026-09-24,Cava Athleisure,Black Ultra Support Sports Bra,S,WSB1CS01BKS,1044.0,31,0,32364.0,105,https://cavaathleisure.com/products/black-all-square-sports-bra
2026-09-24,Cava Athleisure,Black Ultra Support Sports Bra,M,WSB1CS01BKM,1044.0,51,0,53244.0,9,https://cavaathleisure.com/products/black-all-square-sports-bra
2026-09-24,Cava Athleisure,Black Ultra Support Sports Bra,L,WSB1CS01BKL,1044.0,34,0,35496.0,6,https://cavaathleisure.com/products/black-all-square-sports-bra
2026-09-24,Cava Athleisure,Black Ultra Support Sports Bra,XL,WSB1CS01BKXL,1044.0,0,1,0.0,1,https://cavaathleisure.com/products/black-all-square-sports-bra
2026-09-24,Cava Athleisure,Black Ultra Support Sports Bra,XXL,WSB1CS01BKXXL,1044.0,5,0,5220.0,0,https://cavaathleisure.com/products/black-all-square-sports-bra
2026-09-24,Cava Athleisure,Ruby Ultra Support Sports Bra,XS,WSB1CS01RDXS,1044.0,5,0,5220.0,188,https://cavaathleisure.com/products/ruby-all-square-sports-bra
2026-09-24,Cava Athleisure,Ruby Ultra Support Sports Bra,S,WSB1CS01RDS,1044.0,21,0,21924.0,462,https://cavaathleisure.com/products/ruby-all-square-sports-bra
2026-09-24,Cava Athleisure,Ruby Ultra Support Sports Bra,M,WSB1CS01RDM,1044.0,34,0,35496.0,761,https://cavaathleisure.com/products/ruby-all-square-sports-bra
2026-09-24,Cava Athleisure,Ruby Ultra Support Sports Bra,L,WSB1CS01RDL,1044.0,21,0,21924.0,577,https://cavaathleisure.com/products/ruby-all-square-sports-bra
2026-09-24,Cava Athleisure,Ruby Ultra Support Sports Bra,XL,WSB1CS01RDXL,1044.0,10,0,10440.0,386,https://cavaathleisure.com/products/ruby-all-square-sports-bra
2026-09-24,Cava Athleisure,Ruby Ultra Support Sports Bra,XXL,WSB1CS01RDXXL,1044.0,2,0,2088.0,121,https://cavaathleisure.com/products/ruby-all-square-sports-bra
2026-09-24,Cava Athleisure,Lilac Ultra Support Sports Bra,XS,WSB1CS01PUXS,1044.0,6,0,6264.0,99,https://cavaathleisure.com/products/lilac-all-square-sports-bra
2026-09-24,Cava Athleisure,Lilac Ultra Support Sports Bra,S,WSB1CS01PUS,1044.0,8,0,8352.0,101,https://cavaathleisure.com/products/lilac-all-square-sports-bra
2026-09-24,Cava Athleisure,Lilac Ultra Support Sports Bra,M,WSB1CS01PUM,1044.0,19,0,19836.0,81,https://cavaathleisure.com/products/lilac-all-square-sports-bra
2026-09-24,Cava Athleisure,Lilac Ultra Support Sports Bra,L,WSB1CS01PUL,1044.0,14,0,14616.0,96,https://cavaathleisure.com/products/lilac-all-square-sports-bra
2026-09-24,Cava Athleisure,Lilac Ultra Support Sports Bra,XL,WSB1CS01PUXL,1044.0,10,0,10440.0,33,https://cavaathleisure.com/products/lilac-all-square-sports-bra
2026-09-24,Cava Athleisure,Lilac Ultra Support Sports Bra,XXL,WSB1CS01PUXXL,1044.0,4,0,4176.0,32,https://cavaathleisure.com/products/lilac-all-square-sports-bra
2026-09-24,Cava Athleisure,Pink Plie Pleated Skort,XS,WSK10CS06PNXS,1209.0,14,0,16926.0,168,https://cavaathleisure.com/products/pink-pliee-pleated-skort
2026-09-24,Cava Athleisure,Pink Plie Pleated Skort,XXL,WSK10CS06PNXXL,1209.0,5,0,6045.0,44,https://cavaathleisure.com/products/pink-pliee-pleated-skort
2026-09-24,Cava Athleisure,Black Plie Pleated Skort,S,WSK10CS06BKS,1209.0,13,0,15717.0,248,https://cavaathleisure.com/products/black-pliee-pleated-skort
2026-09-24,Cava Athleisure,Black Plie Pleated Skort,M,WSK10CS06BKM,1209.0,9,0,10881.0,28,https://cavaathleisure.com/products/black-pliee-pleated-skort
2026-09-24,Cava Athleisure,Ivory Plie Pleated Skort,XS,WSK10CS06WHXS,1209.0,2,0,2418.0,178,https://cavaathleisure.com/products/ivory-pliee-pleated-skort
2026-09-24,Cava Athleisure,Ivory Plie Pleated Skort,S,WSK10CS06WHS,1209.0,10,0,12090.0,57,https://cavaathleisure.com/products/ivory-pliee-pleated-skort
2026-09-24,Cava Athleisure,Ivory Plie Pleated Skort,M,WSK10CS06WHM,1209.0,17,0,20553.0,25,https://cavaathleisure.com/products/ivory-pliee-pleated-skort
2026-09-24,Cava Athleisure,Ivory Plie Pleated Skort,L,WSK10CS06WHL,1209.0,14,0,16926.0,29,https://cavaathleisure.com/products/ivory-pliee-pleated-skort
2026-09-24,Cava Athleisure,Ivory Plie Pleated Skort,XL,WSK10CS06WHXL,1209.0,6,0,7254.0,68,https://cavaathleisure.com/products/ivory-pliee-pleated-skort
2026-09-24,Cava Athleisure,Ivory Plie Pleated Skort,XXL,WSK10CS06WHXXL,1209.0,5,0,6045.0,44,https://cavaathleisure.com/products/ivory-pliee-pleated-skort
2026-09-24,Cava Athleisure,Navy Plie Pleated Skort,XS,WSK10CS06NYXS,1209.0,8,0,9672.0,196,https://cavaathleisure.com/products/navy-pliee-pleated-skort
2026-09-24,Cava Athleisure,Navy Plie Pleated Skort,S,WSK10CS06NYS,1209.0,11,0,13299.0,229,https://cavaathleisure.com/products/navy-pliee-pleated-skort
2026-09-24,Cava Athleisure,Navy Plie Pleated Skort,M,WSK10CS06NYM,1209.0,10,0,12090.0,38,https://cavaathleisure.com/products/navy-pliee-pleated-skort
2026-09-24,Cava Athleisure,Navy Plie Pleated Skort,XL,WSK10CS06NYXL,1209.0,2,0,2418.0,14,https://cavaathleisure.com/products/navy-pliee-pleated-skort
2026-09-24,Cava Athleisure,Navy Plie Pleated Skort,XXL,WSK10CS06NYXXL,1209.0,3,0,3627.0,3,https://cavaathleisure.com/products/navy-pliee-pleated-skort
2026-09-24,Cava Athleisure,Ivory Courtside Dress,L,WDR1CS07WHL,1649.0,2,0,3298.0,3,https://cavaathleisure.com/products/ivory-courtside-dress
2026-09-24,Cava Athleisure,Steel Blue Sculptor Jacket,XS,WJK10Set5NYXS,1264.0,7,0,8848.0,92,https://cavaathleisure.com/products/steel-blue-sculptor-jacket
2026-09-24,Cava Athleisure,Steel Blue Sculptor Jacket,S,WJK10Set5NYS,1264.0,14,0,17696.0,220,https://cavaathleisure.com/products/steel-blue-sculptor-jacket
2026-09-24,Cava Athleisure,Steel Blue Sculptor Jacket,M,WJK10Set5NYM,1264.0,24,0,30336.0,489,https://cavaathleisure.com/products/steel-blue-sculptor-jacket
2026-09-24,Cava Athleisure,Steel Blue Sculptor Jacket,L,WJK10Set5NYL,1264.0,11,0,13904.0,263,https://cavaathleisure.com/products/steel-blue-sculptor-jacket
2026-09-24,Cava Athleisure,Steel Blue Sculptor Jacket,XL,WJK10Set5NYXL,1264.0,9,0,11376.0,2,https://cavaathleisure.com/products/steel-blue-sculptor-jacket
2026-09-24,Cava Athleisure,Steel Blue Sculptor Jacket,XXL,WJK10Set5NYXXL,1264.0,8,0,10112.0,40,https://cavaathleisure.com/products/steel-blue-sculptor-jacket
2026-09-24,Cava Athleisure,Pink Sculptor Jacket,S,WJK10Set5PNS,1264.0,58,0,73312.0,48,https://cavaathleisure.com/products/pink-sculptor-jacket
2026-09-24,Cava Athleisure,Pink Sculptor Jacket,M,WJK10Set5PNM,1264.0,53,0,66992.0,65,https://cavaathleisure.com/products/pink-sculptor-jacket
2026-09-24,Cava Athleisure,Pink Sculptor Jacket,L,WJK10Set5PNL,1264.0,37,0,46768.0,82,https://cavaathleisure.com/products/pink-sculptor-jacket
2026-09-24,Cava Athleisure,Pink Sculptor Jacket,XL,WJK10Set5PNXL,1264.0,10,0,12640.0,44,https://cavaathleisure.com/products/pink-sculptor-jacket
2026-09-24,Cava Athleisure,Pink Sculptor Jacket,XXL,WJK10Set5PNXXL,1264.0,5,0,6320.0,22,https://cavaathleisure.com/products/pink-sculptor-jacket
2026-09-24,Cava Athleisure,Teal Urban Zipper Polo,XL,MTS11CS120GRXL,934.0,1,0,934.0,6,https://cavaathleisure.com/products/green-urban-zipper-polo
2026-09-24,Cava Athleisure,Navy Everywear Joggers,M,MTR5CS111NYM,1099.0,7,0,7693.0,11,https://cavaathleisure.com/products/navy-everywear-pants
2026-09-24,Cava Athleisure,Navy Everywear Joggers,L,MTR5CS111NYL,1099.0,7,0,7693.0,39,https://cavaathleisure.com/products/navy-everywear-pants
2026-09-24,Cava Athleisure,Light Beige Everywear Joggers,M,MTR5CS111BGM,1099.0,5,0,5495.0,30,https://cavaathleisure.com/products/light-beige-everywear-pants
2026-09-24,Cava Athleisure,Light Beige Everywear Joggers,L,MTR5CS111BGL,1099.0,7,0,7693.0,40,https://cavaathleisure.com/products/light-beige-everywear-pants
2026-09-24,Cava Athleisure,Black Supima Polo T-shirt - Regular Fit,M,MTS5CS103BKM,934.0,0,1,0.0,1,https://cavaathleisure.com/products/black-supima-polo-t-shirt
2026-09-24,Cava Athleisure,Black Supima Polo T-shirt - Regular Fit,L,MTS5CS103BKL,934.0,0,1,0.0,31,https://cavaathleisure.com/products/black-supima-polo-t-shirt
2026-09-24,Cava Athleisure,Black Supima V Neck T-shirt - Regular Fit,XL,MTS5CS102BKXL,824.0,2,0,1648.0,18,https://cavaathleisure.com/products/black-supima-v-neck-t-shirt
2026-09-24,Cava Athleisure,Navy Supima V Neck T-shirt - Regular Fit,L,MTS5CS102NYL,824.0,1,0,824.0,60,https://cavaathleisure.com/products/navy-supima-v-neck-t-shirt
2026-09-24,Cava Athleisure,Navy Supima V Neck T-shirt - Regular Fit,XL,MTS5CS102NYXL,824.0,0,1,0.0,31,https://cavaathleisure.com/products/navy-supima-v-neck-t-shirt
2026-09-24,Cava Athleisure,Black Supima Crew Neck T-shirt - Relaxed Fit,XL,MTS5CS101BKXL,824.0,1,0,824.0,13,https://cavaathleisure.com/products/black-supima-essentials-crew-neck
2026-09-24,Cava Athleisure,Beige Supima V Neck T-shirt - Regular Fit,XL,MTS5CS102BGXL,824.0,0,1,0.0,6,https://cavaathleisure.com/products/beige-supima-v-neck-t-shirt
2026-09-24,Cava Athleisure,Beige Supima V Neck T-shirt - Regular Fit,XXL,MTS5CS102BGXXL,824.0,0,1,0.0,11,https://cavaathleisure.com/products/beige-supima-v-neck-t-shirt
2026-09-24,Cava Athleisure,Pink Super Stretch Brami,S,WSB9SET3PUS,934.0,1,0,934.0,2,https://cavaathleisure.com/products/pink-super-stretch-brami
2026-09-24,Cava Athleisure,Pink Super Stretch Brami,L,WSB9SET3PUL,934.0,4,0,3736.0,9,https://cavaathleisure.com/products/pink-super-stretch-brami
2026-09-24,Cava Athleisure,Pink Super Stretch Brami,XL,WSB9SET3PUXL,934.0,2,0,1868.0,6,https://cavaathleisure.com/products/pink-super-stretch-brami
2026-09-24,Cava Athleisure,Beige Supima Crew Neck T-shirt - Relaxed Fit,XXL,MTS5CS101BGXXL,824.0,0,1,0.0,5,https://cavaathleisure.com/products/beige-supima-crew-neck-t-shirt
2026-09-24,Cava Athleisure,Pink Pulse Biker Shorts,S,WSH9SET1PUS,934.0,2,0,1868.0,77,https://cavaathleisure.com/products/pink-pulse-biker-shorts
2026-09-24,Cava Athleisure,Pink Pulse Biker Shorts,L,WSH9SET1PUL,934.0,5,0,4670.0,3,https://cavaathleisure.com/products/pink-pulse-biker-shorts
2026-09-24,Cava Athleisure,Pink Pulse Biker Shorts,XL,WSH9SET1PUXL,934.0,3,0,2802.0,34,https://cavaathleisure.com/products/pink-pulse-biker-shorts
2026-09-24,Cava Athleisure,Ruby Tank Us Later Top,XS,TP-GEO-set3-008-YSH-Burgundy-XS,989.0,8,0,7912.0,35,https://cavaathleisure.com/products/ruby-tank-us-later-top
2026-09-24,Cava Athleisure,Ruby Tank Us Later Top,S,TP-GEO-set3-008-YSH-Burgundy-S,989.0,16,0,15824.0,98,https://cavaathleisure.com/products/ruby-tank-us-later-top
2026-09-24,Cava Athleisure,Ruby Tank Us Later Top,M,TP-GEO-set3-008-YSH-Burgundy-M,989.0,27,0,26703.0,123,https://cavaathleisure.com/products/ruby-tank-us-later-top
2026-09-24,Cava Athleisure,Ruby Tank Us Later Top,L,TP-GEO-set3-008-YSH-Burgundy-L,989.0,13,0,12857.0,125,https://cavaathleisure.com/products/ruby-tank-us-later-top
2026-09-24,Cava Athleisure,Ruby Tank Us Later Top,XL,TP-GEO-set3-008-YSH-Burgundy-XL,989.0,9,0,8901.0,22,https://cavaathleisure.com/products/ruby-tank-us-later-top
2026-09-24,Cava Athleisure,Steel Blue Swirl Tennis Skorts,XS,BTM-ying-set4-skort-blue-XS,1099.0,2,0,2198.0,26,https://cavaathleisure.com/products/steel-blue-swirl-tennis-skorts
2026-09-24,Cava Athleisure,Steel Blue Swirl Tennis Skorts,S,BTM-ying-set4-skort-blue-S,1099.0,8,0,8792.0,82,https://cavaathleisure.com/products/steel-blue-swirl-tennis-skorts
2026-09-24,Cava Athleisure,Steel Blue Swirl Tennis Skorts,M,BTM-ying-set4-skort-blue-M,1099.0,9,0,9891.0,112,https://cavaathleisure.com/products/steel-blue-swirl-tennis-skorts
2026-09-24,Cava Athleisure,Steel Blue Swirl Tennis Skorts,XL,BTM-ying-set4-skort-blue-XL,1099.0,1,0,1099.0,4,https://cavaathleisure.com/products/steel-blue-swirl-tennis-skorts
2026-09-24,Cava Athleisure,Steel Blue Swirl Tennis Skorts,XXL,BTM-ying-set4-skort-blue-XXL,1099.0,1,0,1099.0,18,https://cavaathleisure.com/products/steel-blue-swirl-tennis-skorts
2026-09-24,Cava Athleisure,Steel Blue Swirl Tennis Skorts,XXL,WSKSET4L45BLXXL,1099.0,1,0,1099.0,9,https://cavaathleisure.com/products/steel-blue-swirl-tennis-skorts
2026-09-24,Cava Athleisure,Sky Blue Sculpt Leggings,XS,BEL511-Vamos-104-Lightblue-XS,1099.0,3,0,3297.0,0,https://cavaathleisure.com/products/sky-blue-sculpt-leggings
2026-09-24,Cava Athleisure,Sky Blue Sculpt Leggings,S,BEL511-Vamos-104-Lightblue-S,1099.0,2,0,2198.0,1,https://cavaathleisure.com/products/sky-blue-sculpt-leggings
2026-09-24,Cava Athleisure,Sky Blue Sculpt Leggings,M,BEL511-Vamos-104-Lightblue-M,1099.0,7,0,7693.0,61,https://cavaathleisure.com/products/sky-blue-sculpt-leggings
2026-09-24,Cava Athleisure,Ivory Tank Us Later Top,XS,TP-GEO-set3-008-YSH-Ivory-XS,989.0,8,0,7912.0,118,https://cavaathleisure.com/products/ivory-tank-us-later-top
2026-09-24,Cava Athleisure,Ivory Tank Us Later Top,S,TP-GEO-set3-008-YSH-Ivory-S,989.0,25,0,24725.0,176,https://cavaathleisure.com/products/ivory-tank-us-later-top
2026-09-24,Cava Athleisure,Ivory Tank Us Later Top,M,TP-GEO-set3-008-YSH-Ivory-M,989.0,28,0,27692.0,193,https://cavaathleisure.com/products/ivory-tank-us-later-top
2026-09-24,Cava Athleisure,Ivory Tank Us Later Top,L,TP-GEO-set3-008-YSH-Ivory-L,989.0,15,0,14835.0,94,https://cavaathleisure.com/products/ivory-tank-us-later-top
2026-09-24,Cava Athleisure,Ivory Tank Us Later Top,XL,TP-GEO-set3-008-YSH-Ivory-XL,989.0,9,0,8901.0,31,https://cavaathleisure.com/products/ivory-tank-us-later-top
2026-09-24,Cava Athleisure,Ivory Tank Us Later Top,XXL,TP-GEO-set3-008-YSH-Ivory-XXL,989.0,4,0,3956.0,17,https://cavaathleisure.com/products/ivory-tank-us-later-top
2026-09-24,Cava Athleisure,Lilac Swirl Tennis Skorts,XXS,BTM-ying-set4-skort-purple-XXS,1099.0,1,0,1099.0,14,https://cavaathleisure.com/products/lilac-swirl-tennis-skort
2026-09-24,Cava Athleisure,Lilac Swirl Tennis Skorts,XS,BTM-ying-set4-skort-purple-XS,1099.0,3,0,3297.0,7,https://cavaathleisure.com/products/lilac-swirl-tennis-skort
2026-09-24,Cava Athleisure,Lilac Swirl Tennis Skorts,S,BTM-ying-set4-skort-purple-S,1099.0,7,0,7693.0,3,https://cavaathleisure.com/products/lilac-swirl-tennis-skort
2026-09-24,Cava Athleisure,Lilac Swirl Tennis Skorts,XL,BTM-ying-set4-skort-purple-XL,1099.0,4,0,4396.0,1,https://cavaathleisure.com/products/lilac-swirl-tennis-skort
2026-09-24,Cava Athleisure,Lilac Swirl Tennis Skorts,XXL,BTM-ying-set4-skort-purple-XXL,1099.0,1,0,1099.0,51,https://cavaathleisure.com/products/lilac-swirl-tennis-skort
2026-09-24,Cava Athleisure,Cappucino Cava Essential Sweatshirt,XS,TP536-VAMOS-98-CAPPUCCINO-XS,989.0,4,0,3956.0,60,https://cavaathleisure.com/products/cappucino-cava-essential-sweatshirt
2026-09-24,Cava Athleisure,Cappucino Cava Essential Sweatshirt,S,TP536-VAMOS-98-CAPPUCCINO-S,989.0,10,0,9890.0,135,https://cavaathleisure.com/products/cappucino-cava-essential-sweatshirt
2026-09-24,Cava Athleisure,Cappucino Cava Essential Sweatshirt,M,TP536-VAMOS-98-CAPPUCCINO-M,989.0,6,0,5934.0,257,https://cavaathleisure.com/products/cappucino-cava-essential-sweatshirt
2026-09-24,Cava Athleisure,Cappucino Cava Essential Sweatshirt,L,TP536-VAMOS-98-CAPPUCCINO-L,989.0,4,0,3956.0,198,https://cavaathleisure.com/products/cappucino-cava-essential-sweatshirt
2026-09-24,Cava Athleisure,Cappucino Cava Essential Sweatshirt,XL,TP536-VAMOS-98-CAPPUCCINO-XL,989.0,7,0,6923.0,135,https://cavaathleisure.com/products/cappucino-cava-essential-sweatshirt
2026-09-24,Cava Athleisure,Cappucino Cava Essential Sweatshirt,XXL,TP536-VAMOS-98-CAPPUCCINO-XXL,989.0,6,0,5934.0,77,https://cavaathleisure.com/products/cappucino-cava-essential-sweatshirt
2026-09-24,Cava Athleisure,Charcoal Zip-It-Up Top,S,TP-RON-set13-1574-Light-black-S,1264.0,3,0,3792.0,0,https://cavaathleisure.com/products/charcoal-zip-it-up-top
2026-09-24,Cava Athleisure,Mint Seamless Sculpt Tee,XL,TP-RON-set9-20230824-1-Lichen-XL,1099.0,0,2,0.0,6,https://cavaathleisure.com/products/mint-seamless-sculpt-tee
2026-09-24,Cava Athleisure,Blue Ease Wrap Top,M,TP-para-AWLC09-Poseidon-M,1209.0,0,1,0.0,24,https://cavaathleisure.com/products/azure-ease-wrap-top
2026-09-24,Cava Athleisure,Blue Ease Wrap Top,L,TP-para-AWLC09-Poseidon-L,1209.0,1,0,1209.0,0,https://cavaathleisure.com/products/azure-ease-wrap-top
2026-09-24,Cava Athleisure,Black Ease Wrap Top,M,TP-para-AWLC09-Jet-black-M,1209.0,2,0,2418.0,12,https://cavaathleisure.com/products/black-ease-wrap-top
2026-09-24,Cava Athleisure,Sand Ease Flare Pants,XS,BTM-para-AWLC05-Irish-cream-XS,1374.0,2,0,2748.0,6,https://cavaathleisure.com/products/taupe-ease-flare-pants
2026-09-24,Cava Athleisure,Sand Ease Flare Pants,S,BTM-para-AWLC05-Irish-cream-S,1374.0,2,0,2748.0,12,https://cavaathleisure.com/products/taupe-ease-flare-pants
2026-09-24,Cava Athleisure,Sand Ease Flare Pants,M,BTM-para-AWLC05-Irish-cream-M,1374.0,2,0,2748.0,23,https://cavaathleisure.com/products/taupe-ease-flare-pants
2026-09-24,Cava Athleisure,Sand Ease Flare Pants,L,BTM-para-AWLC05-Irish-cream-L,1374.0,2,0,2748.0,2,https://cavaathleisure.com/products/taupe-ease-flare-pants
2026-09-24,Cava Athleisure,Sand Ease Flare Pants,XXL,BTM-para-AWLC05-Irish-cream-XXL,1374.0,1,0,1374.0,1,https://cavaathleisure.com/products/taupe-ease-flare-pants
2026-09-24,Cava Athleisure,Sand Ease Wrap Top,XS,TP-para-AWLC09-Irish-cream-XS,1209.0,1,0,1209.0,3,https://cavaathleisure.com/products/taupe-ease-wrap-top
2026-09-24,Cava Athleisure,Sand Ease Wrap Top,S,TP-para-AWLC09-Irish-cream-S,1209.0,2,0,2418.0,21,https://cavaathleisure.com/products/taupe-ease-wrap-top
2026-09-24,Cava Athleisure,Sand Ease Wrap Top,M,TP-para-AWLC09-Irish-cream-M,1209.0,2,0,2418.0,39,https://cavaathleisure.com/products/taupe-ease-wrap-top
2026-09-24,Cava Athleisure,Sand Ease Wrap Top,L,TP-para-AWLC09-Irish-cream-L,1209.0,2,0,2418.0,22,https://cavaathleisure.com/products/taupe-ease-wrap-top
2026-09-24,Cava Athleisure,Sand Ease Wrap Top,XL,TP-para-AWLC09-Irish-cream-XL,1209.0,2,0,2418.0,8,https://cavaathleisure.com/products/taupe-ease-wrap-top
2026-09-24,Cava Athleisure,Blue Offgrid Cargos,S,BTM-shiv-AWLC07-Provincial-blue-S,1374.0,2,0,2748.0,4,https://cavaathleisure.com/products/blue-offgrid-cargos
2026-09-24,Cava Athleisure,Blue Offgrid Cargos,M,BTM-shiv-AWLC07-Provincial-blue-M,1374.0,3,0,4122.0,8,https://cavaathleisure.com/products/blue-offgrid-cargos
2026-09-24,Cava Athleisure,Blue Offgrid Cargos,L,BTM-shiv-AWLC07-Provincial-blue-L,1374.0,2,0,2748.0,16,https://cavaathleisure.com/products/blue-offgrid-cargos
2026-09-24,Cava Athleisure,Blue Offgrid Cargos,XL,BTM-shiv-AWLC07-Provincial-blue-XL,1374.0,2,0,2748.0,2,https://cavaathleisure.com/products/blue-offgrid-cargos
2026-09-24,Cava Athleisure,Red Nomad Cargo Pants,XS,BTM-para-AWLC19-Cardinal-XS,1374.0,1,0,1374.0,1,https://cavaathleisure.com/products/red-nomad-cargo-pants
2026-09-24,Cava Athleisure,Red Nomad Cargo Pants,S,BTM-para-AWLC19-Cardinal-S,1374.0,2,0,2748.0,13,https://cavaathleisure.com/products/red-nomad-cargo-pants
2026-09-24,Cava Athleisure,Red Nomad Cargo Pants,M,BTM-para-AWLC19-Cardinal-M,1374.0,2,0,2748.0,16,https://cavaathleisure.com/products/red-nomad-cargo-pants
2026-09-24,Cava Athleisure,Red Nomad Cargo Pants,L,BTM-para-AWLC19-Cardinal-L,1374.0,2,0,2748.0,11,https://cavaathleisure.com/products/red-nomad-cargo-pants
2026-09-24,Cava Athleisure,Red Nomad Cargo Pants,XL,BTM-para-AWLC19-Cardinal-XL,1374.0,2,0,2748.0,2,https://cavaathleisure.com/products/red-nomad-cargo-pants
2026-09-24,Cava Athleisure,Blush Overlap Tee,XS,TP-RON-set2-007-RON-Sepia-Rose-XS,934.0,4,0,3736.0,35,https://cavaathleisure.com/products/blush-overlap-tee
2026-09-24,Cava Athleisure,Blush Overlap Tee,S,TP-RON-set2-007-RON-Sepia-Rose-S,934.0,1,0,934.0,0,https://cavaathleisure.com/products/blush-overlap-tee
2026-09-24,Cava Athleisure,Black Aerial Leggings,XS,BTM-RON-set12-CK1429-Black-XS,1374.0,1,0,1374.0,0,https://cavaathleisure.com/products/black-aerial-leggings
2026-09-24,Cava Athleisure,Black Aerial Leggings,S,BTM-RON-set12-CK1429-Black-S,1374.0,4,0,5496.0,24,https://cavaathleisure.com/products/black-aerial-leggings
2026-09-24,Cava Athleisure,White Cross Back Sports Bra,S,TP-RON-set1-019-MNO-Coconut-Milk-S,934.0,97,0,90598.0,40,https://cavaathleisure.com/products/white-cross-back-sports-bra
2026-09-24,Cava Athleisure,White Cross Back Sports Bra,M,TP-RON-set1-019-MNO-Coconut-Milk-M,934.0,0,51,0.0,78,https://cavaathleisure.com/products/white-cross-back-sports-bra
2026-09-24,Cava Athleisure,White Cross Back Sports Bra,L,TP-RON-set1-019-MNO-Coconut-Milk-L,934.0,0,63,0.0,100,https://cavaathleisure.com/products/white-cross-back-sports-bra
2026-09-24,Cava Athleisure,White Cross Back Sports Bra,XL,TP-RON-set1-019-MNO-Coconut-Milk-XL,934.0,13,0,12142.0,59,https://cavaathleisure.com/products/white-cross-back-sports-bra
2026-09-24,Cava Athleisure,White Cross Back Sports Bra,XXL,TP-RON-set1-019-MNO-Coconut-Milk-XXL,934.0,6,0,5604.0,81,https://cavaathleisure.com/products/white-cross-back-sports-bra
2026-09-24,Cava Athleisure,Black Cross Back Sports Bra,XS,TP-RON-set1-019-MNO-Jet-Black-XS,934.0,25,0,23350.0,301,https://cavaathleisure.com/products/black-cross-back-sports-bra
2026-09-24,Cava Athleisure,Black Cross Back Sports Bra,S,TP-RON-set1-019-MNO-Jet-Black-S,934.0,66,0,61644.0,1537,https://cavaathleisure.com/products/black-cross-back-sports-bra
2026-09-24,Cava Athleisure,Black Cross Back Sports Bra,M,TP-RON-set1-019-MNO-Jet-Black-M,934.0,130,0,121420.0,1213,https://cavaathleisure.com/products/black-cross-back-sports-bra
2026-09-24,Cava Athleisure,Black Cross Back Sports Bra,L,TP-RON-set1-019-MNO-Jet-Black-L,934.0,54,0,50436.0,901,https://cavaathleisure.com/products/black-cross-back-sports-bra
2026-09-24,Cava Athleisure,Black Cross Back Sports Bra,XL,TP-RON-set1-019-MNO-Jet-Black-XL,934.0,24,0,22416.0,553,https://cavaathleisure.com/products/black-cross-back-sports-bra
2026-09-24,Cava Athleisure,Black Cross Back Sports Bra,XXL,TP-RON-set1-019-MNO-Jet-Black-XXL,934.0,7,0,6538.0,316,https://cavaathleisure.com/products/black-cross-back-sports-bra
2026-09-24,Cava Athleisure,Black Super Stretch Brami,XS,TP-RON-set3-006-RON-Jet-Black-XS,934.0,7,0,6538.0,202,https://cavaathleisure.com/products/black-super-stretch-brami
2026-09-24,Cava Athleisure,Black Super Stretch Brami,S,TP-RON-set3-006-RON-Jet-Black-S,934.0,20,0,18680.0,422,https://cavaathleisure.com/products/black-super-stretch-brami
2026-09-24,Cava Athleisure,Black Super Stretch Brami,M,TP-RON-set3-006-RON-Jet-Black-M,934.0,56,0,52304.0,440,https://cavaathleisure.com/products/black-super-stretch-brami
2026-09-24,Cava Athleisure,Black Super Stretch Brami,L,TP-RON-set3-006-RON-Jet-Black-L,934.0,23,0,21482.0,317,https://cavaathleisure.com/products/black-super-stretch-brami
2026-09-24,Cava Athleisure,Black Super Stretch Brami,XL,TP-RON-set3-006-RON-Jet-Black-XL,934.0,7,0,6538.0,57,https://cavaathleisure.com/products/black-super-stretch-brami
2026-09-24,Cava Athleisure,Black Super Stretch Brami,XXL,TP-RON-set3-006-RON-Jet-Black-XXL,934.0,3,0,2802.0,87,https://cavaathleisure.com/products/black-super-stretch-brami
2026-09-24,Cava Athleisure,Ruby Super Stretch Brami,XS,TP-RON-set3-006-RON-Anemone-XS,934.0,6,0,5604.0,368,https://cavaathleisure.com/products/ruby-super-stretch-brami
2026-09-24,Cava Athleisure,Ruby Super Stretch Brami,S,TP-RON-set3-006-RON-Anemone-S,934.0,15,0,14010.0,342,https://cavaathleisure.com/products/ruby-super-stretch-brami
2026-09-24,Cava Athleisure,Ruby Super Stretch Brami,M,TP-RON-set3-006-RON-Anemone-M,934.0,25,0,23350.0,356,https://cavaathleisure.com/products/ruby-super-stretch-brami
2026-09-24,Cava Athleisure,Ruby Super Stretch Brami,L,TP-RON-set3-006-RON-Anemone-L,934.0,15,0,14010.0,100,https://cavaathleisure.com/products/ruby-super-stretch-brami
2026-09-24,Cava Athleisure,Ruby Super Stretch Brami,XL,TP-RON-set3-006-RON-Anemone-XL,934.0,7,0,6538.0,70,https://cavaathleisure.com/products/ruby-super-stretch-brami
2026-09-24,Cava Athleisure,Ruby Super Stretch Brami,XXL,TP-RON-set3-006-RON-Anemone-XXL,934.0,4,0,3736.0,46,https://cavaathleisure.com/products/ruby-super-stretch-brami
2026-09-24,Cava Athleisure,Brunette Super Stretch Brami,S,TP-RON-set3-006-RON-Sorrel-Horse-S,934.0,0,1,0.0,1,https://cavaathleisure.com/products/brunette-super-stretch-brami
2026-09-24,Cava Athleisure,Black Sky-Rise Leggings,XS,BTM-RON-set3-RON-Jet-Black-XS,1099.0,13,0,14287.0,235,https://cavaathleisure.com/products/black-sky-rise-leggings
2026-09-24,Cava Athleisure,Black Sky-Rise Leggings,S,BTM-RON-set3-RON-Jet-Black-S,1099.0,14,0,15386.0,298,https://cavaathleisure.com/products/black-sky-rise-leggings
2026-09-24,Cava Athleisure,Black Sky-Rise Leggings,M,BTM-RON-set3-RON-Jet-Black-M,1099.0,27,0,29673.0,187,https://cavaathleisure.com/products/black-sky-rise-leggings
2026-09-24,Cava Athleisure,Black Sky-Rise Leggings,L,BTM-RON-set3-RON-Jet-Black-L,1099.0,23,0,25277.0,228,https://cavaathleisure.com/products/black-sky-rise-leggings
2026-09-24,Cava Athleisure,Black Sky-Rise Leggings,XL,BTM-RON-set3-RON-Jet-Black-XL,1099.0,11,0,12089.0,66,https://cavaathleisure.com/products/black-sky-rise-leggings
2026-09-24,Cava Athleisure,Black Sky-Rise Leggings,XXL,BTM-RON-set3-RON-Jet-Black-XXL,1099.0,7,0,7693.0,95,https://cavaathleisure.com/products/black-sky-rise-leggings
2026-09-24,Cava Athleisure,Ruby Sky-Rise Leggings,XS,BTM-RON-set3-RON-Anemone-XS,1099.0,7,0,7693.0,168,https://cavaathleisure.com/products/ruby-sky-rise-leggings
2026-09-24,Cava Athleisure,Ruby Sky-Rise Leggings,S,BTM-RON-set3-RON-Anemone-S,1099.0,18,0,19782.0,533,https://cavaathleisure.com/products/ruby-sky-rise-leggings
2026-09-24,Cava Athleisure,Ruby Sky-Rise Leggings,M,BTM-RON-set3-RON-Anemone-M,1099.0,21,0,23079.0,541,https://cavaathleisure.com/products/ruby-sky-rise-leggings
2026-09-24,Cava Athleisure,Ruby Sky-Rise Leggings,L,BTM-RON-set3-RON-Anemone-L,1099.0,13,0,14287.0,426,https://cavaathleisure.com/products/ruby-sky-rise-leggings
2026-09-24,Cava Athleisure,Ruby Sky-Rise Leggings,XL,BTM-RON-set3-RON-Anemone-XL,1099.0,10,0,10990.0,116,https://cavaathleisure.com/products/ruby-sky-rise-leggings
2026-09-24,Cava Athleisure,Ruby Sky-Rise Leggings,XXL,BTM-RON-set3-RON-Anemone-XXL,1099.0,6,0,6594.0,102,https://cavaathleisure.com/products/ruby-sky-rise-leggings
2026-09-24,Cava Athleisure,Brunette Sky-Rise Leggings,S,BTM-RON-set3-RON-Sorrel-Horse-S,1099.0,11,0,12089.0,206,https://cavaathleisure.com/products/brunette-sky-rise-leggings
2026-09-24,Cava Athleisure,Brunette Sky-Rise Leggings,M,BTM-RON-set3-RON-Sorrel-Horse-M,1099.0,11,0,12089.0,253,https://cavaathleisure.com/products/brunette-sky-rise-leggings
2026-09-24,Cava Athleisure,Ruby Racerback Tank,XS,TP-RON-set5-032-YSH-Anemone-XS,934.0,3,0,2802.0,28,https://cavaathleisure.com/products/ruby-racerback-tank
2026-09-24,Cava Athleisure,Ruby Racerback Tank,S,TP-RON-set5-032-YSH-Anemone-S,934.0,22,0,20548.0,62,https://cavaathleisure.com/products/ruby-racerback-tank
2026-09-24,Cava Athleisure,Ruby Racerback Tank,M,TP-RON-set5-032-YSH-Anemone-M,934.0,0,2,0.0,2,https://cavaathleisure.com/products/ruby-racerback-tank
2026-09-24,Cava Athleisure,Ruby Racerback Tank,L,TP-RON-set5-032-YSH-Anemone-L,934.0,13,0,12142.0,13,https://cavaathleisure.com/products/ruby-racerback-tank
2026-09-24,Cava Athleisure,Ruby Racerback Tank,XXL,TP-RON-set5-032-YSH-Anemone-XXL,934.0,7,0,6538.0,3,https://cavaathleisure.com/products/ruby-racerback-tank
2026-09-24,Cava Athleisure,Blush Airflow Leggings,XS/S,BTM-RON-set5-010-YSH-Sepia-Rose-XS/S,1374.0,0,1,0.0,6,https://cavaathleisure.com/products/blush-airflow-leggings
2026-09-24,Cava Athleisure,Mauve Tank Us Later Top,XS,TP-GEO-set3-008-YSH-Dull-purple-18-XS,989.0,9,0,8901.0,182,https://cavaathleisure.com/products/mauve-tank-us-later-top
2026-09-24,Cava Athleisure,Mauve Tank Us Later Top,S,TP-GEO-set3-008-YSH-Dull-purple-18-S,989.0,20,0,19780.0,190,https://cavaathleisure.com/products/mauve-tank-us-later-top
2026-09-24,Cava Athleisure,Mauve Tank Us Later Top,M,TP-GEO-set3-008-YSH-Dull-purple-18-M,989.0,16,0,15824.0,170,https://cavaathleisure.com/products/mauve-tank-us-later-top
2026-09-24,Cava Athleisure,Mauve Tank Us Later Top,L,TP-GEO-set3-008-YSH-Dull-purple-18-L,989.0,9,0,8901.0,157,https://cavaathleisure.com/products/mauve-tank-us-later-top
2026-09-24,Cava Athleisure,Mauve Tank Us Later Top,XL,TP-GEO-set3-008-YSH-Dull-purple-18-XL,989.0,4,0,3956.0,43,https://cavaathleisure.com/products/mauve-tank-us-later-top
2026-09-24,Cava Athleisure,Mauve Tank Us Later Top,XXL,TP-GEO-set3-008-YSH-Dull-purple-18-XXL,989.0,6,0,5934.0,55,https://cavaathleisure.com/products/mauve-tank-us-later-top
2026-09-24,Cava Athleisure,Ivory Sculptor Jacket,XS,TP-Reely-set5-jkt-Blanc-de-Blanc-XS,1264.0,17,0,21488.0,34,https://cavaathleisure.com/products/ivory-sculptor-jacket
2026-09-24,Cava Athleisure,Ivory Sculptor Jacket,S,TP-Reely-set5-jkt-Blanc-de-Blanc-S,1264.0,6,0,7584.0,0,https://cavaathleisure.com/products/ivory-sculptor-jacket
2026-09-24,Cava Athleisure,Ivory Sculptor Jacket,M,TP-Reely-set5-jkt-Blanc-de-Blanc-M,1264.0,15,0,18960.0,0,https://cavaathleisure.com/products/ivory-sculptor-jacket
2026-09-24,Cava Athleisure,Ivory Sculptor Jacket,L,TP-Reely-set5-jkt-Blanc-de-Blanc-L,1264.0,0,2,0.0,2,https://cavaathleisure.com/products/ivory-sculptor-jacket
2026-09-24,Cava Athleisure,Ivory Sculptor Jacket,XL,TP-Reely-set5-jkt-Blanc-de-Blanc-XL,1264.0,10,0,12640.0,22,https://cavaathleisure.com/products/ivory-sculptor-jacket
2026-09-24,Cava Athleisure,Black Sculptor Jacket,XS,TP-Reely-set5-jkt-Jet-Black-XS,1264.0,0,77,0.0,78,https://cavaathleisure.com/products/black-sculptor-jacket
2026-09-24,Cava Athleisure,Black Sculptor Jacket,S,TP-Reely-set5-jkt-Jet-Black-S,1264.0,100,0,126400.0,41,https://cavaathleisure.com/products/black-sculptor-jacket
2026-09-24,Cava Athleisure,Black Sculptor Jacket,M,TP-Reely-set5-jkt-Jet-Black-M,1264.0,0,12,0.0,12,https://cavaathleisure.com/products/black-sculptor-jacket
2026-09-24,Cava Athleisure,Black Sculptor Jacket,L,TP-Reely-set5-jkt-Jet-Black-L,1264.0,0,137,0.0,137,https://cavaathleisure.com/products/black-sculptor-jacket
2026-09-24,Cava Athleisure,Black Sculptor Jacket,XL,TP-Reely-set5-jkt-Jet-Black-XL,1264.0,0,112,0.0,112,https://cavaathleisure.com/products/black-sculptor-jacket
2026-09-24,Cava Athleisure,Black Sculptor Jacket,XXL,TP-Reely-set5-jkt-Jet-Black-XXL,1264.0,0,91,0.0,91,https://cavaathleisure.com/products/black-sculptor-jacket
2026-09-24,Cava Athleisure,Black Tank Us Later Top,XS,TP-GEO-set3-008-YSH-Black-02-XS,989.0,9,0,8901.0,24,https://cavaathleisure.com/products/black-tank-us-later-top
2026-09-24,Cava Athleisure,Black Tank Us Later Top,S,TP-GEO-set3-008-YSH-Black-02-S,989.0,3,0,2967.0,0,https://cavaathleisure.com/products/black-tank-us-later-top
2026-09-24,Cava Athleisure,Black Tank Us Later Top,L,TP-GEO-set3-008-YSH-Black-02-L,989.0,18,0,17802.0,1,https://cavaathleisure.com/products/black-tank-us-later-top
2026-09-24,Cava Athleisure,Black Tank Us Later Top,XL,TP-GEO-set3-008-YSH-Black-02-XL,989.0,9,0,8901.0,78,https://cavaathleisure.com/products/black-tank-us-later-top
2026-09-24,Cava Athleisure,Black Swirl Tennis Skorts,XS,BTM-Reely-set4-skirt-Jet-Black-XS,1099.0,10,0,10990.0,490,https://cavaathleisure.com/products/black-swirl-tennis-skorts
2026-09-24,Cava Athleisure,Black Swirl Tennis Skorts,XS,WSKSET4L45BKXS,1099.0,0,213,0.0,274,https://cavaathleisure.com/products/black-swirl-tennis-skorts
2026-09-24,Cava Athleisure,Black Swirl Tennis Skorts,S,BTM-Reely-set4-skirt-Jet-Black-S,1099.0,0,634,0.0,647,https://cavaathleisure.com/products/black-swirl-tennis-skorts
2026-09-24,Cava Athleisure,Black Swirl Tennis Skorts,S,WSKSET4L45BKS,1099.0,0,265,0.0,564,https://cavaathleisure.com/products/black-swirl-tennis-skorts
2026-09-24,Cava Athleisure,Black Swirl Tennis Skorts,M,BTM-Reely-set4-skirt-Jet-Black-M,1099.0,0,759,0.0,759,https://cavaathleisure.com/products/black-swirl-tennis-skorts
2026-09-24,Cava Athleisure,Black Swirl Tennis Skorts,M,WSKSET4L45BKM,1099.0,0,204,0.0,499,https://cavaathleisure.com/products/black-swirl-tennis-skorts
2026-09-24,Cava Athleisure,Black Swirl Tennis Skorts,L,BTM-Reely-set4-skirt-Jet-Black-L,1099.0,0,447,0.0,447,https://cavaathleisure.com/products/black-swirl-tennis-skorts
2026-09-24,Cava Athleisure,Black Swirl Tennis Skorts,L,WSKSET4L45BKL,1099.0,0,123,0.0,266,https://cavaathleisure.com/products/black-swirl-tennis-skorts
2026-09-24,Cava Athleisure,Black Swirl Tennis Skorts,XL,BTM-Reely-set4-skirt-Jet-Black-XL,1099.0,0,110,0.0,204,https://cavaathleisure.com/products/black-swirl-tennis-skorts
2026-09-24,Cava Athleisure,Black Swirl Tennis Skorts,XL,WSKSET4L45BKXL,1099.0,0,122,0.0,153,https://cavaathleisure.com/products/black-swirl-tennis-skorts
2026-09-24,Cava Athleisure,Black Swirl Tennis Skorts,XXL,BTM-Reely-set4-skirt-Jet-Black-XXL,1099.0,0,105,0.0,110,https://cavaathleisure.com/products/black-swirl-tennis-skorts
2026-09-24,Cava Athleisure,Black Swirl Tennis Skorts,XXL,WSKSET4L45BKXXL,1099.0,0,61,0.0,100,https://cavaathleisure.com/products/black-swirl-tennis-skorts
2026-09-24,Cava Athleisure,Black Swirl Tennis Skorts,XXXL,WSKSET4L45BKXXXL,1099.0,3,0,3297.0,0,https://cavaathleisure.com/products/black-swirl-tennis-skorts
2026-09-24,Cava Athleisure,Ivory Swirl Tennis Skorts,XXS,WSKSET445WHXXS,1099.0,0,1,0.0,13,https://cavaathleisure.com/products/ivory-swirl-tennis-skorts
2026-09-24,Cava Athleisure,Ivory Swirl Tennis Skorts,XS,BTM-Reely-set4-skirt-Blanc-de-Blanc-XS,1099.0,11,0,12089.0,17,https://cavaathleisure.com/products/ivory-swirl-tennis-skorts
2026-09-24,Cava Athleisure,Ivory Swirl Tennis Skorts,XS,WSKSET4L45WHXS,1099.0,1,0,1099.0,8,https://cavaathleisure.com/products/ivory-swirl-tennis-skorts
2026-09-24,Cava Athleisure,Ivory Swirl Tennis Skorts,S,WSKSET4L45WHS,1099.0,10,0,10990.0,83,https://cavaathleisure.com/products/ivory-swirl-tennis-skorts
2026-09-24,Cava Athleisure,Ivory Swirl Tennis Skorts,M,WSKSET4L45WHM,1099.0,12,0,13188.0,121,https://cavaathleisure.com/products/ivory-swirl-tennis-skorts
2026-09-24,Cava Athleisure,Ivory Swirl Tennis Skorts,L,WSKSET4L45WHL,1099.0,5,0,5495.0,38,https://cavaathleisure.com/products/ivory-swirl-tennis-skorts
2026-09-24,Cava Athleisure,Ivory Swirl Tennis Skorts,XL,BTM-Reely-set4-skirt-Blanc-de-Blanc-XL,1099.0,1,0,1099.0,7,https://cavaathleisure.com/products/ivory-swirl-tennis-skorts
2026-09-24,Cava Athleisure,Ivory Swirl Tennis Skorts,XXL,BTM-Reely-set4-skirt-Blanc-de-Blanc-XXL,1099.0,1,0,1099.0,24,https://cavaathleisure.com/products/ivory-swirl-tennis-skorts
2026-09-24,Cava Athleisure,Ivory Swirl Tennis Skorts,XXXL,WSKSET4L45WHXXL,1099.0,1,0,1099.0,12,https://cavaathleisure.com/products/ivory-swirl-tennis-skorts
2026-09-24,Cava Athleisure,Slate Blue Seamless Cinched Activewear Set,S,TP/BTM-UD-Light-blue-S/S,1649.0,30,0,49470.0,187,https://cavaathleisure.com/products/slate-blue-seamless-cinched-activewear-set
2026-09-24,Cava Athleisure,Slate Blue Seamless Cinched Activewear Set,S,TP/BTM-UD-Light-blue-S/M,1649.0,26,0,42874.0,171,https://cavaathleisure.com/products/slate-blue-seamless-cinched-activewear-set
2026-09-24,Cava Athleisure,Slate Blue Seamless Cinched Activewear Set,S,TP/BTM-UD-Light-blue-S/L,1649.0,12,0,19788.0,74,https://cavaathleisure.com/products/slate-blue-seamless-cinched-activewear-set
2026-09-24,Cava Athleisure,Slate Blue Seamless Cinched Activewear Set,M,TP/BTM-UD-Light-blue-M/S,1649.0,28,0,46172.0,210,https://cavaathleisure.com/products/slate-blue-seamless-cinched-activewear-set
2026-09-24,Cava Athleisure,Slate Blue Seamless Cinched Activewear Set,M,TP/BTM-UD-Light-blue-M/M,1649.0,24,0,39576.0,171,https://cavaathleisure.com/products/slate-blue-seamless-cinched-activewear-set
2026-09-24,Cava Athleisure,Slate Blue Seamless Cinched Activewear Set,M,TP/BTM-UD-Light-blue-M/L,1649.0,12,0,19788.0,74,https://cavaathleisure.com/products/slate-blue-seamless-cinched-activewear-set
2026-09-24,Cava Athleisure,Slate Blue Seamless Cinched Activewear Set,L,TP/BTM-UD-Light-blue-L/S,1649.0,14,0,23086.0,158,https://cavaathleisure.com/products/slate-blue-seamless-cinched-activewear-set
2026-09-24,Cava Athleisure,Slate Blue Seamless Cinched Activewear Set,L,TP/BTM-UD-Light-blue-L/M,1649.0,12,0,19788.0,158,https://cavaathleisure.com/products/slate-blue-seamless-cinched-activewear-set
2026-09-24,Cava Athleisure,Slate Blue Seamless Cinched Activewear Set,L,TP/BTM-UD-Light-blue-L/L,1649.0,11,0,18139.0,75,https://cavaathleisure.com/products/slate-blue-seamless-cinched-activewear-set
2026-09-24,Cava Athleisure,Auburn Seamless Cinched Activewear Set,S,TP/BTM-UD-Wine-red-S/S,1649.0,27,0,44523.0,305,https://cavaathleisure.com/products/auburn-seamless-cinched-activewear-set
2026-09-24,Cava Athleisure,Auburn Seamless Cinched Activewear Set,S,TP/BTM-UD-Wine-red-S/M,1649.0,27,0,44523.0,305,https://cavaathleisure.com/products/auburn-seamless-cinched-activewear-set
2026-09-24,Cava Athleisure,Auburn Seamless Cinched Activewear Set,S,TP/BTM-UD-Wine-red-S/L,1649.0,27,0,44523.0,305,https://cavaathleisure.com/products/auburn-seamless-cinched-activewear-set
2026-09-24,Cava Athleisure,Auburn Seamless Cinched Activewear Set,M,TP/BTM-UD-Wine-red-M/S,1649.0,36,0,59364.0,106,https://cavaathleisure.com/products/auburn-seamless-cinched-activewear-set
2026-09-24,Cava Athleisure,Auburn Seamless Cinched Activewear Set,M,TP/BTM-UD-Wine-red-M/M,1649.0,36,0,59364.0,106,https://cavaathleisure.com/products/auburn-seamless-cinched-activewear-set
2026-09-24,Cava Athleisure,Auburn Seamless Cinched Activewear Set,M,TP/BTM-UD-Wine-red-M/L,1649.0,36,0,59364.0,106,https://cavaathleisure.com/products/auburn-seamless-cinched-activewear-set
2026-09-24,Cava Athleisure,Auburn Seamless Cinched Activewear Set,L,TP/BTM-UD-Wine-red-L/S,1649.0,27,0,44523.0,79,https://cavaathleisure.com/products/auburn-seamless-cinched-activewear-set
2026-09-24,Cava Athleisure,Auburn Seamless Cinched Activewear Set,L,TP/BTM-UD-Wine-red-L/M,1649.0,27,0,44523.0,79,https://cavaathleisure.com/products/auburn-seamless-cinched-activewear-set
2026-09-24,Cava Athleisure,Auburn Seamless Cinched Activewear Set,L,TP/BTM-UD-Wine-red-L/L,1649.0,27,0,44523.0,79,https://cavaathleisure.com/products/auburn-seamless-cinched-activewear-set
2026-09-24,Cava Athleisure,Raven Black Seamless Cinched Activewear set,S,TP/BTM-UD-Jet-Black-S/S,1649.0,41,0,67609.0,313,https://cavaathleisure.com/products/raven-black-seamless-cinched-activewear-set
2026-09-24,Cava Athleisure,Raven Black Seamless Cinched Activewear set,S,TP/BTM-UD-Jet-Black-S/M,1649.0,75,0,123675.0,278,https://cavaathleisure.com/products/raven-black-seamless-cinched-activewear-set
2026-09-24,Cava Athleisure,Raven Black Seamless Cinched Activewear set,S,TP/BTM-UD-Jet-Black-S/L,1649.0,71,0,117079.0,354,https://cavaathleisure.com/products/raven-black-seamless-cinched-activewear-set
2026-09-24,Cava Athleisure,Raven Black Seamless Cinched Activewear set,M,TP/BTM-UD-Jet-Black-M/S,1649.0,51,0,84099.0,347,https://cavaathleisure.com/products/raven-black-seamless-cinched-activewear-set
2026-09-24,Cava Athleisure,Raven Black Seamless Cinched Activewear set,M,TP/BTM-UD-Jet-Black-M/M,1649.0,86,0,141814.0,312,https://cavaathleisure.com/products/raven-black-seamless-cinched-activewear-set
2026-09-24,Cava Athleisure,Raven Black Seamless Cinched Activewear set,M,TP/BTM-UD-Jet-Black-M/L,1649.0,82,0,135218.0,388,https://cavaathleisure.com/products/raven-black-seamless-cinched-activewear-set
2026-09-24,Cava Athleisure,Raven Black Seamless Cinched Activewear set,L,TP/BTM-UD-Jet-Black-L/S,1649.0,43,0,70907.0,346,https://cavaathleisure.com/products/raven-black-seamless-cinched-activewear-set
2026-09-24,Cava Athleisure,Raven Black Seamless Cinched Activewear set,L,TP/BTM-UD-Jet-Black-L/M,1649.0,77,0,126973.0,311,https://cavaathleisure.com/products/raven-black-seamless-cinched-activewear-set
2026-09-24,Cava Athleisure,Raven Black Seamless Cinched Activewear set,L,TP/BTM-UD-Jet-Black-L/L,1649.0,68,0,112132.0,387,https://cavaathleisure.com/products/raven-black-seamless-cinched-activewear-set
2026-09-24,Cava Athleisure,Auburn Contoured Seamless Sports Bra,XS,TP-UD-Wine-red-XS,659.0,8,0,5272.0,100,https://cavaathleisure.com/products/auburn-contoured-seamless-sports-bra
2026-09-24,Cava Athleisure,Auburn Contoured Seamless Sports Bra,S,TP-UD-Wine red-S,659.0,13,0,8567.0,308,https://cavaathleisure.com/products/auburn-contoured-seamless-sports-bra
2026-09-24,Cava Athleisure,Auburn Contoured Seamless Sports Bra,M,TP-UD-Wine red-M,659.0,18,0,11862.0,109,https://cavaathleisure.com/products/auburn-contoured-seamless-sports-bra
2026-09-24,Cava Athleisure,Auburn Contoured Seamless Sports Bra,L,TP-UD-Wine red-L,659.0,13,0,8567.0,82,https://cavaathleisure.com/products/auburn-contoured-seamless-sports-bra
2026-09-24,Cava Athleisure,Auburn Contoured Seamless Sports Bra,XL,TP-UD-Wine-red-XL,659.0,11,0,7249.0,62,https://cavaathleisure.com/products/auburn-contoured-seamless-sports-bra
2026-09-24,Cava Athleisure,Auburn Contoured Seamless Sports Bra,XXL,TP-UD-Wine-red-XXL,659.0,9,0,5931.0,64,https://cavaathleisure.com/products/auburn-contoured-seamless-sports-bra
2026-09-24,Cava Athleisure,Slate Blue Seamless Cinched Leggings,XS,BTM-UD-Light-blue-XS,934.0,11,0,10274.0,75,https://cavaathleisure.com/products/slate-blue-seamless-cinched-leggings
2026-09-24,Cava Athleisure,Slate Blue Seamless Cinched Leggings,S,BTM-UD-Light-blue-S,934.0,7,0,6538.0,624,https://cavaathleisure.com/products/slate-blue-seamless-cinched-leggings
2026-09-24,Cava Athleisure,Slate Blue Seamless Cinched Leggings,M,BTM-UD-Light-blue-M,934.0,11,0,10274.0,297,https://cavaathleisure.com/products/slate-blue-seamless-cinched-leggings
2026-09-24,Cava Athleisure,Slate Blue Seamless Cinched Leggings,L,BTM-UD-Light-blue-L,934.0,8,0,7472.0,113,https://cavaathleisure.com/products/slate-blue-seamless-cinched-leggings
2026-09-24,Cava Athleisure,Slate Blue Seamless Cinched Leggings,XL,BTM-UD-Light-Blue-XL,934.0,10,0,9340.0,99,https://cavaathleisure.com/products/slate-blue-seamless-cinched-leggings
2026-09-24,Cava Athleisure,Slate Blue Seamless Cinched Leggings,XXL,BTM-UD-Light-blue-XXL,934.0,6,0,5604.0,49,https://cavaathleisure.com/products/slate-blue-seamless-cinched-leggings
2026-09-24,Cava Athleisure,Auburn Seamless Cinched Leggings,XS,BTM-UD-wine-red-XS,934.0,8,0,7472.0,148,https://cavaathleisure.com/products/auburn-seamless-cinched-leggings
2026-09-24,Cava Athleisure,Auburn Seamless Cinched Leggings,S,BTM-UD-Wine red-S,934.0,13,0,12142.0,812,https://cavaathleisure.com/products/auburn-seamless-cinched-leggings
2026-09-24,Cava Athleisure,Auburn Seamless Cinched Leggings,M,BTM-UD-Wine red-M,934.0,30,0,28020.0,606,https://cavaathleisure.com/products/auburn-seamless-cinched-leggings
2026-09-24,Cava Athleisure,Auburn Seamless Cinched Leggings,L,BTM-UD-Wine red-L,934.0,19,0,17746.0,416,https://cavaathleisure.com/products/auburn-seamless-cinched-leggings
2026-09-24,Cava Athleisure,Auburn Seamless Cinched Leggings,XL,BTM-UD-wine-red-XL,934.0,10,0,9340.0,141,https://cavaathleisure.com/products/auburn-seamless-cinched-leggings
2026-09-24,Cava Athleisure,Auburn Seamless Cinched Leggings,XXL,BTM-UD-Wine-red-XXL,934.0,10,0,9340.0,97,https://cavaathleisure.com/products/auburn-seamless-cinched-leggings
2026-09-24,Cava Athleisure,Raven Black Seamless Cinched Leggings,XS,BTM-UD-Jet-Black-XS,934.0,14,0,13076.0,353,https://cavaathleisure.com/products/raven-black-seamless-cinched-leggings
2026-09-24,Cava Athleisure,Raven Black Seamless Cinched Leggings,S,BTM-UD-Jet-Black-S,934.0,16,0,14944.0,673,https://cavaathleisure.com/products/raven-black-seamless-cinched-leggings
2026-09-24,Cava Athleisure,Raven Black Seamless Cinched Leggings,M,BTM-UD-Jet-Black-M,934.0,43,0,40162.0,487,https://cavaathleisure.com/products/raven-black-seamless-cinched-leggings
2026-09-24,Cava Athleisure,Raven Black Seamless Cinched Leggings,L,BTM-UD-Jet-Black-L,934.0,45,0,42030.0,615,https://cavaathleisure.com/products/raven-black-seamless-cinched-leggings
2026-09-24,Cava Athleisure,Raven Black Seamless Cinched Leggings,XL,BTM-UD-Jet-Black-XL,934.0,22,0,20548.0,495,https://cavaathleisure.com/products/raven-black-seamless-cinched-leggings
2026-09-24,Cava Athleisure,Raven Black Seamless Cinched Leggings,XXL,BTM-UD-Jet-Black-XXL,934.0,14,0,13076.0,356,https://cavaathleisure.com/products/raven-black-seamless-cinched-leggings
2026-09-24,Cava Athleisure,Slate Blue Contoured Seamless Sports Bra,XS,TP-UD-Light-blue-XS,659.0,8,0,5272.0,64,https://cavaathleisure.com/products/slate-blue-contoured-seamless-sports-bra
2026-09-24,Cava Athleisure,Slate Blue Contoured Seamless Sports Bra,S,TP-UD-Light blue-S,659.0,13,0,8567.0,190,https://cavaathleisure.com/products/slate-blue-contoured-seamless-sports-bra
2026-09-24,Cava Athleisure,Slate Blue Contoured Seamless Sports Bra,M,TP-UD-Light blue-M,659.0,17,0,11203.0,212,https://cavaathleisure.com/products/slate-blue-contoured-seamless-sports-bra
2026-09-24,Cava Athleisure,Slate Blue Contoured Seamless Sports Bra,L,TP-UD-Light blue-L,659.0,5,0,3295.0,161,https://cavaathleisure.com/products/slate-blue-contoured-seamless-sports-bra
2026-09-24,Cava Athleisure,Slate Blue Contoured Seamless Sports Bra,XL,TP-UD-Light-blue-XL,659.0,7,0,4613.0,48,https://cavaathleisure.com/products/slate-blue-contoured-seamless-sports-bra
2026-09-24,Cava Athleisure,Slate Blue Contoured Seamless Sports Bra,XXL,TP-UD-Light-blue-XXL,659.0,4,0,2636.0,51,https://cavaathleisure.com/products/slate-blue-contoured-seamless-sports-bra
2026-09-24,Cava Athleisure,Raven Black Contoured Seamless Sports Bra,XS,TP-UD-Jet-Black-XS,659.0,12,0,7908.0,157,https://cavaathleisure.com/products/raven-black-contoured-seamless-sports-bra
2026-09-24,Cava Athleisure,Raven Black Contoured Seamless Sports Bra,S,TP-UD-Jet Black-S,659.0,31,0,20429.0,631,https://cavaathleisure.com/products/raven-black-contoured-seamless-sports-bra
2026-09-24,Cava Athleisure,Raven Black Contoured Seamless Sports Bra,M,TP-UD-Jet Black-M,659.0,42,0,27678.0,413,https://cavaathleisure.com/products/raven-black-contoured-seamless-sports-bra
2026-09-24,Cava Athleisure,Raven Black Contoured Seamless Sports Bra,L,TP-UD-Jet Black-L,659.0,18,0,11862.0,415,https://cavaathleisure.com/products/raven-black-contoured-seamless-sports-bra
2026-09-24,Cava Athleisure,Raven Black Contoured Seamless Sports Bra,XL,TP-UD-Jet-Black-XL,659.0,16,0,10544.0,199,https://cavaathleisure.com/products/raven-black-contoured-seamless-sports-bra
2026-09-24,Cava Athleisure,Raven Black Contoured Seamless Sports Bra,XXL,TP-UD-Jet-Black-XXL,659.0,9,0,5931.0,121,https://cavaathleisure.com/products/raven-black-contoured-seamless-sports-bra
2026-09-24,Cava Athleisure,Moscow Blue Cava Essential Sweatsuit,XS,CAVA essential sweatsuit-Vamos-87/90-TP536-JR536-MoscowBlue,2529.0,3,0,7587.0,0,https://cavaathleisure.com/products/moscow-blue-cava-essential-sweatsuit-1
2026-09-24,Cava Athleisure,Moscow Blue Cava Essential Sweatshirt,XS,TP536-Vamos-87-MoscowBlue-XS,989.0,6,0,5934.0,277,https://cavaathleisure.com/products/moscow-blue-cava-essential-sweatshirt
2026-09-24,Cava Athleisure,Moscow Blue Cava Essential Sweatshirt,S,TP536-Vamos-87-MoscowBlue-S,989.0,4,0,3956.0,465,https://cavaathleisure.com/products/moscow-blue-cava-essential-sweatshirt
2026-09-24,Cava Athleisure,Moscow Blue Cava Essential Sweatshirt,M,TP536-Vamos-87-MoscowBlue-M,989.0,9,0,8901.0,546,https://cavaathleisure.com/products/moscow-blue-cava-essential-sweatshirt
2026-09-24,Cava Athleisure,Moscow Blue Cava Essential Sweatshirt,L,TP536-Vamos-87-MoscowBlue-L,989.0,7,0,6923.0,444,https://cavaathleisure.com/products/moscow-blue-cava-essential-sweatshirt
2026-09-24,Cava Athleisure,Moscow Blue Cava Essential Sweatshirt,XL,TP536-Vamos-87-MoscowBlue-XL,989.0,10,0,9890.0,234,https://cavaathleisure.com/products/moscow-blue-cava-essential-sweatshirt
2026-09-24,Cava Athleisure,Moscow Blue Cava Essential Sweatshirt,XXL,TP536-Vamos-87-MoscowBlue-XXL,989.0,7,0,6923.0,181,https://cavaathleisure.com/products/moscow-blue-cava-essential-sweatshirt
2026-09-24,Cava Athleisure,Arctic White Straight Leg Slit Joggers,M,JR534-Vamos-75-ArticWhite-M,1264.0,1,0,1264.0,24,https://cavaathleisure.com/products/arctic-white-straight-leg-slit-joggers-1
2026-09-24,Cava Athleisure,Arctic White Straight Leg Slit Joggers,L,JR534-Vamos-75-ArticWhite-L,1264.0,3,0,3792.0,13,https://cavaathleisure.com/products/arctic-white-straight-leg-slit-joggers-1
2026-09-24,Cava Athleisure,Boston Black Straight Leg Slit Joggers,XS,JR534-Vamos-78-BostonBlack-XS,1264.0,1,0,1264.0,13,https://cavaathleisure.com/products/boston-black-straight-leg-slit-joggers
2026-09-24,Cava Athleisure,Boston Black Straight Leg Slit Joggers,M,JR534-Vamos-78-BostonBlack-M,1264.0,1,0,1264.0,12,https://cavaathleisure.com/products/boston-black-straight-leg-slit-joggers
2026-09-24,Cava Athleisure,Boston Black Cava Essential Sweatshirt,XS,TP536-Vamos-88-BostonBlack-XS,989.0,5,0,4945.0,67,https://cavaathleisure.com/products/boston-black-cava-essential-sweatshirt-1
2026-09-24,Cava Athleisure,Boston Black Cava Essential Sweatshirt,S,TP536-Vamos-88-BostonBlack-S,989.0,4,0,3956.0,162,https://cavaathleisure.com/products/boston-black-cava-essential-sweatshirt-1
2026-09-24,Cava Athleisure,Boston Black Cava Essential Sweatshirt,M,TP536-Vamos-88-BostonBlack-M,989.0,10,0,9890.0,42,https://cavaathleisure.com/products/boston-black-cava-essential-sweatshirt-1
2026-09-24,Cava Athleisure,Boston Black Cava Essential Sweatshirt,XL,TP536-Vamos-88-BostonBlack-XL,989.0,0,1,0.0,13,https://cavaathleisure.com/products/boston-black-cava-essential-sweatshirt-1
2026-09-24,Cava Athleisure,Boston Black Cava Essential Sweatshirt,XXL,TP536-Vamos-88-BostonBlack-XXL,989.0,2,0,1978.0,0,https://cavaathleisure.com/products/boston-black-cava-essential-sweatshirt-1
2026-09-24,Musclemind,Seamless Compression Half Sleeve T-shirt,M,8906189275975.0,2599.0,3,0,7797.0,94,https://musclemind.com/products/seamless-compression-half-sleeve-t-shirt
2026-09-24,Musclemind,Seamless Compression Half Sleeve T-shirt,L,8906189275982.0,2599.0,1,0,2599.0,94,https://musclemind.com/products/seamless-compression-half-sleeve-t-shirt
2026-09-24,Musclemind,Seamless Compression Half Sleeve T-shirt,XL,8906189275999.0,2599.0,4,0,10396.0,87,https://musclemind.com/products/seamless-compression-half-sleeve-t-shirt
2026-09-24,Musclemind,Womens Seamless Leggings + Womens Seamless Slim fit T-shirt (Purple),S,,2599.0,1,0,2599.0,74,https://musclemind.com/products/womens-seamless-leggings-womens-seamless-slim-fit-t-shirt-purple
2026-09-24,Musclemind,Womens Seamless Leggings + Womens Seamless Slim fit T-shirt (Purple),M,,2599.0,1,0,2599.0,74,https://musclemind.com/products/womens-seamless-leggings-womens-seamless-slim-fit-t-shirt-purple
2026-09-24,Musclemind,Womens Seamless Leggings + Womens Seamless Slim fit T-shirt (Teal),XS,,2599.0,1,0,2599.0,29,https://musclemind.com/products/womens-seamless-leggings-womens-seamless-slim-fit-t-shirt-teal
2026-09-24,Musclemind,Womens Seamless Leggings + Womens Seamless Slim fit T-shirt (Teal),XS,,2599.0,1,0,2599.0,29,https://musclemind.com/products/womens-seamless-leggings-womens-seamless-slim-fit-t-shirt-teal
2026-09-24,Musclemind,Womens Seamless Leggings + Womens Seamless Slim fit T-shirt (Teal),XS,,2599.0,1,0,2599.0,29,https://musclemind.com/products/womens-seamless-leggings-womens-seamless-slim-fit-t-shirt-teal
2026-09-24,Musclemind,Womens Seamless Leggings + Womens Seamless Slim fit T-shirt (Teal),XS,,2599.0,1,0,2599.0,29,https://musclemind.com/products/womens-seamless-leggings-womens-seamless-slim-fit-t-shirt-teal
2026-09-24,Musclemind,Womens Seamless Leggings + Womens Seamless Slim fit T-shirt (Teal),XS,,2599.0,1,0,2599.0,4,https://musclemind.com/products/womens-seamless-leggings-womens-seamless-slim-fit-t-shirt-teal
2026-09-24,Musclemind,Womens Seamless Leggings + Womens Seamless Slim fit T-shirt (Teal),S,,2599.0,1,0,2599.0,98,https://musclemind.com/products/womens-seamless-leggings-womens-seamless-slim-fit-t-shirt-teal
2026-09-24,Musclemind,Womens Seamless Leggings + Womens Seamless Slim fit T-shirt (Teal),S,,2599.0,1,0,2599.0,84,https://musclemind.com/products/womens-seamless-leggings-womens-seamless-slim-fit-t-shirt-teal
2026-09-24,Musclemind,Womens Seamless Leggings + Womens Seamless Slim fit T-shirt (Teal),S,,2599.0,1,0,2599.0,4,https://musclemind.com/products/womens-seamless-leggings-womens-seamless-slim-fit-t-shirt-teal
2026-09-24,Musclemind,Womens Seamless Leggings + Womens Seamless Slim fit T-shirt (Teal),M,,2599.0,1,0,2599.0,84,https://musclemind.com/products/womens-seamless-leggings-womens-seamless-slim-fit-t-shirt-teal
2026-09-24,Musclemind,Womens Seamless Leggings + Womens Seamless Slim fit T-shirt (Teal),M,,2599.0,1,0,2599.0,4,https://musclemind.com/products/womens-seamless-leggings-womens-seamless-slim-fit-t-shirt-teal
2026-09-24,Musclemind,Womens Seamless Leggings + Womens Seamless Slim fit T-shirt (Teal),L,,2599.0,1,0,2599.0,4,https://musclemind.com/products/womens-seamless-leggings-womens-seamless-slim-fit-t-shirt-teal
2026-09-24,Musclemind,Womens Tank Top + Womens Biker Shorts (Teal),M,,1999.0,1,0,1999.0,17,https://musclemind.com/products/womens-tank-top-womens-biker-shorts-teal
2026-09-24,Musclemind,Womens Tank Top + Womens Biker Shorts (Teal),L,,1999.0,1,0,1999.0,17,https://musclemind.com/products/womens-tank-top-womens-biker-shorts-teal
2026-09-24,Musclemind,Womens Sports Bra + Womens Cycling Shorts (Black),M,,2699.0,1,0,2699.0,25,https://musclemind.com/products/womens-sports-bra-womens-cycling-shorts-black
2026-09-24,Musclemind,Womens Sports Bra + Womens Cycling Shorts (Black),L,,2699.0,1,0,2699.0,25,https://musclemind.com/products/womens-sports-bra-womens-cycling-shorts-black
2026-09-24,Musclemind,Womens Sports Bra + Womens Biker Shorts (Teal),M,,2599.0,1,0,2599.0,17,https://musclemind.com/products/womens-sports-bra-womens-biker-shorts-teal
2026-09-24,Musclemind,Womens Sports Bra + Womens Biker Shorts (Teal),L,,2599.0,1,0,2599.0,17,https://musclemind.com/products/womens-sports-bra-womens-biker-shorts-teal
2026-09-24,Musclemind,Armouron Muscle Enhance Compression T-shirt,S,8906189275920.0,2499.0,0,43,0.0,45,https://musclemind.com/products/armouron-muscle-enhance-compression-t-shirt-1
2026-09-24,Musclemind,Armouron Muscle Enhance Compression T-shirt,M,8906189275937.0,2499.0,0,71,0.0,72,https://musclemind.com/products/armouron-muscle-enhance-compression-t-shirt-1
2026-09-24,Musclemind,Armouron Muscle Enhance Compression T-shirt,L,8906189275944.0,2499.0,0,55,0.0,55,https://musclemind.com/products/armouron-muscle-enhance-compression-t-shirt-1
2026-09-24,Musclemind,Armouron Muscle Enhance Compression T-shirt,XL,8906189275951.0,2499.0,0,40,0.0,42,https://musclemind.com/products/armouron-muscle-enhance-compression-t-shirt-1
2026-09-24,Musclemind,High Waist Flare Pants,XXL,8906189276132.0,1999.0,1,0,1999.0,9,https://musclemind.com/products/high-waist-flare-pants
2026-09-24,Musclemind,High Waist Flare Pants,XS,8906189275616.0,1999.0,1,0,1999.0,12,https://musclemind.com/products/high-waist-flare-pants-navy-blue
2026-09-24,Musclemind,High Waist Flare Pants,M,8906189275630.0,1999.0,0,2,0.0,28,https://musclemind.com/products/high-waist-flare-pants-navy-blue
2026-09-24,Musclemind,Core Training Ultralight T-shirt,XL,8906189274947.0,1799.0,1,0,1799.0,16,https://musclemind.com/products/core-training-ultralight-t-shirt-1
2026-09-24,Musclemind,Core Motion Training T-shirt,L,8906189275135.0,1599.0,1,0,1599.0,15,https://musclemind.com/products/core-motion-training-t-shirt-1
2026-09-24,Musclemind,Core Motion Training T-shirt,L,8906189275081.0,1599.0,1,0,1599.0,12,https://musclemind.com/products/core-motion-training-t-shirt
2026-09-24,Musclemind,Womens Seamless Slim fit T-shirt,L,8906189274435.0,1299.0,1,0,1299.0,74,https://musclemind.com/products/womens-seamless-slim-fit-t-shirt-purple
2026-09-24,Musclemind,Womens Seamless Slim fit T-shirt,M,8906189274374.0,1299.0,1,0,1299.0,84,https://musclemind.com/products/womens-seamless-slim-fit-t-shirt-teal
2026-09-24,Musclemind,Womens Seamless Slim fit T-shirt,XL,8906189274398.0,1299.0,1,0,1299.0,4,https://musclemind.com/products/womens-seamless-slim-fit-t-shirt-teal
2026-09-24,Musclemind,Womens Seamless Leggings,XS,8906189273902.0,2199.0,1,0,2199.0,29,https://musclemind.com/products/womens-seamless-leggings-teal
2026-09-24,Musclemind,Womens Seamless Leggings,S,8906189273919.0,2199.0,1,0,2199.0,98,https://musclemind.com/products/womens-seamless-leggings-teal
2026-09-24,Musclemind,Womens Biker Shorts,M,8906189273773.0,1899.0,1,0,1899.0,17,https://musclemind.com/products/womens-biker-shorts-teal
2026-09-24,Musclemind,Mens Flat Knit Polo,L,8906189273070.0,1799.0,0,1,0.0,12,https://musclemind.com/products/mens-flat-knit-polo-black
2026-09-24,Musclemind,High Waist Flare Pants,S,8906189272660.0,1999.0,0,1,0.0,16,https://musclemind.com/products/high-waist-flare-pants-black
2026-09-24,Musclemind,High Waist Flare Pants,L,8906189272684.0,1999.0,1,0,1999.0,69,https://musclemind.com/products/high-waist-flare-pants-black
2026-09-24,Musclemind,Womens Cycling Shorts,M,8906189273575.0,1999.0,1,0,1999.0,25,https://musclemind.com/products/womens-cycling-shorts-black
2026-09-24,Musclemind,Seamless Compression Half Sleeve T-shirt,L,8906189270314.0,2599.0,4,0,10396.0,4,https://musclemind.com/products/seamless-compression-half-sleeve-t-shirt-dark-grey
2026-09-24,Musclemind,Seamless Compression Half Sleeve T-shirt,XS,8906189275678.0,2599.0,1,0,2599.0,30,https://musclemind.com/products/seamless-compression-half-sleeve-t-shirt-off-white
2026-09-24,Musclemind,Seamless Compression Half Sleeve T-shirt,S,8906189270185.0,2599.0,1,0,2599.0,77,https://musclemind.com/products/seamless-compression-half-sleeve-t-shirt-off-white
2026-09-24,Musclemind,Seamless Compression Half Sleeve T-shirt,M,8906189270338.0,2599.0,1,0,2599.0,66,https://musclemind.com/products/seamless-compression-half-sleeve-t-shirt-off-white
2026-09-24,Musclemind,Seamless Compression Half Sleeve T-shirt,L,8906189270345.0,2599.0,0,1,0.0,22,https://musclemind.com/products/seamless-compression-half-sleeve-t-shirt-off-white
2026-09-24,Musclemind,Vogue Polo Full Sleeves T-Shirt,XS,8906189270710.0,999.0,1,0,999.0,7,https://musclemind.com/products/vogue-polo-full-sleeves-t-shirt-grey
2026-09-24,Musclemind,Seamless Workout Leggings,L,8906189270505.0,2199.0,1,0,2199.0,52,https://musclemind.com/products/seamless-workout-leggings-dark-mauve
2026-09-24,Kosher Casual,Premium Sleeveless Layering Tank Top with Full Shoulder Coverage,Large,1271-AL-OF,21.9,1,0,21.9,0,http://koshercasual.com/products/premium-sleeveless-shell-top-with-full-shoulder-coverage-layering-tank-top
2026-09-24,Kosher Casual,Crop Top Sleeveless Tank Top with Full Shoulder Coverage Modest Neckline,X-Small,1621-AXS-BK,21.9,2,0,43.8,0,http://koshercasual.com/products/modest-neck-cropped-layering-shell-cotton-spandex-sleeveless-tank
2026-09-24,Kosher Casual,Crop Top Sleeveless Tank Top with Full Shoulder Coverage Modest Neckline,Small,1621-AS-OF,21.9,1,0,21.9,0,http://koshercasual.com/products/modest-neck-cropped-layering-shell-cotton-spandex-sleeveless-tank
2026-09-24,Kosher Casual,Crop Top Sleeveless Tank Top with Full Shoulder Coverage Modest Neckline,X-Large,1621-AXL-CLG,21.9,1,0,21.9,0,http://koshercasual.com/products/modest-neck-cropped-layering-shell-cotton-spandex-sleeveless-tank
2026-09-24,Kosher Casual,Essential 3/4 Sleeve Modest Crew Neckline Shell - Versatile Layering Top,Medium,1258-AM-CH,23.9,1,0,23.9,2,http://koshercasual.com/products/essential-3-4-sleeve-modest-crew-neckline-shell-versatile-layering-top
2026-09-24,Kosher Casual,Women's Cotton Spandex Stretch Knee-Length Modest Pencil Skirt,XX-Large,1434-AXXL-N,31.9,3,0,95.69999999999999,2,http://koshercasual.com/products/stretch-knee-length-pencil-skirt-for-women-in-cotton-spandex
2026-09-24,Kosher Casual,Mid-Calf Pencil Skirt in Cotton Spandex – No Slits,Medium,1470-AM-W,31.9,1,0,31.9,1,http://koshercasual.com/products/mid-calf-pencil-skirt-in-cotton-spandex-no-slits
2026-09-24,Kosher Casual,Plus Size Women's Cotton Spandex Stretch Knee-Length Pencil Skirt,20,1434-20-OL,38.9,1,0,38.9,8,http://koshercasual.com/products/plus-size-stretch-knee-length-pencil-skirt-for-women-in-cotton-spandex
2026-09-24,Kosher Casual,Women's Stretch Maxi Pencil Skirt - Cotton Blend and No Slits,Medium,1474-AM-W,35.9,1,0,35.9,5,http://koshercasual.com/products/womens-maxi-maxi-pencil-skirt-stretch-cotton-blend-and-no-slits
2026-09-24,Kosher Casual,Women's Stretch Maxi Pencil Skirt - Cotton Blend and No Slits,Medium,1474-AM-BG,35.9,1,0,35.9,6,http://koshercasual.com/products/womens-maxi-maxi-pencil-skirt-stretch-cotton-blend-and-no-slits
2026-09-24,Kosher Casual,Women's Stretch Maxi Pencil Skirt - Cotton Blend and No Slits,Medium,1474-AM-WLT,35.9,1,0,35.9,3,http://koshercasual.com/products/womens-maxi-maxi-pencil-skirt-stretch-cotton-blend-and-no-slits
2026-09-24,Kosher Casual,Women's Flowing Long Maxi Skirt with Pockets - Full Covered Elastic Waist,X-Large,1465-AXL-AU,44.9,1,0,44.9,0,http://koshercasual.com/products/womens-flowing-long-maxi-skirt-with-pockets-full-covered-elastic-waist
2026-09-24,Kosher Casual,Modest Layering Dress with 3/4 Sleeves and No Slits,Large,1629-AL-OF,34.9,1,0,34.9,0,http://koshercasual.com/products/modest-layering-dress-with-3-4-sleeves-and-no-slits
