date,store_name,product_name,size,sku,price,units_sold,units_restocked,estimated_revenue,stock_remaining_today,product_url
2026-09-19,Cava Athleisure,Ivory Everywear Leisure Tee,S,MTS1422WHS,699.0,1,0,699.0,99,https://cavaathleisure.com/products/ivory-everywear-leisure-tee
2026-09-19,Cava Athleisure,Ivory Everywear Leisure Tee,L,MTS1422WHL,699.0,2,0,1398.0,112,https://cavaathleisure.com/products/ivory-everywear-leisure-tee
2026-09-19,Cava Athleisure,Ivory Cotton Leisure Shorts,S,MSH1622WHS,799.0,1,0,799.0,51,https://cavaathleisure.com/products/ivory-cotton-leisure-shorts
2026-09-19,Cava Athleisure,Cherry ADPT™ Wrap Top,XS,WTP10245CRDXS,1299.0,1,0,1299.0,45,https://cavaathleisure.com/products/cherry-adpt-wrap-top
2026-09-19,Cava Athleisure,Cherry ADPT™ Wrap Top,S,WTP10245CRDS,1299.0,3,0,3897.0,145,https://cavaathleisure.com/products/cherry-adpt-wrap-top
2026-09-19,Cava Athleisure,Cherry ADPT™ Wrap Top,M,WTP10245CRDM,1299.0,3,0,3897.0,123,https://cavaathleisure.com/products/cherry-adpt-wrap-top
2026-09-19,Cava Athleisure,Cherry ADPT™ Wrap Top,L,WTP10245CRDL,1299.0,0,3,0.0,101,https://cavaathleisure.com/products/cherry-adpt-wrap-top
2026-09-19,Cava Athleisure,Cherry ADPT™ Wrap Top,XXL,WTP10245CRDXXL,1299.0,0,1,0.0,24,https://cavaathleisure.com/products/cherry-adpt-wrap-top
2026-09-19,Cava Athleisure,Plum Cotton Flared Leggings,S,WFP6221PUS,1599.0,1,0,1599.0,90,https://cavaathleisure.com/products/plum-cotton-flared-leggings
2026-09-19,Cava Athleisure,Plum Cotton Flared Leggings,M,WFP6221PUM,1599.0,1,0,1599.0,80,https://cavaathleisure.com/products/plum-cotton-flared-leggings
2026-09-19,Cava Athleisure,Navy Cotton Flared Leggings,S,WFP6221NYS,1599.0,1,0,1599.0,105,https://cavaathleisure.com/products/navy-cotton-flared-leggings
2026-09-19,Cava Athleisure,Navy Cotton Flared Leggings,M,WFP6221NYM,1599.0,0,1,0.0,129,https://cavaathleisure.com/products/navy-cotton-flared-leggings
2026-09-19,Cava Athleisure,Navy Cotton Flared Leggings,L,WFP6221NYL,1599.0,1,0,1599.0,103,https://cavaathleisure.com/products/navy-cotton-flared-leggings
2026-09-19,Cava Athleisure,Teal Contour Flared Leggings,XS,WFP3720GRXS,1399.0,1,0,1399.0,58,https://cavaathleisure.com/products/teal-contour-flared-leggings
2026-09-19,Cava Athleisure,Teal Contour Flared Leggings,M,WFP3720GRM,1399.0,0,1,0.0,160,https://cavaathleisure.com/products/teal-contour-flared-leggings
2026-09-19,Cava Athleisure,Teal Contour Flared Leggings,L,WFP3720GRL,1399.0,2,0,2798.0,113,https://cavaathleisure.com/products/teal-contour-flared-leggings
2026-09-19,Cava Athleisure,Teal Contour Flared Leggings,XXL,WFP3720GRXXL,1399.0,1,0,1399.0,34,https://cavaathleisure.com/products/teal-contour-flared-leggings
2026-09-19,Cava Athleisure,Purple Contour Flared Leggings,XS,WFP3720PUXS,1399.0,2,0,2798.0,70,https://cavaathleisure.com/products/purple-contour-flared-leggings
2026-09-19,Cava Athleisure,Purple Contour Flared Leggings,L,WFP3720PUL,1399.0,1,0,1399.0,118,https://cavaathleisure.com/products/purple-contour-flared-leggings
2026-09-19,Cava Athleisure,Purple Contour Flared Leggings,XL,WFP3720PUXL,1399.0,1,0,1399.0,51,https://cavaathleisure.com/products/purple-contour-flared-leggings
2026-09-19,Cava Athleisure,Ivory Studio Gym Bag,One size,WAC10923WHFREE,1699.0,2,0,3398.0,400,https://cavaathleisure.com/products/ivory-studio-gym-bag
2026-09-19,Cava Athleisure,Pink Studio Gym Bag,One size,WAC10923PNFREE,1699.0,2,0,3398.0,450,https://cavaathleisure.com/products/pink-studio-gym-bag
2026-09-19,Cava Athleisure,Blue Studio Gym Bag,One size,WAC10923BLFREE,1699.0,1,0,1699.0,455,https://cavaathleisure.com/products/blue-studio-gym-bag
2026-09-19,Cava Athleisure,Berry Ruched Capri,XL,WLG13417RDXL,1899.0,2,0,3798.0,1,https://cavaathleisure.com/products/berry-ruched-capri
2026-09-19,Cava Athleisure,Black Polka Ruched Capri,L,WLG13417BKL,1899.0,1,0,1899.0,0,https://cavaathleisure.com/products/black-polka-ruched-capri
2026-09-19,Cava Athleisure,Black Polka Ruched Capri,XL,WLG13417BKXL,1899.0,0,1,0.0,1,https://cavaathleisure.com/products/black-polka-ruched-capri
2026-09-19,Cava Athleisure,Ivory Lace Off-Shoulder Top,XS,WTP16517WHXS,1799.0,2,0,3598.0,0,https://cavaathleisure.com/products/ivory-lace-off-shoulder-top
2026-09-19,Cava Athleisure,Ivory Lace Off-Shoulder Top,S,WTP16517WHS,1799.0,0,2,0.0,2,https://cavaathleisure.com/products/ivory-lace-off-shoulder-top
2026-09-19,Cava Athleisure,Ivory Lace Off-Shoulder Top,M,WTP16517WHM,1799.0,2,0,3598.0,0,https://cavaathleisure.com/products/ivory-lace-off-shoulder-top
2026-09-19,Cava Athleisure,Ivory Lace Off-Shoulder Top,L,WTP16517WHL,1799.0,1,0,1799.0,0,https://cavaathleisure.com/products/ivory-lace-off-shoulder-top
2026-09-19,Cava Athleisure,Blush Lace Off-Shoulder Top,S,WTP16517PNS,1799.0,3,0,5397.0,4,https://cavaathleisure.com/products/blush-lace-off-shoulder-top
2026-09-19,Cava Athleisure,Blush Lace Off-Shoulder Top,XL,WTP16517PNXL,1799.0,1,0,1799.0,8,https://cavaathleisure.com/products/blush-lace-off-shoulder-top
2026-09-19,Cava Athleisure,Berry Lace Off-Shoulder Top,XS,WTP16517RDXS,1799.0,1,0,1799.0,2,https://cavaathleisure.com/products/berry-lace-off-shoulder-top
2026-09-19,Cava Athleisure,Berry Lace Off-Shoulder Top,S,WTP16517RDS,1799.0,1,0,1799.0,26,https://cavaathleisure.com/products/berry-lace-off-shoulder-top
2026-09-19,Cava Athleisure,Berry Lace Off-Shoulder Top,M,WTP16517RDM,1799.0,1,0,1799.0,28,https://cavaathleisure.com/products/berry-lace-off-shoulder-top
2026-09-19,Cava Athleisure,Berry Lace Off-Shoulder Top,L,WTP16517RDL,1799.0,1,0,1799.0,18,https://cavaathleisure.com/products/berry-lace-off-shoulder-top
2026-09-19,Cava Athleisure,Berry Lace Off-Shoulder Top,XXL,WTP16517RDXXL,1799.0,1,0,1799.0,13,https://cavaathleisure.com/products/berry-lace-off-shoulder-top
2026-09-19,Cava Athleisure,Blue  Lace Off-Shoulder Top,S,WTP16517BLS,1799.0,3,0,5397.0,6,https://cavaathleisure.com/products/blue-lace-off-shoulder-top
2026-09-19,Cava Athleisure,Blue  Lace Off-Shoulder Top,M,WTP16517BLM,1799.0,3,0,5397.0,34,https://cavaathleisure.com/products/blue-lace-off-shoulder-top
2026-09-19,Cava Athleisure,Blue  Lace Off-Shoulder Top,L,WTP16517BLL,1799.0,1,0,1799.0,12,https://cavaathleisure.com/products/blue-lace-off-shoulder-top
2026-09-19,Cava Athleisure,Blush Ruched Snug Leggings,S,WLG9917PNS,1999.0,1,0,1999.0,178,https://cavaathleisure.com/products/blush-ruched-snug-leggings
2026-09-19,Cava Athleisure,Blush Ruched Snug Leggings,M,WLG9917PNM,1999.0,0,1,0.0,232,https://cavaathleisure.com/products/blush-ruched-snug-leggings
2026-09-19,Cava Athleisure,Black Polka Lace Off-Shoulder Top,S,WTP16517BKS,1899.0,2,0,3798.0,0,https://cavaathleisure.com/products/black-polka-lace-off-shoulder-top
2026-09-19,Cava Athleisure,Black Polka Lace Off-Shoulder Top,M,WTP16517BKM,1899.0,2,0,3798.0,1,https://cavaathleisure.com/products/black-polka-lace-off-shoulder-top
2026-09-19,Cava Athleisure,Black Polka Lace Off-Shoulder Top,L,WTP16517BKL,1899.0,2,0,3798.0,0,https://cavaathleisure.com/products/black-polka-lace-off-shoulder-top
2026-09-19,Cava Athleisure,Black Polka Ruched Snug Leggings,XS,WLG9917PBKXS,2099.0,1,0,2099.0,20,https://cavaathleisure.com/products/black-polka-ruched-snug-leggings
2026-09-19,Cava Athleisure,Black Polka Ruched Snug Leggings,L,WLG9917PBKL,2099.0,1,0,2099.0,124,https://cavaathleisure.com/products/black-polka-ruched-snug-leggings
2026-09-19,Cava Athleisure,Berry Ruched Snug Leggings,XS,WLG9917RDXS,1999.0,1,0,1999.0,0,https://cavaathleisure.com/products/berry-ruched-snug-leggings
2026-09-19,Cava Athleisure,Berry Ruched Snug Leggings,M,WLG9917RDM,1999.0,0,2,0.0,233,https://cavaathleisure.com/products/berry-ruched-snug-leggings
2026-09-19,Cava Athleisure,Berry Ruched Snug Leggings,XL,WLG9917RDXL,1999.0,1,0,1999.0,73,https://cavaathleisure.com/products/berry-ruched-snug-leggings
2026-09-19,Cava Athleisure,Berry Ruched Flared Leggings,XS,WFP98T17RDXS,2299.0,3,0,6897.0,63,https://cavaathleisure.com/products/berry-ruched-flared-leggings
2026-09-19,Cava Athleisure,Berry Ruched Flared Leggings,S,WFP98P17RDS,2299.0,0,1,0.0,130,https://cavaathleisure.com/products/berry-ruched-flared-leggings
2026-09-19,Cava Athleisure,Berry Ruched Flared Leggings,M,WFP98T17RDM,2299.0,2,0,4598.0,253,https://cavaathleisure.com/products/berry-ruched-flared-leggings
2026-09-19,Cava Athleisure,Berry Ruched Flared Leggings,L,WFP98P17RDL,2299.0,1,0,2299.0,176,https://cavaathleisure.com/products/berry-ruched-flared-leggings
2026-09-19,Cava Athleisure,Berry Ruched Flared Leggings,L,WFP98T17RDL,2299.0,1,0,2299.0,233,https://cavaathleisure.com/products/berry-ruched-flared-leggings
2026-09-19,Cava Athleisure,Berry Ruched Flared Leggings,XXL,WFP98T17RDXXL,2299.0,1,0,2299.0,70,https://cavaathleisure.com/products/berry-ruched-flared-leggings
2026-09-19,Cava Athleisure,Blush Ruched Flared Leggings,XS,WFP98P17PNXS,2299.0,1,0,2299.0,74,https://cavaathleisure.com/products/blush-ruched-flared-leggings
2026-09-19,Cava Athleisure,Blush Ruched Flared Leggings,S,WFP98P17PNS,2299.0,1,0,2299.0,163,https://cavaathleisure.com/products/blush-ruched-flared-leggings
2026-09-19,Cava Athleisure,Blush Ruched Flared Leggings,S,WFP98T17PNS,2299.0,0,1,0.0,203,https://cavaathleisure.com/products/blush-ruched-flared-leggings
2026-09-19,Cava Athleisure,Blush Ruched Flared Leggings,M,WFP98P17PNM,2299.0,1,0,2299.0,173,https://cavaathleisure.com/products/blush-ruched-flared-leggings
2026-09-19,Cava Athleisure,Blush Ruched Flared Leggings,M,WFP98EXT17PNM,2299.0,1,0,2299.0,140,https://cavaathleisure.com/products/blush-ruched-flared-leggings
2026-09-19,Cava Athleisure,Blush Ruched Flared Leggings,L,WFP98T17PNL,2299.0,0,1,0.0,209,https://cavaathleisure.com/products/blush-ruched-flared-leggings
2026-09-19,Cava Athleisure,Blush Ruched Flared Leggings,XXL,WFP98P17PNXXL,2299.0,1,0,2299.0,46,https://cavaathleisure.com/products/blush-ruched-flared-leggings
2026-09-19,Cava Athleisure,Black Polka Ruched Flared Leggings,S,WFP98P17PBKS,2399.0,3,0,7197.0,239,https://cavaathleisure.com/products/black-polka-ruched-flared-leggings
2026-09-19,Cava Athleisure,Black Polka Ruched Flared Leggings,S,WFP98T17PBKS,2399.0,4,0,9596.0,244,https://cavaathleisure.com/products/black-polka-ruched-flared-leggings
2026-09-19,Cava Athleisure,Black Polka Ruched Flared Leggings,M,WFP98P17PBKM,2399.0,8,0,19192.0,201,https://cavaathleisure.com/products/black-polka-ruched-flared-leggings
2026-09-19,Cava Athleisure,Black Polka Ruched Flared Leggings,M,WFP98T17PBKM,2399.0,7,0,16793.0,324,https://cavaathleisure.com/products/black-polka-ruched-flared-leggings
2026-09-19,Cava Athleisure,Black Polka Ruched Flared Leggings,M,WFP98EXT17PBKM,2399.0,1,0,2399.0,199,https://cavaathleisure.com/products/black-polka-ruched-flared-leggings
2026-09-19,Cava Athleisure,Black Polka Ruched Flared Leggings,L,WFP98P17PBKL,2399.0,9,0,21591.0,201,https://cavaathleisure.com/products/black-polka-ruched-flared-leggings
2026-09-19,Cava Athleisure,Black Polka Ruched Flared Leggings,L,WFP98T17PBKL,2399.0,2,0,4798.0,212,https://cavaathleisure.com/products/black-polka-ruched-flared-leggings
2026-09-19,Cava Athleisure,Black Polka Ruched Flared Leggings,L,WFP98EXT17PBKL,2399.0,1,0,2399.0,164,https://cavaathleisure.com/products/black-polka-ruched-flared-leggings
2026-09-19,Cava Athleisure,Black Polka Ruched Flared Leggings,XL,WFP98P17PBKXL,2399.0,2,0,4798.0,114,https://cavaathleisure.com/products/black-polka-ruched-flared-leggings
2026-09-19,Cava Athleisure,Black Polka Ruched Flared Leggings,XL,WFP98T17PBKXL,2399.0,1,0,2399.0,61,https://cavaathleisure.com/products/black-polka-ruched-flared-leggings
2026-09-19,Cava Athleisure,Black Polka Ruched Flared Leggings,XXL,WFP98T17PBKXXL,2399.0,2,0,4798.0,80,https://cavaathleisure.com/products/black-polka-ruched-flared-leggings
2026-09-19,Cava Athleisure,Blue Ruched Flared Leggings,XS,WFP98P17BLXS,2299.0,1,0,2299.0,76,https://cavaathleisure.com/products/blue-ruched-flared-leggings
2026-09-19,Cava Athleisure,Blue Ruched Flared Leggings,S,WFP98P17BLS,2299.0,1,0,2299.0,189,https://cavaathleisure.com/products/blue-ruched-flared-leggings
2026-09-19,Cava Athleisure,Blue Ruched Flared Leggings,S,WFP98T17BLS,2299.0,0,1,0.0,126,https://cavaathleisure.com/products/blue-ruched-flared-leggings
2026-09-19,Cava Athleisure,Blue Ruched Flared Leggings,M,WFP98P17BLM,2299.0,3,0,6897.0,176,https://cavaathleisure.com/products/blue-ruched-flared-leggings
2026-09-19,Cava Athleisure,Ivory Lace Scoop Neck Top,S,WTP9517WHS,1699.0,1,0,1699.0,19,https://cavaathleisure.com/products/ivory-lace-scoop-neck-top
2026-09-19,Cava Athleisure,Ivory Lace Scoop Neck Top,M,WTP9517WHM,1699.0,2,0,3398.0,3,https://cavaathleisure.com/products/ivory-lace-scoop-neck-top
2026-09-19,Cava Athleisure,Ivory Lace Scoop Neck Top,L,WTP9517WHL,1699.0,0,11,0.0,12,https://cavaathleisure.com/products/ivory-lace-scoop-neck-top
2026-09-19,Cava Athleisure,Ivory Lace Scoop Neck Top,XL,WTP9517WHXL,1699.0,0,26,0.0,27,https://cavaathleisure.com/products/ivory-lace-scoop-neck-top
2026-09-19,Cava Athleisure,Blush Lace Scoop Neck Top,XS,WTP9517PNXS,1699.0,0,3,0.0,23,https://cavaathleisure.com/products/blush-lace-scoop-neck-top
2026-09-19,Cava Athleisure,Blush Lace Scoop Neck Top,S,WTP9517PNS,1699.0,0,77,0.0,97,https://cavaathleisure.com/products/blush-lace-scoop-neck-top
2026-09-19,Cava Athleisure,Blush Lace Scoop Neck Top,M,WTP9517PNM,1699.0,0,154,0.0,155,https://cavaathleisure.com/products/blush-lace-scoop-neck-top
2026-09-19,Cava Athleisure,Blush Lace Scoop Neck Top,L,WTP9517PNL,1699.0,0,71,0.0,72,https://cavaathleisure.com/products/blush-lace-scoop-neck-top
2026-09-19,Cava Athleisure,Blush Lace Scoop Neck Top,XL,WTP9517PNXL,1699.0,0,41,0.0,42,https://cavaathleisure.com/products/blush-lace-scoop-neck-top
2026-09-19,Cava Athleisure,Blush Lace Scoop Neck Top,XXL,WTP9517PNXXL,1699.0,0,9,0.0,10,https://cavaathleisure.com/products/blush-lace-scoop-neck-top
2026-09-19,Cava Athleisure,Berry Lace Scoop Neck Top,XS,WTP9517RDXS,1699.0,0,4,0.0,24,https://cavaathleisure.com/products/berry-lace-scoop-neck-top
2026-09-19,Cava Athleisure,Berry Lace Scoop Neck Top,S,WTP9517RDS,1699.0,0,99,0.0,119,https://cavaathleisure.com/products/berry-lace-scoop-neck-top
2026-09-19,Cava Athleisure,Berry Lace Scoop Neck Top,M,WTP9517RDM,1699.0,0,121,0.0,122,https://cavaathleisure.com/products/berry-lace-scoop-neck-top
2026-09-19,Cava Athleisure,Berry Lace Scoop Neck Top,L,WTP9517RDL,1699.0,0,74,0.0,75,https://cavaathleisure.com/products/berry-lace-scoop-neck-top
2026-09-19,Cava Athleisure,Berry Lace Scoop Neck Top,XL,WTP9517RDXL,1699.0,0,46,0.0,47,https://cavaathleisure.com/products/berry-lace-scoop-neck-top
2026-09-19,Cava Athleisure,Berry Lace Scoop Neck Top,XXL,WTP9517RDXXL,1699.0,0,43,0.0,44,https://cavaathleisure.com/products/berry-lace-scoop-neck-top
2026-09-19,Cava Athleisure,Blue Lace Scoop Neck Top,XS,WTP9517BLXS,1699.0,1,0,1699.0,6,https://cavaathleisure.com/products/blue-lace-scoop-neck-top
2026-09-19,Cava Athleisure,Blue Lace Scoop Neck Top,S,WTP9517BLS,1699.0,0,45,0.0,65,https://cavaathleisure.com/products/blue-lace-scoop-neck-top
2026-09-19,Cava Athleisure,Blue Lace Scoop Neck Top,M,WTP9517BLM,1699.0,0,133,0.0,134,https://cavaathleisure.com/products/blue-lace-scoop-neck-top
2026-09-19,Cava Athleisure,Blue Lace Scoop Neck Top,L,WTP9517BLL,1699.0,0,72,0.0,73,https://cavaathleisure.com/products/blue-lace-scoop-neck-top
2026-09-19,Cava Athleisure,Blue Lace Scoop Neck Top,XL,WTP9517BLXL,1699.0,0,37,0.0,38,https://cavaathleisure.com/products/blue-lace-scoop-neck-top
2026-09-19,Cava Athleisure,Blue Lace Scoop Neck Top,XXL,WTP9517BLXXL,1699.0,0,6,0.0,7,https://cavaathleisure.com/products/blue-lace-scoop-neck-top
2026-09-19,Cava Athleisure,Black Polka Lace Scoop Neck Top,S,WTP9517PBKS,1799.0,0,56,0.0,57,https://cavaathleisure.com/products/black-polka-lace-scoop-neck-top
2026-09-19,Cava Athleisure,Black Polka Lace Scoop Neck Top,M,WTP9517PBKM,1799.0,0,57,0.0,58,https://cavaathleisure.com/products/black-polka-lace-scoop-neck-top
2026-09-19,Cava Athleisure,Black Polka Lace Scoop Neck Top,L,WTP9517PBKL,1799.0,0,77,0.0,78,https://cavaathleisure.com/products/black-polka-lace-scoop-neck-top
2026-09-19,Cava Athleisure,Black Polka Lace Scoop Neck Top,XL,WTP9517PBKXL,1799.0,0,30,0.0,31,https://cavaathleisure.com/products/black-polka-lace-scoop-neck-top
2026-09-19,Cava Athleisure,Black Polka Lace Scoop Neck Top,XXL,WTP9517PBKXXL,1799.0,0,35,0.0,36,https://cavaathleisure.com/products/black-polka-lace-scoop-neck-top
2026-09-19,Cava Athleisure,Blush Soft Knot Skorts,XS,WSK9617PNXS,2199.0,0,61,0.0,62,https://cavaathleisure.com/products/blush-soft-knot-skorts
2026-09-19,Cava Athleisure,Blush Soft Knot Skorts,S,WSK9617PNS,2199.0,0,70,0.0,71,https://cavaathleisure.com/products/blush-soft-knot-skorts
2026-09-19,Cava Athleisure,Blush Soft Knot Skorts,M,WSK9617PNM,2199.0,0,70,0.0,71,https://cavaathleisure.com/products/blush-soft-knot-skorts
2026-09-19,Cava Athleisure,Blush Soft Knot Skorts,L,WSK9617PNL,2199.0,0,40,0.0,41,https://cavaathleisure.com/products/blush-soft-knot-skorts
2026-09-19,Cava Athleisure,Blush Soft Knot Skorts,XL,WSK9617PNXL,2199.0,0,18,0.0,19,https://cavaathleisure.com/products/blush-soft-knot-skorts
2026-09-19,Cava Athleisure,Blush Soft Knot Skorts,XXL,WSK9617PNXXL,2199.0,0,11,0.0,12,https://cavaathleisure.com/products/blush-soft-knot-skorts
2026-09-19,Cava Athleisure,Berry Polka Soft Knot Skorts,XS,WSK9617PRDXS,2299.0,0,64,0.0,65,https://cavaathleisure.com/products/berry-polka-soft-knot-skorts
2026-09-19,Cava Athleisure,Berry Polka Soft Knot Skorts,S,WSK9617PRDS,2299.0,0,129,0.0,130,https://cavaathleisure.com/products/berry-polka-soft-knot-skorts
2026-09-19,Cava Athleisure,Berry Polka Soft Knot Skorts,M,WSK9617PRDM,2299.0,0,132,0.0,133,https://cavaathleisure.com/products/berry-polka-soft-knot-skorts
2026-09-19,Cava Athleisure,Berry Polka Soft Knot Skorts,L,WSK9617PRDL,2299.0,0,84,0.0,85,https://cavaathleisure.com/products/berry-polka-soft-knot-skorts
2026-09-19,Cava Athleisure,Berry Polka Soft Knot Skorts,XL,WSK9617PRDXL,2299.0,0,48,0.0,49,https://cavaathleisure.com/products/berry-polka-soft-knot-skorts
2026-09-19,Cava Athleisure,Berry Polka Soft Knot Skorts,XXL,WSK9617PRDXXL,2299.0,0,28,0.0,29,https://cavaathleisure.com/products/berry-polka-soft-knot-skorts
2026-09-19,Cava Athleisure,Blue Soft Knot Skorts,XS,WSK9617BLXS,2199.0,0,46,0.0,47,https://cavaathleisure.com/products/blue-soft-knot-skorts
2026-09-19,Cava Athleisure,Blue Soft Knot Skorts,S,WSK9617BLS,2199.0,0,50,0.0,51,https://cavaathleisure.com/products/blue-soft-knot-skorts
2026-09-19,Cava Athleisure,Blue Soft Knot Skorts,M,WSK9617BLM,2199.0,0,37,0.0,37,https://cavaathleisure.com/products/blue-soft-knot-skorts
2026-09-19,Cava Athleisure,Blue Soft Knot Skorts,L,WSK9617BLL,2199.0,0,38,0.0,39,https://cavaathleisure.com/products/blue-soft-knot-skorts
2026-09-19,Cava Athleisure,Blue Soft Knot Skorts,XL,WSK9617BLXL,2199.0,0,43,0.0,43,https://cavaathleisure.com/products/blue-soft-knot-skorts
2026-09-19,Cava Athleisure,Blue Soft Knot Skorts,XXL,WSK9617BLXXL,2199.0,0,19,0.0,19,https://cavaathleisure.com/products/blue-soft-knot-skorts
2026-09-19,Cava Athleisure,Mint Soft Knot Skorts,XS,WSK9617GRXS,2199.0,0,75,0.0,76,https://cavaathleisure.com/products/mint-soft-knot-skorts
2026-09-19,Cava Athleisure,Mint Soft Knot Skorts,S,WSK9617GRS,2199.0,0,109,0.0,110,https://cavaathleisure.com/products/mint-soft-knot-skorts
2026-09-19,Cava Athleisure,Mint Soft Knot Skorts,M,WSK9617GRM,2199.0,0,89,0.0,90,https://cavaathleisure.com/products/mint-soft-knot-skorts
2026-09-19,Cava Athleisure,Mint Soft Knot Skorts,L,WSK9617GRL,2199.0,0,65,0.0,66,https://cavaathleisure.com/products/mint-soft-knot-skorts
2026-09-19,Cava Athleisure,Mint Soft Knot Skorts,XL,WSK9617GRXL,2199.0,0,30,0.0,31,https://cavaathleisure.com/products/mint-soft-knot-skorts
2026-09-19,Cava Athleisure,Mint Soft Knot Skorts,XXL,WSK9617GRXXL,2199.0,0,10,0.0,11,https://cavaathleisure.com/products/mint-soft-knot-skorts
2026-09-19,Cava Athleisure,Berry Polka Lace Trim Halter Tank,XS,WTN9717RDXS,1799.0,1,0,1799.0,0,https://cavaathleisure.com/products/berry-polka-lace-trim-halter
2026-09-19,Cava Athleisure,Berry Polka Lace Trim Halter Tank,M,WTN9717RDM,1799.0,0,46,0.0,47,https://cavaathleisure.com/products/berry-polka-lace-trim-halter
2026-09-19,Cava Athleisure,Berry Polka Lace Trim Halter Tank,L,WTN9717RDL,1799.0,0,76,0.0,77,https://cavaathleisure.com/products/berry-polka-lace-trim-halter
2026-09-19,Cava Athleisure,Berry Polka Lace Trim Halter Tank,XL,WTN9717RDXL,1799.0,0,90,0.0,91,https://cavaathleisure.com/products/berry-polka-lace-trim-halter
2026-09-19,Cava Athleisure,Berry Polka Lace Trim Halter Tank,XXL,WTN9717RDXXL,1799.0,0,18,0.0,19,https://cavaathleisure.com/products/berry-polka-lace-trim-halter
2026-09-19,Cava Athleisure,Berry Polka Lace Trim Halter Tank,XXXL,WTN9717RDXXXL,1799.0,0,12,0.0,12,https://cavaathleisure.com/products/berry-polka-lace-trim-halter
2026-09-19,Cava Athleisure,Mint Lace Trim Halter Tank,XS,WTN9717GRXS,1699.0,0,15,0.0,16,https://cavaathleisure.com/products/mint-lace-trim-halter
2026-09-19,Cava Athleisure,Mint Lace Trim Halter Tank,M,WTN9717GRM,1699.0,0,75,0.0,76,https://cavaathleisure.com/products/mint-lace-trim-halter
2026-09-19,Cava Athleisure,Mint Lace Trim Halter Tank,L,WTN9717GRL,1699.0,0,169,0.0,170,https://cavaathleisure.com/products/mint-lace-trim-halter
2026-09-19,Cava Athleisure,Mint Lace Trim Halter Tank,XL,WTN9717GRXL,1699.0,0,97,0.0,98,https://cavaathleisure.com/products/mint-lace-trim-halter
2026-09-19,Cava Athleisure,Mint Lace Trim Halter Tank,XXL,WTN9717GRXXL,1699.0,0,12,0.0,13,https://cavaathleisure.com/products/mint-lace-trim-halter
2026-09-19,Cava Athleisure,Mint Lace Trim Halter Tank,XXXL,WTN9717GRXXXL,1699.0,0,10,0.0,11,https://cavaathleisure.com/products/mint-lace-trim-halter
2026-09-19,Cava Athleisure,Blue Lace Trim Halter Tank,XS,WTN9717BLXS,1699.0,1,0,1699.0,0,https://cavaathleisure.com/products/blue-lace-trim-halter
2026-09-19,Cava Athleisure,Blue Lace Trim Halter Tank,M,WTN9717BLM,1699.0,0,50,0.0,51,https://cavaathleisure.com/products/blue-lace-trim-halter
2026-09-19,Cava Athleisure,Blue Lace Trim Halter Tank,L,WTN9717BLL,1699.0,0,150,0.0,151,https://cavaathleisure.com/products/blue-lace-trim-halter
2026-09-19,Cava Athleisure,Blue Lace Trim Halter Tank,XL,WTN9717BLXL,1699.0,0,65,0.0,66,https://cavaathleisure.com/products/blue-lace-trim-halter
2026-09-19,Cava Athleisure,Blue Lace Trim Halter Tank,XXL,WTN9717BLXXL,1699.0,0,19,0.0,19,https://cavaathleisure.com/products/blue-lace-trim-halter
2026-09-19,Cava Athleisure,Blush Lace Trim Halter Tank,XS,WTN9717PNXS,1699.0,1,0,1699.0,0,https://cavaathleisure.com/products/blush-lace-trim-halter
2026-09-19,Cava Athleisure,Blush Lace Trim Halter Tank,S,WTN9717PNS,1699.0,0,1,0.0,2,https://cavaathleisure.com/products/blush-lace-trim-halter
2026-09-19,Cava Athleisure,Blush Lace Trim Halter Tank,M,WTN9717PNM,1699.0,0,72,0.0,73,https://cavaathleisure.com/products/blush-lace-trim-halter
2026-09-19,Cava Athleisure,Blush Lace Trim Halter Tank,L,WTN9717PNL,1699.0,0,201,0.0,202,https://cavaathleisure.com/products/blush-lace-trim-halter
2026-09-19,Cava Athleisure,Blush Lace Trim Halter Tank,XL,WTN9717PNXL,1699.0,0,84,0.0,85,https://cavaathleisure.com/products/blush-lace-trim-halter
2026-09-19,Cava Athleisure,Blush Lace Trim Halter Tank,XXL,WTN9717PNXXL,1699.0,0,30,0.0,31,https://cavaathleisure.com/products/blush-lace-trim-halter
2026-09-19,Cava Athleisure,Blush Lace Trim Halter Tank,XXXL,WTN9717PNXXXL,1699.0,0,37,0.0,37,https://cavaathleisure.com/products/blush-lace-trim-halter
2026-09-19,Cava Athleisure,Berry Bow Halter Top,XS,WTN10017RDXS,1599.0,0,1,0.0,2,https://cavaathleisure.com/products/berry-bow-halter-top
2026-09-19,Cava Athleisure,Berry Bow Halter Top,S,WTN10017RDS,1599.0,0,2,0.0,2,https://cavaathleisure.com/products/berry-bow-halter-top
2026-09-19,Cava Athleisure,Berry Bow Halter Top,M,WTN10017RDM,1599.0,0,1,0.0,1,https://cavaathleisure.com/products/berry-bow-halter-top
2026-09-19,Cava Athleisure,Berry Bow Halter Top,L,WTN10017RDL,1599.0,0,172,0.0,173,https://cavaathleisure.com/products/berry-bow-halter-top
2026-09-19,Cava Athleisure,Berry Bow Halter Top,XL,WTN10017RDXL,1599.0,0,88,0.0,89,https://cavaathleisure.com/products/berry-bow-halter-top
2026-09-19,Cava Athleisure,Berry Bow Halter Top,XXL,WTN10017RDXXL,1599.0,0,33,0.0,34,https://cavaathleisure.com/products/berry-bow-halter-top
2026-09-19,Cava Athleisure,Berry Bow Halter Top,XXXL,WTN10017RDXXXL,1599.0,0,13,0.0,14,https://cavaathleisure.com/products/berry-bow-halter-top
2026-09-19,Cava Athleisure,Blush Bow Halter Top,XS,WTN10017PNXS,1599.0,1,0,1599.0,0,https://cavaathleisure.com/products/blush-bow-halter-top
2026-09-19,Cava Athleisure,Blush Bow Halter Top,S,WTN10017PNS,1599.0,1,0,1599.0,0,https://cavaathleisure.com/products/blush-bow-halter-top
2026-09-19,Cava Athleisure,Blush Bow Halter Top,M,WTN10017PNM,1599.0,1,0,1599.0,0,https://cavaathleisure.com/products/blush-bow-halter-top
2026-09-19,Cava Athleisure,Blush Bow Halter Top,L,WTN10017PNL,1599.0,0,82,0.0,83,https://cavaathleisure.com/products/blush-bow-halter-top
2026-09-19,Cava Athleisure,Blush Bow Halter Top,XL,WTN10017PNXL,1599.0,0,66,0.0,67,https://cavaathleisure.com/products/blush-bow-halter-top
2026-09-19,Cava Athleisure,Blush Bow Halter Top,XXL,WTN10017PNXXL,1599.0,0,26,0.0,27,https://cavaathleisure.com/products/blush-bow-halter-top
2026-09-19,Cava Athleisure,Blush Bow Halter Top,XXXL,WTN10017PNXXXL,1599.0,0,12,0.0,13,https://cavaathleisure.com/products/blush-bow-halter-top
2026-09-19,Cava Athleisure,Blue Bow Halter Top,L,WTN10017BLL,1599.0,0,111,0.0,112,https://cavaathleisure.com/products/blue-bow-halter-top
2026-09-19,Cava Athleisure,Blue Bow Halter Top,XL,WTN10017BLXL,1599.0,0,68,0.0,69,https://cavaathleisure.com/products/blue-bow-halter-top
2026-09-19,Cava Athleisure,Blue Bow Halter Top,XXL,WTN10017BLXXL,1599.0,0,28,0.0,29,https://cavaathleisure.com/products/blue-bow-halter-top
2026-09-19,Cava Athleisure,Blue Bow Halter Top,XXXL,WTN10017BLXXXL,1599.0,0,14,0.0,15,https://cavaathleisure.com/products/blue-bow-halter-top
2026-09-19,Cava Athleisure,Black Polka Bow Halter Top,XS,WTN10017PBKXS,1699.0,0,6,0.0,7,https://cavaathleisure.com/products/black-polka-bow-halter-top
2026-09-19,Cava Athleisure,Black Polka Bow Halter Top,S,WTN10017PBKS,1699.0,0,4,0.0,5,https://cavaathleisure.com/products/black-polka-bow-halter-top
2026-09-19,Cava Athleisure,Black Polka Bow Halter Top,M,WTN10017PBKM,1699.0,0,3,0.0,4,https://cavaathleisure.com/products/black-polka-bow-halter-top
2026-09-19,Cava Athleisure,Black Polka Bow Halter Top,L,WTN10017PBKL,1699.0,0,137,0.0,138,https://cavaathleisure.com/products/black-polka-bow-halter-top
2026-09-19,Cava Athleisure,Black Polka Bow Halter Top,XL,WTN10017PBKXL,1699.0,0,77,0.0,78,https://cavaathleisure.com/products/black-polka-bow-halter-top
2026-09-19,Cava Athleisure,Black Polka Bow Halter Top,XXL,WTN10017PBKXXL,1699.0,0,29,0.0,30,https://cavaathleisure.com/products/black-polka-bow-halter-top
2026-09-19,Cava Athleisure,Black Polka Bow Halter Top,XXXL,WTN10017PBKXXXL,1699.0,0,14,0.0,15,https://cavaathleisure.com/products/black-polka-bow-halter-top
2026-09-19,Cava Athleisure,Brown Hourglass Booty Shorts,XS,WSH0845BNXS,1099.0,0,21,0.0,22,https://cavaathleisure.com/products/brown-hourglass-booty-shorts
2026-09-19,Cava Athleisure,Brown Hourglass Booty Shorts,S,WSH0845BNS,1099.0,0,62,0.0,63,https://cavaathleisure.com/products/brown-hourglass-booty-shorts
2026-09-19,Cava Athleisure,Brown Hourglass Booty Shorts,M,WSH0845BNM,1099.0,1,0,1099.0,0,https://cavaathleisure.com/products/brown-hourglass-booty-shorts
2026-09-19,Cava Athleisure,Brown Hourglass Booty Shorts,XL,WSH0845BNXL,1099.0,0,1,0.0,1,https://cavaathleisure.com/products/brown-hourglass-booty-shorts
2026-09-19,Cava Athleisure,Free Gift Charm,Pink Pup Bag Charm,Cava-SoftServe-Charm-1,0.0,0,1369,0.0,1370,https://cavaathleisure.com/products/free-gift-charm
2026-09-19,Cava Athleisure,Free Gift Charm,Polka Bow Bag Charm,Cava-SoftServe-Charm-2,0.0,0,1809,0.0,1810,https://cavaathleisure.com/products/free-gift-charm
2026-09-19,Cava Athleisure,Free Gift Charm,Labrador Bag Charm,Cava-SoftServe-Charm-3,0.0,0,2598,0.0,2599,https://cavaathleisure.com/products/free-gift-charm
2026-09-19,Cava Athleisure,Free Gift Charm,Tennis Ball Bag Charm,Cava-SoftServe-Charm-4,0.0,0,2615,0.0,2616,https://cavaathleisure.com/products/free-gift-charm
2026-09-19,Cava Athleisure,Black Trailscape Tracks,30,MJR5410BKS,2049.0,0,1,0.0,1,https://cavaathleisure.com/products/black-trailscape-tracks
2026-09-19,Cava Athleisure,Black Trailscape Tracks,36,MJR5410BKXL,2049.0,0,16,0.0,17,https://cavaathleisure.com/products/black-trailscape-tracks
2026-09-19,Cava Athleisure,Black Trailscape Tracks,38,MJR5410BKXXL,2049.0,0,27,0.0,28,https://cavaathleisure.com/products/black-trailscape-tracks
2026-09-19,Cava Athleisure,Brown Trailscape Tracks,32,MJR5410BNM,2049.0,0,2,0.0,3,https://cavaathleisure.com/products/brown-trailscape-tracks
2026-09-19,Cava Athleisure,Brown Trailscape Tracks,34,MJR5410BNL,2049.0,0,33,0.0,34,https://cavaathleisure.com/products/brown-trailscape-tracks
2026-09-19,Cava Athleisure,Brown Trailscape Tracks,36,MJR5410BNXL,2049.0,0,55,0.0,56,https://cavaathleisure.com/products/brown-trailscape-tracks
2026-09-19,Cava Athleisure,Brown Trailscape Tracks,38,MJR5410BNXXL,2049.0,0,35,0.0,36,https://cavaathleisure.com/products/brown-trailscape-tracks
2026-09-19,Cava Athleisure,Light Grey Trailscape Tracks,32,MJR5410GYM,2049.0,0,2,0.0,3,https://cavaathleisure.com/products/light-grey-trailscape-tracks
2026-09-19,Cava Athleisure,Light Grey Trailscape Tracks,34,MJR5410GYL,2049.0,0,35,0.0,36,https://cavaathleisure.com/products/light-grey-trailscape-tracks
2026-09-19,Cava Athleisure,Light Grey Trailscape Tracks,36,MJR5410GYXL,2049.0,0,62,0.0,63,https://cavaathleisure.com/products/light-grey-trailscape-tracks
2026-09-19,Cava Athleisure,Light Grey Trailscape Tracks,38,MJR5410GYXXL,2049.0,0,43,0.0,44,https://cavaathleisure.com/products/light-grey-trailscape-tracks
2026-09-19,Cava Athleisure,Navy Trailscape Tracks,32,MJR5410NYM,2049.0,1,0,2049.0,0,https://cavaathleisure.com/products/navy-trailscape-tracks
2026-09-19,Cava Athleisure,Navy Trailscape Tracks,34,MJR5410NYL,2049.0,0,14,0.0,15,https://cavaathleisure.com/products/navy-trailscape-tracks
2026-09-19,Cava Athleisure,Navy Trailscape Tracks,36,MJR5410NYXL,2049.0,0,52,0.0,53,https://cavaathleisure.com/products/navy-trailscape-tracks
2026-09-19,Cava Athleisure,Navy Trailscape Tracks,38,MJR5410NYXXL,2049.0,0,40,0.0,41,https://cavaathleisure.com/products/navy-trailscape-tracks
2026-09-19,Cava Athleisure,Mint Sculpt Core Top,XS,WTP0118GRXS,799.0,0,2,0.0,2,https://cavaathleisure.com/products/mint-sculpt-core-top
2026-09-19,Cava Athleisure,Mint Sculpt Core Top,M,WTP0118GRM,799.0,1,0,799.0,0,https://cavaathleisure.com/products/mint-sculpt-core-top
2026-09-19,Cava Athleisure,Mint Sculpt Crew Top,XS,WTP0218GRXS,899.0,0,26,0.0,27,https://cavaathleisure.com/products/mint-sculpt-crew-top
2026-09-19,Cava Athleisure,Mint Sculpt Crew Top,S,WTP0218GRS,899.0,0,82,0.0,83,https://cavaathleisure.com/products/mint-sculpt-crew-top
2026-09-19,Cava Athleisure,Mint Sculpt Crew Top,M,WTP0218GRM,899.0,0,49,0.0,50,https://cavaathleisure.com/products/mint-sculpt-crew-top
2026-09-19,Cava Athleisure,Mint Sculpt Crew Top,XL,WTP0218GRXL,899.0,0,1,0.0,2,https://cavaathleisure.com/products/mint-sculpt-crew-top
2026-09-19,Cava Athleisure,Coral Sculpt Crew Top,XS,WTP0218ORXS,899.0,0,57,0.0,58,https://cavaathleisure.com/products/coral-sculpt-crew-top
2026-09-19,Cava Athleisure,Coral Sculpt Crew Top,S,WTP0218ORS,899.0,0,136,0.0,137,https://cavaathleisure.com/products/coral-sculpt-crew-top
2026-09-19,Cava Athleisure,Coral Sculpt Crew Top,M,WTP0218ORM,899.0,0,151,0.0,152,https://cavaathleisure.com/products/coral-sculpt-crew-top
2026-09-19,Cava Athleisure,Coral Sculpt Crew Top,L,WTP0218ORL,899.0,0,54,0.0,55,https://cavaathleisure.com/products/coral-sculpt-crew-top
2026-09-19,Cava Athleisure,Coral Sculpt Crew Top,XL,WTP0218ORXL,899.0,0,25,0.0,26,https://cavaathleisure.com/products/coral-sculpt-crew-top
2026-09-19,Cava Athleisure,Coral Sculpt Crew Top,XXL,WTP0218ORXXL,899.0,0,3,0.0,4,https://cavaathleisure.com/products/coral-sculpt-crew-top
2026-09-19,Cava Athleisure,Coral Sculpt Core Top,XS,WTP0118ORXS,799.0,0,65,0.0,66,https://cavaathleisure.com/products/coral-sculpt-core-top
2026-09-19,Cava Athleisure,Coral Sculpt Core Top,S,WTP0118ORS,799.0,0,26,0.0,27,https://cavaathleisure.com/products/coral-sculpt-core-top
2026-09-19,Cava Athleisure,Coral Sculpt Core Top,M,WTP0118ORM,799.0,0,1,0.0,2,https://cavaathleisure.com/products/coral-sculpt-core-top
2026-09-19,Cava Athleisure,"Navy 5"" Double Layer Rift Shorts",38,MSH5310NYXXL,1849.0,0,5,0.0,6,https://cavaathleisure.com/products/navy-5-double-layer-rift-shorts
2026-09-19,Cava Athleisure,Mint Sculpt Booty Shorts,XS,WSH0418GRXS,999.0,0,68,0.0,69,https://cavaathleisure.com/products/mint-sculpt-booty-shorts
2026-09-19,Cava Athleisure,Mint Sculpt Booty Shorts,S,WSH0418GRS,999.0,0,197,0.0,198,https://cavaathleisure.com/products/mint-sculpt-booty-shorts
2026-09-19,Cava Athleisure,Mint Sculpt Booty Shorts,M,WSH0418GRM,999.0,0,207,0.0,208,https://cavaathleisure.com/products/mint-sculpt-booty-shorts
2026-09-19,Cava Athleisure,Mint Sculpt Booty Shorts,L,WSH0418GRL,999.0,0,77,0.0,78,https://cavaathleisure.com/products/mint-sculpt-booty-shorts
2026-09-19,Cava Athleisure,Mint Sculpt Booty Shorts,XL,WSH0418GRXL,999.0,0,36,0.0,37,https://cavaathleisure.com/products/mint-sculpt-booty-shorts
2026-09-19,Cava Athleisure,Mint Sculpt Booty Shorts,XXL,WSH0418GRXXL,999.0,0,12,0.0,13,https://cavaathleisure.com/products/mint-sculpt-booty-shorts
2026-09-19,Cava Athleisure,Black Athletic Quarter-Zip,M,MTS5710BKM,1699.0,1,0,1699.0,0,https://cavaathleisure.com/products/black-athletic-quarter-zip
2026-09-19,Cava Athleisure,Black Athletic Quarter-Zip,XL,MTS5710BKXL,1699.0,0,1,0.0,2,https://cavaathleisure.com/products/black-athletic-quarter-zip
2026-09-19,Cava Athleisure,Black Athletic Quarter-Zip,XXL,MTS5710BKXXL,1699.0,0,50,0.0,51,https://cavaathleisure.com/products/black-athletic-quarter-zip
2026-09-19,Cava Athleisure,Pink Sculpt Crew Top,XS,WTP0218PNXS,899.0,1,0,899.0,0,https://cavaathleisure.com/products/pink-sculpt-crew-top
2026-09-19,Cava Athleisure,Pink Sculpt Crew Top,S,WTP0218PNS,899.0,1,0,899.0,0,https://cavaathleisure.com/products/pink-sculpt-crew-top
2026-09-19,Cava Athleisure,Pink Sculpt Crew Top,M,WTP0218PNM,899.0,1,0,899.0,0,https://cavaathleisure.com/products/pink-sculpt-crew-top
2026-09-19,Cava Athleisure,Pink Sculpt Crew Top,L,WTP0218PNL,899.0,1,0,899.0,0,https://cavaathleisure.com/products/pink-sculpt-crew-top
2026-09-19,Cava Athleisure,Pink Sculpt Crew Top,XL,WTP0218PNXL,899.0,0,1,0.0,1,https://cavaathleisure.com/products/pink-sculpt-crew-top
2026-09-19,Cava Athleisure,Pink Sculpt Core Top,M,WTP0118PNM,799.0,1,0,799.0,0,https://cavaathleisure.com/products/pink-sculpt-core-top
2026-09-19,Cava Athleisure,Pink Sculpt Booty Shorts,XS,WSH0418PNXS,999.0,0,53,0.0,54,https://cavaathleisure.com/products/pink-sculpt-booty-shorts
2026-09-19,Cava Athleisure,Pink Sculpt Booty Shorts,S,WSH0418PNS,999.0,0,164,0.0,165,https://cavaathleisure.com/products/pink-sculpt-booty-shorts
2026-09-19,Cava Athleisure,Pink Sculpt Booty Shorts,M,WSH0418PNM,999.0,0,181,0.0,182,https://cavaathleisure.com/products/pink-sculpt-booty-shorts
2026-09-19,Cava Athleisure,Pink Sculpt Booty Shorts,L,WSH0418PNL,999.0,0,57,0.0,58,https://cavaathleisure.com/products/pink-sculpt-booty-shorts
2026-09-19,Cava Athleisure,Pink Sculpt Booty Shorts,XL,WSH0418PNXL,999.0,0,26,0.0,27,https://cavaathleisure.com/products/pink-sculpt-booty-shorts
2026-09-19,Cava Athleisure,Mint Sculpt Bootcut Leggings,XS,WFP0118GRXS,1299.0,0,41,0.0,42,https://cavaathleisure.com/products/mint-sculpt-bootcut-leggings
2026-09-19,Cava Athleisure,Mint Sculpt Bootcut Leggings,XS,WFP01T18GRXS,1299.0,0,56,0.0,57,https://cavaathleisure.com/products/mint-sculpt-bootcut-leggings
2026-09-19,Cava Athleisure,Mint Sculpt Bootcut Leggings,S,WFP0118GRS,1299.0,0,105,0.0,106,https://cavaathleisure.com/products/mint-sculpt-bootcut-leggings
2026-09-19,Cava Athleisure,Mint Sculpt Bootcut Leggings,S,WFP01T18GRS,1299.0,0,124,0.0,125,https://cavaathleisure.com/products/mint-sculpt-bootcut-leggings
2026-09-19,Cava Athleisure,Mint Sculpt Bootcut Leggings,M,WFP0118GRM,1299.0,0,136,0.0,137,https://cavaathleisure.com/products/mint-sculpt-bootcut-leggings
2026-09-19,Cava Athleisure,Mint Sculpt Bootcut Leggings,M,WFP01T18GRM,1299.0,0,95,0.0,96,https://cavaathleisure.com/products/mint-sculpt-bootcut-leggings
2026-09-19,Cava Athleisure,Mint Sculpt Bootcut Leggings,L,WFP0118GRL,1299.0,0,89,0.0,90,https://cavaathleisure.com/products/mint-sculpt-bootcut-leggings
2026-09-19,Cava Athleisure,Mint Sculpt Bootcut Leggings,L,WFP01T18GRL,1299.0,0,136,0.0,137,https://cavaathleisure.com/products/mint-sculpt-bootcut-leggings
2026-09-19,Cava Athleisure,Mint Sculpt Bootcut Leggings,XL,WFP0118GRXL,1299.0,0,47,0.0,48,https://cavaathleisure.com/products/mint-sculpt-bootcut-leggings
2026-09-19,Cava Athleisure,Mint Sculpt Bootcut Leggings,XL,WFP01T18GRXL,1299.0,0,111,0.0,112,https://cavaathleisure.com/products/mint-sculpt-bootcut-leggings
2026-09-19,Cava Athleisure,Mint Sculpt Bootcut Leggings,XXL,WFP0118GRXXL,1299.0,0,16,0.0,17,https://cavaathleisure.com/products/mint-sculpt-bootcut-leggings
2026-09-19,Cava Athleisure,Mint Sculpt Bootcut Leggings,XXL,WFP01T18GRXXL,1299.0,0,24,0.0,25,https://cavaathleisure.com/products/mint-sculpt-bootcut-leggings
2026-09-19,Cava Athleisure,Pink Sculpt Core Leggings,XS,WLG0218PNXS,1199.0,0,23,0.0,24,https://cavaathleisure.com/products/pink-sculpt-core-leggings
2026-09-19,Cava Athleisure,Pink Sculpt Core Leggings,S,WLG0218PNS,1199.0,0,109,0.0,110,https://cavaathleisure.com/products/pink-sculpt-core-leggings
2026-09-19,Cava Athleisure,Pink Sculpt Core Leggings,M,WLG0218PNM,1199.0,0,94,0.0,95,https://cavaathleisure.com/products/pink-sculpt-core-leggings
2026-09-19,Cava Athleisure,Pink Sculpt Core Leggings,L,WLG0218PNL,1199.0,0,44,0.0,45,https://cavaathleisure.com/products/pink-sculpt-core-leggings
2026-09-19,Cava Athleisure,Pink Sculpt Core Leggings,XL,WLG0218PNXL,1199.0,0,19,0.0,20,https://cavaathleisure.com/products/pink-sculpt-core-leggings
2026-09-19,Cava Athleisure,Pink Sculpt Core Leggings,XXL,WLG0218PNXXL,1199.0,0,24,0.0,25,https://cavaathleisure.com/products/pink-sculpt-core-leggings
2026-09-19,Cava Athleisure,Cava Next Gen Card,Default Title,Cava-Next-Gen-Card,0.0,0,13060,0.0,13061,https://cavaathleisure.com/products/cava-next-gen-card
2026-09-19,Cava Athleisure,Pink Next Gen Swirl Skorts,14+Y,GSK11145PN14-Y,1299.0,0,16,0.0,17,https://cavaathleisure.com/products/pink-next-gen-swirl-skorts
2026-09-19,Cava Athleisure,Cherry Next Gen Swirl Skorts,10-11Y,GSK11145RD10-11Y,1299.0,0,76,0.0,76,https://cavaathleisure.com/products/cherry-next-gen-swirl-skorts
2026-09-19,Cava Athleisure,Cherry Next Gen Swirl Skorts,14+Y,GSK11145RD14-Y,1299.0,0,23,0.0,24,https://cavaathleisure.com/products/cherry-next-gen-swirl-skorts
2026-09-19,Cava Athleisure,Pink Sculpt Bootcut Leggings,XS,WFP01T18PNS,1299.0,0,4,0.0,5,https://cavaathleisure.com/products/pink-sculpt-bootcut-leggings
2026-09-19,Cava Athleisure,Pink Sculpt Bootcut Leggings,S,WFP01T18PNS,1299.0,0,4,0.0,5,https://cavaathleisure.com/products/pink-sculpt-bootcut-leggings
2026-09-19,Cava Athleisure,Pink Sculpt Bootcut Leggings,M,WFP0118PNM,1299.0,0,4,0.0,5,https://cavaathleisure.com/products/pink-sculpt-bootcut-leggings
2026-09-19,Cava Athleisure,Pink Sculpt Bootcut Leggings,M,WFP01T18PNM,1299.0,0,1,0.0,1,https://cavaathleisure.com/products/pink-sculpt-bootcut-leggings
2026-09-19,Cava Athleisure,Pink Sculpt Bootcut Leggings,L,WFP0118PNL,1299.0,0,34,0.0,35,https://cavaathleisure.com/products/pink-sculpt-bootcut-leggings
2026-09-19,Cava Athleisure,Pink Sculpt Bootcut Leggings,L,WFP01T18PNL,1299.0,0,34,0.0,35,https://cavaathleisure.com/products/pink-sculpt-bootcut-leggings
2026-09-19,Cava Athleisure,Pink Sculpt Bootcut Leggings,XL,WFP0118PNXL,1299.0,0,13,0.0,14,https://cavaathleisure.com/products/pink-sculpt-bootcut-leggings
2026-09-19,Cava Athleisure,Pink Sculpt Bootcut Leggings,XL,WFP01T18PNXL,1299.0,0,84,0.0,85,https://cavaathleisure.com/products/pink-sculpt-bootcut-leggings
2026-09-19,Cava Athleisure,Pink Sculpt Bootcut Leggings,XXL,WFP0118PNXXL,1299.0,0,5,0.0,6,https://cavaathleisure.com/products/pink-sculpt-bootcut-leggings
2026-09-19,Cava Athleisure,Pink Sculpt Bootcut Leggings,XXL,WFP01T18PNXXL,1299.0,0,9,0.0,10,https://cavaathleisure.com/products/pink-sculpt-bootcut-leggings
2026-09-19,Cava Athleisure,Wine Hyper Mesh Sports Bra,XS,WSB102RDXS,1499.0,0,83,0.0,84,https://cavaathleisure.com/products/wine-hyper-mesh-sports-bra
2026-09-19,Cava Athleisure,Wine Hyper Mesh Sports Bra,S,WSB102RDS,1499.0,0,289,0.0,290,https://cavaathleisure.com/products/wine-hyper-mesh-sports-bra
2026-09-19,Cava Athleisure,Wine Hyper Mesh Sports Bra,M,WSB102RDM,1499.0,0,262,0.0,263,https://cavaathleisure.com/products/wine-hyper-mesh-sports-bra
2026-09-19,Cava Athleisure,Wine Hyper Mesh Sports Bra,L,WSB102RDL,1499.0,0,148,0.0,149,https://cavaathleisure.com/products/wine-hyper-mesh-sports-bra
2026-09-19,Cava Athleisure,Wine Hyper Mesh Sports Bra,XL,WSB102RDXL,1499.0,0,102,0.0,103,https://cavaathleisure.com/products/wine-hyper-mesh-sports-bra
2026-09-19,Cava Athleisure,Wine Hyper Mesh Sports Bra,XXL,WSB102RDXXL,1499.0,0,39,0.0,40,https://cavaathleisure.com/products/wine-hyper-mesh-sports-bra
2026-09-19,Cava Athleisure,Black Next Gen Swirl Skorts,10-11Y,GSK11145BK10-11Y,1299.0,0,83,0.0,83,https://cavaathleisure.com/products/black-next-gen-swirl-skorts
2026-09-19,Cava Athleisure,Black Next Gen Swirl Skorts,14+Y,GSK11145BK14-Y,1299.0,0,93,0.0,94,https://cavaathleisure.com/products/black-next-gen-swirl-skorts
2026-09-19,Cava Athleisure,Steel Blue Next Gen Swirl Skorts,12-13Y,GSK11145BL12-13Y,1299.0,0,8,0.0,9,https://cavaathleisure.com/products/steel-blue-next-gen-swirl-skorts
2026-09-19,Cava Athleisure,Steel Blue Next Gen Swirl Skorts,14+Y,GSK11145BL14-Y,1299.0,0,32,0.0,33,https://cavaathleisure.com/products/steel-blue-next-gen-swirl-skorts
2026-09-19,Cava Athleisure,Ivory Next Gen Swirl Skorts,10-11Y,GSK11145WH10-11Y,1299.0,1,0,1299.0,0,https://cavaathleisure.com/products/ivory-next-gen-swirl-skorts
2026-09-19,Cava Athleisure,Ivory Next Gen Swirl Skorts,12-13Y,GSK11145WH12-13Y,1299.0,0,16,0.0,17,https://cavaathleisure.com/products/ivory-next-gen-swirl-skorts
2026-09-19,Cava Athleisure,Ivory Next Gen Swirl Skorts,14+Y,GSK11145WH14-Y,1299.0,0,39,0.0,40,https://cavaathleisure.com/products/ivory-next-gen-swirl-skorts
2026-09-19,Cava Athleisure,Cherry Next Gen Active Jacket,10-11Y,GJK11245RD10-11Y,1599.0,0,1,0.0,1,https://cavaathleisure.com/products/cherry-next-gen-sculptor-jacket
2026-09-19,Cava Athleisure,Cherry Next Gen Active Jacket,12-13Y,GJK11245RD12-13Y,1599.0,0,12,0.0,13,https://cavaathleisure.com/products/cherry-next-gen-sculptor-jacket
2026-09-19,Cava Athleisure,Cherry Next Gen Active Jacket,14+Y,GJK11245RD14-Y,1599.0,0,32,0.0,33,https://cavaathleisure.com/products/cherry-next-gen-sculptor-jacket
2026-09-19,Cava Athleisure,Pink Next Gen Active Jacket,12-13Y,GJK11245PN12-13Y,1599.0,0,2,0.0,3,https://cavaathleisure.com/products/blush-pink-next-gen-sculptor-jacket
2026-09-19,Cava Athleisure,Pink Next Gen Active Jacket,14+Y,GJK11245PN14-Y,1599.0,0,19,0.0,20,https://cavaathleisure.com/products/blush-pink-next-gen-sculptor-jacket
2026-09-19,Cava Athleisure,Steel Blue Next Gen Active Jacket,10-11Y,GJK11245BL10-11Y,1599.0,0,19,0.0,20,https://cavaathleisure.com/products/steel-blue-next-gen-sculptor-jacket
2026-09-19,Cava Athleisure,Steel Blue Next Gen Active Jacket,12-13Y,GJK11245BL12-13Y,1599.0,0,22,0.0,23,https://cavaathleisure.com/products/steel-blue-next-gen-sculptor-jacket
2026-09-19,Cava Athleisure,Steel Blue Next Gen Active Jacket,14+Y,GJK11245BL14-Y,1599.0,0,39,0.0,40,https://cavaathleisure.com/products/steel-blue-next-gen-sculptor-jacket
2026-09-19,Cava Athleisure,Black Next Gen Active Jacket,10-11Y,GJK11245BK10-11Y,1599.0,0,15,0.0,16,https://cavaathleisure.com/products/black-next-gen-sculptor-jacket
2026-09-19,Cava Athleisure,Black Next Gen Active Jacket,12-13Y,GJK11245BK12-13Y,1599.0,0,3,0.0,4,https://cavaathleisure.com/products/black-next-gen-sculptor-jacket
2026-09-19,Cava Athleisure,Black Next Gen Active Jacket,14+Y,GJK11245BK14-Y,1599.0,0,24,0.0,25,https://cavaathleisure.com/products/black-next-gen-sculptor-jacket
2026-09-19,Cava Athleisure,Ivory Next Gen Active Jacket,10-11Y,GJK11245WH10-11Y,1599.0,0,21,0.0,22,https://cavaathleisure.com/products/ivory-next-gen-sculptor-jacket
2026-09-19,Cava Athleisure,Ivory Next Gen Active Jacket,12-13Y,GJK11245WH12-13Y,1599.0,0,28,0.0,29,https://cavaathleisure.com/products/ivory-next-gen-sculptor-jacket
2026-09-19,Cava Athleisure,Ivory Next Gen Active Jacket,14+Y,GJK11245WH14-Y,1599.0,0,35,0.0,36,https://cavaathleisure.com/products/ivory-next-gen-sculptor-jacket
2026-09-19,Cava Athleisure,Cherry Hourglass Booty Shorts,S,WSH0818RDS,1099.0,0,23,0.0,24,https://cavaathleisure.com/products/cherry-hourglass-booty-shorts
2026-09-19,Cava Athleisure,Cherry Hourglass Booty Shorts,M,WSH0818RDM,1099.0,0,4,0.0,5,https://cavaathleisure.com/products/cherry-hourglass-booty-shorts
2026-09-19,Cava Athleisure,Cherry Hourglass Booty Shorts,L,WSH0818RDL,1099.0,0,1,0.0,1,https://cavaathleisure.com/products/cherry-hourglass-booty-shorts
2026-09-19,Cava Athleisure,Cherry Pleated Mini Dress,XS,WDR4918RDXS,2049.0,0,54,0.0,55,https://cavaathleisure.com/products/cherry-pleated-mini-dress
2026-09-19,Cava Athleisure,Cherry Pleated Mini Dress,S,WDR4918RDS,2049.0,0,80,0.0,81,https://cavaathleisure.com/products/cherry-pleated-mini-dress
2026-09-19,Cava Athleisure,Cherry Pleated Mini Dress,M,WDR4918RDM,2049.0,0,31,0.0,32,https://cavaathleisure.com/products/cherry-pleated-mini-dress
2026-09-19,Cava Athleisure,Cherry Pleated Mini Dress,L,WDR4918RDL,2049.0,0,14,0.0,15,https://cavaathleisure.com/products/cherry-pleated-mini-dress
2026-09-19,Cava Athleisure,Green Pleated Mini Dress,XS,WDR4918GRXS,2049.0,0,58,0.0,59,https://cavaathleisure.com/products/green-pleated-mini-dress
2026-09-19,Cava Athleisure,Green Pleated Mini Dress,S,WDR4918GRS,2049.0,0,98,0.0,99,https://cavaathleisure.com/products/green-pleated-mini-dress
2026-09-19,Cava Athleisure,Green Pleated Mini Dress,M,WDR4918GRM,2049.0,0,75,0.0,76,https://cavaathleisure.com/products/green-pleated-mini-dress
2026-09-19,Cava Athleisure,Green Pleated Mini Dress,L,WDR4918GRL,2049.0,0,22,0.0,23,https://cavaathleisure.com/products/green-pleated-mini-dress
2026-09-19,Cava Athleisure,Green Pleated Mini Dress,XL,WDR4918GRXL,2049.0,0,19,0.0,20,https://cavaathleisure.com/products/green-pleated-mini-dress
2026-09-19,Cava Athleisure,Green Pleated Mini Dress,XXL,WDR4918GRXXL,2049.0,0,2,0.0,3,https://cavaathleisure.com/products/green-pleated-mini-dress
2026-09-19,Cava Athleisure,Cherry Pintuck Flared Pants,XS,WFP5218RDXS,1499.0,0,14,0.0,15,https://cavaathleisure.com/products/cherry-pintuck-flared-pants
2026-09-19,Cava Athleisure,Cherry Pintuck Flared Pants,S,WFP5218RDS,1499.0,0,44,0.0,45,https://cavaathleisure.com/products/cherry-pintuck-flared-pants
2026-09-19,Cava Athleisure,Cherry Pintuck Flared Pants,M,WFP5218RDM,1499.0,0,63,0.0,64,https://cavaathleisure.com/products/cherry-pintuck-flared-pants
2026-09-19,Cava Athleisure,Cherry Pintuck Flared Pants,L,WFP5218RDL,1499.0,0,15,0.0,16,https://cavaathleisure.com/products/cherry-pintuck-flared-pants
2026-09-19,Cava Athleisure,Cherry Pintuck Flared Pants,XL,WFP5218RDXL,1499.0,0,3,0.0,4,https://cavaathleisure.com/products/cherry-pintuck-flared-pants
2026-09-19,Cava Athleisure,Cherry Pintuck Flared Pants,XXL,WFP5218RDXXL,1499.0,0,4,0.0,5,https://cavaathleisure.com/products/cherry-pintuck-flared-pants
2026-09-19,Cava Athleisure,Black Pleated Mini Dress,XS,WDR4918BKXS,2049.0,0,60,0.0,61,https://cavaathleisure.com/products/black-pleated-mini-dress
2026-09-19,Cava Athleisure,Black Pleated Mini Dress,S,WDR4918BKS,2049.0,0,76,0.0,77,https://cavaathleisure.com/products/black-pleated-mini-dress
2026-09-19,Cava Athleisure,Black Pleated Mini Dress,M,WDR4918BKM,2049.0,0,57,0.0,58,https://cavaathleisure.com/products/black-pleated-mini-dress
2026-09-19,Cava Athleisure,Black Pleated Mini Dress,L,WDR4918BKL,2049.0,0,17,0.0,18,https://cavaathleisure.com/products/black-pleated-mini-dress
2026-09-19,Cava Athleisure,Black Pleated Mini Dress,XL,WDR4918BKXL,2049.0,0,4,0.0,5,https://cavaathleisure.com/products/black-pleated-mini-dress
2026-09-19,Cava Athleisure,Green Pintuck Flared Pants,XS,WFP5218GRXS,1499.0,0,17,0.0,18,https://cavaathleisure.com/products/green-pintuck-flared-pants
2026-09-19,Cava Athleisure,Green Pintuck Flared Pants,S,WFP5218GRS,1499.0,0,43,0.0,44,https://cavaathleisure.com/products/green-pintuck-flared-pants
2026-09-19,Cava Athleisure,Green Pintuck Flared Pants,M,WFP5218GRM,1499.0,0,62,0.0,63,https://cavaathleisure.com/products/green-pintuck-flared-pants
2026-09-19,Cava Athleisure,Green Pintuck Flared Pants,L,WFP5218GRL,1499.0,0,33,0.0,34,https://cavaathleisure.com/products/green-pintuck-flared-pants
2026-09-19,Cava Athleisure,Green Pintuck Flared Pants,XL,WFP5218GRXL,1499.0,0,14,0.0,15,https://cavaathleisure.com/products/green-pintuck-flared-pants
2026-09-19,Cava Athleisure,Green Pintuck Flared Pants,XXL,WFP5218GRXXL,1499.0,0,5,0.0,6,https://cavaathleisure.com/products/green-pintuck-flared-pants
2026-09-19,Cava Athleisure,Cherry Club Corset Top,XS,WTP4818RDXS,1249.0,0,3,0.0,4,https://cavaathleisure.com/products/cherry-club-corset-top
2026-09-19,Cava Athleisure,Cherry Club Corset Top,S,WTP4818RDS,1249.0,0,14,0.0,15,https://cavaathleisure.com/products/cherry-club-corset-top
2026-09-19,Cava Athleisure,Cherry Club Corset Top,L,WTP4818RDL,1249.0,1,0,1249.0,0,https://cavaathleisure.com/products/cherry-club-corset-top
2026-09-19,Cava Athleisure,Cherry Club Corset Top,XXL,WTP4818RDXXL,1249.0,1,0,1249.0,0,https://cavaathleisure.com/products/cherry-club-corset-top
2026-09-19,Cava Athleisure,Green Club Corset Top,XS,WTP4818GRXS,1249.0,0,13,0.0,14,https://cavaathleisure.com/products/green-club-corset-top
2026-09-19,Cava Athleisure,Green Club Corset Top,S,WTP4818GRS,1249.0,0,71,0.0,72,https://cavaathleisure.com/products/green-club-corset-top
2026-09-19,Cava Athleisure,Green Club Corset Top,M,WTP4818GRM,1249.0,0,60,0.0,61,https://cavaathleisure.com/products/green-club-corset-top
2026-09-19,Cava Athleisure,Green Club Corset Top,L,WTP4818GRL,1249.0,0,30,0.0,31,https://cavaathleisure.com/products/green-club-corset-top
2026-09-19,Cava Athleisure,Green Club Corset Top,XXL,WTP4818GRXXL,1249.0,0,2,0.0,3,https://cavaathleisure.com/products/green-club-corset-top
2026-09-19,Cava Athleisure,Black Club Corset Top,XS,WTP4818BKXS,1249.0,0,5,0.0,6,https://cavaathleisure.com/products/black-club-corset-top
2026-09-19,Cava Athleisure,Black Club Corset Top,S,WTP4818BKS,1249.0,0,49,0.0,50,https://cavaathleisure.com/products/black-club-corset-top
2026-09-19,Cava Athleisure,Black Club Corset Top,M,WTP4818BKM,1249.0,0,45,0.0,46,https://cavaathleisure.com/products/black-club-corset-top
2026-09-19,Cava Athleisure,Black Club Corset Top,L,WTP4818BKL,1249.0,0,1,0.0,2,https://cavaathleisure.com/products/black-club-corset-top
2026-09-19,Cava Athleisure,Black Club Corset Top,XL,WTP4818BKXL,1249.0,0,2,0.0,3,https://cavaathleisure.com/products/black-club-corset-top
2026-09-19,Cava Athleisure,Lilac Hourglass Booty Shorts,S,WSH0845PUS,1099.0,0,9,0.0,10,https://cavaathleisure.com/products/lilac-hourglass-booty-shorts
2026-09-19,Cava Athleisure,Ruby Hourglass Booty Shorts,XS,WSH0845RDXS,1099.0,0,10,0.0,11,https://cavaathleisure.com/products/ruby-hourglass-booty-shorts
2026-09-19,Cava Athleisure,Ruby Hourglass Booty Shorts,S,WSH0845RDS,1099.0,0,51,0.0,52,https://cavaathleisure.com/products/ruby-hourglass-booty-shorts
2026-09-19,Cava Athleisure,Cherry Hourglass Snug Leggings,S,WLG1018RDS,1299.0,0,81,0.0,82,https://cavaathleisure.com/products/cherry-hourglass-snug-leggings
2026-09-19,Cava Athleisure,Cherry Hourglass Snug Leggings,M,WLG1018RDM,1299.0,0,93,0.0,94,https://cavaathleisure.com/products/cherry-hourglass-snug-leggings
2026-09-19,Cava Athleisure,Cherry Hourglass Snug Leggings,L,WLG1018RDL,1299.0,0,102,0.0,103,https://cavaathleisure.com/products/cherry-hourglass-snug-leggings
2026-09-19,Cava Athleisure,Cherry Hourglass Snug Leggings,XL,WLG1018RDXL,1299.0,0,7,0.0,8,https://cavaathleisure.com/products/cherry-hourglass-snug-leggings
2026-09-19,Cava Athleisure,Cherry Hourglass Snug Leggings,XXL,WLG1018RDXXL,1299.0,0,32,0.0,33,https://cavaathleisure.com/products/cherry-hourglass-snug-leggings
2026-09-19,Cava Athleisure,Toasted ADPT™ Wrap Top,XS,WTP10245BNXS,1299.0,0,39,0.0,40,https://cavaathleisure.com/products/toasted-adpt-wrap-top
2026-09-19,Cava Athleisure,Toasted ADPT™ Wrap Top,S,WTP10245BNS,1299.0,0,132,0.0,133,https://cavaathleisure.com/products/toasted-adpt-wrap-top
2026-09-19,Cava Athleisure,Toasted ADPT™ Wrap Top,M,WTP10245BNM,1299.0,0,158,0.0,159,https://cavaathleisure.com/products/toasted-adpt-wrap-top
2026-09-19,Cava Athleisure,Toasted ADPT™ Wrap Top,L,WTP10245BNL,1299.0,0,59,0.0,60,https://cavaathleisure.com/products/toasted-adpt-wrap-top
2026-09-19,Cava Athleisure,Toasted ADPT™ Wrap Top,XL,WTP10245BNXL,1299.0,0,43,0.0,44,https://cavaathleisure.com/products/toasted-adpt-wrap-top
2026-09-19,Cava Athleisure,Lilac ADPT™ Wrap Top,XS,WTP10245PUXS,1299.0,0,56,0.0,57,https://cavaathleisure.com/products/lilac-adpt™-wrap-top
2026-09-19,Cava Athleisure,Lilac ADPT™ Wrap Top,S,WTP10245PUS,1299.0,0,161,0.0,162,https://cavaathleisure.com/products/lilac-adpt™-wrap-top
2026-09-19,Cava Athleisure,Lilac ADPT™ Wrap Top,M,WTP10245PUM,1299.0,0,109,0.0,110,https://cavaathleisure.com/products/lilac-adpt™-wrap-top
2026-09-19,Cava Athleisure,Lilac ADPT™ Wrap Top,L,WTP10245PUL,1299.0,0,14,0.0,15,https://cavaathleisure.com/products/lilac-adpt™-wrap-top
2026-09-19,Cava Athleisure,Lilac ADPT™ Wrap Top,XL,WTP10245PUXL,1299.0,0,13,0.0,14,https://cavaathleisure.com/products/lilac-adpt™-wrap-top
2026-09-19,Cava Athleisure,Lilac ADPT™ Wrap Top,XXL,WTP10245PUXXL,1299.0,0,4,0.0,5,https://cavaathleisure.com/products/lilac-adpt™-wrap-top
2026-09-19,Cava Athleisure,Blush ADPT™ Wrap Top,XS,WTP10245PNXS,1299.0,0,8,0.0,9,https://cavaathleisure.com/products/blush-adpt-wrap-top
2026-09-19,Cava Athleisure,Blush ADPT™ Wrap Top,S,WTP10245PNS,1299.0,0,122,0.0,123,https://cavaathleisure.com/products/blush-adpt-wrap-top
2026-09-19,Cava Athleisure,Blush ADPT™ Wrap Top,M,WTP10245PNM,1299.0,0,39,0.0,40,https://cavaathleisure.com/products/blush-adpt-wrap-top
2026-09-19,Cava Athleisure,Blush ADPT™ Wrap Top,XL,WTP10245PNXL,1299.0,0,7,0.0,8,https://cavaathleisure.com/products/blush-adpt-wrap-top
2026-09-19,Cava Athleisure,Blush ADPT™ Wrap Top,XXL,WTP10245PNXXL,1299.0,0,9,0.0,10,https://cavaathleisure.com/products/blush-adpt-wrap-top
2026-09-19,Cava Athleisure,Ivory ADPT™ Wrap Top,XS,WTP10245WHXS,1299.0,0,5,0.0,6,https://cavaathleisure.com/products/ivory-adpt-wrap-top
2026-09-19,Cava Athleisure,Ivory ADPT™ Wrap Top,S,WTP10245WHS,1299.0,0,92,0.0,93,https://cavaathleisure.com/products/ivory-adpt-wrap-top
2026-09-19,Cava Athleisure,Ivory ADPT™ Wrap Top,M,WTP10245WHM,1299.0,0,41,0.0,42,https://cavaathleisure.com/products/ivory-adpt-wrap-top
2026-09-19,Cava Athleisure,Ivory ADPT™ Wrap Top,XXL,WTP10245WHXXL,1299.0,0,10,0.0,11,https://cavaathleisure.com/products/ivory-adpt-wrap-top
2026-09-19,Cava Athleisure,Navy Athletic Quarter-Zip,XL,MTS5710NYXL,1699.0,0,13,0.0,14,https://cavaathleisure.com/products/navy-athletic-quarter-zip
2026-09-19,Cava Athleisure,Navy Athletic Quarter-Zip,XXL,MTS5710NYXXL,1699.0,0,20,0.0,21,https://cavaathleisure.com/products/navy-athletic-quarter-zip
2026-09-19,Cava Athleisure,Ice Blue Athletic Quarter-Zip,XL,MTS5710BLXL,1699.0,0,43,0.0,44,https://cavaathleisure.com/products/ice-blue-athletic-quarter-zip
2026-09-19,Cava Athleisure,Ice Blue Athletic Quarter-Zip,XXL,MTS5710BLXXL,1699.0,0,39,0.0,40,https://cavaathleisure.com/products/ice-blue-athletic-quarter-zip
2026-09-19,Cava Athleisure,Cherry Hourglass Flared Leggings,XS,WFPACU0118RDXS,1429.0,0,8,0.0,9,https://cavaathleisure.com/products/cherry-hourglass-flared-leggings
2026-09-19,Cava Athleisure,Cherry Hourglass Flared Leggings,XS,WFPACU0218RDXS,1429.0,0,31,0.0,32,https://cavaathleisure.com/products/cherry-hourglass-flared-leggings
2026-09-19,Cava Athleisure,Cherry Hourglass Flared Leggings,XS,WFPACU0418RDXS,1429.0,0,55,0.0,56,https://cavaathleisure.com/products/cherry-hourglass-flared-leggings
2026-09-19,Cava Athleisure,Cherry Hourglass Flared Leggings,S,WFPACU0118RDS,1429.0,0,7,0.0,8,https://cavaathleisure.com/products/cherry-hourglass-flared-leggings
2026-09-19,Cava Athleisure,Cherry Hourglass Flared Leggings,S,WFPACU0218RDS,1429.0,0,78,0.0,79,https://cavaathleisure.com/products/cherry-hourglass-flared-leggings
2026-09-19,Cava Athleisure,Cherry Hourglass Flared Leggings,S,WFPACU0418RDS,1429.0,0,62,0.0,63,https://cavaathleisure.com/products/cherry-hourglass-flared-leggings
2026-09-19,Cava Athleisure,Cherry Hourglass Flared Leggings,M,WFPACU0118RDM,1429.0,0,30,0.0,31,https://cavaathleisure.com/products/cherry-hourglass-flared-leggings
2026-09-19,Cava Athleisure,Cherry Hourglass Flared Leggings,M,WFPACU0218RDM,1429.0,0,98,0.0,99,https://cavaathleisure.com/products/cherry-hourglass-flared-leggings
2026-09-19,Cava Athleisure,Cherry Hourglass Flared Leggings,M,WFPACU0418RDM,1429.0,0,60,0.0,61,https://cavaathleisure.com/products/cherry-hourglass-flared-leggings
2026-09-19,Cava Athleisure,Cherry Hourglass Flared Leggings,L,WFPACU0118RDL,1429.0,0,64,0.0,65,https://cavaathleisure.com/products/cherry-hourglass-flared-leggings
2026-09-19,Cava Athleisure,Cherry Hourglass Flared Leggings,L,WFPACU0218RDL,1429.0,0,36,0.0,37,https://cavaathleisure.com/products/cherry-hourglass-flared-leggings
2026-09-19,Cava Athleisure,Cherry Hourglass Flared Leggings,L,WFPACU0418RDL,1429.0,0,48,0.0,49,https://cavaathleisure.com/products/cherry-hourglass-flared-leggings
2026-09-19,Cava Athleisure,Cherry Hourglass Flared Leggings,XL,WFPACU0118RDXL,1429.0,0,27,0.0,28,https://cavaathleisure.com/products/cherry-hourglass-flared-leggings
2026-09-19,Cava Athleisure,Cherry Hourglass Flared Leggings,XL,WFPACU0218RDXL,1429.0,0,91,0.0,92,https://cavaathleisure.com/products/cherry-hourglass-flared-leggings
2026-09-19,Cava Athleisure,Cherry Hourglass Flared Leggings,XL,WFPACU0418RDXL,1429.0,0,33,0.0,34,https://cavaathleisure.com/products/cherry-hourglass-flared-leggings
2026-09-19,Cava Athleisure,Cherry Hourglass Flared Leggings,XXL,WFPACU0118RDXXL,1429.0,0,32,0.0,33,https://cavaathleisure.com/products/cherry-hourglass-flared-leggings
2026-09-19,Cava Athleisure,Cherry Hourglass Flared Leggings,XXL,WFPACU0418RDXXL,1429.0,0,29,0.0,30,https://cavaathleisure.com/products/cherry-hourglass-flared-leggings
2026-09-19,Cava Athleisure,Lilac Refine Crop Tank,XS,WTN10145PUXS,999.0,0,20,0.0,21,https://cavaathleisure.com/products/lilac-refine-crop-tank
2026-09-19,Cava Athleisure,Lilac Refine Crop Tank,S,WTN10145PUS,999.0,0,64,0.0,65,https://cavaathleisure.com/products/lilac-refine-crop-tank
2026-09-19,Cava Athleisure,Lilac Refine Crop Tank,M,WTN10145PUM,999.0,0,96,0.0,97,https://cavaathleisure.com/products/lilac-refine-crop-tank
2026-09-19,Cava Athleisure,Lilac Refine Crop Tank,L,WTN10145PUL,999.0,0,59,0.0,60,https://cavaathleisure.com/products/lilac-refine-crop-tank
2026-09-19,Cava Athleisure,Lilac Refine Crop Tank,XL,WTN10145PUXL,999.0,0,23,0.0,24,https://cavaathleisure.com/products/lilac-refine-crop-tank
2026-09-19,Cava Athleisure,Lilac Refine Crop Tank,XXL,WTN10145PUXXL,999.0,0,3,0.0,4,https://cavaathleisure.com/products/lilac-refine-crop-tank
2026-09-19,Cava Athleisure,Steel Blue Refine Crop Tank,XS,WTN10145BLXS,999.0,0,4,0.0,5,https://cavaathleisure.com/products/steel-blue-refine-crop-tank
2026-09-19,Cava Athleisure,Steel Blue Refine Crop Tank,S,WTN10145BLS,999.0,0,36,0.0,37,https://cavaathleisure.com/products/steel-blue-refine-crop-tank
2026-09-19,Cava Athleisure,Steel Blue Refine Crop Tank,M,WTN10145BLM,999.0,0,46,0.0,47,https://cavaathleisure.com/products/steel-blue-refine-crop-tank
2026-09-19,Cava Athleisure,Steel Blue Refine Crop Tank,L,WTN10145BLL,999.0,0,24,0.0,25,https://cavaathleisure.com/products/steel-blue-refine-crop-tank
2026-09-19,Cava Athleisure,Steel Blue Refine Crop Tank,XL,WTN10145BLXL,999.0,0,23,0.0,24,https://cavaathleisure.com/products/steel-blue-refine-crop-tank
2026-09-19,Cava Athleisure,Steel Blue Refine Crop Tank,XXL,WTN10145BLXXL,999.0,0,11,0.0,12,https://cavaathleisure.com/products/steel-blue-refine-crop-tank
2026-09-19,Cava Athleisure,Ruby Refine Crop Tank,XS,WTN10145RDXS,999.0,0,4,0.0,5,https://cavaathleisure.com/products/ruby-refine-crop-tank
2026-09-19,Cava Athleisure,Ruby Refine Crop Tank,S,WTN10145RDS,999.0,0,3,0.0,4,https://cavaathleisure.com/products/ruby-refine-crop-tank
2026-09-19,Cava Athleisure,Ruby Refine Crop Tank,M,WTN10145RDM,999.0,0,15,0.0,16,https://cavaathleisure.com/products/ruby-refine-crop-tank
2026-09-19,Cava Athleisure,Ruby Refine Crop Tank,L,WTN10145RDL,999.0,0,24,0.0,25,https://cavaathleisure.com/products/ruby-refine-crop-tank
2026-09-19,Cava Athleisure,Ruby Refine Crop Tank,XL,WTN10145RDXL,999.0,0,15,0.0,16,https://cavaathleisure.com/products/ruby-refine-crop-tank
2026-09-19,Cava Athleisure,Ruby Refine Crop Tank,XXL,WTN10145RDXXL,999.0,0,2,0.0,3,https://cavaathleisure.com/products/ruby-refine-crop-tank
2026-09-19,Cava Athleisure,Navy Contrast Techpique Sleeveless Polo,XS,WTPCS0410NYXS,1359.0,0,7,0.0,8,https://cavaathleisure.com/products/navy-contrast-techpique-sleeveless-polo
2026-09-19,Cava Athleisure,Navy Contrast Techpique Sleeveless Polo,S,WTPCS0410NYS,1359.0,0,46,0.0,47,https://cavaathleisure.com/products/navy-contrast-techpique-sleeveless-polo
2026-09-19,Cava Athleisure,Navy Contrast Techpique Sleeveless Polo,M,WTPCS0410NYM,1359.0,0,11,0.0,12,https://cavaathleisure.com/products/navy-contrast-techpique-sleeveless-polo
2026-09-19,Cava Athleisure,Navy Contrast Techpique Sleeveless Polo,XL,WTPCS0410NYXL,1359.0,0,22,0.0,23,https://cavaathleisure.com/products/navy-contrast-techpique-sleeveless-polo
2026-09-19,Cava Athleisure,Navy Contrast Techpique Sleeveless Polo,XXL,WTPCS0410NYXXL,1359.0,0,11,0.0,12,https://cavaathleisure.com/products/navy-contrast-techpique-sleeveless-polo
2026-09-19,Cava Athleisure,Ivory Contrast Techpique Sleeveless Polo,XS,WTPCS0410WHXS,1359.0,0,37,0.0,38,https://cavaathleisure.com/products/ivory-contrast-techpique-sleeveless-polo
2026-09-19,Cava Athleisure,Ivory Contrast Techpique Sleeveless Polo,S,WTPCS0410WHS,1359.0,0,95,0.0,96,https://cavaathleisure.com/products/ivory-contrast-techpique-sleeveless-polo
2026-09-19,Cava Athleisure,Ivory Contrast Techpique Sleeveless Polo,M,WTPCS0410WHM,1359.0,0,67,0.0,68,https://cavaathleisure.com/products/ivory-contrast-techpique-sleeveless-polo
2026-09-19,Cava Athleisure,Ivory Contrast Techpique Sleeveless Polo,L,WTPCS0410WHL,1359.0,0,17,0.0,18,https://cavaathleisure.com/products/ivory-contrast-techpique-sleeveless-polo
2026-09-19,Cava Athleisure,Ivory Contrast Techpique Sleeveless Polo,XL,WTPCS0410WHXL,1359.0,0,38,0.0,39,https://cavaathleisure.com/products/ivory-contrast-techpique-sleeveless-polo
2026-09-19,Cava Athleisure,Ivory Contrast Techpique Sleeveless Polo,XXL,WTPCS0410WHXXL,1359.0,0,30,0.0,31,https://cavaathleisure.com/products/ivory-contrast-techpique-sleeveless-polo
2026-09-19,Cava Athleisure,Green Contour Jacket,XS,WJK4718GRXS,2199.0,0,32,0.0,33,https://cavaathleisure.com/products/green-contour-jacket
2026-09-19,Cava Athleisure,Green Contour Jacket,S,WJK4718GRS,2199.0,0,100,0.0,101,https://cavaathleisure.com/products/green-contour-jacket
2026-09-19,Cava Athleisure,Green Contour Jacket,M,WJK4718GRM,2199.0,0,117,0.0,118,https://cavaathleisure.com/products/green-contour-jacket
2026-09-19,Cava Athleisure,Green Contour Jacket,L,WJK4718GRL,2199.0,0,58,0.0,59,https://cavaathleisure.com/products/green-contour-jacket
2026-09-19,Cava Athleisure,Green Contour Jacket,XL,WJK4718GRXL,2199.0,0,19,0.0,20,https://cavaathleisure.com/products/green-contour-jacket
2026-09-19,Cava Athleisure,Green Contour Jacket,XXL,WJK4718GRXXL,2199.0,0,1,0.0,2,https://cavaathleisure.com/products/green-contour-jacket
2026-09-19,Cava Athleisure,Black Contour Jacket,S,WJK4718BKS,2199.0,0,1,0.0,1,https://cavaathleisure.com/products/black-contour-jacket
2026-09-19,Cava Athleisure,Black Contour Jacket,XXL,WJK4718BKXXL,2199.0,1,0,2199.0,0,https://cavaathleisure.com/products/black-contour-jacket
2026-09-19,Cava Athleisure,Brown Refine Crop Tank,S,WTN10145BNS,999.0,1,0,999.0,0,https://cavaathleisure.com/products/brown-refine-crop-tank
2026-09-19,Cava Athleisure,Brown Refine Crop Tank,M,WTN10145BNM,999.0,0,2,0.0,3,https://cavaathleisure.com/products/brown-refine-crop-tank
2026-09-19,Cava Athleisure,Brown Refine Crop Tank,XL,WTN10145BNXL,999.0,0,3,0.0,4,https://cavaathleisure.com/products/brown-refine-crop-tank
2026-09-19,Cava Athleisure,Brown Refine Crop Tank,XXL,WTN10145BNXXL,999.0,0,2,0.0,3,https://cavaathleisure.com/products/brown-refine-crop-tank
2026-09-19,Cava Athleisure,Ivory Refine Crop Tank,XS,WTN10145WHXS,999.0,0,19,0.0,20,https://cavaathleisure.com/products/ivory-refine-crop-tank
2026-09-19,Cava Athleisure,Ivory Refine Crop Tank,S,WTN10145WHS,999.0,0,43,0.0,44,https://cavaathleisure.com/products/ivory-refine-crop-tank
2026-09-19,Cava Athleisure,Ivory Refine Crop Tank,M,WTN10145WHM,999.0,0,60,0.0,61,https://cavaathleisure.com/products/ivory-refine-crop-tank
2026-09-19,Cava Athleisure,Ivory Refine Crop Tank,L,WTN10145WHL,999.0,0,62,0.0,63,https://cavaathleisure.com/products/ivory-refine-crop-tank
2026-09-19,Cava Athleisure,Ivory Refine Crop Tank,XL,WTN10145WHXL,999.0,0,23,0.0,24,https://cavaathleisure.com/products/ivory-refine-crop-tank
2026-09-19,Cava Athleisure,Ice Blue Contour Jacket,XS,WJK4718BLXS,2199.0,0,10,0.0,11,https://cavaathleisure.com/products/ice-blue-contour-jacket
2026-09-19,Cava Athleisure,Ice Blue Contour Jacket,S,WJK4718BLS,2199.0,0,62,0.0,63,https://cavaathleisure.com/products/ice-blue-contour-jacket
2026-09-19,Cava Athleisure,Ice Blue Contour Jacket,M,WJK4718BLM,2199.0,0,42,0.0,43,https://cavaathleisure.com/products/ice-blue-contour-jacket
2026-09-19,Cava Athleisure,Ice Blue Contour Jacket,L,WJK4718BLL,2199.0,1,0,2199.0,0,https://cavaathleisure.com/products/ice-blue-contour-jacket
2026-09-19,Cava Athleisure,Ivory Hourglass Flared Leggings,XS,WFPACU0145WHXS,1429.0,0,20,0.0,21,https://cavaathleisure.com/products/ivory-hourglass-flared-leggings
2026-09-19,Cava Athleisure,Ivory Hourglass Flared Leggings,XS,WFPACU0245WHXS,1429.0,0,3,0.0,4,https://cavaathleisure.com/products/ivory-hourglass-flared-leggings
2026-09-19,Cava Athleisure,Ivory Hourglass Flared Leggings,XS,WFPACU0445WHXS,1429.0,0,66,0.0,67,https://cavaathleisure.com/products/ivory-hourglass-flared-leggings
2026-09-19,Cava Athleisure,Ivory Hourglass Flared Leggings,S,WFPACU0145WHS,1429.0,0,10,0.0,11,https://cavaathleisure.com/products/ivory-hourglass-flared-leggings
2026-09-19,Cava Athleisure,Ivory Hourglass Flared Leggings,S,WFPACU0245WHS,1429.0,0,14,0.0,15,https://cavaathleisure.com/products/ivory-hourglass-flared-leggings
2026-09-19,Cava Athleisure,Ivory Hourglass Flared Leggings,S,WFPACU0445WHS,1429.0,0,30,0.0,31,https://cavaathleisure.com/products/ivory-hourglass-flared-leggings
2026-09-19,Cava Athleisure,Ivory Hourglass Flared Leggings,M,WFPACU0145WHM,1429.0,0,97,0.0,98,https://cavaathleisure.com/products/ivory-hourglass-flared-leggings
2026-09-19,Cava Athleisure,Ivory Hourglass Flared Leggings,M,WFPACU0245WHM,1429.0,0,68,0.0,69,https://cavaathleisure.com/products/ivory-hourglass-flared-leggings
2026-09-19,Cava Athleisure,Ivory Hourglass Flared Leggings,M,WFPACU0445WHM,1429.0,0,107,0.0,108,https://cavaathleisure.com/products/ivory-hourglass-flared-leggings
2026-09-19,Cava Athleisure,Ivory Hourglass Flared Leggings,L,WFPACU0145WHL,1429.0,0,89,0.0,90,https://cavaathleisure.com/products/ivory-hourglass-flared-leggings
2026-09-19,Cava Athleisure,Ivory Hourglass Flared Leggings,L,WFPACU0245WHL,1429.0,0,134,0.0,135,https://cavaathleisure.com/products/ivory-hourglass-flared-leggings
2026-09-19,Cava Athleisure,Ivory Hourglass Flared Leggings,L,WFPACU0445WHL,1429.0,0,25,0.0,26,https://cavaathleisure.com/products/ivory-hourglass-flared-leggings
2026-09-19,Cava Athleisure,Ivory Hourglass Flared Leggings,XL,WFPACU0145WHXL,1429.0,0,5,0.0,6,https://cavaathleisure.com/products/ivory-hourglass-flared-leggings
2026-09-19,Cava Athleisure,Ivory Hourglass Flared Leggings,XL,WFPACU0445WHXL,1429.0,0,71,0.0,72,https://cavaathleisure.com/products/ivory-hourglass-flared-leggings
2026-09-19,Cava Athleisure,Ivory Hourglass Flared Leggings,XXL,WFPACU0145WHXXL,1429.0,0,36,0.0,37,https://cavaathleisure.com/products/ivory-hourglass-flared-leggings
2026-09-19,Cava Athleisure,Ivory Hourglass Flared Leggings,XXL,WFPACU0245WHXXL,1429.0,0,87,0.0,88,https://cavaathleisure.com/products/ivory-hourglass-flared-leggings
2026-09-19,Cava Athleisure,Ivory Hourglass Flared Leggings,XXL,WFPACU0445WHXXL,1429.0,0,54,0.0,55,https://cavaathleisure.com/products/ivory-hourglass-flared-leggings
2026-09-19,Cava Athleisure,Light Grey Athletic Quarter-Zip,XL,MTS5710GYXL,1699.0,0,9,0.0,10,https://cavaathleisure.com/products/light-grey-athletic-quarter-zip
2026-09-19,Cava Athleisure,Light Grey Athletic Quarter-Zip,XXL,MTS5710GYXXL,1699.0,0,38,0.0,39,https://cavaathleisure.com/products/light-grey-athletic-quarter-zip
2026-09-19,Cava Athleisure,Light Grey Trailscape Jacket,S,MJK5610GYS,2799.0,0,24,0.0,25,https://cavaathleisure.com/products/light-grey-trailscape-jacket
2026-09-19,Cava Athleisure,Light Grey Trailscape Jacket,M,MJK5610GYM,2799.0,0,14,0.0,15,https://cavaathleisure.com/products/light-grey-trailscape-jacket
2026-09-19,Cava Athleisure,Light Grey Trailscape Jacket,L,MJK5610GYL,2799.0,0,50,0.0,51,https://cavaathleisure.com/products/light-grey-trailscape-jacket
2026-09-19,Cava Athleisure,Light Grey Trailscape Jacket,XL,MJK5610GYXL,2799.0,0,68,0.0,69,https://cavaathleisure.com/products/light-grey-trailscape-jacket
2026-09-19,Cava Athleisure,Light Grey Trailscape Jacket,XXL,MJK5610GYXXL,2799.0,0,42,0.0,43,https://cavaathleisure.com/products/light-grey-trailscape-jacket
2026-09-19,Cava Athleisure,Brown Trailscape Jacket,S,MJK5610BNS,2799.0,0,38,0.0,39,https://cavaathleisure.com/products/brown-trailscape-jacket
2026-09-19,Cava Athleisure,Brown Trailscape Jacket,M,MJK5610BNM,2799.0,0,58,0.0,59,https://cavaathleisure.com/products/brown-trailscape-jacket
2026-09-19,Cava Athleisure,Brown Trailscape Jacket,L,MJK5610BNL,2799.0,0,64,0.0,65,https://cavaathleisure.com/products/brown-trailscape-jacket
2026-09-19,Cava Athleisure,Brown Trailscape Jacket,XL,MJK5610BNXL,2799.0,0,71,0.0,72,https://cavaathleisure.com/products/brown-trailscape-jacket
2026-09-19,Cava Athleisure,Brown Trailscape Jacket,XXL,MJK5610BNXXL,2799.0,0,41,0.0,42,https://cavaathleisure.com/products/brown-trailscape-jacket
2026-09-19,Cava Athleisure,Navy Trailscape Jacket,S,MJK5610NYS,2799.0,0,43,0.0,44,https://cavaathleisure.com/products/navy-trailscape-jacket
2026-09-19,Cava Athleisure,Navy Trailscape Jacket,M,MJK5610NYM,2799.0,0,66,0.0,67,https://cavaathleisure.com/products/navy-trailscape-jacket
2026-09-19,Cava Athleisure,Navy Trailscape Jacket,L,MJK5610NYL,2799.0,0,68,0.0,69,https://cavaathleisure.com/products/navy-trailscape-jacket
2026-09-19,Cava Athleisure,Navy Trailscape Jacket,XL,MJK5610NYXL,2799.0,0,72,0.0,73,https://cavaathleisure.com/products/navy-trailscape-jacket
2026-09-19,Cava Athleisure,Navy Trailscape Jacket,XXL,MJK5610NYXXL,2799.0,0,49,0.0,50,https://cavaathleisure.com/products/navy-trailscape-jacket
2026-09-19,Cava Athleisure,White Velocity Training Tee,XL,MTS5518WHXL,1343.0,0,3,0.0,4,https://cavaathleisure.com/products/white-velocity-training-tee
2026-09-19,Cava Athleisure,White Velocity Training Tee,XXL,MTS5518WHXXL,1343.0,0,13,0.0,14,https://cavaathleisure.com/products/white-velocity-training-tee
2026-09-19,Cava Athleisure,Ice Blue Velocity Training Tee,XL,MTS5518BLXL,1343.0,0,4,0.0,5,https://cavaathleisure.com/products/ice-blue-velocity-training-tee
2026-09-19,Cava Athleisure,Ice Blue Velocity Training Tee,XXL,MTS5518BLXXL,1343.0,0,23,0.0,24,https://cavaathleisure.com/products/ice-blue-velocity-training-tee
2026-09-19,Cava Athleisure,Teal Velocity Training Tee,XL,MTS5518GRXL,1343.0,1,0,1343.0,0,https://cavaathleisure.com/products/teal-velocity-training-tee
2026-09-19,Cava Athleisure,Teal Velocity Training Tee,XXL,MTS5518GRXXL,1343.0,0,18,0.0,19,https://cavaathleisure.com/products/teal-velocity-training-tee
2026-09-19,Cava Athleisure,Black Velocity Training Tee,XXL,MTS5518BKXXL,1343.0,0,1,0.0,2,https://cavaathleisure.com/products/black-velocity-training-tee
2026-09-19,Cava Athleisure,Plum Cotton Recovery Jacket,XS,WJK3616PUXS,1264.0,0,11,0.0,12,https://cavaathleisure.com/products/plum-cotton-recovery-jacket
2026-09-19,Cava Athleisure,Black Trailscape Jacket,S,MJK5610BKS,2799.0,0,42,0.0,43,https://cavaathleisure.com/products/trailscape-jacketblack-trailscape-jacket
2026-09-19,Cava Athleisure,Black Trailscape Jacket,M,MJK5610BKM,2799.0,0,62,0.0,63,https://cavaathleisure.com/products/trailscape-jacketblack-trailscape-jacket
2026-09-19,Cava Athleisure,Black Trailscape Jacket,L,MJK5610BKL,2799.0,0,58,0.0,59,https://cavaathleisure.com/products/trailscape-jacketblack-trailscape-jacket
2026-09-19,Cava Athleisure,Black Trailscape Jacket,XL,MJK5610BKXL,2799.0,0,72,0.0,73,https://cavaathleisure.com/products/trailscape-jacketblack-trailscape-jacket
2026-09-19,Cava Athleisure,Black Trailscape Jacket,XXL,MJK5610BKXXL,2799.0,0,52,0.0,53,https://cavaathleisure.com/products/trailscape-jacketblack-trailscape-jacket
2026-09-19,Cava Athleisure,Lilac Hyper Mesh Sports Bra,XS,WSB021PUXS,1499.0,0,52,0.0,53,https://cavaathleisure.com/products/lilac-hyper-mesh-sports-bra
2026-09-19,Cava Athleisure,Lilac Hyper Mesh Sports Bra,S,WSB021PUS,1499.0,0,88,0.0,89,https://cavaathleisure.com/products/lilac-hyper-mesh-sports-bra
2026-09-19,Cava Athleisure,Lilac Hyper Mesh Sports Bra,L,WSB021PUL,1499.0,0,1,0.0,2,https://cavaathleisure.com/products/lilac-hyper-mesh-sports-bra
2026-09-19,Cava Athleisure,Lilac Hyper Mesh Sports Bra,XL,WSB021PUXL,1499.0,0,1,0.0,1,https://cavaathleisure.com/products/lilac-hyper-mesh-sports-bra
2026-09-19,Cava Athleisure,Red Pulse Seamless Tee,S,MTSCS12117RDS,899.0,0,22,0.0,23,https://cavaathleisure.com/products/red-pulse-seamless-tee
2026-09-19,Cava Athleisure,Red Pulse Seamless Tee,XL,MTSCS12117RDXL,899.0,0,68,0.0,69,https://cavaathleisure.com/products/red-pulse-seamless-tee
2026-09-19,Cava Athleisure,Red Pulse Seamless Tee,XXL,MTSCS12117RDXXL,899.0,0,40,0.0,41,https://cavaathleisure.com/products/red-pulse-seamless-tee
2026-09-19,Cava Athleisure,Navy Ripple Swim Skorts,XS,WSWSK3414NYXS,2493.0,0,14,0.0,15,https://cavaathleisure.com/products/navy-ripple-swim-skorts
2026-09-19,Cava Athleisure,Navy Ripple Swim Skorts,S,WSWSK3414NYS,2493.0,0,13,0.0,14,https://cavaathleisure.com/products/navy-ripple-swim-skorts
2026-09-19,Cava Athleisure,Cherry Ripple Swim Skorts,XS,WSWSK3414RDXS,2499.0,0,48,0.0,49,https://cavaathleisure.com/products/cherry-ripple-swim-skorts
2026-09-19,Cava Athleisure,Cherry Ripple Swim Skorts,S,WSWSK3414RDS,2499.0,0,110,0.0,111,https://cavaathleisure.com/products/cherry-ripple-swim-skorts
2026-09-19,Cava Athleisure,Cherry Ripple Swim Skorts,M,WSWSK3414RDM,2499.0,0,250,0.0,250,https://cavaathleisure.com/products/cherry-ripple-swim-skorts
2026-09-19,Cava Athleisure,Cherry Ripple Swim Skorts,L,WSWSK3414RDL,2499.0,0,141,0.0,141,https://cavaathleisure.com/products/cherry-ripple-swim-skorts
2026-09-19,Cava Athleisure,Cherry Ripple Swim Skorts,XL,WSWSK3414RDXL,2499.0,0,56,0.0,56,https://cavaathleisure.com/products/cherry-ripple-swim-skorts
2026-09-19,Cava Athleisure,Black Ripple Swim Skorts,XS,WSWSK3414BKXS,2489.0,0,80,0.0,81,https://cavaathleisure.com/products/black-ripple-swim-skorts
2026-09-19,Cava Athleisure,Black Ripple Swim Skorts,S,WSWSK3414BKS,2489.0,0,80,0.0,81,https://cavaathleisure.com/products/black-ripple-swim-skorts
2026-09-19,Cava Athleisure,Black Ripple Swim Skorts,M,WSWSK3414BKM,2489.0,0,220,0.0,220,https://cavaathleisure.com/products/black-ripple-swim-skorts
2026-09-19,Cava Athleisure,Black Ripple Swim Skorts,L,WSWSK3414BKL,2489.0,0,230,0.0,230,https://cavaathleisure.com/products/black-ripple-swim-skorts
2026-09-19,Cava Athleisure,Black Cava Essential Tote,Free Size,WAC6014BK,1699.0,0,69,0.0,70,https://cavaathleisure.com/products/black-cava-essential-tote
2026-09-19,Cava Athleisure,Ivory Cava Essential Tote,Free Size,WAC5914WH,1699.0,0,99,0.0,100,https://cavaathleisure.com/products/ivory-cava-essential-tote
2026-09-19,Cava Athleisure,Cherry Tieback Swim Top,XS,WSWTP3314RDXS,2499.0,0,62,0.0,62,https://cavaathleisure.com/products/cherry-tieback-swim-top
2026-09-19,Cava Athleisure,Cherry Tieback Swim Top,S,WSWTP3314RDS,2499.0,0,209,0.0,210,https://cavaathleisure.com/products/cherry-tieback-swim-top
2026-09-19,Cava Athleisure,Cherry Tieback Swim Top,M,WSWTP3314RDM,2499.0,0,246,0.0,247,https://cavaathleisure.com/products/cherry-tieback-swim-top
2026-09-19,Cava Athleisure,Cherry Tieback Swim Top,L,WSWTP3314RDL,2499.0,0,162,0.0,163,https://cavaathleisure.com/products/cherry-tieback-swim-top
2026-09-19,Cava Athleisure,Cherry Tieback Swim Top,XL,WSWTP3314RDXL,2499.0,0,60,0.0,61,https://cavaathleisure.com/products/cherry-tieback-swim-top
2026-09-19,Cava Athleisure,Cherry Tieback Swim Top,XXL,WSWTP3314RDXXL,2499.0,0,45,0.0,46,https://cavaathleisure.com/products/cherry-tieback-swim-top
2026-09-19,Cava Athleisure,Black Tieback Swim Top,XS,WSWTP3314BKXS,2483.0,0,29,0.0,30,https://cavaathleisure.com/products/black-tieback-swim-top
2026-09-19,Cava Athleisure,Black Tieback Swim Top,S,WSWTP3314BKS,2483.0,0,169,0.0,170,https://cavaathleisure.com/products/black-tieback-swim-top
2026-09-19,Cava Athleisure,Black Tieback Swim Top,M,WSWTP3314BKM,2483.0,0,206,0.0,207,https://cavaathleisure.com/products/black-tieback-swim-top
2026-09-19,Cava Athleisure,Black Tieback Swim Top,L,WSWTP3314BKL,2483.0,0,154,0.0,155,https://cavaathleisure.com/products/black-tieback-swim-top
2026-09-19,Cava Athleisure,Black Tieback Swim Top,XL,WSWTP3314BKXL,2483.0,0,6,0.0,7,https://cavaathleisure.com/products/black-tieback-swim-top
2026-09-19,Cava Athleisure,Black Tieback Swim Top,XXL,WSWTP3314BKXXL,2483.0,0,44,0.0,45,https://cavaathleisure.com/products/black-tieback-swim-top
2026-09-19,Cava Athleisure,Cherry Plie Pleated Skort,XS,WSKCS0610RDXS,1699.0,0,259,0.0,260,https://cavaathleisure.com/products/cherry-plie-pleated-skort
2026-09-19,Cava Athleisure,Cherry Plie Pleated Skort,S,WSKCS0610RDS,1699.0,0,152,0.0,153,https://cavaathleisure.com/products/cherry-plie-pleated-skort
2026-09-19,Cava Athleisure,Cherry Plie Pleated Skort,XL,WSKCS0610RDXL,1699.0,0,21,0.0,22,https://cavaathleisure.com/products/cherry-plie-pleated-skort
2026-09-19,Cava Athleisure,Wine Hourglass Booty Shorts,XS,WSH0845WRDXS,1099.0,0,81,0.0,82,https://cavaathleisure.com/products/wine-hourglass-booty-shorts
2026-09-19,Cava Athleisure,Wine Hourglass Booty Shorts,S,WSH0845WRDS,1099.0,0,422,0.0,423,https://cavaathleisure.com/products/wine-hourglass-booty-shorts
2026-09-19,Cava Athleisure,Wine Hourglass Booty Shorts,M,WSH0845WRDM,1099.0,0,188,0.0,189,https://cavaathleisure.com/products/wine-hourglass-booty-shorts
2026-09-19,Cava Athleisure,Wine Hourglass Booty Shorts,L,WSH0845WRDL,1099.0,0,76,0.0,77,https://cavaathleisure.com/products/wine-hourglass-booty-shorts
2026-09-19,Cava Athleisure,Wine Hourglass Booty Shorts,XL,WSH0845WRDXL,1099.0,0,16,0.0,17,https://cavaathleisure.com/products/wine-hourglass-booty-shorts
2026-09-19,Cava Athleisure,"Shadow 5"" Pacer Shorts",32,MSH4217GY32,1596.0,1,0,1596.0,0,https://cavaathleisure.com/products/shadow-5-pacer-shorts
2026-09-19,Cava Athleisure,"Shadow 5"" Pacer Shorts",38,MSH4217GY38,1596.0,0,16,0.0,17,https://cavaathleisure.com/products/shadow-5-pacer-shorts
2026-09-19,Cava Athleisure,Steel Blue Hourglass Booty Shorts,XS,WSH0845BLXS,1099.0,0,85,0.0,86,https://cavaathleisure.com/products/steel-blue-hourglass-booty-shorts
2026-09-19,Cava Athleisure,Steel Blue Hourglass Booty Shorts,S,WSH0845BLS,1099.0,0,154,0.0,155,https://cavaathleisure.com/products/steel-blue-hourglass-booty-shorts
2026-09-19,Cava Athleisure,Steel Blue Hourglass Booty Shorts,M,WSH0845BLM,1099.0,0,148,0.0,149,https://cavaathleisure.com/products/steel-blue-hourglass-booty-shorts
2026-09-19,Cava Athleisure,Steel Blue Hourglass Booty Shorts,L,WSH0845BLL,1099.0,0,96,0.0,97,https://cavaathleisure.com/products/steel-blue-hourglass-booty-shorts
2026-09-19,Cava Athleisure,Steel Blue Hourglass Booty Shorts,XL,WSH0845BLXL,1099.0,0,47,0.0,48,https://cavaathleisure.com/products/steel-blue-hourglass-booty-shorts
2026-09-19,Cava Athleisure,Steel Blue Hourglass Booty Shorts,XXL,WSH0845BLXXL,1099.0,0,14,0.0,15,https://cavaathleisure.com/products/steel-blue-hourglass-booty-shorts
2026-09-19,Cava Athleisure,"Black 5"" Pacer Shorts",32,MSH4217BK32,1599.0,0,36,0.0,37,https://cavaathleisure.com/products/black-5-pacer-shorts
2026-09-19,Cava Athleisure,"Black 5"" Pacer Shorts",38,MSH4217BK38,1599.0,0,6,0.0,7,https://cavaathleisure.com/products/black-5-pacer-shorts
2026-09-19,Cava Athleisure,Purple Fluid Ozone Sleeveless Tank,XXL,MTN4314PBKXXL,1199.0,0,2,0.0,3,https://cavaathleisure.com/products/purple-fluid-ozone-sleeveless-tank
2026-09-19,Cava Athleisure,Teal Fluid Ozone Sleeveless Tank,XXL,MTN4314PGRXXL,1199.0,0,2,0.0,3,https://cavaathleisure.com/products/teal-fluid-ozone-sleeveless-tank
2026-09-19,Cava Athleisure,"Teal 5"" Pacer Shorts",30,MSH4217GR30,1599.0,0,6,0.0,7,https://cavaathleisure.com/products/teal-5-pacer-shorts
2026-09-19,Cava Athleisure,"Teal 5"" Pacer Shorts",32,MSH4217GR32,1599.0,0,97,0.0,98,https://cavaathleisure.com/products/teal-5-pacer-shorts
2026-09-19,Cava Athleisure,"Teal 5"" Pacer Shorts",34,MSH4217GR34,1599.0,0,39,0.0,40,https://cavaathleisure.com/products/teal-5-pacer-shorts
2026-09-19,Cava Athleisure,"Teal 5"" Pacer Shorts",36,MSH4217GR36,1599.0,0,6,0.0,7,https://cavaathleisure.com/products/teal-5-pacer-shorts
2026-09-19,Cava Athleisure,"Teal 5"" Pacer Shorts",38,MSH4217GR38,1599.0,0,16,0.0,17,https://cavaathleisure.com/products/teal-5-pacer-shorts
2026-09-19,Cava Athleisure,Teal Fluid Strap Back Sports Bra,XL,WSB1917PGRXL,1299.0,1,0,1299.0,0,https://cavaathleisure.com/products/teal-fluid-strap-back-sports-bra
2026-09-19,Cava Athleisure,Teal Fluid Strap Back Sports Bra,XXL,WSB1917PGRXXL,1299.0,0,6,0.0,7,https://cavaathleisure.com/products/teal-fluid-strap-back-sports-bra
2026-09-19,Cava Athleisure,Steel Blue Hourglass Flared Leggings,XS,WFPACU0145BLXS,1429.0,0,99,0.0,100,https://cavaathleisure.com/products/steel-blue-hourglass-flared-leggings
2026-09-19,Cava Athleisure,Steel Blue Hourglass Flared Leggings,XS,WFPACU0445BLXS,1429.0,0,35,0.0,36,https://cavaathleisure.com/products/steel-blue-hourglass-flared-leggings
2026-09-19,Cava Athleisure,Steel Blue Hourglass Flared Leggings,S,WFPACU0145BLS,1429.0,0,191,0.0,192,https://cavaathleisure.com/products/steel-blue-hourglass-flared-leggings
2026-09-19,Cava Athleisure,Steel Blue Hourglass Flared Leggings,S,WFPACU0245BLS,1429.0,1,0,1429.0,0,https://cavaathleisure.com/products/steel-blue-hourglass-flared-leggings
2026-09-19,Cava Athleisure,Steel Blue Hourglass Flared Leggings,S,WFPACU0445BLS,1429.0,0,13,0.0,14,https://cavaathleisure.com/products/steel-blue-hourglass-flared-leggings
2026-09-19,Cava Athleisure,Steel Blue Hourglass Flared Leggings,M,WFPACU0145BLM,1429.0,0,186,0.0,187,https://cavaathleisure.com/products/steel-blue-hourglass-flared-leggings
2026-09-19,Cava Athleisure,Steel Blue Hourglass Flared Leggings,M,WFPACU0445BLM,1429.0,0,78,0.0,79,https://cavaathleisure.com/products/steel-blue-hourglass-flared-leggings
2026-09-19,Cava Athleisure,Steel Blue Hourglass Flared Leggings,L,WFPACU0145BLL,1429.0,0,288,0.0,289,https://cavaathleisure.com/products/steel-blue-hourglass-flared-leggings
2026-09-19,Cava Athleisure,Steel Blue Hourglass Flared Leggings,L,WFPACU0445BLL,1429.0,0,31,0.0,32,https://cavaathleisure.com/products/steel-blue-hourglass-flared-leggings
2026-09-19,Cava Athleisure,Steel Blue Hourglass Flared Leggings,XL,WFPACU0145BLXL,1429.0,0,117,0.0,118,https://cavaathleisure.com/products/steel-blue-hourglass-flared-leggings
2026-09-19,Cava Athleisure,Steel Blue Hourglass Flared Leggings,XL,WFPACU0245BLXL,1429.0,0,35,0.0,36,https://cavaathleisure.com/products/steel-blue-hourglass-flared-leggings
2026-09-19,Cava Athleisure,Steel Blue Hourglass Flared Leggings,XL,WFPACU0445BLXL,1429.0,0,59,0.0,60,https://cavaathleisure.com/products/steel-blue-hourglass-flared-leggings
2026-09-19,Cava Athleisure,Pink Strap Back Sports Bra,XS,WSB1917PNXS,1199.0,0,127,0.0,128,https://cavaathleisure.com/products/pink-strap-back-sports-bra
2026-09-19,Cava Athleisure,Pink Strap Back Sports Bra,S,WSB1917PNS,1199.0,0,1,0.0,2,https://cavaathleisure.com/products/pink-strap-back-sports-bra
2026-09-19,Cava Athleisure,Pink Strap Back Sports Bra,M,WSB1917PNM,1199.0,0,47,0.0,48,https://cavaathleisure.com/products/pink-strap-back-sports-bra
2026-09-19,Cava Athleisure,Pink Strap Back Sports Bra,L,WSB1917PNL,1199.0,0,141,0.0,142,https://cavaathleisure.com/products/pink-strap-back-sports-bra
2026-09-19,Cava Athleisure,Pink Strap Back Sports Bra,XL,WSB1917PNXL,1199.0,0,147,0.0,148,https://cavaathleisure.com/products/pink-strap-back-sports-bra
2026-09-19,Cava Athleisure,Pink Strap Back Sports Bra,XXL,WSB1917PNXXL,1199.0,0,93,0.0,94,https://cavaathleisure.com/products/pink-strap-back-sports-bra
2026-09-19,Cava Athleisure,Black Contour Flared Leggings,S,WFP3714BKS,1399.0,0,1,0.0,2,https://cavaathleisure.com/products/black-contour-flared-leggings
2026-09-19,Cava Athleisure,Black Contour Flared Leggings,M,WFP3714BKM,1399.0,0,3,0.0,4,https://cavaathleisure.com/products/black-contour-flared-leggings
2026-09-19,Cava Athleisure,Black Contour Flared Leggings,L,WFP3714BKL,1399.0,1,0,1399.0,0,https://cavaathleisure.com/products/black-contour-flared-leggings
2026-09-19,Cava Athleisure,Black Contour Flared Leggings,XXL,WFP3714BKXXL,1399.0,0,1,0.0,1,https://cavaathleisure.com/products/black-contour-flared-leggings
2026-09-19,Cava Athleisure,Plum Contoured Seamless Sports Bra,XS,WSBUD17PUXS,999.0,1,0,999.0,0,https://cavaathleisure.com/products/plum-contoured-seamless-sports-bra
2026-09-19,Cava Athleisure,Plum Contoured Seamless Sports Bra,XXL,WSBUD17PUXXL,999.0,0,1,0.0,2,https://cavaathleisure.com/products/plum-contoured-seamless-sports-bra
2026-09-19,Cava Athleisure,Slate Contour Flared Leggings,XS,WFP3714GYXS,1399.0,0,39,0.0,40,https://cavaathleisure.com/products/slate-contour-flared-leggings
2026-09-19,Cava Athleisure,Slate Contour Flared Leggings,S,WFP3714GYS,1399.0,0,39,0.0,40,https://cavaathleisure.com/products/slate-contour-flared-leggings
2026-09-19,Cava Athleisure,Slate Contour Flared Leggings,M,WFP3714GYM,1399.0,0,60,0.0,61,https://cavaathleisure.com/products/slate-contour-flared-leggings
2026-09-19,Cava Athleisure,Slate Contour Flared Leggings,L,WFP3714GYL,1399.0,0,38,0.0,39,https://cavaathleisure.com/products/slate-contour-flared-leggings
2026-09-19,Cava Athleisure,Slate Contour Flared Leggings,XL,WFP3714GYXL,1399.0,0,19,0.0,20,https://cavaathleisure.com/products/slate-contour-flared-leggings
2026-09-19,Cava Athleisure,Slate Contour Flared Leggings,XXL,WFP3714GYXXL,1399.0,0,16,0.0,17,https://cavaathleisure.com/products/slate-contour-flared-leggings
2026-09-19,Cava Athleisure,Cherry Studio Compression Leggings,XS,WLG3714RDXS,999.0,0,5,0.0,6,https://cavaathleisure.com/products/cherry-studio-compression-leggings
2026-09-19,Cava Athleisure,Navy Contoured Seamless Sports Bra,XS,WSBUD17NYXS,999.0,1,0,999.0,0,https://cavaathleisure.com/products/navy-contoured-seamless-sports-bra
2026-09-19,Cava Athleisure,Navy Contoured Seamless Sports Bra,XXL,WSBUD17NYXXL,999.0,0,1,0.0,2,https://cavaathleisure.com/products/navy-contoured-seamless-sports-bra
2026-09-19,Cava Athleisure,Slate Studio Compression Leggings,XS,WLG3714GYXS,999.0,0,3,0.0,4,https://cavaathleisure.com/products/slate-studio-compression-leggings
2026-09-19,Cava Athleisure,Slate Studio Compression Leggings,S,WLG3714GYS,999.0,0,1,0.0,2,https://cavaathleisure.com/products/slate-studio-compression-leggings
2026-09-19,Cava Athleisure,Black Studio Compression Leggings,XS,WLG3714BKXS,999.0,1,0,999.0,0,https://cavaathleisure.com/products/black-studio-compression-leggings
2026-09-19,Cava Athleisure,Cherry Contour Flared Leggings,XS,WFP3714RDXS,1399.0,0,35,0.0,36,https://cavaathleisure.com/products/cherry-contour-flared-leggings
2026-09-19,Cava Athleisure,Cherry Contour Flared Leggings,S,WFP3714RDS,1399.0,0,1,0.0,2,https://cavaathleisure.com/products/cherry-contour-flared-leggings
2026-09-19,Cava Athleisure,Cherry Contour Flared Leggings,M,WFP3714RDM,1399.0,0,9,0.0,10,https://cavaathleisure.com/products/cherry-contour-flared-leggings
2026-09-19,Cava Athleisure,Cherry Contour Flared Leggings,L,WFP3714RDL,1399.0,0,39,0.0,40,https://cavaathleisure.com/products/cherry-contour-flared-leggings
2026-09-19,Cava Athleisure,Cherry Contour Flared Leggings,XL,WFP3714RDXL,1399.0,0,1,0.0,1,https://cavaathleisure.com/products/cherry-contour-flared-leggings
2026-09-19,Cava Athleisure,Cherry Contour Flared Leggings,XXL,WFP3714RDXXL,1399.0,1,0,1399.0,0,https://cavaathleisure.com/products/cherry-contour-flared-leggings
2026-09-19,Cava Athleisure,Blush Hourglass Swirl Skorts,XS,WSK4114PNXS,1599.0,0,85,0.0,86,https://cavaathleisure.com/products/blush-hourglass-swirl-skorts
2026-09-19,Cava Athleisure,Blush Hourglass Swirl Skorts,S,WSK4114PNS,1599.0,0,110,0.0,111,https://cavaathleisure.com/products/blush-hourglass-swirl-skorts
2026-09-19,Cava Athleisure,Blush Hourglass Swirl Skorts,M,WSK4114PNM,1599.0,0,109,0.0,110,https://cavaathleisure.com/products/blush-hourglass-swirl-skorts
2026-09-19,Cava Athleisure,Blush Hourglass Swirl Skorts,L,WSK4114PNL,1599.0,0,97,0.0,98,https://cavaathleisure.com/products/blush-hourglass-swirl-skorts
2026-09-19,Cava Athleisure,Blush Hourglass Swirl Skorts,XL,WSK4114PNXL,1599.0,0,24,0.0,25,https://cavaathleisure.com/products/blush-hourglass-swirl-skorts
2026-09-19,Cava Athleisure,Blush Hourglass Swirl Skorts,XXL,WSK4114PNXXL,1599.0,0,24,0.0,25,https://cavaathleisure.com/products/blush-hourglass-swirl-skorts
2026-09-19,Cava Athleisure,Black Hourglass Swirl Skorts,XS,WSK4114BKXS,1599.0,0,60,0.0,61,https://cavaathleisure.com/products/black-hourglass-swirl-skorts
2026-09-19,Cava Athleisure,Black Hourglass Swirl Skorts,S,WSK4114BKS,1599.0,0,48,0.0,49,https://cavaathleisure.com/products/black-hourglass-swirl-skorts
2026-09-19,Cava Athleisure,Black Hourglass Swirl Skorts,M,WSK4114BKM,1599.0,0,105,0.0,106,https://cavaathleisure.com/products/black-hourglass-swirl-skorts
2026-09-19,Cava Athleisure,Black Hourglass Swirl Skorts,L,WSK4114BKL,1599.0,0,111,0.0,112,https://cavaathleisure.com/products/black-hourglass-swirl-skorts
2026-09-19,Cava Athleisure,Black Hourglass Swirl Skorts,XL,WSK4114BKXL,1599.0,0,36,0.0,37,https://cavaathleisure.com/products/black-hourglass-swirl-skorts
2026-09-19,Cava Athleisure,Black Hourglass Swirl Skorts,XXL,WSK4114BKXXL,1599.0,0,43,0.0,44,https://cavaathleisure.com/products/black-hourglass-swirl-skorts
2026-09-19,Cava Athleisure,Pink Heartline Sports Bra,XS,WSB3914MPNXS,1399.0,0,39,0.0,40,https://cavaathleisure.com/products/pink-heartline-sports-bra
2026-09-19,Cava Athleisure,Pink Heartline Sports Bra,S,WSB3914MPNS,1399.0,0,13,0.0,14,https://cavaathleisure.com/products/pink-heartline-sports-bra
2026-09-19,Cava Athleisure,Pink Heartline Sports Bra,M,WSB3914MPNM,1399.0,0,4,0.0,5,https://cavaathleisure.com/products/pink-heartline-sports-bra
2026-09-19,Cava Athleisure,Wine Hourglass Swirl Skorts,XS,WSK4114WRDXS,1599.0,0,94,0.0,95,https://cavaathleisure.com/products/wine-hourglass-swirl-skorts
2026-09-19,Cava Athleisure,Wine Hourglass Swirl Skorts,S,WSK4114WRDS,1599.0,0,162,0.0,163,https://cavaathleisure.com/products/wine-hourglass-swirl-skorts
2026-09-19,Cava Athleisure,Wine Hourglass Swirl Skorts,M,WSK4114WRDM,1599.0,0,52,0.0,53,https://cavaathleisure.com/products/wine-hourglass-swirl-skorts
2026-09-19,Cava Athleisure,Wine Hourglass Swirl Skorts,L,WSK4114WRDL,1599.0,0,38,0.0,39,https://cavaathleisure.com/products/wine-hourglass-swirl-skorts
2026-09-19,Cava Athleisure,Wine Hourglass Swirl Skorts,XXL,WSK4114WRDXXL,1599.0,0,28,0.0,29,https://cavaathleisure.com/products/wine-hourglass-swirl-skorts
2026-09-19,Cava Athleisure,Black Heartline Sports Bra,XS,WSB3914BKXS,1399.0,0,5,0.0,6,https://cavaathleisure.com/products/black-heartline-sports-bra
2026-09-19,Cava Athleisure,Black Heartline Sports Bra,M,WSB3914BKM,1399.0,0,2,0.0,2,https://cavaathleisure.com/products/black-heartline-sports-bra
2026-09-19,Cava Athleisure,Black Heartline Sports Bra,XL,WSB3914BKXL,1399.0,0,1,0.0,1,https://cavaathleisure.com/products/black-heartline-sports-bra
2026-09-19,Cava Athleisure,Black Heartline Sports Bra,XXL,WSB3914BKXXL,1399.0,1,0,1399.0,0,https://cavaathleisure.com/products/black-heartline-sports-bra
2026-09-19,Cava Athleisure,Blush Heartline Sports Bra,XS,WSB3914PNXS,1596.0,0,36,0.0,37,https://cavaathleisure.com/products/blush-heartline-sports-bra
2026-09-19,Cava Athleisure,Blush Heartline Sports Bra,S,WSB3914PNS,1596.0,0,41,0.0,42,https://cavaathleisure.com/products/blush-heartline-sports-bra
2026-09-19,Cava Athleisure,Blush Heartline Sports Bra,M,WSB3914PNM,1596.0,0,43,0.0,44,https://cavaathleisure.com/products/blush-heartline-sports-bra
2026-09-19,Cava Athleisure,Blush Heartline Sports Bra,L,WSB3914PNL,1596.0,0,1,0.0,2,https://cavaathleisure.com/products/blush-heartline-sports-bra
2026-09-19,Cava Athleisure,Blush Heartline Sports Bra,XXL,WSB3914PNXXL,1596.0,0,15,0.0,16,https://cavaathleisure.com/products/blush-heartline-sports-bra
2026-09-19,Cava Athleisure,Black Ozone Sleeveless Tank,XXL,MTN4314BKXXL,1199.0,0,1,0.0,2,https://cavaathleisure.com/products/black-ozone-sleeveless-tank
2026-09-19,Cava Athleisure,Slate Ozone Sleeveless Tank,XXL,MTN4314GYXXL,1199.0,0,11,0.0,12,https://cavaathleisure.com/products/slate-ozone-sleeveless-tank
2026-09-19,Cava Athleisure,Teal Fluid Racerback Tank,XS,WTNSET510PGRXS,1599.0,0,56,0.0,57,https://cavaathleisure.com/products/teal-fluid-racerback-tank
2026-09-19,Cava Athleisure,Teal Fluid Racerback Tank,S,WTNSET510PGRS,1599.0,0,92,0.0,93,https://cavaathleisure.com/products/teal-fluid-racerback-tank
2026-09-19,Cava Athleisure,Teal Fluid Racerback Tank,M,WTNSET510PGRM,1599.0,0,114,0.0,115,https://cavaathleisure.com/products/teal-fluid-racerback-tank
2026-09-19,Cava Athleisure,Teal Fluid Racerback Tank,L,WTNSET510PGRL,1599.0,0,74,0.0,75,https://cavaathleisure.com/products/teal-fluid-racerback-tank
2026-09-19,Cava Athleisure,Teal Fluid Racerback Tank,XL,WTNSET510PGRXL,1599.0,0,14,0.0,15,https://cavaathleisure.com/products/teal-fluid-racerback-tank
2026-09-19,Cava Athleisure,Teal Fluid Racerback Tank,XXL,WTNSET510PGRXXL,1599.0,0,15,0.0,16,https://cavaathleisure.com/products/teal-fluid-racerback-tank
2026-09-19,Cava Athleisure,Navy Seamless Cinched Leggings,XS,WLGUD17NYXS,1099.0,0,51,0.0,52,https://cavaathleisure.com/products/navy-seamless-cinched-leggings
2026-09-19,Cava Athleisure,Plum Seamless Cinched Leggings,XS,WLGUD17PUXS,1099.0,0,69,0.0,70,https://cavaathleisure.com/products/plum-seamless-cinched-leggings
2026-09-19,Cava Athleisure,Plum Seamless Cinched Leggings,S,WLGUD17PUS,1099.0,0,28,0.0,29,https://cavaathleisure.com/products/plum-seamless-cinched-leggings
2026-09-19,Cava Athleisure,Pink Hourglass Booty Shorts,XS,WSH0814PNXS,1099.0,0,89,0.0,90,https://cavaathleisure.com/products/pink-hourglass-booty-shorts
2026-09-19,Cava Athleisure,Pink Hourglass Booty Shorts,S,WSH0814PNS,1099.0,0,116,0.0,117,https://cavaathleisure.com/products/pink-hourglass-booty-shorts
2026-09-19,Cava Athleisure,Pink Hourglass Booty Shorts,M,WSH0814PNM,1099.0,0,122,0.0,123,https://cavaathleisure.com/products/pink-hourglass-booty-shorts
2026-09-19,Cava Athleisure,Pink Hourglass Booty Shorts,L,WSH0814PNL,1099.0,0,91,0.0,92,https://cavaathleisure.com/products/pink-hourglass-booty-shorts
2026-09-19,Cava Athleisure,Pink Hourglass Booty Shorts,XL,WSH0814PNXL,1099.0,0,70,0.0,71,https://cavaathleisure.com/products/pink-hourglass-booty-shorts
2026-09-19,Cava Athleisure,Pink Hourglass Booty Shorts,XXL,WSH0814PNXXL,1099.0,0,31,0.0,32,https://cavaathleisure.com/products/pink-hourglass-booty-shorts
2026-09-19,Cava Athleisure,Ivory Ultra Support Sports Bra,XS,WSB0114WHXS,1399.0,0,176,0.0,177,https://cavaathleisure.com/products/ivory-ultra-support-sports-bra
2026-09-19,Cava Athleisure,Ivory Ultra Support Sports Bra,S,WSB0114WHS,1399.0,0,312,0.0,313,https://cavaathleisure.com/products/ivory-ultra-support-sports-bra
2026-09-19,Cava Athleisure,Ivory Ultra Support Sports Bra,M,WSB0114WHM,1399.0,0,334,0.0,335,https://cavaathleisure.com/products/ivory-ultra-support-sports-bra
2026-09-19,Cava Athleisure,Ivory Ultra Support Sports Bra,L,WSB0114WHL,1399.0,0,210,0.0,211,https://cavaathleisure.com/products/ivory-ultra-support-sports-bra
2026-09-19,Cava Athleisure,Ivory Ultra Support Sports Bra,XL,WSB0114WHXL,1399.0,0,52,0.0,53,https://cavaathleisure.com/products/ivory-ultra-support-sports-bra
2026-09-19,Cava Athleisure,Ivory Ultra Support Sports Bra,XXL,WSB0114WHXXL,1399.0,0,35,0.0,36,https://cavaathleisure.com/products/ivory-ultra-support-sports-bra
2026-09-19,Cava Athleisure,Cherry Sculptor Jacket,XS,WJKSET510RDXS,1799.0,0,75,0.0,76,https://cavaathleisure.com/products/cherry-sculptor-jacket
2026-09-19,Cava Athleisure,Cherry Sculptor Jacket,S,WJKSET510RDS,1799.0,0,254,0.0,255,https://cavaathleisure.com/products/cherry-sculptor-jacket
2026-09-19,Cava Athleisure,Cherry Sculptor Jacket,M,WJKSET510RDM,1799.0,0,435,0.0,436,https://cavaathleisure.com/products/cherry-sculptor-jacket
2026-09-19,Cava Athleisure,Cherry Sculptor Jacket,L,WJKSET510RDL,1799.0,0,301,0.0,302,https://cavaathleisure.com/products/cherry-sculptor-jacket
2026-09-19,Cava Athleisure,Cherry Sculptor Jacket,XL,WJKSET510RDXL,1799.0,0,152,0.0,153,https://cavaathleisure.com/products/cherry-sculptor-jacket
2026-09-19,Cava Athleisure,Cherry Sculptor Jacket,XXL,WJKSET510RDXXL,1799.0,0,148,0.0,149,https://cavaathleisure.com/products/cherry-sculptor-jacket
2026-09-19,Cava Athleisure,Cherry Hourglass Swirl Skorts,XS,WSK4114RDXS,1599.0,0,179,0.0,180,https://cavaathleisure.com/products/cherry-hourglass-swirl-skorts
2026-09-19,Cava Athleisure,Cherry Hourglass Swirl Skorts,S,WSK4114RDS,1599.0,0,243,0.0,244,https://cavaathleisure.com/products/cherry-hourglass-swirl-skorts
2026-09-19,Cava Athleisure,Cherry Hourglass Swirl Skorts,M,WSK4114RDM,1599.0,0,264,0.0,265,https://cavaathleisure.com/products/cherry-hourglass-swirl-skorts
2026-09-19,Cava Athleisure,Cherry Hourglass Swirl Skorts,L,WSK4114RDL,1599.0,0,104,0.0,105,https://cavaathleisure.com/products/cherry-hourglass-swirl-skorts
2026-09-19,Cava Athleisure,Cherry Hourglass Swirl Skorts,XXL,WSK4114RDXXL,1599.0,0,7,0.0,8,https://cavaathleisure.com/products/cherry-hourglass-swirl-skorts
2026-09-19,Cava Athleisure,Steel Blue Hourglass Snug Leggings,XS,WLG1045BLXS,1299.0,0,12,0.0,13,https://cavaathleisure.com/products/steel-blue-hourglass-snug-leggings
2026-09-19,Cava Athleisure,Steel Blue Hourglass Snug Leggings,S,WLG1045BLS,1299.0,0,73,0.0,74,https://cavaathleisure.com/products/steel-blue-hourglass-snug-leggings
2026-09-19,Cava Athleisure,Steel Blue Hourglass Snug Leggings,M,WLG1045BLM,1299.0,0,102,0.0,103,https://cavaathleisure.com/products/steel-blue-hourglass-snug-leggings
2026-09-19,Cava Athleisure,Steel Blue Hourglass Snug Leggings,L,WLG1045BLL,1299.0,0,78,0.0,79,https://cavaathleisure.com/products/steel-blue-hourglass-snug-leggings
2026-09-19,Cava Athleisure,Steel Blue Hourglass Snug Leggings,XL,WLG1045BLXL,1299.0,0,66,0.0,67,https://cavaathleisure.com/products/steel-blue-hourglass-snug-leggings
2026-09-19,Cava Athleisure,Steel Blue Hourglass Snug Leggings,XXL,WLG1045BLXXL,1299.0,0,27,0.0,28,https://cavaathleisure.com/products/steel-blue-hourglass-snug-leggings
2026-09-19,Cava Athleisure,Wine Hourglass Snug Leggings,XS,WLG1045WRDXS,1299.0,0,62,0.0,63,https://cavaathleisure.com/products/wine-hourglass-snug-leggings
2026-09-19,Cava Athleisure,Wine Hourglass Snug Leggings,S,WLG1045WRDS,1299.0,0,162,0.0,163,https://cavaathleisure.com/products/wine-hourglass-snug-leggings
2026-09-19,Cava Athleisure,Wine Hourglass Snug Leggings,M,WLG1045WRDM,1299.0,0,192,0.0,193,https://cavaathleisure.com/products/wine-hourglass-snug-leggings
2026-09-19,Cava Athleisure,Wine Hourglass Snug Leggings,L,WLG1045WRDL,1299.0,0,167,0.0,168,https://cavaathleisure.com/products/wine-hourglass-snug-leggings
2026-09-19,Cava Athleisure,Wine Hourglass Snug Leggings,XL,WLG1045WRDXL,1299.0,0,73,0.0,74,https://cavaathleisure.com/products/wine-hourglass-snug-leggings
2026-09-19,Cava Athleisure,Wine Hourglass Snug Leggings,XXL,WLG1045WRDXXL,1299.0,0,67,0.0,68,https://cavaathleisure.com/products/wine-hourglass-snug-leggings
2026-09-19,Cava Athleisure,Toasted Swirl Tennis Skorts,XXS,WSKSET445BNXXS,1399.0,0,12,0.0,13,https://cavaathleisure.com/products/toasted-swirl-tennis-skorts
2026-09-19,Cava Athleisure,Toasted Swirl Tennis Skorts,XS,WSKSET445BNXS,1399.0,0,101,0.0,102,https://cavaathleisure.com/products/toasted-swirl-tennis-skorts
2026-09-19,Cava Athleisure,Toasted Swirl Tennis Skorts,S,WSKSET445BNS,1399.0,0,83,0.0,84,https://cavaathleisure.com/products/toasted-swirl-tennis-skorts
2026-09-19,Cava Athleisure,Toasted Swirl Tennis Skorts,M,WSKSET445BNM,1399.0,0,90,0.0,91,https://cavaathleisure.com/products/toasted-swirl-tennis-skorts
2026-09-19,Cava Athleisure,Toasted Swirl Tennis Skorts,L,WSKSET445BNL,1399.0,0,53,0.0,54,https://cavaathleisure.com/products/toasted-swirl-tennis-skorts
2026-09-19,Cava Athleisure,Toasted Swirl Tennis Skorts,XL,WSKSET445BNXL,1399.0,0,25,0.0,26,https://cavaathleisure.com/products/toasted-swirl-tennis-skorts
2026-09-19,Cava Athleisure,Toasted Swirl Tennis Skorts,XXL,WSKSET445BNXXL,1399.0,0,37,0.0,38,https://cavaathleisure.com/products/toasted-swirl-tennis-skorts
2026-09-19,Cava Athleisure,Toasted Swirl Tennis Skorts,XXXL,WSKSET445BNXXXL,1399.0,0,12,0.0,13,https://cavaathleisure.com/products/toasted-swirl-tennis-skorts
2026-09-19,Cava Athleisure,Black Adaptive Quarter Zip,L,WHD4445BKL,1559.0,0,1,0.0,2,https://cavaathleisure.com/products/black-adaptive-quarter-zip
2026-09-19,Cava Athleisure,Petrol Blue Adaptive Quarter Zip,XL,WHD4445NYXL,1559.0,0,2,0.0,3,https://cavaathleisure.com/products/petrol-blue-adaptive-quarter-zip
2026-09-19,Cava Athleisure,Petrol Blue Adaptive Quarter Zip,XXL,WHD4445NYXXL,1559.0,0,1,0.0,2,https://cavaathleisure.com/products/petrol-blue-adaptive-quarter-zip
2026-09-19,Cava Athleisure,Grey Adaptive Quarter Zip,L,WHD4445GYL,1559.0,0,2,0.0,3,https://cavaathleisure.com/products/grey-adaptive-quarter-zip
2026-09-19,Cava Athleisure,Grey Adaptive Quarter Zip,XL,WHD4445GYXL,1559.0,0,5,0.0,6,https://cavaathleisure.com/products/grey-adaptive-quarter-zip
2026-09-19,Cava Athleisure,Shadow Everywear Sweatshirt,XXL,MHD1615BKXXL,749.0,0,4,0.0,5,https://cavaathleisure.com/products/shadow-everywear-sweatshirt
2026-09-19,Cava Athleisure,Shadow Everywear Leisure Tee,S,MTS1614BKS,699.0,0,21,0.0,22,https://cavaathleisure.com/products/shadow-everywear-leisure-tee
2026-09-19,Cava Athleisure,Shadow Everywear Leisure Tee,M,MTS1614BKM,699.0,0,44,0.0,45,https://cavaathleisure.com/products/shadow-everywear-leisure-tee
2026-09-19,Cava Athleisure,Shadow Everywear Leisure Tee,L,MTS1614BKL,699.0,0,93,0.0,94,https://cavaathleisure.com/products/shadow-everywear-leisure-tee
2026-09-19,Cava Athleisure,Shadow Everywear Leisure Tee,XL,MTS1614BKXL,699.0,0,12,0.0,13,https://cavaathleisure.com/products/shadow-everywear-leisure-tee
2026-09-19,Cava Athleisure,Shadow Cotton Leisure Shorts,S,MSH1616BKS,799.0,0,48,0.0,49,https://cavaathleisure.com/products/shadow-cotton-leisure-shorts
2026-09-19,Cava Athleisure,Shadow Cotton Leisure Shorts,M,MSH1616BKM,799.0,0,117,0.0,118,https://cavaathleisure.com/products/shadow-cotton-leisure-shorts
2026-09-19,Cava Athleisure,Shadow Cotton Leisure Shorts,L,MSH1616BKL,799.0,0,124,0.0,125,https://cavaathleisure.com/products/shadow-cotton-leisure-shorts
2026-09-19,Cava Athleisure,Shadow Cotton Leisure Shorts,XL,MSH1616BKXL,799.0,0,42,0.0,43,https://cavaathleisure.com/products/shadow-cotton-leisure-shorts
2026-09-19,Cava Athleisure,Shadow Cotton Leisure Shorts,XXL,MSH1616BKXXL,799.0,0,10,0.0,11,https://cavaathleisure.com/products/shadow-cotton-leisure-shorts
2026-09-19,Cava Athleisure,Blue Everywear Leisure Tee,S,MTS1614NYS,699.0,0,48,0.0,49,https://cavaathleisure.com/products/blue-everywear-leisure-tee
2026-09-19,Cava Athleisure,Blue Everywear Leisure Tee,M,MTS1614NYM,699.0,0,34,0.0,35,https://cavaathleisure.com/products/blue-everywear-leisure-tee
2026-09-19,Cava Athleisure,Blue Everywear Leisure Tee,L,MTS1614NYL,699.0,0,26,0.0,27,https://cavaathleisure.com/products/blue-everywear-leisure-tee
2026-09-19,Cava Athleisure,Blue Everywear Leisure Tee,XL,MTS1614NYXL,699.0,0,14,0.0,15,https://cavaathleisure.com/products/blue-everywear-leisure-tee
2026-09-19,Cava Athleisure,Blue Everywear Leisure Tee,XXL,MTS1614NYXXL,699.0,0,12,0.0,13,https://cavaathleisure.com/products/blue-everywear-leisure-tee
2026-09-19,Cava Athleisure,Brown Everywear Leisure Tee,S,MTS1614BNS,699.0,0,77,0.0,78,https://cavaathleisure.com/products/brown-everywear-leisure-tee
2026-09-19,Cava Athleisure,Brown Everywear Leisure Tee,M,MTS1614BNM,699.0,0,139,0.0,140,https://cavaathleisure.com/products/brown-everywear-leisure-tee
2026-09-19,Cava Athleisure,Brown Everywear Leisure Tee,L,MTS1614BNL,699.0,0,122,0.0,123,https://cavaathleisure.com/products/brown-everywear-leisure-tee
2026-09-19,Cava Athleisure,Brown Everywear Leisure Tee,XL,MTS1614BNXL,699.0,0,64,0.0,65,https://cavaathleisure.com/products/brown-everywear-leisure-tee
2026-09-19,Cava Athleisure,Brown Everywear Leisure Tee,XXL,MTS1614BNXXL,699.0,0,26,0.0,27,https://cavaathleisure.com/products/brown-everywear-leisure-tee
2026-09-19,Cava Athleisure,Blue Everywear Sweatshirt,L,MHD1615NYL,749.0,0,1,0.0,2,https://cavaathleisure.com/products/blue-everywear-sweatshirt
2026-09-19,Cava Athleisure,Blue Everywear Sweatshirt,XL,MHD1615NYXL,749.0,0,14,0.0,15,https://cavaathleisure.com/products/blue-everywear-sweatshirt
2026-09-19,Cava Athleisure,Blue Everywear Sweatshirt,XXL,MHD1615NYXXL,749.0,0,2,0.0,3,https://cavaathleisure.com/products/blue-everywear-sweatshirt
2026-09-19,Cava Athleisure,Green Everywear Sweatshirt,L,MHD1615GRL,749.0,0,1,0.0,2,https://cavaathleisure.com/products/green-everywear-sweatshirt
2026-09-19,Cava Athleisure,Green Everywear Sweatshirt,XL,MHD1615GRXL,749.0,0,18,0.0,19,https://cavaathleisure.com/products/green-everywear-sweatshirt
2026-09-19,Cava Athleisure,Green Everywear Sweatshirt,XXL,MHD1615GRXXL,749.0,0,11,0.0,12,https://cavaathleisure.com/products/green-everywear-sweatshirt
2026-09-19,Cava Athleisure,Dusty Pink Everywear Leisure Tee,S,MTS1614BGS,699.0,0,32,0.0,33,https://cavaathleisure.com/products/dusty-pink-everywear-leisure-tee
2026-09-19,Cava Athleisure,Dusty Pink Everywear Leisure Tee,M,MTS1614BGM,699.0,0,60,0.0,61,https://cavaathleisure.com/products/dusty-pink-everywear-leisure-tee
2026-09-19,Cava Athleisure,Dusty Pink Everywear Leisure Tee,L,MTS1614BGL,699.0,0,63,0.0,64,https://cavaathleisure.com/products/dusty-pink-everywear-leisure-tee
2026-09-19,Cava Athleisure,Dusty Pink Everywear Leisure Tee,XL,MTS1614BGXL,699.0,0,27,0.0,28,https://cavaathleisure.com/products/dusty-pink-everywear-leisure-tee
2026-09-19,Cava Athleisure,Dusty Pink Everywear Leisure Tee,XXL,MTS1614BGXXL,699.0,0,13,0.0,14,https://cavaathleisure.com/products/dusty-pink-everywear-leisure-tee
2026-09-19,Cava Athleisure,Brown Everywear Sweatshirt,XL,MHD1615BNXL,749.0,0,11,0.0,12,https://cavaathleisure.com/products/brown-everywear-sweatshirt
2026-09-19,Cava Athleisure,Brown Everywear Sweatshirt,XXL,MHD1615BNXXL,749.0,0,3,0.0,4,https://cavaathleisure.com/products/brown-everywear-sweatshirt
2026-09-19,Cava Athleisure,Blue Wide Leg Joggers,M,MJR1617NYM,1399.0,0,32,0.0,33,https://cavaathleisure.com/products/blue-wide-leg-joggers
2026-09-19,Cava Athleisure,Blue Wide Leg Joggers,L,MJR1617NYL,1399.0,0,27,0.0,28,https://cavaathleisure.com/products/blue-wide-leg-joggers
2026-09-19,Cava Athleisure,Brown Wide Leg Joggers,S,MJR1617BNS,1399.0,1,0,1399.0,0,https://cavaathleisure.com/products/brown-wide-leg-joggers
2026-09-19,Cava Athleisure,Brown Wide Leg Joggers,L,MJR1617BNL,1399.0,0,1,0.0,1,https://cavaathleisure.com/products/brown-wide-leg-joggers
2026-09-19,Cava Athleisure,Green Cotton Leisure Shorts,S,MSH1616GRS,799.0,0,1,0.0,2,https://cavaathleisure.com/products/green-cotton-leisure-shorts
2026-09-19,Cava Athleisure,Dusty Pink Everywear Sweatshirt,S,MHD1615BGS,749.0,0,98,0.0,99,https://cavaathleisure.com/products/dusty-pink-everywear-sweatshirt
2026-09-19,Cava Athleisure,Dusty Pink Everywear Sweatshirt,M,MHD1615BGM,749.0,0,64,0.0,65,https://cavaathleisure.com/products/dusty-pink-everywear-sweatshirt
2026-09-19,Cava Athleisure,Dusty Pink Everywear Sweatshirt,L,MHD1615BGL,749.0,0,62,0.0,63,https://cavaathleisure.com/products/dusty-pink-everywear-sweatshirt
2026-09-19,Cava Athleisure,Dusty Pink Everywear Sweatshirt,XL,MHD1615BGXL,749.0,0,50,0.0,51,https://cavaathleisure.com/products/dusty-pink-everywear-sweatshirt
2026-09-19,Cava Athleisure,Dusty Pink Everywear Sweatshirt,XXL,MHD1615BGXXL,749.0,0,18,0.0,19,https://cavaathleisure.com/products/dusty-pink-everywear-sweatshirt
2026-09-19,Cava Athleisure,Pine Rib-knit Trousers,L,WJR3714GRL,1300.0,0,33,0.0,34,https://cavaathleisure.com/products/pine-rib-knit-trousers
2026-09-19,Cava Athleisure,Pine Rib-knit Trousers,XL,WJR3714GRXL,1300.0,0,8,0.0,9,https://cavaathleisure.com/products/pine-rib-knit-trousers
2026-09-19,Cava Athleisure,Blue Cotton Leisure Shorts,S,MSH1616NYS,799.0,0,74,0.0,75,https://cavaathleisure.com/products/blue-cotton-leisure-shorts
2026-09-19,Cava Athleisure,Blue Cotton Leisure Shorts,M,MSH1616NYM,799.0,0,96,0.0,97,https://cavaathleisure.com/products/blue-cotton-leisure-shorts
2026-09-19,Cava Athleisure,Blue Cotton Leisure Shorts,L,MSH1616NYL,799.0,0,75,0.0,76,https://cavaathleisure.com/products/blue-cotton-leisure-shorts
2026-09-19,Cava Athleisure,Blue Cotton Leisure Shorts,XL,MSH1616NYXL,799.0,0,22,0.0,23,https://cavaathleisure.com/products/blue-cotton-leisure-shorts
2026-09-19,Cava Athleisure,Blue Cotton Leisure Shorts,XXL,MSH1616NYXXL,799.0,0,14,0.0,15,https://cavaathleisure.com/products/blue-cotton-leisure-shorts
2026-09-19,Cava Athleisure,Yellow Rib-knit Trousers,M,WJR3714YLM,1300.0,0,5,0.0,6,https://cavaathleisure.com/products/yellow-rib-knit-trousers
2026-09-19,Cava Athleisure,Yellow Rib-knit Trousers,L,WJR3714YLL,1300.0,0,54,0.0,55,https://cavaathleisure.com/products/yellow-rib-knit-trousers
2026-09-19,Cava Athleisure,Yellow Rib-knit Trousers,XL,WJR3714YLXL,1300.0,0,30,0.0,31,https://cavaathleisure.com/products/yellow-rib-knit-trousers
2026-09-19,Cava Athleisure,Cream Club Cardigan,L,WJK3614WHL,1299.0,0,6,0.0,7,https://cavaathleisure.com/products/cream-club-cardigan
2026-09-19,Cava Athleisure,Grey Modal Quarter Zip,S,MJK1007GYS,1999.0,0,97,0.0,98,https://cavaathleisure.com/products/grey-modal-quarter-zip
2026-09-19,Cava Athleisure,Grey Modal Quarter Zip,M,MJK1007GYM,1999.0,0,150,0.0,151,https://cavaathleisure.com/products/grey-modal-quarter-zip
2026-09-19,Cava Athleisure,Grey Modal Quarter Zip,L,MJK1007GYL,1999.0,0,108,0.0,109,https://cavaathleisure.com/products/grey-modal-quarter-zip
2026-09-19,Cava Athleisure,Grey Modal Quarter Zip,XL,MJK1007GYXL,1999.0,0,79,0.0,80,https://cavaathleisure.com/products/grey-modal-quarter-zip
2026-09-19,Cava Athleisure,Grey Modal Quarter Zip,XXL,MJK1007GYXXL,1999.0,0,23,0.0,23,https://cavaathleisure.com/products/grey-modal-quarter-zip
2026-09-19,Cava Athleisure,Petrol Blue Modal Quarter Zip,S,MJK1007NYS,1999.0,0,80,0.0,81,https://cavaathleisure.com/products/petrol-blue-modal-quarter-zip
2026-09-19,Cava Athleisure,Petrol Blue Modal Quarter Zip,M,MJK1007NYM,1999.0,0,146,0.0,147,https://cavaathleisure.com/products/petrol-blue-modal-quarter-zip
2026-09-19,Cava Athleisure,Petrol Blue Modal Quarter Zip,L,MJK1007NYL,1999.0,0,112,0.0,113,https://cavaathleisure.com/products/petrol-blue-modal-quarter-zip
2026-09-19,Cava Athleisure,Petrol Blue Modal Quarter Zip,XL,MJK1007NYXL,1999.0,0,57,0.0,58,https://cavaathleisure.com/products/petrol-blue-modal-quarter-zip
2026-09-19,Cava Athleisure,Petrol Blue Modal Quarter Zip,XXL,MJK1007NYXXL,1999.0,0,23,0.0,24,https://cavaathleisure.com/products/petrol-blue-modal-quarter-zip
2026-09-19,Cava Athleisure,Black Modal Quarter Zip,S,MJK1007BKS,1999.0,0,73,0.0,74,https://cavaathleisure.com/products/black-modal-quarter-zip
2026-09-19,Cava Athleisure,Black Modal Quarter Zip,M,MJK1007BKM,1999.0,0,145,0.0,146,https://cavaathleisure.com/products/black-modal-quarter-zip
2026-09-19,Cava Athleisure,Black Modal Quarter Zip,L,MJK1007BKL,1999.0,0,112,0.0,113,https://cavaathleisure.com/products/black-modal-quarter-zip
2026-09-19,Cava Athleisure,Black Modal Quarter Zip,XL,MJK1007BKXL,1999.0,0,68,0.0,69,https://cavaathleisure.com/products/black-modal-quarter-zip
2026-09-19,Cava Athleisure,Black Modal Quarter Zip,XXL,MJK1007BKXXL,1999.0,0,23,0.0,24,https://cavaathleisure.com/products/black-modal-quarter-zip
2026-09-19,Cava Athleisure,Yellow Club Cardigan,M,WJK3614YLM,1299.0,0,38,0.0,39,https://cavaathleisure.com/products/yellow-club-cardigan
2026-09-19,Cava Athleisure,Yellow Club Cardigan,L,WJK3614YLL,1299.0,0,10,0.0,11,https://cavaathleisure.com/products/yellow-club-cardigan
2026-09-19,Cava Athleisure,Pink Cotton Baby Tee,XL,WTS1631PNXL,714.0,0,29,0.0,30,https://cavaathleisure.com/products/pink-cotton-baby-tee
2026-09-19,Cava Athleisure,Grey Cotton Baby Tee,XL,WTS1631GMLXL,714.0,0,13,0.0,14,https://cavaathleisure.com/products/grey-cotton-baby-tee
2026-09-19,Cava Athleisure,Sculpt Insert Card,Default Title,SCULPT-TQ-CD,0.0,0,998,0.0,999,https://cavaathleisure.com/products/sculpt-insert-card
2026-09-19,Cava Athleisure,Butter Yellow Ultra Support Sports Bra,XS,WSB14CS01YLXS,1399.0,0,63,0.0,64,https://cavaathleisure.com/products/butter-yellow-ultra-support-sports-bra
2026-09-19,Cava Athleisure,Butter Yellow Ultra Support Sports Bra,S,WSB14CS01YLS,1399.0,0,120,0.0,121,https://cavaathleisure.com/products/butter-yellow-ultra-support-sports-bra
2026-09-19,Cava Athleisure,Butter Yellow Ultra Support Sports Bra,M,WSB14CS01YLM,1399.0,0,239,0.0,240,https://cavaathleisure.com/products/butter-yellow-ultra-support-sports-bra
2026-09-19,Cava Athleisure,Butter Yellow Ultra Support Sports Bra,L,WSB14CS01YLL,1399.0,0,273,0.0,274,https://cavaathleisure.com/products/butter-yellow-ultra-support-sports-bra
2026-09-19,Cava Athleisure,Butter Yellow Ultra Support Sports Bra,XL,WSB14CS01YLXL,1399.0,0,111,0.0,112,https://cavaathleisure.com/products/butter-yellow-ultra-support-sports-bra
2026-09-19,Cava Athleisure,Butter Yellow Ultra Support Sports Bra,XXL,WSB14CS01YLXXL,1399.0,0,85,0.0,86,https://cavaathleisure.com/products/butter-yellow-ultra-support-sports-bra
2026-09-19,Cava Athleisure,Beige Signature Sprint Joggers,XS,MNJR702-Volar-11-Bge-XS,957.0,0,2,0.0,3,https://cavaathleisure.com/products/beige-signature-sprint-joggers
2026-09-19,Cava Athleisure,Beige Signature Sprint Joggers,S,MNJR702-Volar-11-Bge-S,957.0,0,21,0.0,22,https://cavaathleisure.com/products/beige-signature-sprint-joggers
2026-09-19,Cava Athleisure,Black Sculpt Core Top,M,WTP901BKM,799.0,1,0,799.0,0,https://cavaathleisure.com/products/black-sculpt-core-top
2026-09-19,Cava Athleisure,Burgundy Sculpt Core Top,XL,WTP901RDXL,799.0,1,0,799.0,0,https://cavaathleisure.com/products/burgundy-sculpt-core-top
2026-09-19,Cava Athleisure,Ice Blue Sculpt Core Top,S,WTP901BLS,799.0,0,1,0.0,1,https://cavaathleisure.com/products/ice-blue-sculpt-core-top
2026-09-19,Cava Athleisure,Ice Blue Sculpt Core Top,M,WTP901BLM,799.0,1,0,799.0,0,https://cavaathleisure.com/products/ice-blue-sculpt-core-top
2026-09-19,Cava Athleisure,Ice Blue Sculpt Core Top,L,WTP901BLL,799.0,1,0,799.0,0,https://cavaathleisure.com/products/ice-blue-sculpt-core-top
2026-09-19,Cava Athleisure,White Sculpt Core Top,XS,WTP901WHXS,799.0,0,34,0.0,35,https://cavaathleisure.com/products/white-sculpt-core-top
2026-09-19,Cava Athleisure,White Sculpt Core Top,S,WTP901WHS,799.0,0,4,0.0,4,https://cavaathleisure.com/products/white-sculpt-core-top
2026-09-19,Cava Athleisure,White Sculpt Core Top,M,WTP901WHM,799.0,1,0,799.0,0,https://cavaathleisure.com/products/white-sculpt-core-top
2026-09-19,Cava Athleisure,White Sculpt Core Top,L,WTP901WHL,799.0,0,2,0.0,2,https://cavaathleisure.com/products/white-sculpt-core-top
2026-09-19,Cava Athleisure,Ice Blue Sculpt Crew Top,L,WTP902BLL,899.0,0,1,0.0,1,https://cavaathleisure.com/products/ice-blue-sculpt-crew-top
2026-09-19,Cava Athleisure,Brown Sculpt V-Neck Top,XS,WTP904BNXS,879.0,0,38,0.0,39,https://cavaathleisure.com/products/brown-sculpt-v-neck-top
2026-09-19,Cava Athleisure,Brown Sculpt V-Neck Top,M,WTP904BNM,879.0,1,0,879.0,0,https://cavaathleisure.com/products/brown-sculpt-v-neck-top
2026-09-19,Cava Athleisure,Brown Sculpt V-Neck Top,L,WTP904BNL,879.0,0,2,0.0,2,https://cavaathleisure.com/products/brown-sculpt-v-neck-top
2026-09-19,Cava Athleisure,Black Sculpt Crew Top,S,WTP902BKS,899.0,1,0,899.0,0,https://cavaathleisure.com/products/black-sculpt-crew-top
2026-09-19,Cava Athleisure,Black Sculpt Crew Top,M,WTP902BKM,899.0,1,0,899.0,0,https://cavaathleisure.com/products/black-sculpt-crew-top
2026-09-19,Cava Athleisure,Burgundy Sculpt Crew Top,S,WTP902RDS,899.0,1,0,899.0,0,https://cavaathleisure.com/products/burgundy-sculpt-crew-top
2026-09-19,Cava Athleisure,Burgundy Sculpt Crew Top,M,WTP902RDM,899.0,1,0,899.0,0,https://cavaathleisure.com/products/burgundy-sculpt-crew-top
2026-09-19,Cava Athleisure,Burgundy Sculpt Crew Top,L,WTP902RDL,899.0,0,1,0.0,1,https://cavaathleisure.com/products/burgundy-sculpt-crew-top
2026-09-19,Cava Athleisure,Black Sculpt Scoop Top,S,WTP903BKS,899.0,0,31,0.0,32,https://cavaathleisure.com/products/black-sculpt-scoop-top
2026-09-19,Cava Athleisure,Burgundy Sculpt Scoop Top,S,WTP903RDS,899.0,1,0,899.0,0,https://cavaathleisure.com/products/burgundy-sculpt-scoop-top
2026-09-19,Cava Athleisure,Burgundy Sculpt Scoop Top,XL,WTP903RDXL,899.0,1,0,899.0,0,https://cavaathleisure.com/products/burgundy-sculpt-scoop-top
2026-09-19,Cava Athleisure,Hot Pink Sculpt Crew Top,XS,WTP902PNXS,899.0,0,11,0.0,12,https://cavaathleisure.com/products/hot-pink-sculpt-crew-top
2026-09-19,Cava Athleisure,Hot Pink Sculpt Crew Top,S,WTP902PNS,899.0,0,81,0.0,82,https://cavaathleisure.com/products/hot-pink-sculpt-crew-top
2026-09-19,Cava Athleisure,Hot Pink Sculpt Crew Top,M,WTP902PNM,899.0,0,28,0.0,29,https://cavaathleisure.com/products/hot-pink-sculpt-crew-top
2026-09-19,Cava Athleisure,White Sculpt Crew Top,XS,WTP902WHXS,899.0,0,37,0.0,38,https://cavaathleisure.com/products/white-sculpt-crew-top
2026-09-19,Cava Athleisure,White Sculpt Crew Top,S,WTP902WHS,899.0,0,43,0.0,44,https://cavaathleisure.com/products/white-sculpt-crew-top
2026-09-19,Cava Athleisure,White Sculpt Crew Top,M,WTP902WHM,899.0,0,24,0.0,25,https://cavaathleisure.com/products/white-sculpt-crew-top
2026-09-19,Cava Athleisure,White Sculpt Crew Top,L,WTP902WHL,899.0,0,9,0.0,10,https://cavaathleisure.com/products/white-sculpt-crew-top
2026-09-19,Cava Athleisure,White Sculpt Crew Top,XL,WTP902WHXL,899.0,0,37,0.0,38,https://cavaathleisure.com/products/white-sculpt-crew-top
2026-09-19,Cava Athleisure,White Sculpt Crew Top,XXL,WTP902WHXXL,899.0,0,17,0.0,18,https://cavaathleisure.com/products/white-sculpt-crew-top
2026-09-19,Cava Athleisure,Navy Sculpt Core Leggings,XS,WLG902NYXS,1199.0,0,3,0.0,4,https://cavaathleisure.com/products/navy-sculpt-core-leggings
2026-09-19,Cava Athleisure,Navy Sculpt Core Leggings,S,WLG902NYS,1199.0,0,59,0.0,60,https://cavaathleisure.com/products/navy-sculpt-core-leggings
2026-09-19,Cava Athleisure,Navy Sculpt Core Leggings,L,WLG902NYL,1199.0,0,1,0.0,1,https://cavaathleisure.com/products/navy-sculpt-core-leggings
2026-09-19,Cava Athleisure,Black Sculpt Core Leggings,XS,WLG902BKXS,1199.0,0,102,0.0,103,https://cavaathleisure.com/products/black-sculpt-core-leggings
2026-09-19,Cava Athleisure,Black Sculpt Core Leggings,S,WLG902BKS,1199.0,0,347,0.0,348,https://cavaathleisure.com/products/black-sculpt-core-leggings
2026-09-19,Cava Athleisure,Black Sculpt Core Leggings,M,WLG902BKM,1199.0,0,155,0.0,156,https://cavaathleisure.com/products/black-sculpt-core-leggings
2026-09-19,Cava Athleisure,Black Sculpt Core Leggings,L,WLG902BKL,1199.0,0,53,0.0,54,https://cavaathleisure.com/products/black-sculpt-core-leggings
2026-09-19,Cava Athleisure,Black Sculpt Core Leggings,XL,WLG902BKXL,1199.0,0,138,0.0,139,https://cavaathleisure.com/products/black-sculpt-core-leggings
2026-09-19,Cava Athleisure,Black Sculpt Core Leggings,XXL,WLG902BKXXL,1199.0,0,20,0.0,21,https://cavaathleisure.com/products/black-sculpt-core-leggings
2026-09-19,Cava Athleisure,Brown Sculpt Core Leggings,XS,WLG902BNXS,1199.0,0,57,0.0,58,https://cavaathleisure.com/products/brown-sculpt-core-leggings
2026-09-19,Cava Athleisure,Brown Sculpt Core Leggings,S,WLG902BNS,1199.0,0,180,0.0,181,https://cavaathleisure.com/products/brown-sculpt-core-leggings
2026-09-19,Cava Athleisure,Brown Sculpt Core Leggings,M,WLG902BNM,1199.0,0,74,0.0,75,https://cavaathleisure.com/products/brown-sculpt-core-leggings
2026-09-19,Cava Athleisure,Brown Sculpt Core Leggings,L,WLG902BNL,1199.0,0,58,0.0,59,https://cavaathleisure.com/products/brown-sculpt-core-leggings
2026-09-19,Cava Athleisure,Brown Sculpt Core Leggings,XL,WLG902BNXL,1199.0,0,25,0.0,26,https://cavaathleisure.com/products/brown-sculpt-core-leggings
2026-09-19,Cava Athleisure,Brown Sculpt Core Leggings,XXL,WLG902BNXXL,1199.0,0,21,0.0,22,https://cavaathleisure.com/products/brown-sculpt-core-leggings
2026-09-19,Cava Athleisure,Burgundy Sculpt Core Leggings,XS,WLG902RDXS,1199.0,0,33,0.0,34,https://cavaathleisure.com/products/burgundy-sculpt-core-leggings
2026-09-19,Cava Athleisure,Burgundy Sculpt Core Leggings,S,WLG902RDS,1199.0,0,133,0.0,134,https://cavaathleisure.com/products/burgundy-sculpt-core-leggings
2026-09-19,Cava Athleisure,Burgundy Sculpt Core Leggings,M,WLG902RDM,1199.0,0,26,0.0,27,https://cavaathleisure.com/products/burgundy-sculpt-core-leggings
2026-09-19,Cava Athleisure,Burgundy Sculpt Core Leggings,L,WLG902RDL,1199.0,0,38,0.0,39,https://cavaathleisure.com/products/burgundy-sculpt-core-leggings
2026-09-19,Cava Athleisure,Burgundy Sculpt Core Leggings,XL,WLG902RDXL,1199.0,0,18,0.0,19,https://cavaathleisure.com/products/burgundy-sculpt-core-leggings
2026-09-19,Cava Athleisure,Burgundy Sculpt Core Leggings,XXL,WLG902RDXXL,1199.0,0,11,0.0,12,https://cavaathleisure.com/products/burgundy-sculpt-core-leggings
2026-09-19,Cava Athleisure,Ice Blue Sculpt Core Leggings,XS,WLG902BLXS,1199.0,0,6,0.0,7,https://cavaathleisure.com/products/ice-blue-sculpt-core-leggings
2026-09-19,Cava Athleisure,Ice Blue Sculpt Core Leggings,S,WLG902BLS,1199.0,0,74,0.0,75,https://cavaathleisure.com/products/ice-blue-sculpt-core-leggings
2026-09-19,Cava Athleisure,Ice Blue Sculpt Core Leggings,M,WLG902BLM,1199.0,0,58,0.0,59,https://cavaathleisure.com/products/ice-blue-sculpt-core-leggings
2026-09-19,Cava Athleisure,Ice Blue Sculpt Core Leggings,L,WLG902BLL,1199.0,0,40,0.0,41,https://cavaathleisure.com/products/ice-blue-sculpt-core-leggings
2026-09-19,Cava Athleisure,Hot Pink Sculpt Core Leggings,XS,WLG902PNXS,1199.0,0,15,0.0,16,https://cavaathleisure.com/products/hot-pink-sculpt-core-leggings
2026-09-19,Cava Athleisure,Hot Pink Sculpt Core Leggings,S,WLG902PNS,1199.0,0,191,0.0,192,https://cavaathleisure.com/products/hot-pink-sculpt-core-leggings
2026-09-19,Cava Athleisure,Hot Pink Sculpt Core Leggings,M,WLG902PNM,1199.0,0,91,0.0,92,https://cavaathleisure.com/products/hot-pink-sculpt-core-leggings
2026-09-19,Cava Athleisure,Hot Pink Sculpt Core Leggings,L,WLG902PNL,1199.0,0,61,0.0,62,https://cavaathleisure.com/products/hot-pink-sculpt-core-leggings
2026-09-19,Cava Athleisure,Hot Pink Sculpt Core Leggings,XL,WLG902PNXL,1199.0,0,20,0.0,21,https://cavaathleisure.com/products/hot-pink-sculpt-core-leggings
2026-09-19,Cava Athleisure,Hot Pink Sculpt Core Leggings,XXL,WLG902PNXXL,1199.0,0,32,0.0,33,https://cavaathleisure.com/products/hot-pink-sculpt-core-leggings
2026-09-19,Cava Athleisure,Storm Blue Sculpt Core Leggings,XS,WLG902SBLXS,1199.0,0,26,0.0,27,https://cavaathleisure.com/products/storm-blue-sculpt-core-leggings
2026-09-19,Cava Athleisure,Storm Blue Sculpt Core Leggings,S,WLG902SBLS,1199.0,0,167,0.0,168,https://cavaathleisure.com/products/storm-blue-sculpt-core-leggings
2026-09-19,Cava Athleisure,Storm Blue Sculpt Core Leggings,M,WLG902SBLM,1199.0,0,36,0.0,37,https://cavaathleisure.com/products/storm-blue-sculpt-core-leggings
2026-09-19,Cava Athleisure,Storm Blue Sculpt Core Leggings,L,WLG902SBLL,1199.0,0,53,0.0,54,https://cavaathleisure.com/products/storm-blue-sculpt-core-leggings
2026-09-19,Cava Athleisure,Storm Blue Sculpt Core Leggings,XL,WLG902SBLXL,1199.0,0,1,0.0,2,https://cavaathleisure.com/products/storm-blue-sculpt-core-leggings
2026-09-19,Cava Athleisure,Storm Blue Sculpt Core Leggings,XXL,WLG902SBLXXL,1199.0,0,14,0.0,15,https://cavaathleisure.com/products/storm-blue-sculpt-core-leggings
2026-09-19,Cava Athleisure,Brown Sculpt Bootcut Leggings,XS,WFP901BNXS,1299.0,1,0,1299.0,0,https://cavaathleisure.com/products/brown-sculpt-bootcut-leggings
2026-09-19,Cava Athleisure,Brown Sculpt Bootcut Leggings,XS,WFP01T9BNXS,1299.0,0,61,0.0,62,https://cavaathleisure.com/products/brown-sculpt-bootcut-leggings
2026-09-19,Cava Athleisure,Brown Sculpt Bootcut Leggings,S,WFP901BNS,1299.0,0,17,0.0,18,https://cavaathleisure.com/products/brown-sculpt-bootcut-leggings
2026-09-19,Cava Athleisure,Brown Sculpt Bootcut Leggings,S,WFP01T9BNS,1299.0,0,73,0.0,74,https://cavaathleisure.com/products/brown-sculpt-bootcut-leggings
2026-09-19,Cava Athleisure,Brown Sculpt Bootcut Leggings,M,WFP901BNM,1299.0,0,21,0.0,22,https://cavaathleisure.com/products/brown-sculpt-bootcut-leggings
2026-09-19,Cava Athleisure,Brown Sculpt Bootcut Leggings,M,WFP01T9BNM,1299.0,0,1,0.0,2,https://cavaathleisure.com/products/brown-sculpt-bootcut-leggings
2026-09-19,Cava Athleisure,Brown Sculpt Bootcut Leggings,L,WFP901BNL,1299.0,0,14,0.0,15,https://cavaathleisure.com/products/brown-sculpt-bootcut-leggings
2026-09-19,Cava Athleisure,Brown Sculpt Bootcut Leggings,L,WFP01T9BNL,1299.0,0,39,0.0,40,https://cavaathleisure.com/products/brown-sculpt-bootcut-leggings
2026-09-19,Cava Athleisure,Brown Sculpt Bootcut Leggings,XL,WFP01T9BNXL,1299.0,0,63,0.0,64,https://cavaathleisure.com/products/brown-sculpt-bootcut-leggings
2026-09-19,Cava Athleisure,Brown Sculpt Bootcut Leggings,XXL,WFP01T9BNXXL,1299.0,0,47,0.0,48,https://cavaathleisure.com/products/brown-sculpt-bootcut-leggings
2026-09-19,Cava Athleisure,Burgundy Petite Sculpt Bootcut Leggings,XS,WFP901RDXS,1299.0,0,10,0.0,11,https://cavaathleisure.com/products/burgundy-sculpt-bootcut-leggings
2026-09-19,Cava Athleisure,Burgundy Petite Sculpt Bootcut Leggings,S,WFP901RDS,1299.0,0,55,0.0,56,https://cavaathleisure.com/products/burgundy-sculpt-bootcut-leggings
2026-09-19,Cava Athleisure,Burgundy Petite Sculpt Bootcut Leggings,M,WFP901RDM,1299.0,0,67,0.0,68,https://cavaathleisure.com/products/burgundy-sculpt-bootcut-leggings
2026-09-19,Cava Athleisure,Burgundy Petite Sculpt Bootcut Leggings,L,WFP901RDL,1299.0,0,15,0.0,16,https://cavaathleisure.com/products/burgundy-sculpt-bootcut-leggings
2026-09-19,Cava Athleisure,Burgundy Petite Sculpt Bootcut Leggings,XL,WFP901RDXL,1299.0,1,0,1299.0,0,https://cavaathleisure.com/products/burgundy-sculpt-bootcut-leggings
2026-09-19,Cava Athleisure,Burgundy Petite Sculpt Bootcut Leggings,XXL,WFP901RDXXL,1299.0,1,0,1299.0,0,https://cavaathleisure.com/products/burgundy-sculpt-bootcut-leggings
2026-09-19,Cava Athleisure,Ice Blue Petite Sculpt Bootcut Leggings,XS,WFP901BLXS,1299.0,0,38,0.0,39,https://cavaathleisure.com/products/ice-blue-sculpt-bootcut-leggings
2026-09-19,Cava Athleisure,Ice Blue Petite Sculpt Bootcut Leggings,S,WFP901BLS,1299.0,0,64,0.0,65,https://cavaathleisure.com/products/ice-blue-sculpt-bootcut-leggings
2026-09-19,Cava Athleisure,Ice Blue Petite Sculpt Bootcut Leggings,M,WFP901BLM,1299.0,0,63,0.0,64,https://cavaathleisure.com/products/ice-blue-sculpt-bootcut-leggings
2026-09-19,Cava Athleisure,Ice Blue Petite Sculpt Bootcut Leggings,L,WFP901BLL,1299.0,0,3,0.0,4,https://cavaathleisure.com/products/ice-blue-sculpt-bootcut-leggings
2026-09-19,Cava Athleisure,Ice Blue Petite Sculpt Bootcut Leggings,XXL,WFP901BLXXL,1299.0,1,0,1299.0,0,https://cavaathleisure.com/products/ice-blue-sculpt-bootcut-leggings
2026-09-19,Cava Athleisure,Black Sculpt Bootcut Leggings,XS,WFP901BKXS,1299.0,0,5,0.0,6,https://cavaathleisure.com/products/black-sculpt-bootcut-leggings
2026-09-19,Cava Athleisure,Black Sculpt Bootcut Leggings,XS,WFP01T9BKXS,1299.0,0,181,0.0,182,https://cavaathleisure.com/products/black-sculpt-bootcut-leggings
2026-09-19,Cava Athleisure,Black Sculpt Bootcut Leggings,S,WFP901BKS,1299.0,0,145,0.0,146,https://cavaathleisure.com/products/black-sculpt-bootcut-leggings
2026-09-19,Cava Athleisure,Black Sculpt Bootcut Leggings,S,WFP01T9BKS,1299.0,0,286,0.0,287,https://cavaathleisure.com/products/black-sculpt-bootcut-leggings
2026-09-19,Cava Athleisure,Black Sculpt Bootcut Leggings,M,WFP901BKM,1299.0,0,68,0.0,69,https://cavaathleisure.com/products/black-sculpt-bootcut-leggings
2026-09-19,Cava Athleisure,Black Sculpt Bootcut Leggings,M,WFP01T9BKM,1299.0,0,169,0.0,170,https://cavaathleisure.com/products/black-sculpt-bootcut-leggings
2026-09-19,Cava Athleisure,Black Sculpt Bootcut Leggings,L,WFP901BKL,1299.0,0,73,0.0,74,https://cavaathleisure.com/products/black-sculpt-bootcut-leggings
2026-09-19,Cava Athleisure,Black Sculpt Bootcut Leggings,L,WFP01T9BKL,1299.0,0,299,0.0,300,https://cavaathleisure.com/products/black-sculpt-bootcut-leggings
2026-09-19,Cava Athleisure,Black Sculpt Bootcut Leggings,XL,WFP901BKXL,1299.0,0,7,0.0,8,https://cavaathleisure.com/products/black-sculpt-bootcut-leggings
2026-09-19,Cava Athleisure,Black Sculpt Bootcut Leggings,XL,WFP01T9BKXL,1299.0,0,304,0.0,305,https://cavaathleisure.com/products/black-sculpt-bootcut-leggings
2026-09-19,Cava Athleisure,Black Sculpt Bootcut Leggings,XXL,WFP01T9BKXXL,1299.0,0,19,0.0,20,https://cavaathleisure.com/products/black-sculpt-bootcut-leggings
2026-09-19,Cava Athleisure,Black Sculpt V-Neck Top,XS,WTP904BKXS,899.0,0,18,0.0,19,https://cavaathleisure.com/products/black-sculpt-v-neck-top
2026-09-19,Cava Athleisure,Black Sculpt V-Neck Top,S,WTP904BKS,899.0,0,11,0.0,12,https://cavaathleisure.com/products/black-sculpt-v-neck-top
2026-09-19,Cava Athleisure,Black Sculpt V-Neck Top,XL,WTP904BKXL,899.0,0,1,0.0,1,https://cavaathleisure.com/products/black-sculpt-v-neck-top
2026-09-19,Cava Athleisure,Storm Blue Sculpt Bootcut Leggings,S,WFP901SBLS,1299.0,0,4,0.0,5,https://cavaathleisure.com/products/storm-blue-sculpt-bootcut-leggings
2026-09-19,Cava Athleisure,Storm Blue Sculpt Bootcut Leggings,S,WFP01T9SBLS,1299.0,0,185,0.0,186,https://cavaathleisure.com/products/storm-blue-sculpt-bootcut-leggings
2026-09-19,Cava Athleisure,Storm Blue Sculpt Bootcut Leggings,M,WFP01T9SBLM,1299.0,0,10,0.0,11,https://cavaathleisure.com/products/storm-blue-sculpt-bootcut-leggings
2026-09-19,Cava Athleisure,Storm Blue Sculpt Bootcut Leggings,L,WFP01T9SBLL,1299.0,0,13,0.0,14,https://cavaathleisure.com/products/storm-blue-sculpt-bootcut-leggings
2026-09-19,Cava Athleisure,Storm Blue Sculpt Bootcut Leggings,XL,WFP01T9SBLXL,1299.0,0,11,0.0,12,https://cavaathleisure.com/products/storm-blue-sculpt-bootcut-leggings
2026-09-19,Cava Athleisure,Burgundy Sculpt V-Neck Top,XS,WTP904RDXS,899.0,0,42,0.0,43,https://cavaathleisure.com/products/burgundy-sculpt-v-neck-top
2026-09-19,Cava Athleisure,Burgundy Sculpt V-Neck Top,S,WTP904RDS,899.0,0,5,0.0,6,https://cavaathleisure.com/products/burgundy-sculpt-v-neck-top
2026-09-19,Cava Athleisure,Burgundy Sculpt V-Neck Top,M,WTP904RDM,899.0,1,0,899.0,0,https://cavaathleisure.com/products/burgundy-sculpt-v-neck-top
2026-09-19,Cava Athleisure,Burgundy Sculpt V-Neck Top,L,WTP904RDL,899.0,1,0,899.0,0,https://cavaathleisure.com/products/burgundy-sculpt-v-neck-top
2026-09-19,Cava Athleisure,Burgundy Sculpt V-Neck Top,XL,WTP904RDXL,899.0,0,1,0.0,2,https://cavaathleisure.com/products/burgundy-sculpt-v-neck-top
2026-09-19,Cava Athleisure,Burgundy Sculpt V-Neck Top,XXL,WTP904RDXXL,899.0,0,11,0.0,12,https://cavaathleisure.com/products/burgundy-sculpt-v-neck-top
2026-09-19,Cava Athleisure,White Sculpt V-Neck Top,XS,WTP904WHXS,899.0,0,65,0.0,66,https://cavaathleisure.com/products/white-sculpt-v-neck-top
2026-09-19,Cava Athleisure,White Sculpt V-Neck Top,S,WTP904WHS,899.0,1,0,899.0,0,https://cavaathleisure.com/products/white-sculpt-v-neck-top
2026-09-19,Cava Athleisure,White Sculpt V-Neck Top,M,WTP904WHM,899.0,0,33,0.0,34,https://cavaathleisure.com/products/white-sculpt-v-neck-top
2026-09-19,Cava Athleisure,White Sculpt V-Neck Top,L,WTP904WHL,899.0,0,6,0.0,7,https://cavaathleisure.com/products/white-sculpt-v-neck-top
2026-09-19,Cava Athleisure,White Sculpt V-Neck Top,XL,WTP904WHXL,899.0,0,3,0.0,4,https://cavaathleisure.com/products/white-sculpt-v-neck-top
2026-09-19,Cava Athleisure,White Sculpt V-Neck Top,XXL,WTP904WHXXL,899.0,0,9,0.0,10,https://cavaathleisure.com/products/white-sculpt-v-neck-top
2026-09-19,Cava Athleisure,Hot Pink Sculpt Bootcut Leggings,XS,WFP901PNXS,1299.0,0,62,0.0,63,https://cavaathleisure.com/products/hot-pink-sculpt-bootcut-leggings
2026-09-19,Cava Athleisure,Hot Pink Sculpt Bootcut Leggings,XS,WFP01T9PNXS,1299.0,0,102,0.0,103,https://cavaathleisure.com/products/hot-pink-sculpt-bootcut-leggings
2026-09-19,Cava Athleisure,Hot Pink Sculpt Bootcut Leggings,S,WFP901PNS,1299.0,0,196,0.0,197,https://cavaathleisure.com/products/hot-pink-sculpt-bootcut-leggings
2026-09-19,Cava Athleisure,Hot Pink Sculpt Bootcut Leggings,S,WFP01T9PNS,1299.0,0,296,0.0,297,https://cavaathleisure.com/products/hot-pink-sculpt-bootcut-leggings
2026-09-19,Cava Athleisure,Hot Pink Sculpt Bootcut Leggings,M,WFP901PNM,1299.0,0,156,0.0,157,https://cavaathleisure.com/products/hot-pink-sculpt-bootcut-leggings
2026-09-19,Cava Athleisure,Hot Pink Sculpt Bootcut Leggings,M,WFP01T9PNM,1299.0,0,233,0.0,234,https://cavaathleisure.com/products/hot-pink-sculpt-bootcut-leggings
2026-09-19,Cava Athleisure,Hot Pink Sculpt Bootcut Leggings,L,WFP901PNL,1299.0,0,132,0.0,133,https://cavaathleisure.com/products/hot-pink-sculpt-bootcut-leggings
2026-09-19,Cava Athleisure,Hot Pink Sculpt Bootcut Leggings,L,WFP01T9PNL,1299.0,0,142,0.0,143,https://cavaathleisure.com/products/hot-pink-sculpt-bootcut-leggings
2026-09-19,Cava Athleisure,Hot Pink Sculpt Bootcut Leggings,XL,WFP901PNXL,1299.0,0,37,0.0,38,https://cavaathleisure.com/products/hot-pink-sculpt-bootcut-leggings
2026-09-19,Cava Athleisure,Hot Pink Sculpt Bootcut Leggings,XL,WFP01T9PNXL,1299.0,0,83,0.0,84,https://cavaathleisure.com/products/hot-pink-sculpt-bootcut-leggings
2026-09-19,Cava Athleisure,Hot Pink Sculpt Bootcut Leggings,XXL,WFP901PNXXL,1299.0,0,14,0.0,15,https://cavaathleisure.com/products/hot-pink-sculpt-bootcut-leggings
2026-09-19,Cava Athleisure,Hot Pink Sculpt Bootcut Leggings,XXL,WFP01T9PNXXL,1299.0,0,36,0.0,37,https://cavaathleisure.com/products/hot-pink-sculpt-bootcut-leggings
2026-09-19,Cava Athleisure,White Sculpt Scoop Top,XS,WTP903WHXS,899.0,0,25,0.0,26,https://cavaathleisure.com/products/white-sculpt-scoop-top
2026-09-19,Cava Athleisure,White Sculpt Scoop Top,S,WTP903WHS,899.0,0,24,0.0,25,https://cavaathleisure.com/products/white-sculpt-scoop-top
2026-09-19,Cava Athleisure,White Sculpt Scoop Top,M,WTP903WHM,899.0,1,0,899.0,0,https://cavaathleisure.com/products/white-sculpt-scoop-top
2026-09-19,Cava Athleisure,White Sculpt Scoop Top,XL,WTP903WHXL,899.0,0,1,0.0,2,https://cavaathleisure.com/products/white-sculpt-scoop-top
2026-09-19,Cava Athleisure,Black Sculpt Capri,S,WLG903BKS,999.0,0,12,0.0,13,https://cavaathleisure.com/products/black-sculpt-capri
2026-09-19,Cava Athleisure,Navy Sculpt Capri,S,WLG903NYS,999.0,0,41,0.0,42,https://cavaathleisure.com/products/navy-sculpt-capri
2026-09-19,Cava Athleisure,Ice Blue Sculpt Booty Shorts,XS,WSH904BLXS,999.0,0,42,0.0,43,https://cavaathleisure.com/products/ice-blue-sculpt-booty-shorts
2026-09-19,Cava Athleisure,Ice Blue Sculpt Booty Shorts,S,WSH904BLS,999.0,0,80,0.0,81,https://cavaathleisure.com/products/ice-blue-sculpt-booty-shorts
2026-09-19,Cava Athleisure,Ice Blue Sculpt Booty Shorts,M,WSH904BLM,999.0,0,31,0.0,32,https://cavaathleisure.com/products/ice-blue-sculpt-booty-shorts
2026-09-19,Cava Athleisure,Ice Blue Sculpt Booty Shorts,L,WSH904BLL,999.0,0,5,0.0,6,https://cavaathleisure.com/products/ice-blue-sculpt-booty-shorts
2026-09-19,Cava Athleisure,Burgundy Sculpt Capri,XS,WLG903RDXS,999.0,0,6,0.0,7,https://cavaathleisure.com/products/burgundy-sculpt-capri
2026-09-19,Cava Athleisure,Burgundy Sculpt Capri,S,WLG903RDS,999.0,0,40,0.0,41,https://cavaathleisure.com/products/burgundy-sculpt-capri
2026-09-19,Cava Athleisure,Basic Supima Polo T-shirt - Pack of 2,S,MTS5CS103BKBGS,2039.0,0,5,0.0,6,https://cavaathleisure.com/products/basic-supima-polo-t-shirt-pack-of-2
2026-09-19,Cava Athleisure,Hot Pink Sculpt Booty Shorts,XS,WSH904PNXS,999.0,0,39,0.0,40,https://cavaathleisure.com/products/hot-pink-sculpt-booty-shorts
2026-09-19,Cava Athleisure,Hot Pink Sculpt Booty Shorts,S,WSH904PNS,999.0,0,65,0.0,66,https://cavaathleisure.com/products/hot-pink-sculpt-booty-shorts
2026-09-19,Cava Athleisure,Hot Pink Sculpt Booty Shorts,M,WSH904PNM,999.0,0,35,0.0,36,https://cavaathleisure.com/products/hot-pink-sculpt-booty-shorts
2026-09-19,Cava Athleisure,Hot Pink Sculpt Booty Shorts,XL,WSH904PNXL,999.0,0,26,0.0,27,https://cavaathleisure.com/products/hot-pink-sculpt-booty-shorts
2026-09-19,Cava Athleisure,Hot Pink Sculpt Booty Shorts,XXL,WSH904PNXXL,999.0,1,0,999.0,0,https://cavaathleisure.com/products/hot-pink-sculpt-booty-shorts
2026-09-19,Cava Athleisure,Black Sculpt Booty Shorts,XS,WSH904BKXS,999.0,0,1,0.0,2,https://cavaathleisure.com/products/black-sculpt-booty-shorts
2026-09-19,Cava Athleisure,Black Sculpt Booty Shorts,S,WSH904BKS,999.0,1,0,999.0,0,https://cavaathleisure.com/products/black-sculpt-booty-shorts
2026-09-19,Cava Athleisure,Black Sculpt Booty Shorts,M,WSH904BKM,999.0,0,1,0.0,2,https://cavaathleisure.com/products/black-sculpt-booty-shorts
2026-09-19,Cava Athleisure,Modern Supima Crew Neck T-shirt - Pack of 2,XXL,MTS16CS101GRPUXXL,1799.0,0,1,0.0,2,https://cavaathleisure.com/products/modern-supima-crew-neck-t-shirt-pack-of-2
2026-09-19,Cava Athleisure,Essential Supima Crew Neck T-shirt - Pack of 2,L,MTS5CS101BKBGL,1799.0,0,1,0.0,2,https://cavaathleisure.com/products/essential-supima-crew-neck-t-shirt-pack-of-2
2026-09-19,Cava Athleisure,Essential Supima Crew Neck T-shirt - Pack of 2,XXL,MTS5CS101BKBGXXL,1799.0,0,2,0.0,3,https://cavaathleisure.com/products/essential-supima-crew-neck-t-shirt-pack-of-2
2026-09-19,Cava Athleisure,Basic Sculpt Core Tops - Pack of 2,M,WTP901WHBKM,1599.0,1,0,1599.0,0,https://cavaathleisure.com/products/basic-sculpt-core-tops-pack-of-2
2026-09-19,Cava Athleisure,Basic Sculpt Scoop Tops - Pack of 2,S,WTP903WHBKS,1799.0,0,23,0.0,24,https://cavaathleisure.com/products/basic-sculpt-scoop-tops-pack-of-2
2026-09-19,Cava Athleisure,Basic Sculpt Crew Tops - Pack of 2,S,WTP902WHBKS,1699.0,1,0,1699.0,0,https://cavaathleisure.com/products/basic-sculpt-crew-tops-pack-of-2
2026-09-19,Cava Athleisure,Basic Sculpt V-Neck Tops - Pack of 2,XS,WTP904WHBKXS,1699.0,0,17,0.0,18,https://cavaathleisure.com/products/basic-sculpt-v-neck-tops-pack-of-2
2026-09-19,Cava Athleisure,Basic Sculpt V-Neck Tops - Pack of 2,S,WTP904WHBKS,1699.0,1,0,1699.0,0,https://cavaathleisure.com/products/basic-sculpt-v-neck-tops-pack-of-2
2026-09-19,Cava Athleisure,Essential Sculpt V-Neck Tops - Pack of 3,XS,WTP904WHBKBNXS,2399.0,0,17,0.0,18,https://cavaathleisure.com/products/essential-sculpt-v-neck-tops-pack-of-3
2026-09-19,Cava Athleisure,Essential Sculpt Capris - Pack of 3,S,WLG903RDNYBKS,3599.0,0,11,0.0,12,https://cavaathleisure.com/products/essential-sculpt-capris-pack-of-3
2026-09-19,Cava Athleisure,Basic Sculpt Capris - Pack of 2,S,WLG903NYBKS,2599.0,0,11,0.0,12,https://cavaathleisure.com/products/basic-sculpt-capris-pack-of-2
2026-09-19,Cava Athleisure,Core Sculpt Capris - Pack of 2,S,WLG903BKRDS,2599.0,0,11,0.0,12,https://cavaathleisure.com/products/core-sculpt-capris-pack-of-2
2026-09-19,Cava Athleisure,Essential Supima V Neck - Pack of 2,L,MTSCS102BKWHL,2079.0,0,13,0.0,14,https://cavaathleisure.com/products/essential-supima-v-neck-pack-of-2
2026-09-19,Cava Athleisure,Essential Supima V Neck - Pack of 2,XXL,MTSCS102BKWHXXL,2079.0,0,4,0.0,5,https://cavaathleisure.com/products/essential-supima-v-neck-pack-of-2
2026-09-19,Cava Athleisure,Staple Supima V Neck - Pack of 3,L,MTS102BKBGWHL,2819.0,0,13,0.0,14,https://cavaathleisure.com/products/staple-supima-v-neck-pack-of-3
2026-09-19,Cava Athleisure,Staple Supima V Neck - Pack of 3,XXL,MTS102BKBGWHXXL,2819.0,0,4,0.0,5,https://cavaathleisure.com/products/staple-supima-v-neck-pack-of-3
2026-09-19,Cava Athleisure,Modern Supima V Neck - Pack of 2,S,MTS102PUGRS,1949.0,0,22,0.0,23,https://cavaathleisure.com/products/modern-supima-v-neck-pack-of-2
2026-09-19,Cava Athleisure,Modern Supima V Neck - Pack of 2,XL,MTS102PUGRXL,1949.0,0,3,0.0,4,https://cavaathleisure.com/products/modern-supima-v-neck-pack-of-2
2026-09-19,Cava Athleisure,Aerial Contrast Leggings - Pack of 2,S,WLG1011BKRDS,3249.0,0,37,0.0,38,https://cavaathleisure.com/products/aerial-contrast-leggings-pack-of-2
2026-09-19,Cava Athleisure,Classic Supima V Neck - Pack of 2,S,MTS102NYBGS,1949.0,0,24,0.0,25,https://cavaathleisure.com/products/classic-supima-v-neck-pack-of-2
2026-09-19,Cava Athleisure,Classic Supima V Neck - Pack of 2,M,MTS102NYBGM,1949.0,0,20,0.0,21,https://cavaathleisure.com/products/classic-supima-v-neck-pack-of-2
2026-09-19,Cava Athleisure,Classic Supima V Neck - Pack of 2,L,MTS102NYBGL,1949.0,0,24,0.0,25,https://cavaathleisure.com/products/classic-supima-v-neck-pack-of-2
2026-09-19,Cava Athleisure,Classic Supima V Neck - Pack of 2,XL,MTS102NYBGXL,1949.0,0,5,0.0,6,https://cavaathleisure.com/products/classic-supima-v-neck-pack-of-2
2026-09-19,Cava Athleisure,Classic Supima V Neck - Pack of 2,XXL,MTS102NYBGXXL,1949.0,0,8,0.0,9,https://cavaathleisure.com/products/classic-supima-v-neck-pack-of-2
2026-09-19,Cava Athleisure,Yellow Cotton Twirl Skorts,XS,WSK1635YLXS,1119.0,0,1,0.0,1,https://cavaathleisure.com/products/yellow-cotton-twirl-skort
2026-09-19,Cava Athleisure,Grey Cotton Scoop Tank,L,WTN1622GMLL,879.0,0,5,0.0,6,https://cavaathleisure.com/products/grey-cotton-scoop-tank
2026-09-19,Cava Athleisure,Grey Cotton Scoop Tank,XL,WTN1622GMLXL,879.0,0,6,0.0,7,https://cavaathleisure.com/products/grey-cotton-scoop-tank
2026-09-19,Cava Athleisure,Pink Cotton Twirl Skorts,M,WSK1635PNM,1119.0,1,0,1119.0,0,https://cavaathleisure.com/products/pink-cotton-twirl-skort
2026-09-19,Cava Athleisure,Toasted Aerial Crop Tank,XL,WTN8SET12BNXL,1192.0,0,75,0.0,76,https://cavaathleisure.com/products/toasted-aerial-crop-tank
2026-09-19,Cava Athleisure,Toasted Aerial Crop Tank,XXL,WTN8SET12BNXXL,1192.0,0,39,0.0,40,https://cavaathleisure.com/products/toasted-aerial-crop-tank
2026-09-19,Cava Athleisure,Toasted Aerial Leggings,XS,WLG8SET12BNXS,999.0,0,16,0.0,17,https://cavaathleisure.com/products/toasted-aerial-leggings
2026-09-19,Cava Athleisure,Toasted Aerial Leggings,S,WLG8SET12BNS,999.0,0,19,0.0,20,https://cavaathleisure.com/products/toasted-aerial-leggings
2026-09-19,Cava Athleisure,Grey Cotton Twirl Skorts,XS,WSK1635GMLXS,1119.0,0,64,0.0,65,https://cavaathleisure.com/products/grey-cotton-twirl-skort
2026-09-19,Cava Athleisure,Grey Cotton Twirl Skorts,S,WSK1635GMLS,1119.0,0,98,0.0,99,https://cavaathleisure.com/products/grey-cotton-twirl-skort
2026-09-19,Cava Athleisure,Grey Cotton Twirl Skorts,M,WSK1635GMLM,1119.0,0,35,0.0,36,https://cavaathleisure.com/products/grey-cotton-twirl-skort
2026-09-19,Cava Athleisure,Pink Aerial Crop Tank,XL,WTN8SET12BPNXL,999.0,0,63,0.0,64,https://cavaathleisure.com/products/pink-aerial-crop-tank
2026-09-19,Cava Athleisure,Pink Aerial Crop Tank,XXL,WTN8SET12BPNXXL,999.0,0,36,0.0,37,https://cavaathleisure.com/products/pink-aerial-crop-tank
2026-09-19,Cava Athleisure,Pink Aerial Leggings,M,WLG8SET12PNM,1125.0,0,28,0.0,29,https://cavaathleisure.com/products/pink-aerial-leggings
2026-09-19,Cava Athleisure,Pink Aerial Leggings,XL,WLG8SET12PNXL,1125.0,0,9,0.0,10,https://cavaathleisure.com/products/pink-aerial-leggings
2026-09-19,Cava Athleisure,Pine Plie Pleated Skort,S,WSK14CS06GRS,1699.0,0,20,0.0,21,https://cavaathleisure.com/products/pine-green-pleated-skort
2026-09-19,Cava Athleisure,Butter Yellow Sculptor Jacket,XS,WJK14SET5YLXS,1799.0,0,2,0.0,3,https://cavaathleisure.com/products/butter-yellow-sculptor-jacket
2026-09-19,Cava Athleisure,Butter Yellow Sculptor Jacket,M,WJK14SET5YLM,1799.0,0,3,0.0,4,https://cavaathleisure.com/products/butter-yellow-sculptor-jacket
2026-09-19,Cava Athleisure,Butter Yellow Sculptor Jacket,L,WJK14SET5YLL,1799.0,1,0,1799.0,0,https://cavaathleisure.com/products/butter-yellow-sculptor-jacket
2026-09-19,Cava Athleisure,Butter Yellow Sculptor Jacket,XL,WJK14SET5YLXL,1799.0,0,1,0.0,2,https://cavaathleisure.com/products/butter-yellow-sculptor-jacket
2026-09-19,Cava Athleisure,Butter Yellow Plie Pleated Skort,S,WSK14CS06YLS,1699.0,0,11,0.0,12,https://cavaathleisure.com/products/butter-yellow-pleated-skort
2026-09-19,Cava Athleisure,Toasted Sculptor Jacket,XS,WJK14SET5BNXS,1799.0,0,17,0.0,18,https://cavaathleisure.com/products/toasted-brown-sculptor-jacket
2026-09-19,Cava Athleisure,Toasted Sculptor Jacket,S,WJK14SET5BNS,1799.0,0,75,0.0,76,https://cavaathleisure.com/products/toasted-brown-sculptor-jacket
2026-09-19,Cava Athleisure,Toasted Sculptor Jacket,M,WJK14SET5BNM,1799.0,0,61,0.0,62,https://cavaathleisure.com/products/toasted-brown-sculptor-jacket
2026-09-19,Cava Athleisure,Toasted Sculptor Jacket,L,WJK14SET5BNL,1799.0,0,8,0.0,9,https://cavaathleisure.com/products/toasted-brown-sculptor-jacket
2026-09-19,Cava Athleisure,Toasted Sculptor Jacket,XL,WJK14SET5BNXL,1799.0,1,0,1799.0,0,https://cavaathleisure.com/products/toasted-brown-sculptor-jacket
2026-09-19,Cava Athleisure,Toasted Sculptor Jacket,XXL,WJK14SET5BNXXL,1799.0,0,3,0.0,4,https://cavaathleisure.com/products/toasted-brown-sculptor-jacket
2026-09-19,Cava Athleisure,Grey Cava Essential Sweatshirt,M,TP536-Vamos-86-BerlinGrey-M,1199.0,0,17,0.0,18,https://cavaathleisure.com/products/grey-cava-essential-sweatshirt
2026-09-19,Cava Athleisure,Mint Cava Essential Sweatshirt,XS,WHD16536BLXS,1199.0,0,49,0.0,50,https://cavaathleisure.com/products/mint-cava-essential-sweatshirt
2026-09-19,Cava Athleisure,Mint Cava Essential Sweatshirt,S,WHD16536BLS,1199.0,0,194,0.0,195,https://cavaathleisure.com/products/mint-cava-essential-sweatshirt
2026-09-19,Cava Athleisure,Mint Cava Essential Sweatshirt,M,WHD16536BLM,1199.0,0,301,0.0,302,https://cavaathleisure.com/products/mint-cava-essential-sweatshirt
2026-09-19,Cava Athleisure,Mint Cava Essential Sweatshirt,L,WHD16536BLL,1199.0,0,74,0.0,75,https://cavaathleisure.com/products/mint-cava-essential-sweatshirt
2026-09-19,Cava Athleisure,Mint Cava Essential Sweatshirt,XL,WHD16536BLXL,1199.0,0,89,0.0,90,https://cavaathleisure.com/products/mint-cava-essential-sweatshirt
2026-09-19,Cava Athleisure,Mint Cava Essential Sweatshirt,XXL,WHD16536BLXXL,1199.0,0,32,0.0,33,https://cavaathleisure.com/products/mint-cava-essential-sweatshirt
2026-09-19,Cava Athleisure,Fuchsia Bow Sculpt Core Leggings,XS,WLG1402BRDXS,990.0,0,20,0.0,21,https://cavaathleisure.com/products/fuchsia-bow-sculpt-core-leggings
2026-09-19,Cava Athleisure,Wine High Impact Sports Bra,XS,WSB1CS02WRDXS,1299.0,0,121,0.0,122,https://cavaathleisure.com/products/wine-high-impact-sports-bra
2026-09-19,Cava Athleisure,Wine High Impact Sports Bra,S,WSB1CS02WRDS,1299.0,0,2,0.0,3,https://cavaathleisure.com/products/wine-high-impact-sports-bra
2026-09-19,Cava Athleisure,Wine High Impact Sports Bra,M,WSB1CS02WRDM,1299.0,0,11,0.0,12,https://cavaathleisure.com/products/wine-high-impact-sports-bra
2026-09-19,Cava Athleisure,Wine High Impact Sports Bra,L,WSB1CS02WRDL,1299.0,0,48,0.0,49,https://cavaathleisure.com/products/wine-high-impact-sports-bra
2026-09-19,Cava Athleisure,Wine High Impact Sports Bra,XL,WSB1CS02WRDXL,1299.0,0,72,0.0,73,https://cavaathleisure.com/products/wine-high-impact-sports-bra
2026-09-19,Cava Athleisure,Wine High Impact Sports Bra,XXL,WSB1CS02WRDXXL,1299.0,0,31,0.0,32,https://cavaathleisure.com/products/wine-high-impact-sports-bra
2026-09-19,Cava Athleisure,Pink Bow Sculpt Core Leggings,XS,WLG1402BPNXS,990.0,0,18,0.0,19,https://cavaathleisure.com/products/pink-bow-sculpt-core-leggings
2026-09-19,Cava Athleisure,Pink Bow Sculpt Core Leggings,L,WLG1402BPNL,990.0,0,1,0.0,2,https://cavaathleisure.com/products/pink-bow-sculpt-core-leggings
2026-09-19,Cava Athleisure,Pink Ultra Support Sports Bra,XS,WSB1CS01PNXS,1399.0,0,67,0.0,68,https://cavaathleisure.com/products/pink-ultra-support-sports-bra
2026-09-19,Cava Athleisure,Pink Ultra Support Sports Bra,S,WSB1CS01PNS,1399.0,0,193,0.0,194,https://cavaathleisure.com/products/pink-ultra-support-sports-bra
2026-09-19,Cava Athleisure,Pink Ultra Support Sports Bra,M,WSB1CS01PNM,1399.0,0,377,0.0,378,https://cavaathleisure.com/products/pink-ultra-support-sports-bra
2026-09-19,Cava Athleisure,Pink Ultra Support Sports Bra,L,WSB1CS01PNL,1399.0,0,301,0.0,302,https://cavaathleisure.com/products/pink-ultra-support-sports-bra
2026-09-19,Cava Athleisure,Pink Ultra Support Sports Bra,XL,WSB1CS01PNXL,1399.0,0,164,0.0,165,https://cavaathleisure.com/products/pink-ultra-support-sports-bra
2026-09-19,Cava Athleisure,Pink Ultra Support Sports Bra,XXL,WSB1CS01PNXXL,1399.0,0,36,0.0,37,https://cavaathleisure.com/products/pink-ultra-support-sports-bra
2026-09-19,Cava Athleisure,Pink Gingham Sculpt Core Leggings,XS,WLG1402GPNXS,990.0,0,18,0.0,19,https://cavaathleisure.com/products/pink-gingham-sculpt-core-leggings
2026-09-19,Cava Athleisure,Midnight Gradient Sculpt Core Leggings,XS,WLG1402GMBLXS,990.0,0,50,0.0,51,https://cavaathleisure.com/products/midnight-gradient-sculpt-core-leggings
2026-09-19,Cava Athleisure,Mint Gingham Sculpt Core Leggings,XS,WLG1402GGRXS,990.0,0,15,0.0,16,https://cavaathleisure.com/products/mint-gingham-sculpt-core-leggings
2026-09-19,Cava Athleisure,Mint Gingham Sculpt Core Leggings,M,WLG1402GGRM,990.0,0,4,0.0,5,https://cavaathleisure.com/products/mint-gingham-sculpt-core-leggings
2026-09-19,Cava Athleisure,Hot Pink Swirl Tennis Skorts,XS,WSK14SET4BPNXS,1399.0,0,6,0.0,7,https://cavaathleisure.com/products/hot-pink-swirl-tennis-skorts
2026-09-19,Cava Athleisure,Black Serve Side Oversized Printed Tee - Women,S,WTS1618BKGSMS,934.0,1,0,934.0,-1,https://cavaathleisure.com/products/black-serve-side-oversized-printed-tee-women
2026-09-19,Cava Athleisure,Black Courtside Oversized Printed Tee - Women,S,WTS1618BKSYCS,844.0,0,4,0.0,5,https://cavaathleisure.com/products/black-courtside-oversized-printed-tee-women
2026-09-19,Cava Athleisure,Black Courtside Oversized Printed Tee - Women,XL,WTS1618BKSYCXL,844.0,0,1,0.0,2,https://cavaathleisure.com/products/black-courtside-oversized-printed-tee-women
2026-09-19,Cava Athleisure,Blush Swirl Tennis Skorts,XXS,WSKSET445PNXXS,1399.0,0,34,0.0,35,https://cavaathleisure.com/products/blush-pink-swirl-tennis-skorts
2026-09-19,Cava Athleisure,Blush Swirl Tennis Skorts,XS,WSK14SET4PNXS,1399.0,0,145,0.0,146,https://cavaathleisure.com/products/blush-pink-swirl-tennis-skorts
2026-09-19,Cava Athleisure,Blush Swirl Tennis Skorts,S,WSK14SET4PNS,1399.0,0,151,0.0,152,https://cavaathleisure.com/products/blush-pink-swirl-tennis-skorts
2026-09-19,Cava Athleisure,Blush Swirl Tennis Skorts,M,WSK14SET4PNM,1399.0,0,86,0.0,87,https://cavaathleisure.com/products/blush-pink-swirl-tennis-skorts
2026-09-19,Cava Athleisure,Blush Swirl Tennis Skorts,L,WSK14SET4PNL,1399.0,0,57,0.0,58,https://cavaathleisure.com/products/blush-pink-swirl-tennis-skorts
2026-09-19,Cava Athleisure,Blush Swirl Tennis Skorts,XL,WSK14SET4PNXL,1399.0,0,21,0.0,22,https://cavaathleisure.com/products/blush-pink-swirl-tennis-skorts
2026-09-19,Cava Athleisure,Blush Swirl Tennis Skorts,XXL,WSK14SET4PNXXL,1399.0,0,22,0.0,23,https://cavaathleisure.com/products/blush-pink-swirl-tennis-skorts
2026-09-19,Cava Athleisure,Blush Swirl Tennis Skorts,XXXL,WSKSET445PNXXXL,1399.0,0,37,0.0,38,https://cavaathleisure.com/products/blush-pink-swirl-tennis-skorts
2026-09-19,Cava Athleisure,Cobalt Hourglass Flared Leggings,XS,WFP1ACU01NYXS,1429.0,0,13,0.0,14,https://cavaathleisure.com/products/cobalt-hourglass-flared-leggings
2026-09-19,Cava Athleisure,Cobalt Hourglass Flared Leggings,XS,WFP1ACU02NYXS,1429.0,0,5,0.0,6,https://cavaathleisure.com/products/cobalt-hourglass-flared-leggings
2026-09-19,Cava Athleisure,Cream Supima V Neck T-Shirt - Regular Fit,S,MTS16CS102WHS,749.0,0,8,0.0,9,https://cavaathleisure.com/products/cream-supima-v-neck-t-shirt-regular-fit
2026-09-19,Cava Athleisure,Cream Supima V Neck T-Shirt - Regular Fit,M,MTS16CS102WHM,749.0,0,11,0.0,12,https://cavaathleisure.com/products/cream-supima-v-neck-t-shirt-regular-fit
2026-09-19,Cava Athleisure,Cream Supima V Neck T-Shirt - Regular Fit,L,MTS16CS102WHL,749.0,0,14,0.0,15,https://cavaathleisure.com/products/cream-supima-v-neck-t-shirt-regular-fit
2026-09-19,Cava Athleisure,Cream Supima V Neck T-Shirt - Regular Fit,XL,MTS16CS102WHXL,749.0,0,15,0.0,16,https://cavaathleisure.com/products/cream-supima-v-neck-t-shirt-regular-fit
2026-09-19,Cava Athleisure,Cream Supima V Neck T-Shirt - Regular Fit,XXL,MTS16CS102WHXXL,749.0,0,5,0.0,6,https://cavaathleisure.com/products/cream-supima-v-neck-t-shirt-regular-fit
2026-09-19,Cava Athleisure,Blue Supima Polo T-Shirt - Regular Fit,S,MTS16CS103BLS,1104.0,0,5,0.0,6,https://cavaathleisure.com/products/blue-supima-polo-t-shirt-regular-fit
2026-09-19,Cava Athleisure,Burgundy Aerial Contrast Leggings,S,WLG1011RDS,1000.0,0,38,0.0,39,https://cavaathleisure.com/products/burgundy-aerial-contrast-leggings
2026-09-19,Cava Athleisure,Wine Hourglass Flared Leggings,XS,WFP1ACU01RDXS,1429.0,0,110,0.0,111,https://cavaathleisure.com/products/wine-hourglass-flared-leggings
2026-09-19,Cava Athleisure,Wine Hourglass Flared Leggings,XS,WFP1ACU02RDXS,1429.0,0,96,0.0,97,https://cavaathleisure.com/products/wine-hourglass-flared-leggings
2026-09-19,Cava Athleisure,Wine Hourglass Flared Leggings,XS,WFB1ACU04RDXS,1429.0,0,37,0.0,38,https://cavaathleisure.com/products/wine-hourglass-flared-leggings
2026-09-19,Cava Athleisure,Wine Hourglass Flared Leggings,S,WFP1ACU01RDS,1429.0,0,239,0.0,240,https://cavaathleisure.com/products/wine-hourglass-flared-leggings
2026-09-19,Cava Athleisure,Wine Hourglass Flared Leggings,S,WFP1ACU02RDS,1429.0,0,267,0.0,268,https://cavaathleisure.com/products/wine-hourglass-flared-leggings
2026-09-19,Cava Athleisure,Wine Hourglass Flared Leggings,S,WFB1ACU04RDS,1429.0,0,82,0.0,83,https://cavaathleisure.com/products/wine-hourglass-flared-leggings
2026-09-19,Cava Athleisure,Wine Hourglass Flared Leggings,M,WFP1ACU01RDM,1429.0,0,309,0.0,310,https://cavaathleisure.com/products/wine-hourglass-flared-leggings
2026-09-19,Cava Athleisure,Wine Hourglass Flared Leggings,M,WFP1ACU02RDM,1429.0,0,415,0.0,416,https://cavaathleisure.com/products/wine-hourglass-flared-leggings
2026-09-19,Cava Athleisure,Wine Hourglass Flared Leggings,M,WFB1ACU04RDM,1429.0,0,224,0.0,225,https://cavaathleisure.com/products/wine-hourglass-flared-leggings
2026-09-19,Cava Athleisure,Wine Hourglass Flared Leggings,L,WFP1ACU01RDL,1429.0,0,177,0.0,178,https://cavaathleisure.com/products/wine-hourglass-flared-leggings
2026-09-19,Cava Athleisure,Wine Hourglass Flared Leggings,L,WFP1ACU02RDL,1429.0,0,384,0.0,385,https://cavaathleisure.com/products/wine-hourglass-flared-leggings
2026-09-19,Cava Athleisure,Wine Hourglass Flared Leggings,L,WFB1ACU04RDL,1429.0,0,134,0.0,135,https://cavaathleisure.com/products/wine-hourglass-flared-leggings
2026-09-19,Cava Athleisure,Wine Hourglass Flared Leggings,XL,WFP1ACU01RDXL,1429.0,0,75,0.0,76,https://cavaathleisure.com/products/wine-hourglass-flared-leggings
2026-09-19,Cava Athleisure,Wine Hourglass Flared Leggings,XL,WFP1ACU02RDXL,1429.0,0,150,0.0,151,https://cavaathleisure.com/products/wine-hourglass-flared-leggings
2026-09-19,Cava Athleisure,Wine Hourglass Flared Leggings,XL,WFB1ACU04RDXL,1429.0,0,55,0.0,56,https://cavaathleisure.com/products/wine-hourglass-flared-leggings
2026-09-19,Cava Athleisure,Wine Hourglass Flared Leggings,XXL,WFP1ACU01RDXXL,1429.0,0,28,0.0,29,https://cavaathleisure.com/products/wine-hourglass-flared-leggings
2026-09-19,Cava Athleisure,Wine Hourglass Flared Leggings,XXL,WFP1ACU02RDXXL,1429.0,0,128,0.0,129,https://cavaathleisure.com/products/wine-hourglass-flared-leggings
2026-09-19,Cava Athleisure,Wine Hourglass Flared Leggings,XXL,WFB1ACU04RDXXL,1429.0,0,27,0.0,28,https://cavaathleisure.com/products/wine-hourglass-flared-leggings
2026-09-19,Cava Athleisure,Black Aerial Contrast Leggings,XS,WLG1011BKXS,1250.0,0,19,0.0,20,https://cavaathleisure.com/products/black-aerial-contrast-leggings
2026-09-19,Cava Athleisure,Black Aerial Contrast Leggings,S,WLG1011BKS,1250.0,0,103,0.0,104,https://cavaathleisure.com/products/black-aerial-contrast-leggings
2026-09-19,Cava Athleisure,Brown Hourglass Flared Leggings,XS,BTM-CAVA-ACU01-Brown-XS,1429.0,0,138,0.0,139,https://cavaathleisure.com/products/brown-hourglass-flared-leggings
2026-09-19,Cava Athleisure,Brown Hourglass Flared Leggings,XS,BTM-CAVA-ACU04-Brown-XS,1429.0,0,19,0.0,20,https://cavaathleisure.com/products/brown-hourglass-flared-leggings
2026-09-19,Cava Athleisure,Brown Hourglass Flared Leggings,S,BTM-CAVA-ACU01-Brown-S,1429.0,0,463,0.0,464,https://cavaathleisure.com/products/brown-hourglass-flared-leggings
2026-09-19,Cava Athleisure,Brown Hourglass Flared Leggings,S,BTM-CAVA-ACU02-Brown-S,1429.0,0,275,0.0,276,https://cavaathleisure.com/products/brown-hourglass-flared-leggings
2026-09-19,Cava Athleisure,Brown Hourglass Flared Leggings,S,BTM-CAVA-ACU04-Brown-S,1429.0,0,5,0.0,6,https://cavaathleisure.com/products/brown-hourglass-flared-leggings
2026-09-19,Cava Athleisure,Brown Hourglass Flared Leggings,M,BTM-CAVA-ACU01-Brown-M,1429.0,0,980,0.0,981,https://cavaathleisure.com/products/brown-hourglass-flared-leggings
2026-09-19,Cava Athleisure,Brown Hourglass Flared Leggings,M,BTM-CAVA-ACU02-Brown-M,1429.0,0,184,0.0,185,https://cavaathleisure.com/products/brown-hourglass-flared-leggings
2026-09-19,Cava Athleisure,Brown Hourglass Flared Leggings,M,BTM-CAVA-ACU04-Brown-M,1429.0,0,36,0.0,37,https://cavaathleisure.com/products/brown-hourglass-flared-leggings
2026-09-19,Cava Athleisure,Brown Hourglass Flared Leggings,L,BTM-CAVA-ACU01-Brown-L,1429.0,0,470,0.0,471,https://cavaathleisure.com/products/brown-hourglass-flared-leggings
2026-09-19,Cava Athleisure,Brown Hourglass Flared Leggings,L,BTM-CAVA-ACU02-Brown-L,1429.0,0,284,0.0,285,https://cavaathleisure.com/products/brown-hourglass-flared-leggings
2026-09-19,Cava Athleisure,Brown Hourglass Flared Leggings,L,BTM-CAVA-ACU04-Brown-L,1429.0,0,21,0.0,22,https://cavaathleisure.com/products/brown-hourglass-flared-leggings
2026-09-19,Cava Athleisure,Brown Hourglass Flared Leggings,XL,BTM-CAVA-ACU01-Brown-XL,1429.0,0,229,0.0,230,https://cavaathleisure.com/products/brown-hourglass-flared-leggings
2026-09-19,Cava Athleisure,Brown Hourglass Flared Leggings,XL,BTM-CAVA-ACU02-Brown-XL,1429.0,0,152,0.0,153,https://cavaathleisure.com/products/brown-hourglass-flared-leggings
2026-09-19,Cava Athleisure,Brown Hourglass Flared Leggings,XL,BTM-CAVA-ACU04-Brown-XL,1429.0,0,9,0.0,10,https://cavaathleisure.com/products/brown-hourglass-flared-leggings
2026-09-19,Cava Athleisure,Brown Hourglass Flared Leggings,XXL,BTM-CAVA-ACU01-Brown-XXL,1429.0,0,128,0.0,129,https://cavaathleisure.com/products/brown-hourglass-flared-leggings
2026-09-19,Cava Athleisure,Brown Hourglass Flared Leggings,XXL,BTM-CAVA-ACU02-Brown-XXL,1429.0,0,13,0.0,14,https://cavaathleisure.com/products/brown-hourglass-flared-leggings
2026-09-19,Cava Athleisure,Brown Hourglass Flared Leggings,XXL,BTM-CAVA-ACU04-Brown-XXL,1429.0,1,0,1429.0,0,https://cavaathleisure.com/products/brown-hourglass-flared-leggings
2026-09-19,Cava Athleisure,Obsidian Black Hourglass Flared Leggings,XS,BTM-CAVA-ACU01-Black-XS,1429.0,0,263,0.0,264,https://cavaathleisure.com/products/obsidian-black-hourglass-flared-leggings
2026-09-19,Cava Athleisure,Obsidian Black Hourglass Flared Leggings,XS,BTM-CAVA-ACU02-Black-XS,1429.0,0,240,0.0,241,https://cavaathleisure.com/products/obsidian-black-hourglass-flared-leggings
2026-09-19,Cava Athleisure,Obsidian Black Hourglass Flared Leggings,XS,BTM-CAVA-ACU04-Black-XS,1429.0,0,116,0.0,117,https://cavaathleisure.com/products/obsidian-black-hourglass-flared-leggings
2026-09-19,Cava Athleisure,Obsidian Black Hourglass Flared Leggings,S,BTM-CAVA-ACU01-Black-S,1429.0,0,470,0.0,471,https://cavaathleisure.com/products/obsidian-black-hourglass-flared-leggings
2026-09-19,Cava Athleisure,Obsidian Black Hourglass Flared Leggings,S,BTM-CAVA-ACU02-Black-S,1429.0,0,1226,0.0,1227,https://cavaathleisure.com/products/obsidian-black-hourglass-flared-leggings
2026-09-19,Cava Athleisure,Obsidian Black Hourglass Flared Leggings,S,BTM-CAVA-ACU04-Black-S,1429.0,0,242,0.0,243,https://cavaathleisure.com/products/obsidian-black-hourglass-flared-leggings
2026-09-19,Cava Athleisure,Obsidian Black Hourglass Flared Leggings,M,BTM-CAVA-ACU01-Black-M,1429.0,0,419,0.0,420,https://cavaathleisure.com/products/obsidian-black-hourglass-flared-leggings
2026-09-19,Cava Athleisure,Obsidian Black Hourglass Flared Leggings,M,BTM-CAVA-ACU02-Black-M,1429.0,0,1227,0.0,1228,https://cavaathleisure.com/products/obsidian-black-hourglass-flared-leggings
2026-09-19,Cava Athleisure,Obsidian Black Hourglass Flared Leggings,M,BTM-CAVA-ACU04-Black-M,1429.0,0,27,0.0,28,https://cavaathleisure.com/products/obsidian-black-hourglass-flared-leggings
2026-09-19,Cava Athleisure,Obsidian Black Hourglass Flared Leggings,L,BTM-CAVA-ACU01-Black-L,1429.0,0,241,0.0,242,https://cavaathleisure.com/products/obsidian-black-hourglass-flared-leggings
2026-09-19,Cava Athleisure,Obsidian Black Hourglass Flared Leggings,L,BTM-CAVA-ACU02-Black-L,1429.0,0,1092,0.0,1093,https://cavaathleisure.com/products/obsidian-black-hourglass-flared-leggings
2026-09-19,Cava Athleisure,Obsidian Black Hourglass Flared Leggings,XL,BTM-CAVA-ACU01-Black-XL,1429.0,0,16,0.0,17,https://cavaathleisure.com/products/obsidian-black-hourglass-flared-leggings
2026-09-19,Cava Athleisure,Obsidian Black Hourglass Flared Leggings,XL,BTM-CAVA-ACU02-Black-XL,1429.0,0,490,0.0,491,https://cavaathleisure.com/products/obsidian-black-hourglass-flared-leggings
2026-09-19,Cava Athleisure,Obsidian Black Hourglass Flared Leggings,XL,BTM-CAVA-ACU04-Black-XL,1429.0,0,70,0.0,71,https://cavaathleisure.com/products/obsidian-black-hourglass-flared-leggings
2026-09-19,Cava Athleisure,Obsidian Black Hourglass Flared Leggings,XXL,BTM-CAVA-ACU01-Black-XXL,1429.0,0,81,0.0,82,https://cavaathleisure.com/products/obsidian-black-hourglass-flared-leggings
2026-09-19,Cava Athleisure,Obsidian Black Hourglass Flared Leggings,XXL,BTM-CAVA-ACU02-Black-XXL,1429.0,0,274,0.0,275,https://cavaathleisure.com/products/obsidian-black-hourglass-flared-leggings
2026-09-19,Cava Athleisure,Obsidian Black Hourglass Flared Leggings,XXL,BTM-CAVA-ACU04-Black-XXL,1429.0,0,71,0.0,72,https://cavaathleisure.com/products/obsidian-black-hourglass-flared-leggings
2026-09-19,Cava Athleisure,Black Aerial Contrast Crop Tank,S,WTN1003BKS,900.0,0,7,0.0,8,https://cavaathleisure.com/products/black-aerial-contrast-crop-tank
2026-09-19,Cava Athleisure,Black Aerial Contrast Crop Tank,L,WTN1003BKL,900.0,0,1,0.0,2,https://cavaathleisure.com/products/black-aerial-contrast-crop-tank
2026-09-19,Cava Athleisure,Black Aerial Contrast Crop Tank,XL,WTN1003BKXL,900.0,0,19,0.0,20,https://cavaathleisure.com/products/black-aerial-contrast-crop-tank
2026-09-19,Cava Athleisure,Black Aerial Contrast Crop Tank,XXL,WTN1003BKXXL,900.0,0,14,0.0,15,https://cavaathleisure.com/products/black-aerial-contrast-crop-tank
2026-09-19,Cava Athleisure,Black Strap Back Sports Bra,L,WSB819BKL,1199.0,0,1,0.0,1,https://cavaathleisure.com/products/black-strap-back-sports-bra
2026-09-19,Cava Athleisure,Black Strap Back Sports Bra,XL,WSB819BKXL,1199.0,0,71,0.0,72,https://cavaathleisure.com/products/black-strap-back-sports-bra
2026-09-19,Cava Athleisure,Black Strap Back Sports Bra,XXL,WSB819BKXXL,1199.0,0,47,0.0,48,https://cavaathleisure.com/products/black-strap-back-sports-bra
2026-09-19,Cava Athleisure,Red Strap Back Sports Bra,XL,WSB819RDXL,1199.0,0,38,0.0,39,https://cavaathleisure.com/products/red-strap-back-sports-bra
2026-09-19,Cava Athleisure,Red Strap Back Sports Bra,XXL,WSB819RDXXL,1199.0,0,8,0.0,9,https://cavaathleisure.com/products/red-strap-back-sports-bra
2026-09-19,Cava Athleisure,Wine Sculptor Jacket,XS,WJK9SET5WRDXS,1799.0,0,15,0.0,16,https://cavaathleisure.com/products/wine-sculptor-jacket
2026-09-19,Cava Athleisure,Wine Sculptor Jacket,S,WJK9SET5WRDS,1799.0,0,85,0.0,86,https://cavaathleisure.com/products/wine-sculptor-jacket
2026-09-19,Cava Athleisure,Wine Sculptor Jacket,M,WJK9SET5WRDM,1799.0,0,83,0.0,84,https://cavaathleisure.com/products/wine-sculptor-jacket
2026-09-19,Cava Athleisure,Wine Sculptor Jacket,L,WJK9SET5WRDL,1799.0,0,71,0.0,72,https://cavaathleisure.com/products/wine-sculptor-jacket
2026-09-19,Cava Athleisure,Wine Sculptor Jacket,XL,WJK9SET5WRDXL,1799.0,0,1,0.0,2,https://cavaathleisure.com/products/wine-sculptor-jacket
2026-09-19,Cava Athleisure,Wine Sculptor Jacket,XXL,WJK9SET5WRDXXL,1799.0,0,57,0.0,58,https://cavaathleisure.com/products/wine-sculptor-jacket
2026-09-19,Cava Athleisure,Grey Pilates Club Sweatshirt,XL,WHD1630GYXL,800.0,0,9,0.0,10,https://cavaathleisure.com/products/grey-pilates-club-sweatshirt
2026-09-19,Cava Athleisure,Wine Swirl Tennis Skorts,XXS,WSKSET445WRDXXS,1399.0,0,19,0.0,20,https://cavaathleisure.com/products/wine-swirl-tennis-skorts
2026-09-19,Cava Athleisure,Wine Swirl Tennis Skorts,XS,WSK9SET4WRDXS,1399.0,0,60,0.0,61,https://cavaathleisure.com/products/wine-swirl-tennis-skorts
2026-09-19,Cava Athleisure,Wine Swirl Tennis Skorts,XS,WSKSET4L45WRDXS,1399.0,0,12,0.0,13,https://cavaathleisure.com/products/wine-swirl-tennis-skorts
2026-09-19,Cava Athleisure,Wine Swirl Tennis Skorts,S,WSK9SET4WRDS,1399.0,0,119,0.0,120,https://cavaathleisure.com/products/wine-swirl-tennis-skorts
2026-09-19,Cava Athleisure,Wine Swirl Tennis Skorts,M,WSK9SET4WRDM,1399.0,0,82,0.0,83,https://cavaathleisure.com/products/wine-swirl-tennis-skorts
2026-09-19,Cava Athleisure,Wine Swirl Tennis Skorts,L,WSK9SET4WRDL,1399.0,0,55,0.0,56,https://cavaathleisure.com/products/wine-swirl-tennis-skorts
2026-09-19,Cava Athleisure,Wine Swirl Tennis Skorts,XL,WSK9SET4WRDXL,1399.0,0,7,0.0,8,https://cavaathleisure.com/products/wine-swirl-tennis-skorts
2026-09-19,Cava Athleisure,Wine Swirl Tennis Skorts,XXL,WSK9SET4WRDXXL,1399.0,0,30,0.0,31,https://cavaathleisure.com/products/wine-swirl-tennis-skorts
2026-09-19,Cava Athleisure,Wine Swirl Tennis Skorts,XXL,WSKSET4L45WRDXXL,1399.0,0,6,0.0,7,https://cavaathleisure.com/products/wine-swirl-tennis-skorts
2026-09-19,Cava Athleisure,Wine Swirl Tennis Skorts,XXXL,WSKSET445WRDXXXL,1399.0,0,23,0.0,24,https://cavaathleisure.com/products/wine-swirl-tennis-skorts
2026-09-19,Cava Athleisure,Wine Swirl Tennis Skorts,XXXL,WSKSET4L45WRDXXXL,1399.0,0,10,0.0,11,https://cavaathleisure.com/products/wine-swirl-tennis-skorts
2026-09-19,Cava Athleisure,White Pickleball Oversized Printed Tee - Men,XXL,MTS1613WHPCXXL,844.0,0,5,0.0,6,https://cavaathleisure.com/products/white-pickleball-oversized-printed-tee-men
2026-09-19,Cava Athleisure,White Tenniscore Oversized Printed Tee - Men,XL,MTS1613WHTCXL,960.0,0,5,0.0,6,https://cavaathleisure.com/products/white-tenniscore-oversized-printed-tee-men
2026-09-19,Cava Athleisure,White Tenniscore Oversized Printed Tee - Men,XXL,MTS1613WHTCXXL,960.0,0,2,0.0,3,https://cavaathleisure.com/products/white-tenniscore-oversized-printed-tee-men
2026-09-19,Cava Athleisure,White Certified Hoopers Oversized Printed Tee - Men,XL,MTS1613WHHCXL,939.0,0,7,0.0,8,https://cavaathleisure.com/products/white-certified-hoopers-oversized-printed-tee-men
2026-09-19,Cava Athleisure,Black Cava Buckle-up Bag,Free size,UNAC1416BK,1599.0,0,4,0.0,5,https://cavaathleisure.com/products/black-cava-buckle-up-bag
2026-09-19,Cava Athleisure,Grey Cava Buckle-up Bag,Free size,UNAC1416GY,1599.0,0,100,0.0,101,https://cavaathleisure.com/products/grey-cava-buckle-up-bag
2026-09-19,Cava Athleisure,Dusky Purple Supima Crew Neck T-shirt - Regular Fit,XXL,MTS16CS101PUXXL,799.0,0,2,0.0,3,https://cavaathleisure.com/products/dusky-purple-supima-crew-neck-t-shirt-regular-fit
2026-09-19,Cava Athleisure,Pine Supima Crew Neck T-Shirt - Regular Fit,XL,MTS16CS101GRXL,799.0,0,2,0.0,3,https://cavaathleisure.com/products/pine-supima-crew-neck-t-shirt
2026-09-19,Cava Athleisure,Pine Supima Crew Neck T-Shirt - Regular Fit,XXL,MTS16CS101GRXXL,799.0,0,4,0.0,5,https://cavaathleisure.com/products/pine-supima-crew-neck-t-shirt
2026-09-19,Cava Athleisure,Dusky Purple Supima V Neck T-shirt - Regular Fit,S,MTS16CS102PUS,967.0,0,28,0.0,29,https://cavaathleisure.com/products/dusky-purple-supima-v-neck-t-shirt-regular-fit
2026-09-19,Cava Athleisure,Dusky Purple Supima V Neck T-shirt - Regular Fit,M,MTS16CS102PUM,967.0,0,12,0.0,13,https://cavaathleisure.com/products/dusky-purple-supima-v-neck-t-shirt-regular-fit
2026-09-19,Cava Athleisure,Dusky Purple Supima V Neck T-shirt - Regular Fit,XL,MTS16CS102PUXL,967.0,0,4,0.0,5,https://cavaathleisure.com/products/dusky-purple-supima-v-neck-t-shirt-regular-fit
2026-09-19,Cava Athleisure,Pine Supima V Neck T-Shirt - Regular Fit,S,MTS16CS102GRS,749.0,0,24,0.0,25,https://cavaathleisure.com/products/pine-supima-v-neck-t-shirt
2026-09-19,Cava Athleisure,Pine Supima V Neck T-Shirt - Regular Fit,XL,MTS16CS102GRXL,749.0,0,9,0.0,10,https://cavaathleisure.com/products/pine-supima-v-neck-t-shirt
2026-09-19,Cava Athleisure,Pine Supima V Neck T-Shirt - Regular Fit,XXL,MTS16CS102GRXXL,749.0,0,7,0.0,8,https://cavaathleisure.com/products/pine-supima-v-neck-t-shirt
2026-09-19,Cava Athleisure,Ash Supima Polo T-Shirt - Regular Fit,L,MTS16CS103NYL,1099.0,0,3,0.0,4,https://cavaathleisure.com/products/ash-supima-polo-t-shirt
2026-09-19,Cava Athleisure,Ash Supima Polo T-Shirt - Regular Fit,XL,MTS16CS103NYXL,1099.0,0,8,0.0,9,https://cavaathleisure.com/products/ash-supima-polo-t-shirt
2026-09-19,Cava Athleisure,Ash Supima Polo T-Shirt - Regular Fit,XXL,MTS16CS103NYXXL,1099.0,0,8,0.0,9,https://cavaathleisure.com/products/ash-supima-polo-t-shirt
2026-09-19,Cava Athleisure,Sand Supima Polo T-Shirt - Regular Fit,S,MTS16CS103BGS,1099.0,0,6,0.0,7,https://cavaathleisure.com/products/sand-supima-polo-t-shirt
2026-09-19,Cava Athleisure,Sand Supima Polo T-Shirt - Regular Fit,XL,MTS16CS103BGXL,1099.0,0,16,0.0,17,https://cavaathleisure.com/products/sand-supima-polo-t-shirt
2026-09-19,Cava Athleisure,Sand Supima Polo T-Shirt - Regular Fit,XXL,MTS16CS103BGXXL,1099.0,0,20,0.0,21,https://cavaathleisure.com/products/sand-supima-polo-t-shirt
2026-09-19,Cava Athleisure,Pine Cava Essential Sweatshirt,S,WTS11536GRS,1199.0,0,9,0.0,10,https://cavaathleisure.com/products/pine-cava-essential-sweatshirt
2026-09-19,Cava Athleisure,Blue Sky-Rise Leggings,S,WLG9SET3BLS,1299.0,0,9,0.0,10,https://cavaathleisure.com/products/blue-sky-rise-leggings
2026-09-19,Cava Athleisure,Blue Super Stretch Brami,S,WSB9SET3BLS,1199.0,0,115,0.0,116,https://cavaathleisure.com/products/blue-super-stretch-brami
2026-09-19,Cava Athleisure,Blue Super Stretch Brami,XL,WSB9SET3BLXL,1199.0,0,26,0.0,27,https://cavaathleisure.com/products/blue-super-stretch-brami
2026-09-19,Cava Athleisure,Wine Racerback Tank,XS,WTN1SET5RDXS,1199.0,0,35,0.0,36,https://cavaathleisure.com/products/wine-racerback-tank
2026-09-19,Cava Athleisure,Wine Racerback Tank,S,WTN1SET5RDS,1199.0,0,108,0.0,109,https://cavaathleisure.com/products/wine-racerback-tank
2026-09-19,Cava Athleisure,Wine Racerback Tank,M,WTN1SET5RDM,1199.0,0,39,0.0,40,https://cavaathleisure.com/products/wine-racerback-tank
2026-09-19,Cava Athleisure,Wine Racerback Tank,L,WTN1SET5RDL,1199.0,0,74,0.0,75,https://cavaathleisure.com/products/wine-racerback-tank
2026-09-19,Cava Athleisure,Cobalt Sprint Shorts - Lined,XL,WSH1409BLXL,910.0,0,2,0.0,3,https://cavaathleisure.com/products/cobalt-sprint-shorts-lined
2026-09-19,Cava Athleisure,Cobalt Overlap Tee,XS,WTP1SET2NY2XS,999.0,0,57,0.0,58,https://cavaathleisure.com/products/cobalt-overlap-tee
2026-09-19,Cava Athleisure,Cobalt Overlap Tee,S,WTP1SET2NY2S,999.0,0,53,0.0,54,https://cavaathleisure.com/products/cobalt-overlap-tee
2026-09-19,Cava Athleisure,Cobalt Overlap Tee,M,WTP1SET2NY2M,999.0,1,0,999.0,0,https://cavaathleisure.com/products/cobalt-overlap-tee
2026-09-19,Cava Athleisure,Green Pulse Seamless Tee,S,MTS1CS121GRS,815.0,0,9,0.0,10,https://cavaathleisure.com/products/green-pulse-seamless-tee
2026-09-19,Cava Athleisure,Green Pulse Seamless Tee,XXL,MTS1CS121GRXXL,815.0,0,18,0.0,19,https://cavaathleisure.com/products/green-pulse-seamless-tee
2026-09-19,Cava Athleisure,Cream Cava Essential Sweatshirt,XS,WTS11536WHXS,1199.0,0,4,0.0,5,https://cavaathleisure.com/products/cream-cava-essential-sweatshirt
2026-09-19,Cava Athleisure,Cream Cava Essential Sweatshirt,S,WTS11536WHS,1199.0,0,33,0.0,34,https://cavaathleisure.com/products/cream-cava-essential-sweatshirt
2026-09-19,Cava Athleisure,Cream Cava Essential Sweatshirt,M,WTS11536WHM,1199.0,0,4,0.0,5,https://cavaathleisure.com/products/cream-cava-essential-sweatshirt
2026-09-19,Cava Athleisure,Cream Cava Essential Sweatshirt,XL,WTS11536WHXL,1199.0,0,30,0.0,31,https://cavaathleisure.com/products/cream-cava-essential-sweatshirt
2026-09-19,Cava Athleisure,Cream Cava Essential Sweatshirt,XXL,WTS11536WHXXL,1199.0,0,14,0.0,15,https://cavaathleisure.com/products/cream-cava-essential-sweatshirt
2026-09-19,Cava Athleisure,Black Pulse Seamless Tee,S,MTS1CS121BKS,899.0,0,4,0.0,5,https://cavaathleisure.com/products/black-pulse-seamless-tee
2026-09-19,Cava Athleisure,Black Pulse Seamless Tee,XL,MTS1CS121BKXL,899.0,0,97,0.0,98,https://cavaathleisure.com/products/black-pulse-seamless-tee
2026-09-19,Cava Athleisure,Black Pulse Seamless Tee,XXL,MTS1CS121BKXXL,899.0,0,64,0.0,65,https://cavaathleisure.com/products/black-pulse-seamless-tee
2026-09-19,Cava Athleisure,Brown Silhouette Zip Top,S,WTP14ACU03BNS,850.0,0,58,0.0,59,https://cavaathleisure.com/products/brown-silhouette-zip-top
2026-09-19,Cava Athleisure,Ash Pulse Seamless Tee,S,MTS1CS121NYS,899.0,0,53,0.0,54,https://cavaathleisure.com/products/ash-pulse-seamless-tee
2026-09-19,Cava Athleisure,Ash Pulse Seamless Tee,L,MTS1CS121NYL,899.0,0,57,0.0,58,https://cavaathleisure.com/products/ash-pulse-seamless-tee
2026-09-19,Cava Athleisure,Ash Pulse Seamless Tee,XL,MTS1CS121NYXL,899.0,0,36,0.0,37,https://cavaathleisure.com/products/ash-pulse-seamless-tee
2026-09-19,Cava Athleisure,Ash Pulse Seamless Tee,XXL,MTS1CS121NYXXL,899.0,0,31,0.0,32,https://cavaathleisure.com/products/ash-pulse-seamless-tee
2026-09-19,Cava Athleisure,Cobalt Silhouette Zip Top,XS,WTP14ACU03BLXS,850.0,0,11,0.0,12,https://cavaathleisure.com/products/cobalt-silhouette-zip-top
2026-09-19,Cava Athleisure,Cobalt Silhouette Zip Top,S,WTP14ACU03BLS,850.0,0,243,0.0,244,https://cavaathleisure.com/products/cobalt-silhouette-zip-top
2026-09-19,Cava Athleisure,Cobalt Silhouette Zip Top,XL,WTP14ACU03BLXL,850.0,0,47,0.0,48,https://cavaathleisure.com/products/cobalt-silhouette-zip-top
2026-09-19,Cava Athleisure,Burgundy Contrast Trim Top,S,WSB1401RDS,630.0,0,11,0.0,12,https://cavaathleisure.com/products/burgundy-contrast-trim-top
2026-09-19,Cava Athleisure,Burgundy Contrast Trim Top,M,WSB1401RDM,630.0,0,19,0.0,20,https://cavaathleisure.com/products/burgundy-contrast-trim-top
2026-09-19,Cava Athleisure,Burgundy Contrast Trim Top,L,WSB1401RDL,630.0,0,1,0.0,2,https://cavaathleisure.com/products/burgundy-contrast-trim-top
2026-09-19,Cava Athleisure,Steel Blue Graphic Oversized Tee - Men,S,MTS1602PNYS,699.0,0,1,0.0,2,https://cavaathleisure.com/products/steel-blue-graphic-oversized-tee-men
2026-09-19,Cava Athleisure,Steel Blue Graphic Oversized Tee - Men,XXL,MTS1602PNYXXL,699.0,0,2,0.0,3,https://cavaathleisure.com/products/steel-blue-graphic-oversized-tee-men
2026-09-19,Cava Athleisure,Black Graphic Oversized Tee - Men,XL,MTS1602PBKXL,699.0,0,9,0.0,10,https://cavaathleisure.com/products/black-graphic-oversized-tee-men
2026-09-19,Cava Athleisure,Black Graphic Oversized Tee - Men,XXL,MTS1602PBKXXL,699.0,0,6,0.0,7,https://cavaathleisure.com/products/black-graphic-oversized-tee-men
2026-09-19,Cava Athleisure,Black Overlap Tank,XXL,WTN104BKXXL,949.0,0,1,0.0,2,https://cavaathleisure.com/products/black-overlap-tank
2026-09-19,Cava Athleisure,Cement Contrast Bonded Polo,S,MTS1405GYS,999.0,0,5,0.0,6,https://cavaathleisure.com/products/cement-contrast-bonded-polo
2026-09-19,Cava Athleisure,Cement Contrast Bonded Polo,XXL,MTS1405GYXXL,999.0,0,1,0.0,2,https://cavaathleisure.com/products/cement-contrast-bonded-polo
2026-09-19,Cava Athleisure,Black Contrast Bonded Polo,S,MTS1405BKS,999.0,0,16,0.0,17,https://cavaathleisure.com/products/black-contrast-bonded-polo
2026-09-19,Cava Athleisure,Charcoal Stride Golf Shorts,30,MSH112BL30,1049.0,0,27,0.0,28,https://cavaathleisure.com/products/charcoal-stride-golf-shorts
2026-09-19,Cava Athleisure,Charcoal Stride Golf Shorts,32,MSH112BL32,1049.0,0,21,0.0,22,https://cavaathleisure.com/products/charcoal-stride-golf-shorts
2026-09-19,Cava Athleisure,Charcoal Stride Golf Shorts,36,MSH112BL36,1049.0,0,2,0.0,3,https://cavaathleisure.com/products/charcoal-stride-golf-shorts
2026-09-19,Cava Athleisure,Charcoal Stride Golf Shorts,38,MSH112BL38,1049.0,0,1,0.0,2,https://cavaathleisure.com/products/charcoal-stride-golf-shorts
2026-09-19,Cava Athleisure,Black Stride Golf Shorts,30,MSH112BK30,1049.0,0,11,0.0,12,https://cavaathleisure.com/products/black-stride-golf-shorts
2026-09-19,Cava Athleisure,Black Stride Golf Shorts,32,MSH112BK32,1049.0,0,16,0.0,17,https://cavaathleisure.com/products/black-stride-golf-shorts
2026-09-19,Cava Athleisure,Black Stride Golf Shorts,34,MSH112BK34,1049.0,0,18,0.0,19,https://cavaathleisure.com/products/black-stride-golf-shorts
2026-09-19,Cava Athleisure,Black Stride Golf Shorts,36,MSH112BK36,1049.0,0,3,0.0,4,https://cavaathleisure.com/products/black-stride-golf-shorts
2026-09-19,Cava Athleisure,Jade Contrast Bonded Polo,S,MTS1405GRS,999.0,0,26,0.0,27,https://cavaathleisure.com/products/jade-contrast-bonded-polo
2026-09-19,Cava Athleisure,Jade Contrast Bonded Polo,XXL,MTS1405GRXXL,999.0,0,16,0.0,17,https://cavaathleisure.com/products/jade-contrast-bonded-polo
2026-09-19,Cava Athleisure,Cobalt Adaptive Track Pants,XS,WJR112NYXS,989.0,0,3,0.0,4,https://cavaathleisure.com/products/cobalt-adaptive-track-pants
2026-09-19,Cava Athleisure,Brown Hourglass Snug Leggings,XS,WLG1010BNXS,1299.0,0,6,0.0,7,https://cavaathleisure.com/products/brown-hourglass-snug-leggings
2026-09-19,Cava Athleisure,Brown Hourglass Snug Leggings,S,WLG1010BNS,1299.0,0,16,0.0,17,https://cavaathleisure.com/products/brown-hourglass-snug-leggings
2026-09-19,Cava Athleisure,Brown Hourglass Snug Leggings,M,WLG1010BNM,1299.0,0,118,0.0,119,https://cavaathleisure.com/products/brown-hourglass-snug-leggings
2026-09-19,Cava Athleisure,Brown Hourglass Snug Leggings,L,WLG1010BNL,1299.0,0,38,0.0,39,https://cavaathleisure.com/products/brown-hourglass-snug-leggings
2026-09-19,Cava Athleisure,Brown Hourglass Snug Leggings,XL,WLG1010BNXL,1299.0,1,0,1299.0,0,https://cavaathleisure.com/products/brown-hourglass-snug-leggings
2026-09-19,Cava Athleisure,Brown Hourglass Snug Leggings,XXL,WLG1010BNXXL,1299.0,0,1,0.0,2,https://cavaathleisure.com/products/brown-hourglass-snug-leggings
2026-09-19,Cava Athleisure,Black Hourglass Snug Leggings,XS,WLG1010BKXS,1299.0,0,153,0.0,154,https://cavaathleisure.com/products/black-hourglass-snug-leggings
2026-09-19,Cava Athleisure,Black Hourglass Snug Leggings,S,WLG1010BKS,1299.0,0,423,0.0,424,https://cavaathleisure.com/products/black-hourglass-snug-leggings
2026-09-19,Cava Athleisure,Black Hourglass Snug Leggings,M,WLG1010BKM,1299.0,0,325,0.0,326,https://cavaathleisure.com/products/black-hourglass-snug-leggings
2026-09-19,Cava Athleisure,Black Hourglass Snug Leggings,L,WLG1010BKL,1299.0,0,285,0.0,286,https://cavaathleisure.com/products/black-hourglass-snug-leggings
2026-09-19,Cava Athleisure,Black Hourglass Snug Leggings,XL,WLG1010BKXL,1299.0,0,198,0.0,199,https://cavaathleisure.com/products/black-hourglass-snug-leggings
2026-09-19,Cava Athleisure,Black Hourglass Snug Leggings,XXL,WLG1010BKXXL,1299.0,0,126,0.0,127,https://cavaathleisure.com/products/black-hourglass-snug-leggings
2026-09-19,Cava Athleisure,Black Hourglass Booty Shorts,XS,WSH1008BKXS,1099.0,0,269,0.0,270,https://cavaathleisure.com/products/black-hourglass-booty-shorts
2026-09-19,Cava Athleisure,Black Hourglass Booty Shorts,S,WSH1008BKS,1099.0,0,954,0.0,955,https://cavaathleisure.com/products/black-hourglass-booty-shorts
2026-09-19,Cava Athleisure,Black Hourglass Booty Shorts,M,WSH1008BKM,1099.0,0,587,0.0,588,https://cavaathleisure.com/products/black-hourglass-booty-shorts
2026-09-19,Cava Athleisure,Black Hourglass Booty Shorts,L,WSH1008BKL,1099.0,0,230,0.0,231,https://cavaathleisure.com/products/black-hourglass-booty-shorts
2026-09-19,Cava Athleisure,Black Hourglass Booty Shorts,XL,WSH1008BKXL,1099.0,0,121,0.0,122,https://cavaathleisure.com/products/black-hourglass-booty-shorts
2026-09-19,Cava Athleisure,Black Hourglass Booty Shorts,XXL,WSH1008BKXXL,1099.0,0,46,0.0,47,https://cavaathleisure.com/products/black-hourglass-booty-shorts
2026-09-19,Cava Athleisure,Olive Wide Cargo Joggers,S,WJR5BEL532GRS,678.0,0,15,0.0,16,https://cavaathleisure.com/products/olive-wide-cargo-joggers
2026-09-19,Cava Athleisure,Olive Wide Cargo Joggers,M,WJR5BEL532GRM,678.0,0,10,0.0,11,https://cavaathleisure.com/products/olive-wide-cargo-joggers
2026-09-19,Cava Athleisure,Moscow Blue Wide Cargo Joggers,XS,WJR5BEL532BLXS,690.0,0,8,0.0,9,https://cavaathleisure.com/products/moscow-blue-wide-cargo-joggers
2026-09-19,Cava Athleisure,Moscow Blue Wide Cargo Joggers,S,WJR5BEL532BLS,690.0,0,26,0.0,27,https://cavaathleisure.com/products/moscow-blue-wide-cargo-joggers
2026-09-19,Cava Athleisure,Moscow Blue Wide Cargo Joggers,M,WJR5BEL532BLM,690.0,0,45,0.0,46,https://cavaathleisure.com/products/moscow-blue-wide-cargo-joggers
2026-09-19,Cava Athleisure,Beige Wide Cargo Joggers,XS,WJR5BEL532BGXS,805.0,0,26,0.0,27,https://cavaathleisure.com/products/beige-wide-cargo-joggers
2026-09-19,Cava Athleisure,Beige Wide Cargo Joggers,S,WJR5BEL532BGS,805.0,0,70,0.0,71,https://cavaathleisure.com/products/beige-wide-cargo-joggers
2026-09-19,Cava Athleisure,Beige Wide Cargo Joggers,M,WJR5BEL532BGM,805.0,0,108,0.0,109,https://cavaathleisure.com/products/beige-wide-cargo-joggers
2026-09-19,Cava Athleisure,Beige Wide Cargo Joggers,L,WJR5BEL532BGL,805.0,0,17,0.0,18,https://cavaathleisure.com/products/beige-wide-cargo-joggers
2026-09-19,Cava Athleisure,Beige Wide Cargo Joggers,XL,WJR5BEL532BGXL,805.0,0,8,0.0,9,https://cavaathleisure.com/products/beige-wide-cargo-joggers
2026-09-19,Cava Athleisure,Black Hyper Mesh Sports Bra,XS,WSB102BKXS,1499.0,0,59,0.0,60,https://cavaathleisure.com/products/black-hyper-mesh-sports-bra
2026-09-19,Cava Athleisure,Black Hyper Mesh Sports Bra,S,WSB102BKS,1499.0,0,137,0.0,138,https://cavaathleisure.com/products/black-hyper-mesh-sports-bra
2026-09-19,Cava Athleisure,Black Hyper Mesh Sports Bra,M,WSB102BKM,1499.0,0,209,0.0,210,https://cavaathleisure.com/products/black-hyper-mesh-sports-bra
2026-09-19,Cava Athleisure,Black Hyper Mesh Sports Bra,L,WSB102BKL,1499.0,0,85,0.0,86,https://cavaathleisure.com/products/black-hyper-mesh-sports-bra
2026-09-19,Cava Athleisure,Black Hyper Mesh Sports Bra,XL,WSB102BKXL,1499.0,0,85,0.0,86,https://cavaathleisure.com/products/black-hyper-mesh-sports-bra
2026-09-19,Cava Athleisure,Black Hyper Mesh Sports Bra,XXL,WSB102BKXXL,1499.0,0,12,0.0,13,https://cavaathleisure.com/products/black-hyper-mesh-sports-bra
2026-09-19,Cava Athleisure,Olive Stride Golf Shorts,30,MSH112GR30,1049.0,0,17,0.0,18,https://cavaathleisure.com/products/olive-stride-golf-shorts
2026-09-19,Cava Athleisure,Olive Stride Golf Shorts,36,MSH112GR36,1049.0,0,1,0.0,2,https://cavaathleisure.com/products/olive-stride-golf-shorts
2026-09-19,Cava Athleisure,Olive Stride Golf Shorts,38,MSH112GR38,1049.0,0,3,0.0,4,https://cavaathleisure.com/products/olive-stride-golf-shorts
2026-09-19,Cava Athleisure,Toasted Cross Back Sports Bra,S,WSB14SET1BNS,1199.0,1,0,1199.0,0,https://cavaathleisure.com/products/toasted-cross-back-sports-bra
2026-09-19,Cava Athleisure,Toasted Cross Back Sports Bra,L,WSB14SET1BNL,1199.0,1,0,1199.0,0,https://cavaathleisure.com/products/toasted-cross-back-sports-bra
2026-09-19,Cava Athleisure,Toasted Cross Back Sports Bra,XXL,WSB14SET1BNXXL,1199.0,0,2,0.0,3,https://cavaathleisure.com/products/toasted-cross-back-sports-bra
2026-09-19,Cava Athleisure,Navy Overlap Tee,M,WTP1SET2NYM,999.0,1,0,999.0,0,https://cavaathleisure.com/products/navy-overlap-tee
2026-09-19,Cava Athleisure,Navy Overlap Tee,L,WTP1SET2NYL,999.0,0,2,0.0,3,https://cavaathleisure.com/products/navy-overlap-tee
2026-09-19,Cava Athleisure,Ruby Aerial Leggings,XS,WLG10Set12RDXS,999.0,0,35,0.0,36,https://cavaathleisure.com/products/ruby-aerial-leggings
2026-09-19,Cava Athleisure,Ruby Aerial Leggings,S,WLG10Set12RDS,999.0,0,114,0.0,115,https://cavaathleisure.com/products/ruby-aerial-leggings
2026-09-19,Cava Athleisure,Ruby Aerial Leggings,M,WLG10Set12RDM,999.0,0,118,0.0,119,https://cavaathleisure.com/products/ruby-aerial-leggings
2026-09-19,Cava Athleisure,Ruby Aerial Leggings,XL,WLG10Set12RDXL,999.0,0,31,0.0,32,https://cavaathleisure.com/products/ruby-aerial-leggings
2026-09-19,Cava Athleisure,Beige Baseline Polo,XXL,MTS5CS108BGXXL,899.0,0,2,0.0,3,https://cavaathleisure.com/products/beige-baseline-polo
2026-09-19,Cava Athleisure,Jade Baseline Polo,XXL,MTS5CS108GRXXL,934.0,0,4,0.0,5,https://cavaathleisure.com/products/jade-baseline-polo
2026-09-19,Cava Athleisure,Grey Baseline Polo,XXL,MTS5CS108GYXXL,899.0,0,8,0.0,9,https://cavaathleisure.com/products/grey-baseline-polo
2026-09-19,Cava Athleisure,Black Airy Resort Shirt,M,MTP1CS116BKM,1046.0,0,38,0.0,39,https://cavaathleisure.com/products/black-airy-resort-shirt
2026-09-19,Cava Athleisure,Black Airy Resort Shirt,L,MTP1CS116BKL,1046.0,0,32,0.0,33,https://cavaathleisure.com/products/black-airy-resort-shirt
2026-09-19,Cava Athleisure,Black Airy Resort Shirt,XL,MTP1CS116BKXL,1046.0,0,5,0.0,6,https://cavaathleisure.com/products/black-airy-resort-shirt
2026-09-19,Cava Athleisure,Black Airy Resort Shirt,XXL,MTP1CS116BKXXL,1046.0,0,22,0.0,23,https://cavaathleisure.com/products/black-airy-resort-shirt
2026-09-19,Cava Athleisure,Navy Airy Resort Shirt,S,MTP1CS116BLS,1050.0,0,2,0.0,3,https://cavaathleisure.com/products/navy-airy-resort-shirt
2026-09-19,Cava Athleisure,Navy Airy Resort Shirt,M,MTP1CS116BLM,1050.0,0,27,0.0,28,https://cavaathleisure.com/products/navy-airy-resort-shirt
2026-09-19,Cava Athleisure,Navy Airy Resort Shirt,L,MTP1CS116BLL,1050.0,0,50,0.0,51,https://cavaathleisure.com/products/navy-airy-resort-shirt
2026-09-19,Cava Athleisure,Navy Airy Resort Shirt,XL,MTP1CS116BLXL,1050.0,0,19,0.0,20,https://cavaathleisure.com/products/navy-airy-resort-shirt
2026-09-19,Cava Athleisure,Navy Airy Resort Shirt,XXL,MTP1CS116BLXXL,1050.0,0,18,0.0,19,https://cavaathleisure.com/products/navy-airy-resort-shirt
2026-09-19,Cava Athleisure,Clay Airy Resort Shirt,S,MTP1CS116BGS,1050.0,0,18,0.0,19,https://cavaathleisure.com/products/clay-airy-resort-shirt
2026-09-19,Cava Athleisure,Clay Airy Resort Shirt,M,MTP1CS116BGM,1050.0,0,62,0.0,63,https://cavaathleisure.com/products/clay-airy-resort-shirt
2026-09-19,Cava Athleisure,Clay Airy Resort Shirt,L,MTP1CS116BGL,1050.0,0,58,0.0,59,https://cavaathleisure.com/products/clay-airy-resort-shirt
2026-09-19,Cava Athleisure,Clay Airy Resort Shirt,XL,MTP1CS116BGXL,1050.0,0,19,0.0,20,https://cavaathleisure.com/products/clay-airy-resort-shirt
2026-09-19,Cava Athleisure,Clay Airy Resort Shirt,XXL,MTP1CS116BGXXL,1050.0,0,21,0.0,22,https://cavaathleisure.com/products/clay-airy-resort-shirt
2026-09-19,Cava Athleisure,Green Airy Resort Shirt,S,MTP1CS116GRS,1196.0,0,5,0.0,6,https://cavaathleisure.com/products/green-airy-resort-shirt
2026-09-19,Cava Athleisure,Green Airy Resort Shirt,M,MTP1CS116GRM,1196.0,0,46,0.0,47,https://cavaathleisure.com/products/green-airy-resort-shirt
2026-09-19,Cava Athleisure,Green Airy Resort Shirt,L,MTP1CS116GRL,1196.0,0,41,0.0,42,https://cavaathleisure.com/products/green-airy-resort-shirt
2026-09-19,Cava Athleisure,Green Airy Resort Shirt,XL,MTP1CS116GRXL,1196.0,0,22,0.0,23,https://cavaathleisure.com/products/green-airy-resort-shirt
2026-09-19,Cava Athleisure,Green Airy Resort Shirt,XXL,MTP1CS116GRXXL,1196.0,0,24,0.0,25,https://cavaathleisure.com/products/green-airy-resort-shirt
2026-09-19,Cava Athleisure,Beige Stride Cargo Pants,38,MTR1CS118BG38,1399.0,0,5,0.0,6,https://cavaathleisure.com/products/beige-stride-cargo-pants
2026-09-19,Cava Athleisure,Navy Stride Cargo Pants,38,MTR1CS118NY38,1799.0,0,7,0.0,8,https://cavaathleisure.com/products/navy-stride-cargo-pants
2026-09-19,Cava Athleisure,"Grey 5"" Train-In Shorts",38,MSH1CS119GY38,1499.0,0,2,0.0,3,https://cavaathleisure.com/products/grey-train-in-shorts
2026-09-19,Cava Athleisure,Teal Ace Bond Polo,XXL,MTS1CS122GRXXL,1299.0,0,11,0.0,12,https://cavaathleisure.com/products/teal-ace-bond-polo
2026-09-19,Cava Athleisure,"Black 5"" Train-In Shorts",36,MSH1CS119BK36,1499.0,0,45,0.0,46,https://cavaathleisure.com/products/black-5-train-in-shorts
2026-09-19,Cava Athleisure,"Black 5"" Train-In Shorts",38,MSH1CS119BK38,1499.0,0,1,0.0,2,https://cavaathleisure.com/products/black-5-train-in-shorts
2026-09-19,Cava Athleisure,"Navy 5"" Train-In Shorts",32,MSH1CS119NY32,1499.0,0,79,0.0,80,https://cavaathleisure.com/products/navy-train-in-shorts
2026-09-19,Cava Athleisure,"Navy 5"" Train-In Shorts",38,MSH1CS119NY38,1499.0,0,5,0.0,6,https://cavaathleisure.com/products/navy-train-in-shorts
2026-09-19,Cava Athleisure,White Techpique Sleeveless Polo,XXL,WTP10CS04WHXXL,783.0,0,6,0.0,7,https://cavaathleisure.com/products/white-techpique-sleeveless-polo
2026-09-19,Cava Athleisure,Pink Cross Back Sports Bra,XS,WSB14SET1PUXS,1199.0,0,134,0.0,135,https://cavaathleisure.com/products/pink-cross-back-sports-bra
2026-09-19,Cava Athleisure,Pink Cross Back Sports Bra,S,WSB14SET1PUS,1199.0,0,121,0.0,122,https://cavaathleisure.com/products/pink-cross-back-sports-bra
2026-09-19,Cava Athleisure,Pink Cross Back Sports Bra,M,WSB14SET1PUM,1199.0,0,198,0.0,199,https://cavaathleisure.com/products/pink-cross-back-sports-bra
2026-09-19,Cava Athleisure,Pink Cross Back Sports Bra,L,WSB14SET1PUL,1199.0,0,96,0.0,97,https://cavaathleisure.com/products/pink-cross-back-sports-bra
2026-09-19,Cava Athleisure,Pink Cross Back Sports Bra,XL,WSB14SET1PUXL,1199.0,0,38,0.0,39,https://cavaathleisure.com/products/pink-cross-back-sports-bra
2026-09-19,Cava Athleisure,Pink Cross Back Sports Bra,XXL,WSB14SET1PUXXL,1199.0,0,42,0.0,43,https://cavaathleisure.com/products/pink-cross-back-sports-bra
2026-09-19,Cava Athleisure,Moscow Blue Cross Back Sports Bra,XS,WSB14SET1BLXS,1199.0,0,296,0.0,297,https://cavaathleisure.com/products/moscow-blue-cross-back-sports-bra
2026-09-19,Cava Athleisure,Moscow Blue Cross Back Sports Bra,S,WSB14SET1BLS,1199.0,0,215,0.0,216,https://cavaathleisure.com/products/moscow-blue-cross-back-sports-bra
2026-09-19,Cava Athleisure,Moscow Blue Cross Back Sports Bra,M,WSB14SET1BLM,1199.0,0,349,0.0,350,https://cavaathleisure.com/products/moscow-blue-cross-back-sports-bra
2026-09-19,Cava Athleisure,Moscow Blue Cross Back Sports Bra,L,WSB14SET1BLL,1199.0,0,346,0.0,347,https://cavaathleisure.com/products/moscow-blue-cross-back-sports-bra
2026-09-19,Cava Athleisure,Moscow Blue Cross Back Sports Bra,XL,WSB14SET1BLXL,1199.0,0,95,0.0,96,https://cavaathleisure.com/products/moscow-blue-cross-back-sports-bra
2026-09-19,Cava Athleisure,Moscow Blue Cross Back Sports Bra,XXL,WSB14SET1BLXXL,1199.0,0,73,0.0,74,https://cavaathleisure.com/products/moscow-blue-cross-back-sports-bra
2026-09-19,Cava Athleisure,Black Techpique Sleeveless Polo,XS,WTP10CS04BKXS,800.0,0,20,0.0,21,https://cavaathleisure.com/products/black-techpique-sleeveless-polo
2026-09-19,Cava Athleisure,Black Techpique Sleeveless Polo,S,WTP10CS04BKS,800.0,0,48,0.0,49,https://cavaathleisure.com/products/black-techpique-sleeveless-polo
2026-09-19,Cava Athleisure,Black Techpique Sleeveless Polo,XL,WTP10CS04BKXL,800.0,0,10,0.0,11,https://cavaathleisure.com/products/black-techpique-sleeveless-polo
2026-09-19,Cava Athleisure,Black Techpique Sleeveless Polo,XXL,WTP10CS04BKXXL,800.0,0,8,0.0,9,https://cavaathleisure.com/products/black-techpique-sleeveless-polo
2026-09-19,Cava Athleisure,Blush High Impact Sports Bra,M,WSB1CS02PNM,1299.0,1,0,1299.0,-1,https://cavaathleisure.com/products/pastel-pink-impact-sport-bra
2026-09-19,Cava Athleisure,Black High Impact Sports Bra,XS,WSB1CS02BKXS,1299.0,0,71,0.0,72,https://cavaathleisure.com/products/black-impact-sport-bra
2026-09-19,Cava Athleisure,Black High Impact Sports Bra,S,WSB1CS02BKS,1299.0,0,1,0.0,2,https://cavaathleisure.com/products/black-impact-sport-bra
2026-09-19,Cava Athleisure,Black High Impact Sports Bra,M,WSB1CS02BKM,1299.0,0,2,0.0,2,https://cavaathleisure.com/products/black-impact-sport-bra
2026-09-19,Cava Athleisure,Black High Impact Sports Bra,L,WSB1CS02BKL,1299.0,1,0,1299.0,0,https://cavaathleisure.com/products/black-impact-sport-bra
2026-09-19,Cava Athleisure,Black High Impact Sports Bra,XXL,WSB1CS02BKXXL,1299.0,0,1,0.0,1,https://cavaathleisure.com/products/black-impact-sport-bra
2026-09-19,Cava Athleisure,Pink Techpique Sleeveless Polo,XS,WTP10CS04PNXS,800.0,0,13,0.0,14,https://cavaathleisure.com/products/pink-techpique-sleeveless-polo
2026-09-19,Cava Athleisure,Pink Techpique Sleeveless Polo,S,WTP10CS04PNS,800.0,0,28,0.0,29,https://cavaathleisure.com/products/pink-techpique-sleeveless-polo
2026-09-19,Cava Athleisure,Pink Techpique Sleeveless Polo,M,WTP10CS04PNM,800.0,1,0,800.0,0,https://cavaathleisure.com/products/pink-techpique-sleeveless-polo
2026-09-19,Cava Athleisure,Pink Techpique Sleeveless Polo,XL,WTP10CS04PNXL,800.0,0,5,0.0,6,https://cavaathleisure.com/products/pink-techpique-sleeveless-polo
2026-09-19,Cava Athleisure,Pink Techpique Sleeveless Polo,XXL,WTP10CS04PNXXL,800.0,0,7,0.0,8,https://cavaathleisure.com/products/pink-techpique-sleeveless-polo
2026-09-19,Cava Athleisure,Ruby High Impact Sports Bra,XS,WSB1CS02RDXS,1299.0,0,106,0.0,107,https://cavaathleisure.com/products/ruby-impact-sport-bra
2026-09-19,Cava Athleisure,Ruby High Impact Sports Bra,S,WSB1CS02RDS,1299.0,0,23,0.0,24,https://cavaathleisure.com/products/ruby-impact-sport-bra
2026-09-19,Cava Athleisure,Ruby High Impact Sports Bra,M,WSB1CS02RDM,1299.0,0,67,0.0,68,https://cavaathleisure.com/products/ruby-impact-sport-bra
2026-09-19,Cava Athleisure,Ruby High Impact Sports Bra,L,WSB1CS02RDL,1299.0,0,5,0.0,6,https://cavaathleisure.com/products/ruby-impact-sport-bra
2026-09-19,Cava Athleisure,Ruby High Impact Sports Bra,XL,WSB1CS02RDXL,1299.0,0,32,0.0,33,https://cavaathleisure.com/products/ruby-impact-sport-bra
2026-09-19,Cava Athleisure,Ruby High Impact Sports Bra,XXL,WSB1CS02RDXXL,1299.0,0,4,0.0,5,https://cavaathleisure.com/products/ruby-impact-sport-bra
2026-09-19,Cava Athleisure,Black Ultra Support Sports Bra,XS,WSB1CS01BKXS,1399.0,0,104,0.0,105,https://cavaathleisure.com/products/black-all-square-sports-bra
2026-09-19,Cava Athleisure,Black Ultra Support Sports Bra,S,WSB1CS01BKS,1399.0,0,199,0.0,200,https://cavaathleisure.com/products/black-all-square-sports-bra
2026-09-19,Cava Athleisure,Black Ultra Support Sports Bra,M,WSB1CS01BKM,1399.0,0,162,0.0,163,https://cavaathleisure.com/products/black-all-square-sports-bra
2026-09-19,Cava Athleisure,Black Ultra Support Sports Bra,L,WSB1CS01BKL,1399.0,0,97,0.0,98,https://cavaathleisure.com/products/black-all-square-sports-bra
2026-09-19,Cava Athleisure,Black Ultra Support Sports Bra,XL,WSB1CS01BKXL,1399.0,0,1,0.0,2,https://cavaathleisure.com/products/black-all-square-sports-bra
2026-09-19,Cava Athleisure,Black Ultra Support Sports Bra,XXL,WSB1CS01BKXXL,1399.0,0,20,0.0,21,https://cavaathleisure.com/products/black-all-square-sports-bra
2026-09-19,Cava Athleisure,Pink Plie Pleated Skort,XS,WSK10CS06PNXS,1699.0,0,208,0.0,209,https://cavaathleisure.com/products/pink-pliee-pleated-skort
2026-09-19,Cava Athleisure,Pink Plie Pleated Skort,XXL,WSK10CS06PNXXL,1699.0,0,53,0.0,54,https://cavaathleisure.com/products/pink-pliee-pleated-skort
2026-09-19,Cava Athleisure,Lilac Ultra Support Sports Bra,XS,WSB1CS01PUXS,1399.0,0,107,0.0,108,https://cavaathleisure.com/products/lilac-all-square-sports-bra
2026-09-19,Cava Athleisure,Lilac Ultra Support Sports Bra,S,WSB1CS01PUS,1399.0,0,130,0.0,131,https://cavaathleisure.com/products/lilac-all-square-sports-bra
2026-09-19,Cava Athleisure,Lilac Ultra Support Sports Bra,M,WSB1CS01PUM,1399.0,0,132,0.0,133,https://cavaathleisure.com/products/lilac-all-square-sports-bra
2026-09-19,Cava Athleisure,Lilac Ultra Support Sports Bra,L,WSB1CS01PUL,1399.0,0,122,0.0,123,https://cavaathleisure.com/products/lilac-all-square-sports-bra
2026-09-19,Cava Athleisure,Lilac Ultra Support Sports Bra,XL,WSB1CS01PUXL,1399.0,0,51,0.0,52,https://cavaathleisure.com/products/lilac-all-square-sports-bra
2026-09-19,Cava Athleisure,Lilac Ultra Support Sports Bra,XXL,WSB1CS01PUXXL,1399.0,0,37,0.0,38,https://cavaathleisure.com/products/lilac-all-square-sports-bra
2026-09-19,Cava Athleisure,Ruby Ultra Support Sports Bra,XS,WSB1CS01RDXS,1399.0,0,193,0.0,194,https://cavaathleisure.com/products/ruby-all-square-sports-bra
2026-09-19,Cava Athleisure,Ruby Ultra Support Sports Bra,S,WSB1CS01RDS,1399.0,0,504,0.0,505,https://cavaathleisure.com/products/ruby-all-square-sports-bra
2026-09-19,Cava Athleisure,Ruby Ultra Support Sports Bra,M,WSB1CS01RDM,1399.0,0,819,0.0,820,https://cavaathleisure.com/products/ruby-all-square-sports-bra
2026-09-19,Cava Athleisure,Ruby Ultra Support Sports Bra,L,WSB1CS01RDL,1399.0,0,617,0.0,618,https://cavaathleisure.com/products/ruby-all-square-sports-bra
2026-09-19,Cava Athleisure,Ruby Ultra Support Sports Bra,XL,WSB1CS01RDXL,1399.0,0,407,0.0,408,https://cavaathleisure.com/products/ruby-all-square-sports-bra
2026-09-19,Cava Athleisure,Ruby Ultra Support Sports Bra,XXL,WSB1CS01RDXXL,1399.0,0,123,0.0,124,https://cavaathleisure.com/products/ruby-all-square-sports-bra
2026-09-19,Cava Athleisure,Black Plie Pleated Skort,XS,WSK10CS06BKXS,1699.0,0,195,0.0,196,https://cavaathleisure.com/products/black-pliee-pleated-skort
2026-09-19,Cava Athleisure,Black Plie Pleated Skort,S,WSK10CS06BKS,1699.0,0,287,0.0,288,https://cavaathleisure.com/products/black-pliee-pleated-skort
2026-09-19,Cava Athleisure,Black Plie Pleated Skort,M,WSK10CS06BKM,1699.0,0,58,0.0,59,https://cavaathleisure.com/products/black-pliee-pleated-skort
2026-09-19,Cava Athleisure,Black Plie Pleated Skort,L,WSK10CS06BKL,1699.0,0,1,0.0,2,https://cavaathleisure.com/products/black-pliee-pleated-skort
2026-09-19,Cava Athleisure,Ivory Plie Pleated Skort,XS,WSK10CS06WHXS,1699.0,0,197,0.0,198,https://cavaathleisure.com/products/ivory-pliee-pleated-skort
2026-09-19,Cava Athleisure,Ivory Plie Pleated Skort,S,WSK10CS06WHS,1699.0,0,92,0.0,93,https://cavaathleisure.com/products/ivory-pliee-pleated-skort
2026-09-19,Cava Athleisure,Ivory Plie Pleated Skort,M,WSK10CS06WHM,1699.0,0,61,0.0,62,https://cavaathleisure.com/products/ivory-pliee-pleated-skort
2026-09-19,Cava Athleisure,Ivory Plie Pleated Skort,L,WSK10CS06WHL,1699.0,0,63,0.0,64,https://cavaathleisure.com/products/ivory-pliee-pleated-skort
2026-09-19,Cava Athleisure,Ivory Plie Pleated Skort,XL,WSK10CS06WHXL,1699.0,0,77,0.0,77,https://cavaathleisure.com/products/ivory-pliee-pleated-skort
2026-09-19,Cava Athleisure,Ivory Plie Pleated Skort,XXL,WSK10CS06WHXXL,1699.0,0,50,0.0,51,https://cavaathleisure.com/products/ivory-pliee-pleated-skort
2026-09-19,Cava Athleisure,Ivory Courtside Dress,L,WDR1CS07WHL,1050.0,0,2,0.0,3,https://cavaathleisure.com/products/ivory-courtside-dress
2026-09-19,Cava Athleisure,Ivory Courtside Dress,XL,WDR1CS07WHXL,1050.0,0,1,0.0,2,https://cavaathleisure.com/products/ivory-courtside-dress
2026-09-19,Cava Athleisure,Navy Plie Pleated Skort,XS,WSK10CS06NYXS,1699.0,0,210,0.0,211,https://cavaathleisure.com/products/navy-pliee-pleated-skort
2026-09-19,Cava Athleisure,Navy Plie Pleated Skort,S,WSK10CS06NYS,1699.0,0,263,0.0,264,https://cavaathleisure.com/products/navy-pliee-pleated-skort
2026-09-19,Cava Athleisure,Navy Plie Pleated Skort,M,WSK10CS06NYM,1699.0,0,57,0.0,58,https://cavaathleisure.com/products/navy-pliee-pleated-skort
2026-09-19,Cava Athleisure,Navy Plie Pleated Skort,XL,WSK10CS06NYXL,1699.0,0,23,0.0,24,https://cavaathleisure.com/products/navy-pliee-pleated-skort
2026-09-19,Cava Athleisure,Navy Plie Pleated Skort,XXL,WSK10CS06NYXXL,1699.0,0,7,0.0,8,https://cavaathleisure.com/products/navy-pliee-pleated-skort
2026-09-19,Cava Athleisure,Green Aerial Leggings,XS,WLG10SET12GRXS,999.0,0,10,0.0,11,https://cavaathleisure.com/products/green-aerial-leggings
2026-09-19,Cava Athleisure,Green Aerial Leggings,S,WLG10SET12GRS,999.0,0,29,0.0,30,https://cavaathleisure.com/products/green-aerial-leggings
2026-09-19,Cava Athleisure,Black Urban Zipper Polo,XXL,MTS11CS120BKXXL,949.0,0,22,0.0,23,https://cavaathleisure.com/products/black-urban-zipper-polo
2026-09-19,Cava Athleisure,Teal Urban Zipper Polo,S,MTS11CS120GRS,949.0,0,30,0.0,31,https://cavaathleisure.com/products/green-urban-zipper-polo
2026-09-19,Cava Athleisure,Teal Urban Zipper Polo,L,MTS11CS120GRL,949.0,0,10,0.0,11,https://cavaathleisure.com/products/green-urban-zipper-polo
2026-09-19,Cava Athleisure,Teal Urban Zipper Polo,XL,MTS11CS120GRXL,949.0,0,5,0.0,6,https://cavaathleisure.com/products/green-urban-zipper-polo
2026-09-19,Cava Athleisure,Teal Urban Zipper Polo,XXL,MTS11CS120GRXXL,949.0,0,19,0.0,20,https://cavaathleisure.com/products/green-urban-zipper-polo
2026-09-19,Cava Athleisure,Pink Sculptor Jacket,XS,WJK10Set5PNXS,1799.0,0,25,0.0,26,https://cavaathleisure.com/products/pink-sculptor-jacket
2026-09-19,Cava Athleisure,Pink Sculptor Jacket,S,WJK10Set5PNS,1799.0,0,209,0.0,210,https://cavaathleisure.com/products/pink-sculptor-jacket
2026-09-19,Cava Athleisure,Pink Sculptor Jacket,M,WJK10Set5PNM,1799.0,0,226,0.0,227,https://cavaathleisure.com/products/pink-sculptor-jacket
2026-09-19,Cava Athleisure,Pink Sculptor Jacket,L,WJK10Set5PNL,1799.0,0,188,0.0,189,https://cavaathleisure.com/products/pink-sculptor-jacket
2026-09-19,Cava Athleisure,Pink Sculptor Jacket,XL,WJK10Set5PNXL,1799.0,0,81,0.0,82,https://cavaathleisure.com/products/pink-sculptor-jacket
2026-09-19,Cava Athleisure,Pink Sculptor Jacket,XXL,WJK10Set5PNXXL,1799.0,0,44,0.0,45,https://cavaathleisure.com/products/pink-sculptor-jacket
2026-09-19,Cava Athleisure,Steel Blue Sculptor Jacket,XS,WJK10Set5NYXS,1799.0,0,106,0.0,107,https://cavaathleisure.com/products/steel-blue-sculptor-jacket
2026-09-19,Cava Athleisure,Steel Blue Sculptor Jacket,S,WJK10Set5NYS,1799.0,0,252,0.0,253,https://cavaathleisure.com/products/steel-blue-sculptor-jacket
2026-09-19,Cava Athleisure,Steel Blue Sculptor Jacket,M,WJK10Set5NYM,1799.0,0,546,0.0,547,https://cavaathleisure.com/products/steel-blue-sculptor-jacket
2026-09-19,Cava Athleisure,Steel Blue Sculptor Jacket,L,WJK10Set5NYL,1799.0,0,300,0.0,301,https://cavaathleisure.com/products/steel-blue-sculptor-jacket
2026-09-19,Cava Athleisure,Steel Blue Sculptor Jacket,XL,WJK10Set5NYXL,1799.0,0,27,0.0,28,https://cavaathleisure.com/products/steel-blue-sculptor-jacket
2026-09-19,Cava Athleisure,Steel Blue Sculptor Jacket,XXL,WJK10Set5NYXXL,1799.0,0,53,0.0,54,https://cavaathleisure.com/products/steel-blue-sculptor-jacket
2026-09-19,Cava Athleisure,Navy Everywear Joggers,M,MTR5CS111NYM,1499.0,0,20,0.0,21,https://cavaathleisure.com/products/navy-everywear-pants
2026-09-19,Cava Athleisure,Navy Everywear Joggers,L,MTR5CS111NYL,1499.0,0,48,0.0,49,https://cavaathleisure.com/products/navy-everywear-pants
2026-09-19,Cava Athleisure,Light Beige Everywear Joggers,M,MTR5CS111BGM,1499.0,0,37,0.0,38,https://cavaathleisure.com/products/light-beige-everywear-pants
2026-09-19,Cava Athleisure,Light Beige Everywear Joggers,L,MTR5CS111BGL,1499.0,0,46,0.0,47,https://cavaathleisure.com/products/light-beige-everywear-pants
2026-09-19,Cava Athleisure,White Relax-in Shorts,S,MSH5CS110WHS,749.0,0,8,0.0,9,https://cavaathleisure.com/products/white-relax-in-shorts
2026-09-19,Cava Athleisure,White Relax-in Shorts,XXL,MSH5CS110WHXXL,749.0,0,11,0.0,12,https://cavaathleisure.com/products/white-relax-in-shorts
2026-09-19,Cava Athleisure,Light Grey Relax-in Shorts,S,MSH5CS110GYS,750.0,0,8,0.0,9,https://cavaathleisure.com/products/light-grey-relax-in-shorts
2026-09-19,Cava Athleisure,Light Grey Relax-in Shorts,XXL,MSH5CS110GYXXL,750.0,0,10,0.0,11,https://cavaathleisure.com/products/light-grey-relax-in-shorts
2026-09-19,Cava Athleisure,Black Supima Polo T-shirt - Regular Fit,S,MTS5CS103BKS,1099.0,0,23,0.0,24,https://cavaathleisure.com/products/black-supima-polo-t-shirt
2026-09-19,Cava Athleisure,Black Supima Polo T-shirt - Regular Fit,L,MTS5CS103BKL,1099.0,0,30,0.0,31,https://cavaathleisure.com/products/black-supima-polo-t-shirt
2026-09-19,Cava Athleisure,Black Supima V Neck T-shirt - Regular Fit,L,MTS5CS102BKL,749.0,0,33,0.0,34,https://cavaathleisure.com/products/black-supima-v-neck-t-shirt
2026-09-19,Cava Athleisure,Black Supima V Neck T-shirt - Regular Fit,XL,MTS5CS102BKXL,749.0,0,20,0.0,21,https://cavaathleisure.com/products/black-supima-v-neck-t-shirt
2026-09-19,Cava Athleisure,Black Supima V Neck T-shirt - Regular Fit,XXL,MTS5CS102BKXXL,749.0,0,19,0.0,20,https://cavaathleisure.com/products/black-supima-v-neck-t-shirt
2026-09-19,Cava Athleisure,Black Supima Crew Neck T-shirt - Relaxed Fit,L,MTS5CS101BKL,799.0,0,2,0.0,3,https://cavaathleisure.com/products/black-supima-essentials-crew-neck
2026-09-19,Cava Athleisure,Black Supima Crew Neck T-shirt - Relaxed Fit,XL,MTS5CS101BKXL,799.0,0,14,0.0,15,https://cavaathleisure.com/products/black-supima-essentials-crew-neck
2026-09-19,Cava Athleisure,Black Supima Crew Neck T-shirt - Relaxed Fit,XXL,MTS5CS101BKXXL,799.0,0,29,0.0,30,https://cavaathleisure.com/products/black-supima-essentials-crew-neck
2026-09-19,Cava Athleisure,Beige Supima V Neck T-shirt - Regular Fit,S,MTS5CS102BGS,749.0,0,25,0.0,26,https://cavaathleisure.com/products/beige-supima-v-neck-t-shirt
2026-09-19,Cava Athleisure,Beige Supima V Neck T-shirt - Regular Fit,M,MTS5CS102BGM,749.0,0,21,0.0,22,https://cavaathleisure.com/products/beige-supima-v-neck-t-shirt
2026-09-19,Cava Athleisure,Beige Supima V Neck T-shirt - Regular Fit,L,MTS5CS102BGL,749.0,0,34,0.0,35,https://cavaathleisure.com/products/beige-supima-v-neck-t-shirt
2026-09-19,Cava Athleisure,Beige Supima V Neck T-shirt - Regular Fit,XL,MTS5CS102BGXL,749.0,0,6,0.0,7,https://cavaathleisure.com/products/beige-supima-v-neck-t-shirt
2026-09-19,Cava Athleisure,Beige Supima V Neck T-shirt - Regular Fit,XXL,MTS5CS102BGXXL,749.0,0,9,0.0,10,https://cavaathleisure.com/products/beige-supima-v-neck-t-shirt
2026-09-19,Cava Athleisure,Navy Supima V Neck T-shirt - Regular Fit,S,MTS5CS102NYS,749.0,0,29,0.0,30,https://cavaathleisure.com/products/navy-supima-v-neck-t-shirt
2026-09-19,Cava Athleisure,Navy Supima V Neck T-shirt - Regular Fit,M,MTS5CS102NYM,749.0,0,38,0.0,39,https://cavaathleisure.com/products/navy-supima-v-neck-t-shirt
2026-09-19,Cava Athleisure,Navy Supima V Neck T-shirt - Regular Fit,L,MTS5CS102NYL,749.0,0,60,0.0,61,https://cavaathleisure.com/products/navy-supima-v-neck-t-shirt
2026-09-19,Cava Athleisure,Navy Supima V Neck T-shirt - Regular Fit,XL,MTS5CS102NYXL,749.0,0,29,0.0,30,https://cavaathleisure.com/products/navy-supima-v-neck-t-shirt
2026-09-19,Cava Athleisure,Navy Supima V Neck T-shirt - Regular Fit,XXL,MTS5CS102NYXXL,749.0,0,19,0.0,20,https://cavaathleisure.com/products/navy-supima-v-neck-t-shirt
2026-09-19,Cava Athleisure,Beige Supima Crew Neck T-shirt - Relaxed Fit,S,MTS5CS101BGS,799.0,0,10,0.0,11,https://cavaathleisure.com/products/beige-supima-crew-neck-t-shirt
2026-09-19,Cava Athleisure,Beige Supima Crew Neck T-shirt - Relaxed Fit,L,MTS5CS101BGL,799.0,0,18,0.0,19,https://cavaathleisure.com/products/beige-supima-crew-neck-t-shirt
2026-09-19,Cava Athleisure,Beige Supima Crew Neck T-shirt - Relaxed Fit,XXL,MTS5CS101BGXXL,799.0,0,3,0.0,4,https://cavaathleisure.com/products/beige-supima-crew-neck-t-shirt
2026-09-19,Cava Athleisure,Pink Super Stretch Brami,S,WSB9SET3PUS,1199.0,0,19,0.0,20,https://cavaathleisure.com/products/pink-super-stretch-brami
2026-09-19,Cava Athleisure,Pink Super Stretch Brami,L,WSB9SET3PUL,1199.0,0,19,0.0,20,https://cavaathleisure.com/products/pink-super-stretch-brami
2026-09-19,Cava Athleisure,Pink Super Stretch Brami,XL,WSB9SET3PUXL,1199.0,0,11,0.0,12,https://cavaathleisure.com/products/pink-super-stretch-brami
2026-09-19,Cava Athleisure,Ruby Tank Us Later Top,XS,TP-GEO-set3-008-YSH-Burgundy-XS,1299.0,0,47,0.0,47,https://cavaathleisure.com/products/ruby-tank-us-later-top
2026-09-19,Cava Athleisure,Ruby Tank Us Later Top,S,TP-GEO-set3-008-YSH-Burgundy-S,1299.0,0,140,0.0,140,https://cavaathleisure.com/products/ruby-tank-us-later-top
2026-09-19,Cava Athleisure,Ruby Tank Us Later Top,M,TP-GEO-set3-008-YSH-Burgundy-M,1299.0,0,184,0.0,184,https://cavaathleisure.com/products/ruby-tank-us-later-top
2026-09-19,Cava Athleisure,Ruby Tank Us Later Top,L,TP-GEO-set3-008-YSH-Burgundy-L,1299.0,0,147,0.0,147,https://cavaathleisure.com/products/ruby-tank-us-later-top
2026-09-19,Cava Athleisure,Ruby Tank Us Later Top,XL,TP-GEO-set3-008-YSH-Burgundy-XL,1299.0,0,39,0.0,39,https://cavaathleisure.com/products/ruby-tank-us-later-top
2026-09-19,Cava Athleisure,Pink Pulse Biker Shorts,S,WSH9SET1PUS,765.0,0,78,0.0,79,https://cavaathleisure.com/products/pink-pulse-biker-shorts
2026-09-19,Cava Athleisure,Pink Pulse Biker Shorts,L,WSH9SET1PUL,765.0,0,9,0.0,10,https://cavaathleisure.com/products/pink-pulse-biker-shorts
2026-09-19,Cava Athleisure,Pink Pulse Biker Shorts,XL,WSH9SET1PUXL,765.0,0,37,0.0,38,https://cavaathleisure.com/products/pink-pulse-biker-shorts
2026-09-19,Cava Athleisure,Sky Blue Sculpt Leggings,S,BEL511-Vamos-104-Lightblue-S,900.0,0,1,0.0,2,https://cavaathleisure.com/products/sky-blue-sculpt-leggings
2026-09-19,Cava Athleisure,Sky Blue Sculpt Leggings,M,BEL511-Vamos-104-Lightblue-M,900.0,0,77,0.0,78,https://cavaathleisure.com/products/sky-blue-sculpt-leggings
2026-09-19,Cava Athleisure,Sky Blue Sculpt Leggings,XL,BEL511-Vamos-104-Lightblue-XL,900.0,0,1,0.0,2,https://cavaathleisure.com/products/sky-blue-sculpt-leggings
2026-09-19,Cava Athleisure,Sky Blue Sculpt Leggings,XXL,BEL511-Vamos-104-Lightblue-XXL,900.0,0,3,0.0,4,https://cavaathleisure.com/products/sky-blue-sculpt-leggings
2026-09-19,Cava Athleisure,Ivory Tank Us Later Top,XS,TP-GEO-set3-008-YSH-Ivory-XS,1299.0,0,126,0.0,127,https://cavaathleisure.com/products/ivory-tank-us-later-top
2026-09-19,Cava Athleisure,Ivory Tank Us Later Top,S,TP-GEO-set3-008-YSH-Ivory-S,1299.0,0,231,0.0,232,https://cavaathleisure.com/products/ivory-tank-us-later-top
2026-09-19,Cava Athleisure,Ivory Tank Us Later Top,M,TP-GEO-set3-008-YSH-Ivory-M,1299.0,0,246,0.0,247,https://cavaathleisure.com/products/ivory-tank-us-later-top
2026-09-19,Cava Athleisure,Ivory Tank Us Later Top,L,TP-GEO-set3-008-YSH-Ivory-L,1299.0,0,116,0.0,117,https://cavaathleisure.com/products/ivory-tank-us-later-top
2026-09-19,Cava Athleisure,Ivory Tank Us Later Top,XL,TP-GEO-set3-008-YSH-Ivory-XL,1299.0,0,43,0.0,44,https://cavaathleisure.com/products/ivory-tank-us-later-top
2026-09-19,Cava Athleisure,Ivory Tank Us Later Top,XXL,TP-GEO-set3-008-YSH-Ivory-XXL,1299.0,0,22,0.0,23,https://cavaathleisure.com/products/ivory-tank-us-later-top
2026-09-19,Cava Athleisure,Purple All-Day Flex Flare Pants,XS,WFB14SET1PUXS,920.0,0,6,0.0,7,https://cavaathleisure.com/products/purple-all-day-flex-flare-pants
2026-09-19,Cava Athleisure,Steel Blue Swirl Tennis Skorts,XXS,WSKSET445BLXXS,1399.0,0,16,0.0,17,https://cavaathleisure.com/products/steel-blue-swirl-tennis-skorts
2026-09-19,Cava Athleisure,Steel Blue Swirl Tennis Skorts,XS,BTM-ying-set4-skort-blue-XS,1399.0,0,36,0.0,37,https://cavaathleisure.com/products/steel-blue-swirl-tennis-skorts
2026-09-19,Cava Athleisure,Steel Blue Swirl Tennis Skorts,XS,WSKSET4L45BLXS,1399.0,0,11,0.0,12,https://cavaathleisure.com/products/steel-blue-swirl-tennis-skorts
2026-09-19,Cava Athleisure,Steel Blue Swirl Tennis Skorts,S,BTM-ying-set4-skort-blue-S,1399.0,0,101,0.0,102,https://cavaathleisure.com/products/steel-blue-swirl-tennis-skorts
2026-09-19,Cava Athleisure,Steel Blue Swirl Tennis Skorts,M,BTM-ying-set4-skort-blue-M,1399.0,0,140,0.0,141,https://cavaathleisure.com/products/steel-blue-swirl-tennis-skorts
2026-09-19,Cava Athleisure,Steel Blue Swirl Tennis Skorts,L,BTM-ying-set4-skort-blue-L,1399.0,0,36,0.0,37,https://cavaathleisure.com/products/steel-blue-swirl-tennis-skorts
2026-09-19,Cava Athleisure,Steel Blue Swirl Tennis Skorts,XL,BTM-ying-set4-skort-blue-XL,1399.0,0,7,0.0,8,https://cavaathleisure.com/products/steel-blue-swirl-tennis-skorts
2026-09-19,Cava Athleisure,Steel Blue Swirl Tennis Skorts,XXL,BTM-ying-set4-skort-blue-XXL,1399.0,0,18,0.0,19,https://cavaathleisure.com/products/steel-blue-swirl-tennis-skorts
2026-09-19,Cava Athleisure,Steel Blue Swirl Tennis Skorts,XXL,WSKSET4L45BLXXL,1399.0,0,13,0.0,14,https://cavaathleisure.com/products/steel-blue-swirl-tennis-skorts
2026-09-19,Cava Athleisure,Steel Blue Swirl Tennis Skorts,XXXL,WSKSET445BLXXXL,1399.0,0,20,0.0,21,https://cavaathleisure.com/products/steel-blue-swirl-tennis-skorts
2026-09-19,Cava Athleisure,Steel Blue Swirl Tennis Skorts,XXXL,WSKSET4L45BLXXXL,1399.0,0,14,0.0,15,https://cavaathleisure.com/products/steel-blue-swirl-tennis-skorts
2026-09-19,Cava Athleisure,Red All-Day Flex Flare Pants,S,WFB14SET1RDS,920.0,0,14,0.0,15,https://cavaathleisure.com/products/red-all-day-flex-flare-pants
2026-09-19,Cava Athleisure,Lilac Swirl Tennis Skorts,XXS,BTM-ying-set4-skort-purple-XXS,1399.0,0,15,0.0,16,https://cavaathleisure.com/products/lilac-swirl-tennis-skort
2026-09-19,Cava Athleisure,Lilac Swirl Tennis Skorts,XS,BTM-ying-set4-skort-purple-XS,1399.0,0,13,0.0,14,https://cavaathleisure.com/products/lilac-swirl-tennis-skort
2026-09-19,Cava Athleisure,Lilac Swirl Tennis Skorts,S,BTM-ying-set4-skort-purple-S,1399.0,0,30,0.0,31,https://cavaathleisure.com/products/lilac-swirl-tennis-skort
2026-09-19,Cava Athleisure,Lilac Swirl Tennis Skorts,XL,BTM-ying-set4-skort-purple-XL,1399.0,0,8,0.0,9,https://cavaathleisure.com/products/lilac-swirl-tennis-skort
2026-09-19,Cava Athleisure,Lilac Swirl Tennis Skorts,XXL,BTM-ying-set4-skort-purple-XXL,1399.0,0,55,0.0,56,https://cavaathleisure.com/products/lilac-swirl-tennis-skort
2026-09-19,Cava Athleisure,Lilac Swirl Tennis Skorts,XXXL,BTM-ying-set4-skort-purple-XXXL,1399.0,0,19,0.0,20,https://cavaathleisure.com/products/lilac-swirl-tennis-skort
2026-09-19,Cava Athleisure,Cappucino Cava Essential Sweatshirt,XS,TP536-VAMOS-98-CAPPUCCINO-XS,1199.0,0,64,0.0,65,https://cavaathleisure.com/products/cappucino-cava-essential-sweatshirt
2026-09-19,Cava Athleisure,Cappucino Cava Essential Sweatshirt,S,TP536-VAMOS-98-CAPPUCCINO-S,1199.0,0,150,0.0,151,https://cavaathleisure.com/products/cappucino-cava-essential-sweatshirt
2026-09-19,Cava Athleisure,Cappucino Cava Essential Sweatshirt,M,TP536-VAMOS-98-CAPPUCCINO-M,1199.0,0,268,0.0,269,https://cavaathleisure.com/products/cappucino-cava-essential-sweatshirt
2026-09-19,Cava Athleisure,Cappucino Cava Essential Sweatshirt,L,TP536-VAMOS-98-CAPPUCCINO-L,1199.0,0,211,0.0,212,https://cavaathleisure.com/products/cappucino-cava-essential-sweatshirt
2026-09-19,Cava Athleisure,Cappucino Cava Essential Sweatshirt,XL,TP536-VAMOS-98-CAPPUCCINO-XL,1199.0,0,145,0.0,146,https://cavaathleisure.com/products/cappucino-cava-essential-sweatshirt
2026-09-19,Cava Athleisure,Cappucino Cava Essential Sweatshirt,XXL,TP536-VAMOS-98-CAPPUCCINO-XXL,1199.0,0,85,0.0,86,https://cavaathleisure.com/products/cappucino-cava-essential-sweatshirt
2026-09-19,Cava Athleisure,Mint Move Easy Leggings,XL,BTM-RON-set9-44849R-Lichen-XL,875.0,0,9,0.0,10,https://cavaathleisure.com/products/mint-move-easy-leggings
2026-09-19,Cava Athleisure,Charcoal Zip-It-Up Top,XS,TP-RON-set13-1574-Light-black-XS,1494.0,0,37,0.0,38,https://cavaathleisure.com/products/charcoal-zip-it-up-top
2026-09-19,Cava Athleisure,Charcoal Zip-It-Up Top,S,TP-RON-set13-1574-Light-black-S,1494.0,0,14,0.0,15,https://cavaathleisure.com/products/charcoal-zip-it-up-top
2026-09-19,Cava Athleisure,Mint Seamless Sculpt Tee,XL,TP-RON-set9-20230824-1-Lichen-XL,600.0,0,2,0.0,3,https://cavaathleisure.com/products/mint-seamless-sculpt-tee
2026-09-19,Cava Athleisure,Black Ease Wrap Top,S,TP-para-AWLC09-Jet-black-S,550.0,0,7,0.0,8,https://cavaathleisure.com/products/black-ease-wrap-top
2026-09-19,Cava Athleisure,Black Ease Wrap Top,M,TP-para-AWLC09-Jet-black-M,550.0,0,13,0.0,14,https://cavaathleisure.com/products/black-ease-wrap-top
2026-09-19,Cava Athleisure,Blue Ease Wrap Top,S,TP-para-AWLC09-Poseidon-S,660.0,0,4,0.0,5,https://cavaathleisure.com/products/azure-ease-wrap-top
2026-09-19,Cava Athleisure,Blue Ease Wrap Top,M,TP-para-AWLC09-Poseidon-M,660.0,0,22,0.0,23,https://cavaathleisure.com/products/azure-ease-wrap-top
2026-09-19,Cava Athleisure,Orange Dual Slit Adapt Joggers,XS,BTM-para-AWLC29-Autumn-sunset-XS,875.0,0,2,0.0,3,https://cavaathleisure.com/products/orange-dual-slit-adapt-joggers
2026-09-19,Cava Athleisure,Orange Dual Slit Adapt Joggers,S,BTM-para-AWLC29-Autumn-sunset-S,875.0,0,8,0.0,9,https://cavaathleisure.com/products/orange-dual-slit-adapt-joggers
2026-09-19,Cava Athleisure,Orange Dual Slit Adapt Joggers,M,BTM-para-AWLC29-Autumn-sunset-M,875.0,0,21,0.0,22,https://cavaathleisure.com/products/orange-dual-slit-adapt-joggers
2026-09-19,Cava Athleisure,Orange Dual Slit Adapt Joggers,L,BTM-para-AWLC29-Autumn-sunset-L,875.0,0,8,0.0,9,https://cavaathleisure.com/products/orange-dual-slit-adapt-joggers
2026-09-19,Cava Athleisure,Orange Dual Slit Adapt Joggers,XL,BTM-para-AWLC29-Autumn-sunset-XL,875.0,0,3,0.0,4,https://cavaathleisure.com/products/orange-dual-slit-adapt-joggers
2026-09-19,Cava Athleisure,Sand Ease Wrap Top,XS,TP-para-AWLC09-Irish-cream-XS,660.0,0,4,0.0,5,https://cavaathleisure.com/products/taupe-ease-wrap-top
2026-09-19,Cava Athleisure,Sand Ease Wrap Top,S,TP-para-AWLC09-Irish-cream-S,660.0,0,22,0.0,23,https://cavaathleisure.com/products/taupe-ease-wrap-top
2026-09-19,Cava Athleisure,Sand Ease Wrap Top,M,TP-para-AWLC09-Irish-cream-M,660.0,0,40,0.0,41,https://cavaathleisure.com/products/taupe-ease-wrap-top
2026-09-19,Cava Athleisure,Sand Ease Wrap Top,L,TP-para-AWLC09-Irish-cream-L,660.0,0,23,0.0,24,https://cavaathleisure.com/products/taupe-ease-wrap-top
2026-09-19,Cava Athleisure,Sand Ease Wrap Top,XL,TP-para-AWLC09-Irish-cream-XL,660.0,0,9,0.0,10,https://cavaathleisure.com/products/taupe-ease-wrap-top
2026-09-19,Cava Athleisure,Sand Ease Flare Pants,XS,BTM-para-AWLC05-Irish-cream-XS,875.0,0,7,0.0,8,https://cavaathleisure.com/products/taupe-ease-flare-pants
2026-09-19,Cava Athleisure,Sand Ease Flare Pants,S,BTM-para-AWLC05-Irish-cream-S,875.0,0,13,0.0,14,https://cavaathleisure.com/products/taupe-ease-flare-pants
2026-09-19,Cava Athleisure,Sand Ease Flare Pants,M,BTM-para-AWLC05-Irish-cream-M,875.0,0,24,0.0,25,https://cavaathleisure.com/products/taupe-ease-flare-pants
2026-09-19,Cava Athleisure,Sand Ease Flare Pants,L,BTM-para-AWLC05-Irish-cream-L,875.0,0,3,0.0,4,https://cavaathleisure.com/products/taupe-ease-flare-pants
2026-09-19,Cava Athleisure,Sand Ease Flare Pants,XXL,BTM-para-AWLC05-Irish-cream-XXL,875.0,0,1,0.0,2,https://cavaathleisure.com/products/taupe-ease-flare-pants
2026-09-19,Cava Athleisure,Sand Airy Two-Piece Top,XS,TP-para-AWLC10-Irish-cream-XS,805.0,0,8,0.0,9,https://cavaathleisure.com/products/sand-airy-two-piece
2026-09-19,Cava Athleisure,Sand Airy Two-Piece Top,XL,TP-para-AWLC10-Irish-cream-XL,805.0,0,6,0.0,7,https://cavaathleisure.com/products/sand-airy-two-piece
2026-09-19,Cava Athleisure,Sand Airy Two-Piece Top,XXL,TP-para-AWLC10-Irish-cream-XXL,805.0,0,4,0.0,5,https://cavaathleisure.com/products/sand-airy-two-piece
2026-09-19,Cava Athleisure,Blue Offgrid Cargos,S,BTM-shiv-AWLC07-Provincial-blue-S,875.0,0,6,0.0,7,https://cavaathleisure.com/products/blue-offgrid-cargos
2026-09-19,Cava Athleisure,Blue Offgrid Cargos,M,BTM-shiv-AWLC07-Provincial-blue-M,875.0,0,10,0.0,11,https://cavaathleisure.com/products/blue-offgrid-cargos
2026-09-19,Cava Athleisure,Blue Offgrid Cargos,L,BTM-shiv-AWLC07-Provincial-blue-L,875.0,0,17,0.0,18,https://cavaathleisure.com/products/blue-offgrid-cargos
2026-09-19,Cava Athleisure,Blue Offgrid Cargos,XL,BTM-shiv-AWLC07-Provincial-blue-XL,875.0,0,3,0.0,4,https://cavaathleisure.com/products/blue-offgrid-cargos
2026-09-19,Cava Athleisure,Brown Overlap Tee,L,TP-RON-set2-007-RON-Hot-fudge-L,999.0,1,0,999.0,0,https://cavaathleisure.com/products/brown-overlap-tee
2026-09-19,Cava Athleisure,Blush Overlap Tee,XS,TP-RON-set2-007-RON-Sepia-Rose-XS,999.0,0,43,0.0,44,https://cavaathleisure.com/products/blush-overlap-tee
2026-09-19,Cava Athleisure,Olive Retro Flare Pants,XS/S,BTM-RON-set6-009-RON-Olive-Green-XS/S,990.0,0,36,0.0,37,https://cavaathleisure.com/products/olive-retro-flare-pants
2026-09-19,Cava Athleisure,Red Nomad Cargo Pants,XS,BTM-para-AWLC19-Cardinal-XS,875.0,0,1,0.0,2,https://cavaathleisure.com/products/red-nomad-cargo-pants
2026-09-19,Cava Athleisure,Red Nomad Cargo Pants,S,BTM-para-AWLC19-Cardinal-S,875.0,0,14,0.0,15,https://cavaathleisure.com/products/red-nomad-cargo-pants
2026-09-19,Cava Athleisure,Red Nomad Cargo Pants,M,BTM-para-AWLC19-Cardinal-M,875.0,0,17,0.0,18,https://cavaathleisure.com/products/red-nomad-cargo-pants
2026-09-19,Cava Athleisure,Red Nomad Cargo Pants,L,BTM-para-AWLC19-Cardinal-L,875.0,0,12,0.0,13,https://cavaathleisure.com/products/red-nomad-cargo-pants
2026-09-19,Cava Athleisure,Red Nomad Cargo Pants,XL,BTM-para-AWLC19-Cardinal-XL,875.0,0,3,0.0,4,https://cavaathleisure.com/products/red-nomad-cargo-pants
2026-09-19,Cava Athleisure,Olive Sway Pants,XS/S,BTM-RON-set7-021-GEO-Forest-XS/S,990.0,0,11,0.0,12,https://cavaathleisure.com/products/olive-sway-pants
2026-09-19,Cava Athleisure,Grape Retro Flare Pants,XS/S,BTM-RON-set6-009-RON-Wine-Burgundy-XS/S,1140.0,0,20,0.0,21,https://cavaathleisure.com/products/grape-retro-flare-pants
2026-09-19,Cava Athleisure,Grape Retro Flare Pants,M,BTM-RON-set6-009-RON-Wine-Burgundy-M,1140.0,0,25,0.0,26,https://cavaathleisure.com/products/grape-retro-flare-pants
2026-09-19,Cava Athleisure,Black Aerial Leggings,XS,BTM-RON-set12-CK1429-Black-XS,999.0,0,2,0.0,3,https://cavaathleisure.com/products/black-aerial-leggings
2026-09-19,Cava Athleisure,Black Aerial Leggings,S,BTM-RON-set12-CK1429-Black-S,999.0,0,37,0.0,38,https://cavaathleisure.com/products/black-aerial-leggings
2026-09-19,Cava Athleisure,Brunette Super Stretch Brami,XL,TP-RON-set3-006-RON-Sorrel-Horse-XL,1199.0,1,0,1199.0,0,https://cavaathleisure.com/products/brunette-super-stretch-brami
2026-09-19,Cava Athleisure,White Cross Back Sports Bra,XS,TP-RON-set1-019-MNO-Coconut-Milk-XS,1199.0,0,32,0.0,33,https://cavaathleisure.com/products/white-cross-back-sports-bra
2026-09-19,Cava Athleisure,White Cross Back Sports Bra,S,TP-RON-set1-019-MNO-Coconut-Milk-S,1199.0,0,268,0.0,269,https://cavaathleisure.com/products/white-cross-back-sports-bra
2026-09-19,Cava Athleisure,White Cross Back Sports Bra,M,TP-RON-set1-019-MNO-Coconut-Milk-M,1199.0,0,145,0.0,146,https://cavaathleisure.com/products/white-cross-back-sports-bra
2026-09-19,Cava Athleisure,White Cross Back Sports Bra,L,TP-RON-set1-019-MNO-Coconut-Milk-L,1199.0,0,85,0.0,86,https://cavaathleisure.com/products/white-cross-back-sports-bra
2026-09-19,Cava Athleisure,White Cross Back Sports Bra,XL,TP-RON-set1-019-MNO-Coconut-Milk-XL,1199.0,0,87,0.0,88,https://cavaathleisure.com/products/white-cross-back-sports-bra
2026-09-19,Cava Athleisure,White Cross Back Sports Bra,XXL,TP-RON-set1-019-MNO-Coconut-Milk-XXL,1199.0,0,95,0.0,96,https://cavaathleisure.com/products/white-cross-back-sports-bra
2026-09-19,Cava Athleisure,Black Cross Back Sports Bra,XS,TP-RON-set1-019-MNO-Jet-Black-XS,1199.0,0,369,0.0,370,https://cavaathleisure.com/products/black-cross-back-sports-bra
2026-09-19,Cava Athleisure,Black Cross Back Sports Bra,S,TP-RON-set1-019-MNO-Jet-Black-S,1199.0,0,1777,0.0,1778,https://cavaathleisure.com/products/black-cross-back-sports-bra
2026-09-19,Cava Athleisure,Black Cross Back Sports Bra,M,TP-RON-set1-019-MNO-Jet-Black-M,1199.0,0,1527,0.0,1528,https://cavaathleisure.com/products/black-cross-back-sports-bra
2026-09-19,Cava Athleisure,Black Cross Back Sports Bra,L,TP-RON-set1-019-MNO-Jet-Black-L,1199.0,0,1061,0.0,1062,https://cavaathleisure.com/products/black-cross-back-sports-bra
2026-09-19,Cava Athleisure,Black Cross Back Sports Bra,XL,TP-RON-set1-019-MNO-Jet-Black-XL,1199.0,0,612,0.0,613,https://cavaathleisure.com/products/black-cross-back-sports-bra
2026-09-19,Cava Athleisure,Black Cross Back Sports Bra,XXL,TP-RON-set1-019-MNO-Jet-Black-XXL,1199.0,0,337,0.0,338,https://cavaathleisure.com/products/black-cross-back-sports-bra
2026-09-19,Cava Athleisure,Black Super Stretch Brami,XS,TP-RON-set3-006-RON-Jet-Black-XS,1199.0,0,221,0.0,222,https://cavaathleisure.com/products/black-super-stretch-brami
2026-09-19,Cava Athleisure,Black Super Stretch Brami,S,TP-RON-set3-006-RON-Jet-Black-S,1199.0,0,496,0.0,497,https://cavaathleisure.com/products/black-super-stretch-brami
2026-09-19,Cava Athleisure,Black Super Stretch Brami,M,TP-RON-set3-006-RON-Jet-Black-M,1199.0,0,488,0.0,489,https://cavaathleisure.com/products/black-super-stretch-brami
2026-09-19,Cava Athleisure,Black Super Stretch Brami,L,TP-RON-set3-006-RON-Jet-Black-L,1199.0,0,376,0.0,377,https://cavaathleisure.com/products/black-super-stretch-brami
2026-09-19,Cava Athleisure,Black Super Stretch Brami,XL,TP-RON-set3-006-RON-Jet-Black-XL,1199.0,0,82,0.0,83,https://cavaathleisure.com/products/black-super-stretch-brami
2026-09-19,Cava Athleisure,Black Super Stretch Brami,XXL,TP-RON-set3-006-RON-Jet-Black-XXL,1199.0,0,99,0.0,100,https://cavaathleisure.com/products/black-super-stretch-brami
2026-09-19,Cava Athleisure,Brunette Sky-Rise Leggings,S,BTM-RON-set3-RON-Sorrel-Horse-S,1299.0,0,220,0.0,221,https://cavaathleisure.com/products/brunette-sky-rise-leggings
2026-09-19,Cava Athleisure,Brunette Sky-Rise Leggings,M,BTM-RON-set3-RON-Sorrel-Horse-M,1299.0,0,273,0.0,274,https://cavaathleisure.com/products/brunette-sky-rise-leggings
2026-09-19,Cava Athleisure,Ruby Super Stretch Brami,XS,TP-RON-set3-006-RON-Anemone-XS,1199.0,0,375,0.0,376,https://cavaathleisure.com/products/ruby-super-stretch-brami
2026-09-19,Cava Athleisure,Ruby Super Stretch Brami,S,TP-RON-set3-006-RON-Anemone-S,1199.0,0,378,0.0,379,https://cavaathleisure.com/products/ruby-super-stretch-brami
2026-09-19,Cava Athleisure,Ruby Super Stretch Brami,M,TP-RON-set3-006-RON-Anemone-M,1199.0,0,412,0.0,413,https://cavaathleisure.com/products/ruby-super-stretch-brami
2026-09-19,Cava Athleisure,Ruby Super Stretch Brami,L,TP-RON-set3-006-RON-Anemone-L,1199.0,0,133,0.0,134,https://cavaathleisure.com/products/ruby-super-stretch-brami
2026-09-19,Cava Athleisure,Ruby Super Stretch Brami,XL,TP-RON-set3-006-RON-Anemone-XL,1199.0,0,78,0.0,79,https://cavaathleisure.com/products/ruby-super-stretch-brami
2026-09-19,Cava Athleisure,Ruby Super Stretch Brami,XXL,TP-RON-set3-006-RON-Anemone-XXL,1199.0,0,53,0.0,54,https://cavaathleisure.com/products/ruby-super-stretch-brami
2026-09-19,Cava Athleisure,Black Sky-Rise Leggings,XS,BTM-RON-set3-RON-Jet-Black-XS,1299.0,0,250,0.0,251,https://cavaathleisure.com/products/black-sky-rise-leggings
2026-09-19,Cava Athleisure,Black Sky-Rise Leggings,S,BTM-RON-set3-RON-Jet-Black-S,1299.0,0,336,0.0,337,https://cavaathleisure.com/products/black-sky-rise-leggings
2026-09-19,Cava Athleisure,Black Sky-Rise Leggings,M,BTM-RON-set3-RON-Jet-Black-M,1299.0,0,247,0.0,248,https://cavaathleisure.com/products/black-sky-rise-leggings
2026-09-19,Cava Athleisure,Black Sky-Rise Leggings,L,BTM-RON-set3-RON-Jet-Black-L,1299.0,0,271,0.0,272,https://cavaathleisure.com/products/black-sky-rise-leggings
2026-09-19,Cava Athleisure,Black Sky-Rise Leggings,XL,BTM-RON-set3-RON-Jet-Black-XL,1299.0,0,91,0.0,92,https://cavaathleisure.com/products/black-sky-rise-leggings
2026-09-19,Cava Athleisure,Black Sky-Rise Leggings,XXL,BTM-RON-set3-RON-Jet-Black-XXL,1299.0,0,104,0.0,105,https://cavaathleisure.com/products/black-sky-rise-leggings
2026-09-19,Cava Athleisure,Amethyst Sway Pants,XS/S,BTM-RON-set7-021-GEO-Light-Purple-XS/S,900.0,0,27,0.0,28,https://cavaathleisure.com/products/amethyst-sway-pants
2026-09-19,Cava Athleisure,Ruby Sky-Rise Leggings,XS,BTM-RON-set3-RON-Anemone-XS,1299.0,0,175,0.0,176,https://cavaathleisure.com/products/ruby-sky-rise-leggings
2026-09-19,Cava Athleisure,Ruby Sky-Rise Leggings,S,BTM-RON-set3-RON-Anemone-S,1299.0,0,565,0.0,566,https://cavaathleisure.com/products/ruby-sky-rise-leggings
2026-09-19,Cava Athleisure,Ruby Sky-Rise Leggings,M,BTM-RON-set3-RON-Anemone-M,1299.0,0,588,0.0,589,https://cavaathleisure.com/products/ruby-sky-rise-leggings
2026-09-19,Cava Athleisure,Ruby Sky-Rise Leggings,L,BTM-RON-set3-RON-Anemone-L,1299.0,0,454,0.0,455,https://cavaathleisure.com/products/ruby-sky-rise-leggings
2026-09-19,Cava Athleisure,Ruby Sky-Rise Leggings,XL,BTM-RON-set3-RON-Anemone-XL,1299.0,0,127,0.0,128,https://cavaathleisure.com/products/ruby-sky-rise-leggings
2026-09-19,Cava Athleisure,Ruby Sky-Rise Leggings,XXL,BTM-RON-set3-RON-Anemone-XXL,1299.0,0,111,0.0,112,https://cavaathleisure.com/products/ruby-sky-rise-leggings
2026-09-19,Cava Athleisure,Black Racerback Tank,L,TP-RON-set5-032-YSH-Jet-Black-L,1199.0,0,2,0.0,3,https://cavaathleisure.com/products/black-racerback-tank
2026-09-19,Cava Athleisure,Ruby Racerback Tank,XS,TP-RON-set5-032-YSH-Anemone-XS,1199.0,0,42,0.0,43,https://cavaathleisure.com/products/ruby-racerback-tank
2026-09-19,Cava Athleisure,Ruby Racerback Tank,S,TP-RON-set5-032-YSH-Anemone-S,1199.0,0,115,0.0,116,https://cavaathleisure.com/products/ruby-racerback-tank
2026-09-19,Cava Athleisure,Ruby Racerback Tank,M,TP-RON-set5-032-YSH-Anemone-M,1199.0,0,17,0.0,18,https://cavaathleisure.com/products/ruby-racerback-tank
2026-09-19,Cava Athleisure,Ruby Racerback Tank,L,TP-RON-set5-032-YSH-Anemone-L,1199.0,0,48,0.0,49,https://cavaathleisure.com/products/ruby-racerback-tank
2026-09-19,Cava Athleisure,Ruby Racerback Tank,XXL,TP-RON-set5-032-YSH-Anemone-XXL,1199.0,0,16,0.0,17,https://cavaathleisure.com/products/ruby-racerback-tank
2026-09-19,Cava Athleisure,Blush Airflow Leggings,XS/S,BTM-RON-set5-010-YSH-Sepia-Rose-XS/S,875.0,0,4,0.0,5,https://cavaathleisure.com/products/blush-airflow-leggings
2026-09-19,Cava Athleisure,Blush Airflow Leggings,M,BTM-RON-set5-010-YSH-Sepia-Rose-M,875.0,0,9,0.0,10,https://cavaathleisure.com/products/blush-airflow-leggings
2026-09-19,Cava Athleisure,Blush Airflow Leggings,L,BTM-RON-set5-010-YSH-Sepia-Rose-L,875.0,0,1,0.0,2,https://cavaathleisure.com/products/blush-airflow-leggings
2026-09-19,Cava Athleisure,Ivory Sculptor Jacket,XS,TP-Reely-set5-jkt-Blanc-de-Blanc-XS,1799.0,0,80,0.0,81,https://cavaathleisure.com/products/ivory-sculptor-jacket
2026-09-19,Cava Athleisure,Ivory Sculptor Jacket,S,TP-Reely-set5-jkt-Blanc-de-Blanc-S,1799.0,0,90,0.0,91,https://cavaathleisure.com/products/ivory-sculptor-jacket
2026-09-19,Cava Athleisure,Ivory Sculptor Jacket,M,TP-Reely-set5-jkt-Blanc-de-Blanc-M,1799.0,0,110,0.0,111,https://cavaathleisure.com/products/ivory-sculptor-jacket
2026-09-19,Cava Athleisure,Ivory Sculptor Jacket,L,TP-Reely-set5-jkt-Blanc-de-Blanc-L,1799.0,0,18,0.0,19,https://cavaathleisure.com/products/ivory-sculptor-jacket
2026-09-19,Cava Athleisure,Ivory Sculptor Jacket,XL,TP-Reely-set5-jkt-Blanc-de-Blanc-XL,1799.0,0,52,0.0,53,https://cavaathleisure.com/products/ivory-sculptor-jacket
2026-09-19,Cava Athleisure,Ivory Sculptor Jacket,XXL,TP-Reely-set5-jkt-Blanc-de-Blanc-XXL,1799.0,0,6,0.0,7,https://cavaathleisure.com/products/ivory-sculptor-jacket
2026-09-19,Cava Athleisure,Black Sculptor Jacket,XS,TP-Reely-set5-jkt-Jet-Black-XS,1799.0,0,66,0.0,67,https://cavaathleisure.com/products/black-sculptor-jacket
2026-09-19,Cava Athleisure,Black Sculptor Jacket,S,TP-Reely-set5-jkt-Jet-Black-S,1799.0,0,336,0.0,337,https://cavaathleisure.com/products/black-sculptor-jacket
2026-09-19,Cava Athleisure,Black Sculptor Jacket,M,TP-Reely-set5-jkt-Jet-Black-M,1799.0,0,251,0.0,252,https://cavaathleisure.com/products/black-sculptor-jacket
2026-09-19,Cava Athleisure,Black Sculptor Jacket,L,TP-Reely-set5-jkt-Jet-Black-L,1799.0,0,51,0.0,52,https://cavaathleisure.com/products/black-sculptor-jacket
2026-09-19,Cava Athleisure,Black Sculptor Jacket,XL,TP-Reely-set5-jkt-Jet-Black-XL,1799.0,0,42,0.0,43,https://cavaathleisure.com/products/black-sculptor-jacket
2026-09-19,Cava Athleisure,Mauve Tank Us Later Top,XS,TP-GEO-set3-008-YSH-Dull-purple-18-XS,1299.0,0,193,0.0,194,https://cavaathleisure.com/products/mauve-tank-us-later-top
2026-09-19,Cava Athleisure,Mauve Tank Us Later Top,S,TP-GEO-set3-008-YSH-Dull-purple-18-S,1299.0,0,232,0.0,233,https://cavaathleisure.com/products/mauve-tank-us-later-top
2026-09-19,Cava Athleisure,Mauve Tank Us Later Top,M,TP-GEO-set3-008-YSH-Dull-purple-18-M,1299.0,0,203,0.0,204,https://cavaathleisure.com/products/mauve-tank-us-later-top
2026-09-19,Cava Athleisure,Mauve Tank Us Later Top,L,TP-GEO-set3-008-YSH-Dull-purple-18-L,1299.0,0,171,0.0,172,https://cavaathleisure.com/products/mauve-tank-us-later-top
2026-09-19,Cava Athleisure,Mauve Tank Us Later Top,XL,TP-GEO-set3-008-YSH-Dull-purple-18-XL,1299.0,0,53,0.0,54,https://cavaathleisure.com/products/mauve-tank-us-later-top
2026-09-19,Cava Athleisure,Mauve Tank Us Later Top,XXL,TP-GEO-set3-008-YSH-Dull-purple-18-XXL,1299.0,0,62,0.0,63,https://cavaathleisure.com/products/mauve-tank-us-later-top
2026-09-19,Cava Athleisure,Black Tank Us Later Top,XS,TP-GEO-set3-008-YSH-Black-02-XS,1299.0,0,43,0.0,44,https://cavaathleisure.com/products/black-tank-us-later-top
2026-09-19,Cava Athleisure,Black Tank Us Later Top,S,TP-GEO-set3-008-YSH-Black-02-S,1299.0,0,40,0.0,41,https://cavaathleisure.com/products/black-tank-us-later-top
2026-09-19,Cava Athleisure,Black Tank Us Later Top,M,TP-GEO-set3-008-YSH-Black-02-M,1299.0,0,37,0.0,38,https://cavaathleisure.com/products/black-tank-us-later-top
2026-09-19,Cava Athleisure,Black Tank Us Later Top,L,TP-GEO-set3-008-YSH-Black-02-L,1299.0,0,42,0.0,43,https://cavaathleisure.com/products/black-tank-us-later-top
2026-09-19,Cava Athleisure,Black Tank Us Later Top,XL,TP-GEO-set3-008-YSH-Black-02-XL,1299.0,0,93,0.0,94,https://cavaathleisure.com/products/black-tank-us-later-top
2026-09-19,Cava Athleisure,Obsidian Black Silhouette Zip Top,S,TP-CAVA-ACU03-Black-S,850.0,1,0,850.0,0,https://cavaathleisure.com/products/obsidian-black-silhouette-zip-top
2026-09-19,Cava Athleisure,Obsidian Black Silhouette Zip Top,XL,TP-CAVA-ACU03-Black-XL,850.0,0,1,0.0,2,https://cavaathleisure.com/products/obsidian-black-silhouette-zip-top
2026-09-19,Cava Athleisure,Slate Blue Seamless Cinched Activewear Set,S,TP/BTM-UD-Light-blue-S/S,1949.0,0,217,0.0,218,https://cavaathleisure.com/products/slate-blue-seamless-cinched-activewear-set
2026-09-19,Cava Athleisure,Slate Blue Seamless Cinched Activewear Set,S,TP/BTM-UD-Light-blue-S/M,1949.0,0,209,0.0,210,https://cavaathleisure.com/products/slate-blue-seamless-cinched-activewear-set
2026-09-19,Cava Athleisure,Slate Blue Seamless Cinched Activewear Set,S,TP/BTM-UD-Light-blue-S/L,1949.0,0,94,0.0,95,https://cavaathleisure.com/products/slate-blue-seamless-cinched-activewear-set
2026-09-19,Cava Athleisure,Slate Blue Seamless Cinched Activewear Set,M,TP/BTM-UD-Light-blue-M/S,1949.0,0,241,0.0,242,https://cavaathleisure.com/products/slate-blue-seamless-cinched-activewear-set
2026-09-19,Cava Athleisure,Slate Blue Seamless Cinched Activewear Set,M,TP/BTM-UD-Light-blue-M/M,1949.0,0,209,0.0,210,https://cavaathleisure.com/products/slate-blue-seamless-cinched-activewear-set
2026-09-19,Cava Athleisure,Slate Blue Seamless Cinched Activewear Set,M,TP/BTM-UD-Light-blue-M/L,1949.0,0,94,0.0,95,https://cavaathleisure.com/products/slate-blue-seamless-cinched-activewear-set
2026-09-19,Cava Athleisure,Slate Blue Seamless Cinched Activewear Set,L,TP/BTM-UD-Light-blue-L/S,1949.0,0,171,0.0,172,https://cavaathleisure.com/products/slate-blue-seamless-cinched-activewear-set
2026-09-19,Cava Athleisure,Slate Blue Seamless Cinched Activewear Set,L,TP/BTM-UD-Light-blue-L/M,1949.0,0,171,0.0,172,https://cavaathleisure.com/products/slate-blue-seamless-cinched-activewear-set
2026-09-19,Cava Athleisure,Slate Blue Seamless Cinched Activewear Set,L,TP/BTM-UD-Light-blue-L/L,1949.0,0,94,0.0,95,https://cavaathleisure.com/products/slate-blue-seamless-cinched-activewear-set
2026-09-19,Cava Athleisure,Black Swirl Tennis Skorts,XS,BTM-Reely-set4-skirt-Jet-Black-XS,1399.0,0,518,0.0,519,https://cavaathleisure.com/products/black-swirl-tennis-skorts
2026-09-19,Cava Athleisure,Black Swirl Tennis Skorts,S,BTM-Reely-set4-skirt-Jet-Black-S,1399.0,0,62,0.0,63,https://cavaathleisure.com/products/black-swirl-tennis-skorts
2026-09-19,Cava Athleisure,Black Swirl Tennis Skorts,S,WSKSET4L45BKS,1399.0,0,37,0.0,38,https://cavaathleisure.com/products/black-swirl-tennis-skorts
2026-09-19,Cava Athleisure,Black Swirl Tennis Skorts,M,BTM-Reely-set4-skirt-Jet-Black-M,1399.0,1,0,1399.0,0,https://cavaathleisure.com/products/black-swirl-tennis-skorts
2026-09-19,Cava Athleisure,Black Swirl Tennis Skorts,M,WSKSET4L45BKM,1399.0,0,38,0.0,39,https://cavaathleisure.com/products/black-swirl-tennis-skorts
2026-09-19,Cava Athleisure,Black Swirl Tennis Skorts,L,WSKSET4L45BKL,1399.0,0,57,0.0,58,https://cavaathleisure.com/products/black-swirl-tennis-skorts
2026-09-19,Cava Athleisure,Black Swirl Tennis Skorts,XL,WSKSET4L45BKXL,1399.0,1,0,1399.0,0,https://cavaathleisure.com/products/black-swirl-tennis-skorts
2026-09-19,Cava Athleisure,Black Swirl Tennis Skorts,XXL,BTM-Reely-set4-skirt-Jet-Black-XXL,1399.0,0,13,0.0,14,https://cavaathleisure.com/products/black-swirl-tennis-skorts
2026-09-19,Cava Athleisure,Black Swirl Tennis Skorts,XXL,WSKSET4L45BKXXL,1399.0,0,16,0.0,17,https://cavaathleisure.com/products/black-swirl-tennis-skorts
2026-09-19,Cava Athleisure,Black Swirl Tennis Skorts,XXXL,WSKSET4L45BKXXXL,1399.0,0,7,0.0,8,https://cavaathleisure.com/products/black-swirl-tennis-skorts
2026-09-19,Cava Athleisure,Ivory Swirl Tennis Skorts,XXS,WSKSET445WHXXS,1399.0,0,15,0.0,16,https://cavaathleisure.com/products/ivory-swirl-tennis-skorts
2026-09-19,Cava Athleisure,Ivory Swirl Tennis Skorts,XS,BTM-Reely-set4-skirt-Blanc-de-Blanc-XS,1399.0,0,42,0.0,43,https://cavaathleisure.com/products/ivory-swirl-tennis-skorts
2026-09-19,Cava Athleisure,Ivory Swirl Tennis Skorts,XS,WSKSET4L45WHXS,1399.0,0,9,0.0,10,https://cavaathleisure.com/products/ivory-swirl-tennis-skorts
2026-09-19,Cava Athleisure,Ivory Swirl Tennis Skorts,S,BTM-Reely-set4-skirt-Blanc-de-Blanc-S,1399.0,0,17,0.0,18,https://cavaathleisure.com/products/ivory-swirl-tennis-skorts
2026-09-19,Cava Athleisure,Ivory Swirl Tennis Skorts,S,WSKSET4L45WHS,1399.0,0,109,0.0,110,https://cavaathleisure.com/products/ivory-swirl-tennis-skorts
2026-09-19,Cava Athleisure,Ivory Swirl Tennis Skorts,M,BTM-Reely-set4-skirt-Blanc-de-Blanc-M,1399.0,0,19,0.0,20,https://cavaathleisure.com/products/ivory-swirl-tennis-skorts
2026-09-19,Cava Athleisure,Ivory Swirl Tennis Skorts,M,WSKSET4L45WHM,1399.0,0,143,0.0,144,https://cavaathleisure.com/products/ivory-swirl-tennis-skorts
2026-09-19,Cava Athleisure,Ivory Swirl Tennis Skorts,L,BTM-Reely-set4-skirt-Blanc-de-Blanc-L,1399.0,0,1,0.0,1,https://cavaathleisure.com/products/ivory-swirl-tennis-skorts
2026-09-19,Cava Athleisure,Ivory Swirl Tennis Skorts,L,WSKSET4L45WHL,1399.0,0,64,0.0,65,https://cavaathleisure.com/products/ivory-swirl-tennis-skorts
2026-09-19,Cava Athleisure,Ivory Swirl Tennis Skorts,XL,BTM-Reely-set4-skirt-Blanc-de-Blanc-XL,1399.0,0,14,0.0,15,https://cavaathleisure.com/products/ivory-swirl-tennis-skorts
2026-09-19,Cava Athleisure,Ivory Swirl Tennis Skorts,XL,WSKSET4L45WHXL,1399.0,0,9,0.0,10,https://cavaathleisure.com/products/ivory-swirl-tennis-skorts
2026-09-19,Cava Athleisure,Ivory Swirl Tennis Skorts,XXL,BTM-Reely-set4-skirt-Blanc-de-Blanc-XXL,1399.0,0,26,0.0,27,https://cavaathleisure.com/products/ivory-swirl-tennis-skorts
2026-09-19,Cava Athleisure,Ivory Swirl Tennis Skorts,XXL,WSKSET4L45WHXXL,1399.0,0,13,0.0,14,https://cavaathleisure.com/products/ivory-swirl-tennis-skorts
2026-09-19,Cava Athleisure,Ivory Swirl Tennis Skorts,XXXL,WSKSET445WHXXXL,1399.0,0,24,0.0,25,https://cavaathleisure.com/products/ivory-swirl-tennis-skorts
2026-09-19,Cava Athleisure,Ivory Swirl Tennis Skorts,XXXL,WSKSET4L45WHXXL,1399.0,0,13,0.0,14,https://cavaathleisure.com/products/ivory-swirl-tennis-skorts
2026-09-19,Cava Athleisure,Auburn Seamless Cinched Activewear Set,S,TP/BTM-UD-Wine-red-S/S,1949.0,0,334,0.0,335,https://cavaathleisure.com/products/auburn-seamless-cinched-activewear-set
2026-09-19,Cava Athleisure,Auburn Seamless Cinched Activewear Set,S,TP/BTM-UD-Wine-red-S/M,1949.0,0,334,0.0,335,https://cavaathleisure.com/products/auburn-seamless-cinched-activewear-set
2026-09-19,Cava Athleisure,Auburn Seamless Cinched Activewear Set,S,TP/BTM-UD-Wine-red-S/L,1949.0,0,334,0.0,335,https://cavaathleisure.com/products/auburn-seamless-cinched-activewear-set
2026-09-19,Cava Athleisure,Auburn Seamless Cinched Activewear Set,M,TP/BTM-UD-Wine-red-M/S,1949.0,0,150,0.0,151,https://cavaathleisure.com/products/auburn-seamless-cinched-activewear-set
2026-09-19,Cava Athleisure,Auburn Seamless Cinched Activewear Set,M,TP/BTM-UD-Wine-red-M/M,1949.0,0,150,0.0,151,https://cavaathleisure.com/products/auburn-seamless-cinched-activewear-set
2026-09-19,Cava Athleisure,Auburn Seamless Cinched Activewear Set,M,TP/BTM-UD-Wine-red-M/L,1949.0,0,150,0.0,151,https://cavaathleisure.com/products/auburn-seamless-cinched-activewear-set
2026-09-19,Cava Athleisure,Auburn Seamless Cinched Activewear Set,L,TP/BTM-UD-Wine-red-L/S,1949.0,0,109,0.0,110,https://cavaathleisure.com/products/auburn-seamless-cinched-activewear-set
2026-09-19,Cava Athleisure,Auburn Seamless Cinched Activewear Set,L,TP/BTM-UD-Wine-red-L/M,1949.0,0,109,0.0,110,https://cavaathleisure.com/products/auburn-seamless-cinched-activewear-set
2026-09-19,Cava Athleisure,Auburn Seamless Cinched Activewear Set,L,TP/BTM-UD-Wine-red-L/L,1949.0,0,109,0.0,110,https://cavaathleisure.com/products/auburn-seamless-cinched-activewear-set
2026-09-19,Cava Athleisure,Auburn Contoured Seamless Sports Bra,XS,TP-UD-Wine-red-XS,999.0,0,111,0.0,112,https://cavaathleisure.com/products/auburn-contoured-seamless-sports-bra
2026-09-19,Cava Athleisure,Auburn Contoured Seamless Sports Bra,S,TP-UD-Wine red-S,999.0,0,335,0.0,336,https://cavaathleisure.com/products/auburn-contoured-seamless-sports-bra
2026-09-19,Cava Athleisure,Auburn Contoured Seamless Sports Bra,M,TP-UD-Wine red-M,999.0,0,151,0.0,152,https://cavaathleisure.com/products/auburn-contoured-seamless-sports-bra
2026-09-19,Cava Athleisure,Auburn Contoured Seamless Sports Bra,L,TP-UD-Wine red-L,999.0,0,110,0.0,111,https://cavaathleisure.com/products/auburn-contoured-seamless-sports-bra
2026-09-19,Cava Athleisure,Auburn Contoured Seamless Sports Bra,XL,TP-UD-Wine-red-XL,999.0,0,78,0.0,79,https://cavaathleisure.com/products/auburn-contoured-seamless-sports-bra
2026-09-19,Cava Athleisure,Auburn Contoured Seamless Sports Bra,XXL,TP-UD-Wine-red-XXL,999.0,0,75,0.0,76,https://cavaathleisure.com/products/auburn-contoured-seamless-sports-bra
2026-09-19,Cava Athleisure,Auburn Seamless Cinched Leggings,XS,BTM-UD-wine-red-XS,1099.0,0,161,0.0,162,https://cavaathleisure.com/products/auburn-seamless-cinched-leggings
2026-09-19,Cava Athleisure,Auburn Seamless Cinched Leggings,S,BTM-UD-Wine red-S,1099.0,0,837,0.0,838,https://cavaathleisure.com/products/auburn-seamless-cinched-leggings
2026-09-19,Cava Athleisure,Auburn Seamless Cinched Leggings,M,BTM-UD-Wine red-M,1099.0,0,655,0.0,656,https://cavaathleisure.com/products/auburn-seamless-cinched-leggings
2026-09-19,Cava Athleisure,Auburn Seamless Cinched Leggings,L,BTM-UD-Wine red-L,1099.0,0,454,0.0,455,https://cavaathleisure.com/products/auburn-seamless-cinched-leggings
2026-09-19,Cava Athleisure,Auburn Seamless Cinched Leggings,XL,BTM-UD-wine-red-XL,1099.0,0,163,0.0,164,https://cavaathleisure.com/products/auburn-seamless-cinched-leggings
2026-09-19,Cava Athleisure,Auburn Seamless Cinched Leggings,XXL,BTM-UD-Wine-red-XXL,1099.0,0,112,0.0,113,https://cavaathleisure.com/products/auburn-seamless-cinched-leggings
2026-09-19,Cava Athleisure,Slate Blue Seamless Cinched Leggings,XS,BTM-UD-Light-blue-XS,1099.0,0,88,0.0,89,https://cavaathleisure.com/products/slate-blue-seamless-cinched-leggings
2026-09-19,Cava Athleisure,Slate Blue Seamless Cinched Leggings,S,BTM-UD-Light-blue-S,1099.0,0,641,0.0,642,https://cavaathleisure.com/products/slate-blue-seamless-cinched-leggings
2026-09-19,Cava Athleisure,Slate Blue Seamless Cinched Leggings,M,BTM-UD-Light-blue-M,1099.0,0,340,0.0,341,https://cavaathleisure.com/products/slate-blue-seamless-cinched-leggings
2026-09-19,Cava Athleisure,Slate Blue Seamless Cinched Leggings,L,BTM-UD-Light-blue-L,1099.0,0,136,0.0,137,https://cavaathleisure.com/products/slate-blue-seamless-cinched-leggings
2026-09-19,Cava Athleisure,Slate Blue Seamless Cinched Leggings,XL,BTM-UD-Light-Blue-XL,1099.0,0,119,0.0,120,https://cavaathleisure.com/products/slate-blue-seamless-cinched-leggings
2026-09-19,Cava Athleisure,Slate Blue Seamless Cinched Leggings,XXL,BTM-UD-Light-blue-XXL,1099.0,0,55,0.0,56,https://cavaathleisure.com/products/slate-blue-seamless-cinched-leggings
2026-09-19,Cava Athleisure,Raven Black Seamless Cinched Activewear set,S,TP/BTM-UD-Jet-Black-S/S,1949.0,0,361,0.0,362,https://cavaathleisure.com/products/raven-black-seamless-cinched-activewear-set
2026-09-19,Cava Athleisure,Raven Black Seamless Cinched Activewear set,S,TP/BTM-UD-Jet-Black-S/M,1949.0,0,381,0.0,382,https://cavaathleisure.com/products/raven-black-seamless-cinched-activewear-set
2026-09-19,Cava Athleisure,Raven Black Seamless Cinched Activewear set,S,TP/BTM-UD-Jet-Black-S/L,1949.0,0,440,0.0,441,https://cavaathleisure.com/products/raven-black-seamless-cinched-activewear-set
2026-09-19,Cava Athleisure,Raven Black Seamless Cinched Activewear set,M,TP/BTM-UD-Jet-Black-M/S,1949.0,0,409,0.0,410,https://cavaathleisure.com/products/raven-black-seamless-cinched-activewear-set
2026-09-19,Cava Athleisure,Raven Black Seamless Cinched Activewear set,M,TP/BTM-UD-Jet-Black-M/M,1949.0,0,429,0.0,430,https://cavaathleisure.com/products/raven-black-seamless-cinched-activewear-set
2026-09-19,Cava Athleisure,Raven Black Seamless Cinched Activewear set,M,TP/BTM-UD-Jet-Black-M/L,1949.0,0,488,0.0,489,https://cavaathleisure.com/products/raven-black-seamless-cinched-activewear-set
2026-09-19,Cava Athleisure,Raven Black Seamless Cinched Activewear set,L,TP/BTM-UD-Jet-Black-L/S,1949.0,0,397,0.0,398,https://cavaathleisure.com/products/raven-black-seamless-cinched-activewear-set
2026-09-19,Cava Athleisure,Raven Black Seamless Cinched Activewear set,L,TP/BTM-UD-Jet-Black-L/M,1949.0,0,417,0.0,418,https://cavaathleisure.com/products/raven-black-seamless-cinched-activewear-set
2026-09-19,Cava Athleisure,Raven Black Seamless Cinched Activewear set,L,TP/BTM-UD-Jet-Black-L/L,1949.0,0,460,0.0,461,https://cavaathleisure.com/products/raven-black-seamless-cinched-activewear-set
2026-09-19,Cava Athleisure,Raven Black Seamless Cinched Leggings,XS,BTM-UD-Jet-Black-XS,1099.0,0,376,0.0,377,https://cavaathleisure.com/products/raven-black-seamless-cinched-leggings
2026-09-19,Cava Athleisure,Raven Black Seamless Cinched Leggings,S,BTM-UD-Jet-Black-S,1099.0,0,717,0.0,718,https://cavaathleisure.com/products/raven-black-seamless-cinched-leggings
2026-09-19,Cava Athleisure,Raven Black Seamless Cinched Leggings,M,BTM-UD-Jet-Black-M,1099.0,0,615,0.0,616,https://cavaathleisure.com/products/raven-black-seamless-cinched-leggings
2026-09-19,Cava Athleisure,Raven Black Seamless Cinched Leggings,L,BTM-UD-Jet-Black-L,1099.0,0,705,0.0,706,https://cavaathleisure.com/products/raven-black-seamless-cinched-leggings
2026-09-19,Cava Athleisure,Raven Black Seamless Cinched Leggings,XL,BTM-UD-Jet-Black-XL,1099.0,0,542,0.0,543,https://cavaathleisure.com/products/raven-black-seamless-cinched-leggings
2026-09-19,Cava Athleisure,Raven Black Seamless Cinched Leggings,XXL,BTM-UD-Jet-Black-XXL,1099.0,0,382,0.0,383,https://cavaathleisure.com/products/raven-black-seamless-cinched-leggings
2026-09-19,Cava Athleisure,Black Chase Rapid Dry Shorts,XS,MNSOT706-Volar-16-Blk-XS,600.0,0,23,0.0,24,https://cavaathleisure.com/products/black-chase-rapid-dry-shorts
2026-09-19,Cava Athleisure,CAVA Athleisure Gift Card,₹1500.00,,1500.0,0,998,0.0,999,https://cavaathleisure.com/products/cava-athleisure-gift-card
2026-09-19,Cava Athleisure,CAVA Athleisure Gift Card,₹2500.00,,2500.0,0,998,0.0,999,https://cavaathleisure.com/products/cava-athleisure-gift-card
2026-09-19,Cava Athleisure,CAVA Athleisure Gift Card,₹5500.00,,5500.0,0,998,0.0,999,https://cavaathleisure.com/products/cava-athleisure-gift-card
2026-09-19,Cava Athleisure,CAVA Athleisure Gift Card,₹7500.00,,7500.0,0,998,0.0,999,https://cavaathleisure.com/products/cava-athleisure-gift-card
2026-09-19,Cava Athleisure,CAVA Athleisure Gift Card,₹11000.00,,11000.0,0,998,0.0,999,https://cavaathleisure.com/products/cava-athleisure-gift-card
2026-09-19,Cava Athleisure,Slate Blue Contoured Seamless Sports Bra,XS,TP-UD-Light-blue-XS,999.0,0,75,0.0,76,https://cavaathleisure.com/products/slate-blue-contoured-seamless-sports-bra
2026-09-19,Cava Athleisure,Slate Blue Contoured Seamless Sports Bra,S,TP-UD-Light blue-S,999.0,0,218,0.0,219,https://cavaathleisure.com/products/slate-blue-contoured-seamless-sports-bra
2026-09-19,Cava Athleisure,Slate Blue Contoured Seamless Sports Bra,M,TP-UD-Light blue-M,999.0,0,242,0.0,243,https://cavaathleisure.com/products/slate-blue-contoured-seamless-sports-bra
2026-09-19,Cava Athleisure,Slate Blue Contoured Seamless Sports Bra,L,TP-UD-Light blue-L,999.0,0,172,0.0,173,https://cavaathleisure.com/products/slate-blue-contoured-seamless-sports-bra
2026-09-19,Cava Athleisure,Slate Blue Contoured Seamless Sports Bra,XL,TP-UD-Light-blue-XL,999.0,0,55,0.0,56,https://cavaathleisure.com/products/slate-blue-contoured-seamless-sports-bra
2026-09-19,Cava Athleisure,Slate Blue Contoured Seamless Sports Bra,XXL,TP-UD-Light-blue-XXL,999.0,0,55,0.0,56,https://cavaathleisure.com/products/slate-blue-contoured-seamless-sports-bra
2026-09-19,Cava Athleisure,Raven Black Contoured Seamless Sports Bra,XS,TP-UD-Jet-Black-XS,999.0,0,175,0.0,176,https://cavaathleisure.com/products/raven-black-contoured-seamless-sports-bra
2026-09-19,Cava Athleisure,Raven Black Contoured Seamless Sports Bra,S,TP-UD-Jet Black-S,999.0,0,703,0.0,704,https://cavaathleisure.com/products/raven-black-contoured-seamless-sports-bra
2026-09-19,Cava Athleisure,Raven Black Contoured Seamless Sports Bra,M,TP-UD-Jet Black-M,999.0,0,510,0.0,511,https://cavaathleisure.com/products/raven-black-contoured-seamless-sports-bra
2026-09-19,Cava Athleisure,Raven Black Contoured Seamless Sports Bra,L,TP-UD-Jet Black-L,999.0,0,461,0.0,462,https://cavaathleisure.com/products/raven-black-contoured-seamless-sports-bra
2026-09-19,Cava Athleisure,Raven Black Contoured Seamless Sports Bra,XL,TP-UD-Jet-Black-XL,999.0,0,228,0.0,229,https://cavaathleisure.com/products/raven-black-contoured-seamless-sports-bra
2026-09-19,Cava Athleisure,Raven Black Contoured Seamless Sports Bra,XXL,TP-UD-Jet-Black-XXL,999.0,0,133,0.0,134,https://cavaathleisure.com/products/raven-black-contoured-seamless-sports-bra
2026-09-19,Cava Athleisure,Light Grey Utility Jacket,S,MNJKT701-Volar-2-LtGrey-S,1155.0,0,3,0.0,4,https://cavaathleisure.com/products/light-grey-utility-jacket
2026-09-19,Cava Athleisure,Black Utility Sweats,S,MNJR701-Volar-4-Blk-S,980.0,0,12,0.0,13,https://cavaathleisure.com/products/black-utility-sweats
2026-09-19,Cava Athleisure,Light Grey Signature Sprint Hoodie,XS,MNHD702-Volar-9-Grey-XS,1140.0,0,1,0.0,2,https://cavaathleisure.com/products/light-grey-signature-sprint-hoodie
2026-09-19,Cava Athleisure,Light Grey Signature Sprint Hoodie,S,MNHD702-Volar-9-Grey-S,1140.0,0,12,0.0,13,https://cavaathleisure.com/products/light-grey-signature-sprint-hoodie
2026-09-19,Cava Athleisure,Moscow Blue Cava Essential Sweatsuit,XS,CAVA essential sweatsuit-Vamos-87/90-TP536-JR536-MoscowBlue,3569.0,0,2,0.0,3,https://cavaathleisure.com/products/moscow-blue-cava-essential-sweatsuit-1
2026-09-19,Cava Athleisure,Moscow Blue Cava Essential Sweatsuit,S,CAVA essential sweatsuit-Vamos-87/90-TP536-JR536-MoscowBlue,3569.0,0,1,0.0,2,https://cavaathleisure.com/products/moscow-blue-cava-essential-sweatsuit-1
2026-09-19,Cava Athleisure,Arctic White Straight Leg Slit Joggers,S,JR534-Vamos-75-ArticWhite-S,805.0,0,2,0.0,3,https://cavaathleisure.com/products/arctic-white-straight-leg-slit-joggers-1
2026-09-19,Cava Athleisure,Arctic White Straight Leg Slit Joggers,M,JR534-Vamos-75-ArticWhite-M,805.0,0,25,0.0,26,https://cavaathleisure.com/products/arctic-white-straight-leg-slit-joggers-1
2026-09-19,Cava Athleisure,Arctic White Straight Leg Slit Joggers,L,JR534-Vamos-75-ArticWhite-L,805.0,0,16,0.0,17,https://cavaathleisure.com/products/arctic-white-straight-leg-slit-joggers-1
2026-09-19,Cava Athleisure,Boston Black Straight Leg Slit Joggers,XS,JR534-Vamos-78-BostonBlack-XS,805.0,0,14,0.0,15,https://cavaathleisure.com/products/boston-black-straight-leg-slit-joggers
2026-09-19,Cava Athleisure,Boston Black Straight Leg Slit Joggers,M,JR534-Vamos-78-BostonBlack-M,805.0,0,15,0.0,16,https://cavaathleisure.com/products/boston-black-straight-leg-slit-joggers
2026-09-19,Cava Athleisure,Boston Black Straight Leg Slit Joggers,XL,JR534-Vamos-78-BostonBlack-XL,805.0,0,3,0.0,4,https://cavaathleisure.com/products/boston-black-straight-leg-slit-joggers
2026-09-19,Cava Athleisure,Moscow Blue Cava Essential Sweatshirt,XS,TP536-Vamos-87-MoscowBlue-XS,1199.0,0,283,0.0,284,https://cavaathleisure.com/products/moscow-blue-cava-essential-sweatshirt
2026-09-19,Cava Athleisure,Moscow Blue Cava Essential Sweatshirt,S,TP536-Vamos-87-MoscowBlue-S,1199.0,0,475,0.0,476,https://cavaathleisure.com/products/moscow-blue-cava-essential-sweatshirt
2026-09-19,Cava Athleisure,Moscow Blue Cava Essential Sweatshirt,M,TP536-Vamos-87-MoscowBlue-M,1199.0,0,560,0.0,561,https://cavaathleisure.com/products/moscow-blue-cava-essential-sweatshirt
2026-09-19,Cava Athleisure,Moscow Blue Cava Essential Sweatshirt,L,TP536-Vamos-87-MoscowBlue-L,1199.0,0,459,0.0,460,https://cavaathleisure.com/products/moscow-blue-cava-essential-sweatshirt
2026-09-19,Cava Athleisure,Moscow Blue Cava Essential Sweatshirt,XL,TP536-Vamos-87-MoscowBlue-XL,1199.0,0,247,0.0,248,https://cavaathleisure.com/products/moscow-blue-cava-essential-sweatshirt
2026-09-19,Cava Athleisure,Moscow Blue Cava Essential Sweatshirt,XXL,TP536-Vamos-87-MoscowBlue-XXL,1199.0,0,190,0.0,191,https://cavaathleisure.com/products/moscow-blue-cava-essential-sweatshirt
2026-09-19,Cava Athleisure,Boston Black Cava Essential Sweatshirt,XS,TP536-Vamos-88-BostonBlack-XS,1199.0,0,71,0.0,72,https://cavaathleisure.com/products/boston-black-cava-essential-sweatshirt-1
2026-09-19,Cava Athleisure,Boston Black Cava Essential Sweatshirt,S,TP536-Vamos-88-BostonBlack-S,1199.0,0,167,0.0,168,https://cavaathleisure.com/products/boston-black-cava-essential-sweatshirt-1
2026-09-19,Cava Athleisure,Boston Black Cava Essential Sweatshirt,M,TP536-Vamos-88-BostonBlack-M,1199.0,0,55,0.0,56,https://cavaathleisure.com/products/boston-black-cava-essential-sweatshirt-1
2026-09-19,Cava Athleisure,Boston Black Cava Essential Sweatshirt,L,TP536-Vamos-88-BostonBlack-L,1199.0,0,2,0.0,3,https://cavaathleisure.com/products/boston-black-cava-essential-sweatshirt-1
2026-09-19,Cava Athleisure,Boston Black Cava Essential Sweatshirt,XL,TP536-Vamos-88-BostonBlack-XL,1199.0,0,16,0.0,17,https://cavaathleisure.com/products/boston-black-cava-essential-sweatshirt-1
2026-09-19,Cava Athleisure,Boston Black Cava Essential Sweatshirt,XXL,TP536-Vamos-88-BostonBlack-XXL,1199.0,0,3,0.0,4,https://cavaathleisure.com/products/boston-black-cava-essential-sweatshirt-1
2026-09-19,Cava Athleisure,Black Slim Fit Jogger,XL,jgr-sol-20-BLK-XL,600.0,0,8,0.0,9,https://cavaathleisure.com/products/black-slim-fit-jogger
2026-09-19,Cava Athleisure,Black Slim Fit Jogger,XXL,jgr-sol-20-BLK-XXL,600.0,0,10,0.0,11,https://cavaathleisure.com/products/black-slim-fit-jogger
2026-09-19,Cava Athleisure,Black Pinstripe Hoodie,M,HD-sol-17-BLK-M,1000.0,0,46,0.0,47,https://cavaathleisure.com/products/black-pinstripe-hoodie
2026-09-19,Cava Athleisure,Black Pinstripe Hoodie,L,HD-sol-17-BLK-L,1000.0,0,17,0.0,18,https://cavaathleisure.com/products/black-pinstripe-hoodie
2026-09-19,Cava Athleisure,Navy Ribbed Round Neck Tee,M,Tee-sol2.0-64-navy-M,473.0,0,3,0.0,4,https://cavaathleisure.com/products/navy-ribbed-round-neck-tee
2026-09-19,Cava Athleisure,Navy Ribbed Round Neck Tee,L,Tee-sol2.0-64-navy-L,473.0,0,30,0.0,31,https://cavaathleisure.com/products/navy-ribbed-round-neck-tee
2026-09-19,Musclemind,High Waist Flare Pants,XS,8906189276149,1999.0,0,8,0.0,9,https://musclemind.com/products/high-waist-flare-pants-3
2026-09-19,Musclemind,High Waist Flare Pants,S,8906189276156,1999.0,0,32,0.0,32,https://musclemind.com/products/high-waist-flare-pants-3
2026-09-19,Musclemind,High Waist Flare Pants,M,8906189276163,1999.0,0,43,0.0,43,https://musclemind.com/products/high-waist-flare-pants-3
2026-09-19,Musclemind,High Waist Flare Pants,L,8906189276170,1999.0,0,49,0.0,50,https://musclemind.com/products/high-waist-flare-pants-3
2026-09-19,Musclemind,High Waist Flare Pants,XL,8906189276187,1999.0,0,30,0.0,30,https://musclemind.com/products/high-waist-flare-pants-3
2026-09-19,Musclemind,High Waist Flare Pants,XXL,8906189276194,1999.0,0,8,0.0,9,https://musclemind.com/products/high-waist-flare-pants-3
2026-09-19,Musclemind,High Waist Flare Pants,S,8906189276217,1999.0,1,0,1999.0,17,https://musclemind.com/products/high-waist-flare-pants-2
2026-09-19,Musclemind,High Waist Flare Pants,M,8906189276224,1999.0,1,0,1999.0,37,https://musclemind.com/products/high-waist-flare-pants-2
2026-09-19,Musclemind,High Waist Flare Pants,XL,8906189276248,1999.0,1,0,1999.0,22,https://musclemind.com/products/high-waist-flare-pants-2
2026-09-19,Musclemind,High Waist Flare Pants,M,8906189276101,1999.0,1,0,1999.0,48,https://musclemind.com/products/high-waist-flare-pants
2026-09-19,Musclemind,High Waist Flare Pants,L,8906189276118,1999.0,2,0,3998.0,47,https://musclemind.com/products/high-waist-flare-pants
2026-09-19,Musclemind,High Waist Flare Pants,XL,8906189276125,1999.0,1,0,1999.0,32,https://musclemind.com/products/high-waist-flare-pants
2026-09-19,Musclemind,High Waist Flare Pants,XS,8906189276262,1999.0,2,0,3998.0,6,https://musclemind.com/products/high-waist-flare-pants-1
2026-09-19,Musclemind,High Waist Flare Pants,S,8906189276279,1999.0,1,0,1999.0,32,https://musclemind.com/products/high-waist-flare-pants-1
2026-09-19,Musclemind,High Waist Flare Pants,M,8906189276286,1999.0,1,0,1999.0,44,https://musclemind.com/products/high-waist-flare-pants-1
2026-09-19,Musclemind,High Waist Flare Pants,L,8906189276293,1999.0,1,0,1999.0,55,https://musclemind.com/products/high-waist-flare-pants-1
2026-09-19,Musclemind,Branded Tailored Tank,M,8906189276057,1299.0,1,0,1299.0,7,https://musclemind.com/products/branded-tailored-tank
2026-09-19,Musclemind,Branded Tailored Tank,L,8906189276064,1299.0,1,0,1299.0,3,https://musclemind.com/products/branded-tailored-tank
2026-09-19,Musclemind,Branded Tailored Tank,XL,8906189276071,1299.0,1,0,1299.0,5,https://musclemind.com/products/branded-tailored-tank
2026-09-19,Musclemind,High Waist Flare Pants,XS,8906189275616,1999.0,4,0,7996.0,13,https://musclemind.com/products/high-waist-flare-pants-navy-blue
2026-09-19,Musclemind,High Waist Flare Pants,S,8906189275623,1999.0,5,0,9995.0,34,https://musclemind.com/products/high-waist-flare-pants-navy-blue
2026-09-19,Musclemind,High Waist Flare Pants,M,8906189275630,1999.0,3,0,5997.0,26,https://musclemind.com/products/high-waist-flare-pants-navy-blue
2026-09-19,Musclemind,High Waist Flare Pants,L,8906189275647,1999.0,4,0,7996.0,22,https://musclemind.com/products/high-waist-flare-pants-navy-blue
2026-09-19,Musclemind,High Waist Flare Pants,XL,8906189275654,1999.0,0,1,0.0,1,https://musclemind.com/products/high-waist-flare-pants-navy-blue
2026-09-19,Musclemind,Core Training Ultralight T-shirt,M,8906189275029,1799.0,1,0,1799.0,12,https://musclemind.com/products/core-training-ultralight-t-shirt-2
2026-09-19,Musclemind,Core Training Ultralight T-shirt,L,8906189275036,1799.0,1,0,1799.0,12,https://musclemind.com/products/core-training-ultralight-t-shirt-2
2026-09-19,Musclemind,Core Training Ultralight T-shirt,XL,8906189275043,1799.0,1,0,1799.0,15,https://musclemind.com/products/core-training-ultralight-t-shirt-2
2026-09-19,Musclemind,Core Training Ultralight T-shirt,S,8906189274916,1799.0,1,0,1799.0,6,https://musclemind.com/products/core-training-ultralight-t-shirt-1
2026-09-19,Musclemind,Core Training Ultralight T-shirt,M,8906189274923,1799.0,2,0,3598.0,8,https://musclemind.com/products/core-training-ultralight-t-shirt-1
2026-09-19,Musclemind,Core Training Ultralight T-shirt,L,8906189274930,1799.0,1,0,1799.0,15,https://musclemind.com/products/core-training-ultralight-t-shirt-1
2026-09-19,Musclemind,Core Training Ultralight T-shirt,XL,8906189274947,1799.0,2,0,3598.0,17,https://musclemind.com/products/core-training-ultralight-t-shirt-1
2026-09-19,Musclemind,Core Training Ultralight T-shirt,XXL,8906189274954,1799.0,2,0,3598.0,6,https://musclemind.com/products/core-training-ultralight-t-shirt-1
2026-09-19,Musclemind,Core Training Ultralight T-shirt,M,8906189274978,1799.0,5,0,8995.0,5,https://musclemind.com/products/core-training-ultralight-t-shirt
2026-09-19,Musclemind,Core Training Ultralight T-shirt,XL,8906189274992,1799.0,1,0,1799.0,7,https://musclemind.com/products/core-training-ultralight-t-shirt
2026-09-19,Musclemind,Core Training Ultralight T-shirt,XXL,8906189275005,1799.0,2,0,3598.0,2,https://musclemind.com/products/core-training-ultralight-t-shirt
2026-09-19,Musclemind,Essential Performance T-shirt,S,8906189275463,1799.0,1,0,1799.0,6,https://musclemind.com/products/essential-performance-t-shirt-1
2026-09-19,Musclemind,Essential Performance T-shirt,M,8906189275470,1799.0,3,0,5397.0,8,https://musclemind.com/products/essential-performance-t-shirt-1
2026-09-19,Musclemind,Essential Performance T-shirt,L,8906189275531,1799.0,1,0,1799.0,5,https://musclemind.com/products/essential-performance-t-shirt
2026-09-19,Musclemind,Essential Performance T-shirt,XL,8906189275548,1799.0,1,0,1799.0,9,https://musclemind.com/products/essential-performance-t-shirt
2026-09-19,Musclemind,Core Motion Training T-shirt,M,8906189275173,1599.0,1,0,1599.0,3,https://musclemind.com/products/core-motion-training-t-shirt-2
2026-09-19,Musclemind,Core Motion Training T-shirt,L,8906189275180,1599.0,2,0,3198.0,3,https://musclemind.com/products/core-motion-training-t-shirt-2
2026-09-19,Musclemind,Core Motion Training T-shirt,XL,8906189275197,1599.0,1,0,1599.0,5,https://musclemind.com/products/core-motion-training-t-shirt-2
2026-09-19,Musclemind,Core Motion Training T-shirt,S,8906189275111,1599.0,1,0,1599.0,4,https://musclemind.com/products/core-motion-training-t-shirt-1
2026-09-19,Musclemind,Core Motion Training T-shirt,M,8906189275128,1599.0,1,0,1599.0,13,https://musclemind.com/products/core-motion-training-t-shirt-1
2026-09-19,Musclemind,Core Motion Training T-shirt,XXL,8906189275159,1599.0,2,0,3198.0,0,https://musclemind.com/products/core-motion-training-t-shirt-1
2026-09-19,Musclemind,Core Motion Training T-shirt,M,8906189275074,1599.0,1,0,1599.0,14,https://musclemind.com/products/core-motion-training-t-shirt
2026-09-19,Musclemind,Core Motion Training T-shirt,XL,8906189275098,1599.0,1,0,1599.0,10,https://musclemind.com/products/core-motion-training-t-shirt
2026-09-19,Musclemind,Core Motion Training T-shirt,XXL,8906189275104,1599.0,1,0,1599.0,1,https://musclemind.com/products/core-motion-training-t-shirt
2026-09-19,Musclemind,Breathable Mesh Training Pants,M,8906189275227,2499.0,3,0,7497.0,13,https://musclemind.com/products/breathable-mesh-training-pants
2026-09-19,Musclemind,Breathable Mesh Training Pants,L,8906189275241,2499.0,3,0,7497.0,13,https://musclemind.com/products/breathable-mesh-training-pants
2026-09-19,Musclemind,Breathable Mesh Training Pants,XL,8906189275234,2499.0,3,0,7497.0,13,https://musclemind.com/products/breathable-mesh-training-pants
2026-09-19,Musclemind,Breathable Mesh Training Pants,XXL,8906189275258,2499.0,3,0,7497.0,2,https://musclemind.com/products/breathable-mesh-training-pants
2026-09-19,Musclemind,Breathable Mesh Training Pants,S,8906189275265,2499.0,2,0,4998.0,2,https://musclemind.com/products/breathable-mesh-training-pants-1
2026-09-19,Musclemind,Breathable Mesh Training Pants,M,8906189275272,2499.0,3,0,7497.0,7,https://musclemind.com/products/breathable-mesh-training-pants-1
2026-09-19,Musclemind,Breathable Mesh Training Pants,L,8906189275289,2499.0,3,0,7497.0,7,https://musclemind.com/products/breathable-mesh-training-pants-1
2026-09-19,Musclemind,Breathable Mesh Training Pants,XL,8906189275296,2499.0,2,0,4998.0,15,https://musclemind.com/products/breathable-mesh-training-pants-1
2026-09-19,Musclemind,Breathable Mesh Training Pants,XXL,8906189275302,2499.0,3,0,7497.0,5,https://musclemind.com/products/breathable-mesh-training-pants-1
2026-09-19,Musclemind,Ugly Christmas Sweater,XS,8906189271687,5299.0,1,0,5299.0,12,https://musclemind.com/products/ugly-christmas-sweater-unisex-red
2026-09-19,Musclemind,Ugly Christmas Sweater,S,8906189271694,5299.0,1,0,5299.0,9,https://musclemind.com/products/ugly-christmas-sweater-unisex-red
2026-09-19,Musclemind,Cozy Go Trackpants,XS,8906189274657,3599.0,4,0,14396.0,16,https://musclemind.com/products/cozy-wide-leg-trackpants-black
2026-09-19,Musclemind,Cozy Go Trackpants,S,8906189274664,3599.0,5,0,17995.0,26,https://musclemind.com/products/cozy-wide-leg-trackpants-black
2026-09-19,Musclemind,Cozy Go Trackpants,M,8906189274671,3599.0,3,0,10797.0,22,https://musclemind.com/products/cozy-wide-leg-trackpants-black
2026-09-19,Musclemind,Cozy Go Trackpants,L,8906189274688,3599.0,3,0,10797.0,23,https://musclemind.com/products/cozy-wide-leg-trackpants-black
2026-09-19,Musclemind,Cozy Go Trackpants,XL,8906189274695,3599.0,3,0,10797.0,10,https://musclemind.com/products/cozy-wide-leg-trackpants-black
2026-09-19,Musclemind,Ugly Christmas Sweater,M,8906189271762,5299.0,1,0,5299.0,10,https://musclemind.com/products/ugly-christmas-sweater-unisex-blue
2026-09-19,Musclemind,Ugly Christmas Sweater,L,8906189271779,5299.0,2,0,10598.0,14,https://musclemind.com/products/ugly-christmas-sweater-unisex-blue
2026-09-19,Musclemind,Cozy Go Trackpants,XS,8906189274701,3599.0,3,0,10797.0,17,https://musclemind.com/products/cozy-wide-leg-trackpants-brown
2026-09-19,Musclemind,Cozy Go Trackpants,S,8906189274718,3599.0,3,0,10797.0,8,https://musclemind.com/products/cozy-wide-leg-trackpants-brown
2026-09-19,Musclemind,Cozy Go Trackpants,M,8906189274725,3599.0,4,0,14396.0,24,https://musclemind.com/products/cozy-wide-leg-trackpants-brown
2026-09-19,Musclemind,Cozy Go Trackpants,L,8906189274732,3599.0,4,0,14396.0,35,https://musclemind.com/products/cozy-wide-leg-trackpants-brown
2026-09-19,Musclemind,Cozy Go Trackpants,XL,8906189274749,3599.0,3,0,10797.0,11,https://musclemind.com/products/cozy-wide-leg-trackpants-brown
2026-09-19,Musclemind,Cozy Go Quarter Zip Sweatshirt,XS,8906189274558,2599.0,3,0,7797.0,20,https://musclemind.com/products/cozy-go-quarter-zip-sweatshirt-black
2026-09-19,Musclemind,Cozy Go Quarter Zip Sweatshirt,S,8906189274565,2599.0,3,0,7797.0,25,https://musclemind.com/products/cozy-go-quarter-zip-sweatshirt-black
2026-09-19,Musclemind,Cozy Go Quarter Zip Sweatshirt,M,8906189274572,2599.0,3,0,7797.0,25,https://musclemind.com/products/cozy-go-quarter-zip-sweatshirt-black
2026-09-19,Musclemind,Cozy Go Quarter Zip Sweatshirt,L,8906189274589,2599.0,3,0,7797.0,23,https://musclemind.com/products/cozy-go-quarter-zip-sweatshirt-black
2026-09-19,Musclemind,Cozy Go Quarter Zip Sweatshirt,XL,8906189274596,2599.0,3,0,7797.0,15,https://musclemind.com/products/cozy-go-quarter-zip-sweatshirt-black
2026-09-19,Musclemind,Urban Carry-On Cargo Pants,S,8906189274756,3699.0,3,0,11097.0,13,https://musclemind.com/products/urban-carry-on-cargopants-brown
2026-09-19,Musclemind,Urban Carry-On Cargo Pants,M,8906189274763,3699.0,3,0,11097.0,25,https://musclemind.com/products/urban-carry-on-cargopants-brown
2026-09-19,Musclemind,Urban Carry-On Cargo Pants,L,8906189274770,3699.0,4,0,14796.0,20,https://musclemind.com/products/urban-carry-on-cargopants-brown
2026-09-19,Musclemind,Urban Carry-On Cargo Pants,XL,8906189274787,3699.0,4,0,14796.0,21,https://musclemind.com/products/urban-carry-on-cargopants-brown
2026-09-19,Musclemind,Urban Carry-On Cargo Pants,XXL,8906189274794,3699.0,3,0,11097.0,18,https://musclemind.com/products/urban-carry-on-cargopants-brown
2026-09-19,Musclemind,Cozy Go Quarter Zip Sweatshirt,XS,8906189274602,2599.0,3,0,7797.0,20,https://musclemind.com/products/cozy-go-quarter-zip-sweatshirt-brown
2026-09-19,Musclemind,Cozy Go Quarter Zip Sweatshirt,S,8906189274619,2599.0,3,0,7797.0,25,https://musclemind.com/products/cozy-go-quarter-zip-sweatshirt-brown
2026-09-19,Musclemind,Cozy Go Quarter Zip Sweatshirt,M,8906189274626,2599.0,3,0,7797.0,26,https://musclemind.com/products/cozy-go-quarter-zip-sweatshirt-brown
2026-09-19,Musclemind,Cozy Go Quarter Zip Sweatshirt,L,8906189274633,2599.0,3,0,7797.0,23,https://musclemind.com/products/cozy-go-quarter-zip-sweatshirt-brown
2026-09-19,Musclemind,Cozy Go Quarter Zip Sweatshirt,XL,8906189274640,2599.0,3,0,7797.0,6,https://musclemind.com/products/cozy-go-quarter-zip-sweatshirt-brown
2026-09-19,Musclemind,Urban Carry-On Cargo Pants,S,8906189274800,3699.0,4,0,14796.0,7,https://musclemind.com/products/urban-carry-on-cargopants-black
2026-09-19,Musclemind,Urban Carry-On Cargo Pants,M,8906189274817,3699.0,4,0,14796.0,16,https://musclemind.com/products/urban-carry-on-cargopants-black
2026-09-19,Musclemind,Urban Carry-On Cargo Pants,L,8906189274824,3699.0,3,0,11097.0,20,https://musclemind.com/products/urban-carry-on-cargopants-black
2026-09-19,Musclemind,Urban Carry-On Cargo Pants,XL,8906189274831,3699.0,3,0,11097.0,23,https://musclemind.com/products/urban-carry-on-cargopants-black
2026-09-19,Musclemind,Urban Carry-On Cargo Pants,XXL,8906189274848,3699.0,3,0,11097.0,13,https://musclemind.com/products/urban-carry-on-cargopants-black
2026-09-19,Musclemind,Cloud Ease Oversized Cropped Hoodie,XS,8906189271632,1299.0,3,0,3897.0,12,https://musclemind.com/products/cloud-ease-oversized-cropped-hoodie-brown
2026-09-19,Musclemind,Cloud Ease Oversized Cropped Hoodie,S,8906189271649,1299.0,3,0,3897.0,22,https://musclemind.com/products/cloud-ease-oversized-cropped-hoodie-brown
2026-09-19,Musclemind,Cloud Ease Oversized Cropped Hoodie,M,8906189271656,1299.0,3,0,3897.0,15,https://musclemind.com/products/cloud-ease-oversized-cropped-hoodie-brown
2026-09-19,Musclemind,Cloud Ease Oversized Cropped Hoodie,L,8906189271663,1299.0,3,0,3897.0,20,https://musclemind.com/products/cloud-ease-oversized-cropped-hoodie-brown
2026-09-19,Musclemind,Cloud Ease Oversized Cropped Hoodie,XL,8906189271670,1299.0,3,0,3897.0,15,https://musclemind.com/products/cloud-ease-oversized-cropped-hoodie-brown
2026-09-19,Musclemind,Urban Quarter Zip Sweatshirt,S,8906189274503,2599.0,1,0,2599.0,9,https://musclemind.com/products/urban-quarter-zip-sweatshirt-brown
2026-09-19,Musclemind,Urban Quarter Zip Sweatshirt,M,8906189274510,2599.0,1,0,2599.0,10,https://musclemind.com/products/urban-quarter-zip-sweatshirt-brown
2026-09-19,Musclemind,Mens Cloud Ease Oversized Hoodie,S,8906189270932,1299.0,1,0,1299.0,37,https://musclemind.com/products/mens-cloud-ease-oversized-hoodie-desert-dune
2026-09-19,Musclemind,Mens Cloud Ease Oversized Hoodie,L,8906189270956,1299.0,1,0,1299.0,20,https://musclemind.com/products/mens-cloud-ease-oversized-hoodie-desert-dune
2026-09-19,Musclemind,Urban Quarter Zip Sweatshirt,L,8906189274473,2599.0,1,0,2599.0,6,https://musclemind.com/products/urban-quarter-zip-sweatshirt
2026-09-19,Musclemind,Urban Quarter Zip Sweatshirt,XL,8906189274480,2599.0,1,0,2599.0,6,https://musclemind.com/products/urban-quarter-zip-sweatshirt
2026-09-19,Musclemind,Mens Cloud Ease Oversized Hoodie,S,8906189270888,1299.0,3,0,3897.0,28,https://musclemind.com/products/mens-cloud-ease-oversized-hoodie-shadow-black
2026-09-19,Musclemind,Mens Cloud Ease Oversized Hoodie,M,8906189270895,1299.0,7,0,9093.0,1,https://musclemind.com/products/mens-cloud-ease-oversized-hoodie-shadow-black
2026-09-19,Musclemind,Mens Cloud Ease Oversized Hoodie,L,8906189270901,1299.0,4,0,5196.0,1,https://musclemind.com/products/mens-cloud-ease-oversized-hoodie-shadow-black
2026-09-19,Musclemind,Mens Cloud Ease Oversized Hoodie,XL,8906189270918,1299.0,4,0,5196.0,8,https://musclemind.com/products/mens-cloud-ease-oversized-hoodie-shadow-black
2026-09-19,Musclemind,Cloud Ease Cropped Hoodie,XS,8906189271588,1299.0,3,0,3897.0,15,https://musclemind.com/products/cloud-eased-cropped-hoodie-black
2026-09-19,Musclemind,Cloud Ease Cropped Hoodie,S,8906189271595,1299.0,3,0,3897.0,19,https://musclemind.com/products/cloud-eased-cropped-hoodie-black
2026-09-19,Musclemind,Cloud Ease Cropped Hoodie,M,8906189271601,1299.0,3,0,3897.0,16,https://musclemind.com/products/cloud-eased-cropped-hoodie-black
2026-09-19,Musclemind,Cloud Ease Cropped Hoodie,L,8906189271618,1299.0,3,0,3897.0,20,https://musclemind.com/products/cloud-eased-cropped-hoodie-black
2026-09-19,Musclemind,Cloud Ease Cropped Hoodie,XL,8906189271625,1299.0,3,0,3897.0,16,https://musclemind.com/products/cloud-eased-cropped-hoodie-black
2026-09-19,Musclemind,Womens Seamless Slim fit T-shirt,XS,8906189274404,999.0,2,0,1998.0,30,https://musclemind.com/products/womens-seamless-slim-fit-t-shirt-purple
2026-09-19,Musclemind,Womens Seamless Slim fit T-shirt,S,8906189274411,999.0,4,0,3996.0,99,https://musclemind.com/products/womens-seamless-slim-fit-t-shirt-purple
2026-09-19,Musclemind,Womens Seamless Slim fit T-shirt,M,8906189274428,999.0,8,0,7992.0,95,https://musclemind.com/products/womens-seamless-slim-fit-t-shirt-purple
2026-09-19,Musclemind,Womens Seamless Slim fit T-shirt,L,8906189274435,999.0,5,0,4995.0,75,https://musclemind.com/products/womens-seamless-slim-fit-t-shirt-purple
2026-09-19,Musclemind,Womens Seamless Slim fit T-shirt,XL,8906189274442,999.0,5,0,4995.0,2,https://musclemind.com/products/womens-seamless-slim-fit-t-shirt-purple
2026-09-19,Musclemind,Womens Seamless Slim fit T-shirt,XS,8906189274350,999.0,3,0,2997.0,32,https://musclemind.com/products/womens-seamless-slim-fit-t-shirt-teal
2026-09-19,Musclemind,Womens Seamless Slim fit T-shirt,S,8906189274367,999.0,2,0,1998.0,105,https://musclemind.com/products/womens-seamless-slim-fit-t-shirt-teal
2026-09-19,Musclemind,Womens Seamless Slim fit T-shirt,M,8906189274374,999.0,8,0,7992.0,86,https://musclemind.com/products/womens-seamless-slim-fit-t-shirt-teal
2026-09-19,Musclemind,Womens Seamless Slim fit T-shirt,L,8906189274381,999.0,4,0,3996.0,78,https://musclemind.com/products/womens-seamless-slim-fit-t-shirt-teal
2026-09-19,Musclemind,Womens Seamless Slim fit T-shirt,XL,8906189274398,999.0,3,0,2997.0,6,https://musclemind.com/products/womens-seamless-slim-fit-t-shirt-teal
2026-09-19,Musclemind,Womens Seamless Slim fit T-shirt,XS,8906189274305,999.0,5,0,4995.0,24,https://musclemind.com/products/womens-seamless-slim-fit-t-shirt-black
2026-09-19,Musclemind,Womens Seamless Slim fit T-shirt,S,8906189274312,999.0,5,0,4995.0,97,https://musclemind.com/products/womens-seamless-slim-fit-t-shirt-black
2026-09-19,Musclemind,Womens Seamless Slim fit T-shirt,M,8906189274329,999.0,4,0,3996.0,92,https://musclemind.com/products/womens-seamless-slim-fit-t-shirt-black
2026-09-19,Musclemind,Womens Seamless Slim fit T-shirt,L,8906189274336,999.0,4,0,3996.0,68,https://musclemind.com/products/womens-seamless-slim-fit-t-shirt-black
2026-09-19,Musclemind,Womens Seamless Slim fit T-shirt,XL,8906189274343,999.0,4,0,3996.0,1,https://musclemind.com/products/womens-seamless-slim-fit-t-shirt-black
2026-09-19,Musclemind,Womens Seamless Leggings,XS,8906189273902,999.0,3,0,2997.0,30,https://musclemind.com/products/womens-seamless-leggings-teal
2026-09-19,Musclemind,Womens Seamless Leggings,S,8906189273919,999.0,3,0,2997.0,101,https://musclemind.com/products/womens-seamless-leggings-teal
2026-09-19,Musclemind,Womens Seamless Leggings,M,8906189273926,999.0,7,0,6993.0,91,https://musclemind.com/products/womens-seamless-leggings-teal
2026-09-19,Musclemind,Womens Seamless Leggings,L,8906189273933,999.0,3,0,2997.0,72,https://musclemind.com/products/womens-seamless-leggings-teal
2026-09-19,Musclemind,Womens Seamless Leggings,XL,8906189273940,999.0,3,0,2997.0,4,https://musclemind.com/products/womens-seamless-leggings-teal
2026-09-19,Musclemind,Womens Seamless Leggings,XS,8906189273957,999.0,3,0,2997.0,29,https://musclemind.com/products/womens-seamless-leggings-purple
2026-09-19,Musclemind,Womens Seamless Leggings,S,8906189273964,999.0,4,0,3996.0,96,https://musclemind.com/products/womens-seamless-leggings-purple
2026-09-19,Musclemind,Womens Seamless Leggings,M,8906189273971,999.0,4,0,3996.0,95,https://musclemind.com/products/womens-seamless-leggings-purple
2026-09-19,Musclemind,Womens Seamless Leggings,L,8906189273988,999.0,4,0,3996.0,71,https://musclemind.com/products/womens-seamless-leggings-purple
2026-09-19,Musclemind,Womens Seamless Leggings,XL,8906189273995,999.0,3,0,2997.0,4,https://musclemind.com/products/womens-seamless-leggings-purple
2026-09-19,Musclemind,Womens Seamless Leggings,XS,8906189273858,999.0,3,0,2997.0,9,https://musclemind.com/products/womens-seamless-leggings-black
2026-09-19,Musclemind,Womens Seamless Leggings,S,8906189273865,999.0,1,0,999.0,47,https://musclemind.com/products/womens-seamless-leggings-black
2026-09-19,Musclemind,Womens Seamless Leggings,M,8906189273872,999.0,4,0,3996.0,29,https://musclemind.com/products/womens-seamless-leggings-black
2026-09-19,Musclemind,Womens Seamless Leggings,L,8906189273889,999.0,6,0,5994.0,18,https://musclemind.com/products/womens-seamless-leggings-black
2026-09-19,Musclemind,Womens Biker Shorts,XS,8906189273759,999.0,2,0,1998.0,3,https://musclemind.com/products/womens-biker-shorts-teal
2026-09-19,Musclemind,Womens Biker Shorts,S,8906189273766,999.0,2,0,1998.0,0,https://musclemind.com/products/womens-biker-shorts-teal
2026-09-19,Musclemind,Womens Biker Shorts,M,8906189273773,999.0,2,0,1998.0,18,https://musclemind.com/products/womens-biker-shorts-teal
2026-09-19,Musclemind,Womens Biker Shorts,L,8906189273780,999.0,4,0,3996.0,19,https://musclemind.com/products/womens-biker-shorts-teal
2026-09-19,Musclemind,Womens Biker Shorts,XL,8906189273797,999.0,1,0,999.0,1,https://musclemind.com/products/womens-biker-shorts-teal
2026-09-19,Musclemind,Womens Biker Shorts,XS,8906189273803,999.0,1,0,999.0,2,https://musclemind.com/products/womens-biker-shorts-pink
2026-09-19,Musclemind,Womens Biker Shorts,S,8906189273810,999.0,1,0,999.0,0,https://musclemind.com/products/womens-biker-shorts-pink
2026-09-19,Musclemind,Womens Biker Shorts,L,8906189273735,999.0,1,0,999.0,17,https://musclemind.com/products/womens-biker-shorts-black
2026-09-19,Musclemind,Womens Tank Top,M,8906189274121,999.0,1,0,999.0,19,https://musclemind.com/products/womens-tank-pink
2026-09-19,Musclemind,Womens Tank Top,L,8906189274138,999.0,1,0,999.0,25,https://musclemind.com/products/womens-tank-pink
2026-09-19,Musclemind,Womens Tank Top,XL,8906189274145,999.0,1,0,999.0,0,https://musclemind.com/products/womens-tank-pink
2026-09-19,Musclemind,Womens Tank Top,XS,8906189274008,999.0,2,0,1998.0,5,https://musclemind.com/products/womens-tank-black
2026-09-19,Musclemind,Womens Tank Top,M,8906189274022,999.0,3,0,2997.0,10,https://musclemind.com/products/womens-tank-black
2026-09-19,Musclemind,Womens Tank Top,L,8906189274039,999.0,2,0,1998.0,21,https://musclemind.com/products/womens-tank-black
2026-09-19,Musclemind,Womens Tank Top,XL,8906189274046,999.0,1,0,999.0,2,https://musclemind.com/products/womens-tank-black
2026-09-19,Musclemind,Womens Tank Top,XS,8906189274053,999.0,2,0,1998.0,7,https://musclemind.com/products/womens-tank-teal
2026-09-19,Musclemind,Womens Tank Top,S,8906189274060,999.0,3,0,2997.0,3,https://musclemind.com/products/womens-tank-teal
2026-09-19,Musclemind,Womens Tank Top,M,8906189274077,999.0,4,0,3996.0,21,https://musclemind.com/products/womens-tank-teal
2026-09-19,Musclemind,Womens Tank Top,L,8906189274084,999.0,4,0,3996.0,19,https://musclemind.com/products/womens-tank-teal
2026-09-19,Musclemind,Womens Tank Top,XL,8906189274091,999.0,3,0,2997.0,4,https://musclemind.com/products/womens-tank-teal
2026-09-19,Musclemind,Womens Cycling Shorts,XS,8906189273650,1999.0,3,0,5997.0,1,https://musclemind.com/products/womens-cycling-shorts-pink
2026-09-19,Musclemind,Womens Cycling Shorts,S,8906189273667,1999.0,5,0,9995.0,6,https://musclemind.com/products/womens-cycling-shorts-pink
2026-09-19,Musclemind,Womens Cycling Shorts,M,8906189273674,1999.0,3,0,5997.0,45,https://musclemind.com/products/womens-cycling-shorts-pink
2026-09-19,Musclemind,Womens Cycling Shorts,L,8906189273681,1999.0,3,0,5997.0,12,https://musclemind.com/products/womens-cycling-shorts-pink
2026-09-19,Musclemind,Womens Cycling Shorts,XL,8906189273698,1999.0,3,0,5997.0,2,https://musclemind.com/products/womens-cycling-shorts-pink
2026-09-19,Musclemind,Womens Cycling Shorts,XS,8906189273605,1999.0,3,0,5997.0,1,https://musclemind.com/products/womens-cycling-shorts-teal
2026-09-19,Musclemind,Womens Cycling Shorts,S,8906189273612,1999.0,3,0,5997.0,14,https://musclemind.com/products/womens-cycling-shorts-teal
2026-09-19,Musclemind,Womens Cycling Shorts,M,8906189273629,1999.0,1,0,1999.0,43,https://musclemind.com/products/womens-cycling-shorts-teal
2026-09-19,Musclemind,Womens Cycling Shorts,L,8906189273636,1999.0,4,0,7996.0,18,https://musclemind.com/products/womens-cycling-shorts-teal
2026-09-19,Musclemind,Womens Cycling Shorts,XL,8906189273643,1999.0,4,0,7996.0,3,https://musclemind.com/products/womens-cycling-shorts-teal
2026-09-19,Musclemind,Womens Cycling Shorts,XS,8906189273551,1999.0,4,0,7996.0,4,https://musclemind.com/products/womens-cycling-shorts-black
2026-09-19,Musclemind,Womens Cycling Shorts,S,8906189273568,1999.0,2,0,3998.0,0,https://musclemind.com/products/womens-cycling-shorts-black
2026-09-19,Musclemind,Womens Cycling Shorts,M,8906189273575,1999.0,3,0,5997.0,27,https://musclemind.com/products/womens-cycling-shorts-black
2026-09-19,Musclemind,Womens Cycling Shorts,L,8906189273582,1999.0,3,0,5997.0,0,https://musclemind.com/products/womens-cycling-shorts-black
2026-09-19,Musclemind,Womens Sports Bra,S,8906189274268,999.0,2,0,1998.0,2,https://musclemind.com/products/womens-sports-bra-pink
2026-09-19,Musclemind,Womens Sports Bra,M,8906189274275,999.0,1,0,999.0,49,https://musclemind.com/products/womens-sports-bra-pink
2026-09-19,Musclemind,Womens Sports Bra,S,8906189274213,999.0,3,0,2997.0,9,https://musclemind.com/products/womens-sports-bra-teal
2026-09-19,Musclemind,Womens Sports Bra,M,8906189274220,999.0,2,0,1998.0,51,https://musclemind.com/products/womens-sports-bra-teal
2026-09-19,Musclemind,Womens Sports Bra,L,8906189274237,999.0,1,0,999.0,46,https://musclemind.com/products/womens-sports-bra-teal
2026-09-19,Musclemind,Womens Sports Bra,M,8906189274176,999.0,3,0,2997.0,35,https://musclemind.com/products/womens-sports-bra-black
2026-09-19,Musclemind,Womens Sports Bra,L,8906189274183,999.0,2,0,1998.0,35,https://musclemind.com/products/womens-sports-bra-black
2026-09-19,Musclemind,Mens Sleeveless Seamless Compression T-shirt,S,8906189273155,1899.0,7,0,13293.0,11,https://musclemind.com/products/mens-sleeveless-seamless-compression-t-shirt-grey
2026-09-19,Musclemind,Mens Sleeveless Seamless Compression T-shirt,M,8906189273162,1899.0,3,0,5697.0,92,https://musclemind.com/products/mens-sleeveless-seamless-compression-t-shirt-grey
2026-09-19,Musclemind,Mens Sleeveless Seamless Compression T-shirt,L,8906189273179,1899.0,3,0,5697.0,100,https://musclemind.com/products/mens-sleeveless-seamless-compression-t-shirt-grey
2026-09-19,Musclemind,Mens Sleeveless Seamless Compression T-shirt,XL,8906189273186,1899.0,3,0,5697.0,72,https://musclemind.com/products/mens-sleeveless-seamless-compression-t-shirt-grey
2026-09-19,Musclemind,Mens Sleeveless Seamless Compression T-shirt,S,8906189273209,1899.0,5,0,9495.0,9,https://musclemind.com/products/mens-sleeveless-seamless-compression-t-shirt-black
2026-09-19,Musclemind,Mens Sleeveless Seamless Compression T-shirt,M,8906189273216,1899.0,5,0,9495.0,65,https://musclemind.com/products/mens-sleeveless-seamless-compression-t-shirt-black
2026-09-19,Musclemind,Mens Sleeveless Seamless Compression T-shirt,L,8906189273223,1899.0,6,0,11394.0,86,https://musclemind.com/products/mens-sleeveless-seamless-compression-t-shirt-black
2026-09-19,Musclemind,Mens Sleeveless Seamless Compression T-shirt,XL,8906189273230,1899.0,3,0,5697.0,59,https://musclemind.com/products/mens-sleeveless-seamless-compression-t-shirt-black
2026-09-19,Musclemind,Mens Gentlemen Joggers,S,8906189273506,2599.0,5,0,12995.0,22,https://musclemind.com/products/mens-gentlemen-joggers-dark-grey
2026-09-19,Musclemind,Mens Gentlemen Joggers,M,8906189273513,2599.0,5,0,12995.0,47,https://musclemind.com/products/mens-gentlemen-joggers-dark-grey
2026-09-19,Musclemind,Mens Gentlemen Joggers,L,8906189273520,2599.0,3,0,7797.0,51,https://musclemind.com/products/mens-gentlemen-joggers-dark-grey
2026-09-19,Musclemind,Mens Gentlemen Joggers,XL,8906189273537,2599.0,3,0,7797.0,71,https://musclemind.com/products/mens-gentlemen-joggers-dark-grey
2026-09-19,Musclemind,Mens Gentlemen Joggers,XXL,8906189273544,2599.0,3,0,7797.0,21,https://musclemind.com/products/mens-gentlemen-joggers-dark-grey
2026-09-19,Musclemind,Mens Gentlemen Joggers,S,8906189273407,2599.0,3,0,7797.0,17,https://musclemind.com/products/mens-gentlemen-joggers-black
2026-09-19,Musclemind,Mens Gentlemen Joggers,M,8906189273414,2599.0,5,0,12995.0,38,https://musclemind.com/products/mens-gentlemen-joggers-black
2026-09-19,Musclemind,Mens Gentlemen Joggers,L,8906189273421,2599.0,3,0,7797.0,58,https://musclemind.com/products/mens-gentlemen-joggers-black
2026-09-19,Musclemind,Mens Gentlemen Joggers,XL,8906189273438,2599.0,4,0,10396.0,49,https://musclemind.com/products/mens-gentlemen-joggers-black
2026-09-19,Musclemind,Mens Gentlemen Joggers,XXL,8906189273445,2599.0,4,0,10396.0,14,https://musclemind.com/products/mens-gentlemen-joggers-black
2026-09-19,Musclemind,Mens Gentlemen Joggers,S,8906189273452,2599.0,3,0,7797.0,21,https://musclemind.com/products/mens-gentlemen-joggers-light-grey
2026-09-19,Musclemind,Mens Gentlemen Joggers,M,8906189273469,2599.0,4,0,10396.0,52,https://musclemind.com/products/mens-gentlemen-joggers-light-grey
2026-09-19,Musclemind,Mens Gentlemen Joggers,L,8906189273476,2599.0,4,0,10396.0,45,https://musclemind.com/products/mens-gentlemen-joggers-light-grey
2026-09-19,Musclemind,Mens Gentlemen Joggers,XL,8906189273483,2599.0,4,0,10396.0,88,https://musclemind.com/products/mens-gentlemen-joggers-light-grey
2026-09-19,Musclemind,Mens Gentlemen Joggers,XXL,8906189273490,2599.0,3,0,7797.0,20,https://musclemind.com/products/mens-gentlemen-joggers-light-grey
2026-09-19,Musclemind,Mens Flat Knit Polo,XL,8906189273032,1799.0,1,0,1799.0,4,https://musclemind.com/products/mens-flat-knit-polo-grey
2026-09-19,Musclemind,Mens Flat Knit Polo,XXL,8906189273049,1799.0,1,0,1799.0,2,https://musclemind.com/products/mens-flat-knit-polo-grey
2026-09-19,Musclemind,Mens Flat Knit Polo,L,8906189272974,1799.0,2,0,3598.0,7,https://musclemind.com/products/mens-flat-knit-polo-beige
2026-09-19,Musclemind,Mens Flat Knit Polo,XL,8906189272981,1799.0,1,0,1799.0,2,https://musclemind.com/products/mens-flat-knit-polo-beige
2026-09-19,Musclemind,Mens Flat Knit Polo,XXL,8906189272998,1799.0,1,0,1799.0,4,https://musclemind.com/products/mens-flat-knit-polo-beige
2026-09-19,Musclemind,Mens Flat Knit Polo,L,8906189273070,1799.0,3,0,5397.0,11,https://musclemind.com/products/mens-flat-knit-polo-black
2026-09-19,Musclemind,Mens Flat Knit Polo,XL,8906189273087,1799.0,1,0,1799.0,1,https://musclemind.com/products/mens-flat-knit-polo-black
2026-09-19,Musclemind,Mens Flat Knit Polo,XXL,8906189273094,1799.0,1,0,1799.0,1,https://musclemind.com/products/mens-flat-knit-polo-black
2026-09-19,Musclemind,Mens Cargo Shorts,S,8906189273353,1899.0,3,0,5697.0,25,https://musclemind.com/products/mens-cargo-shorts-grey
2026-09-19,Musclemind,Mens Cargo Shorts,M,8906189273360,1899.0,3,0,5697.0,26,https://musclemind.com/products/mens-cargo-shorts-grey
2026-09-19,Musclemind,Mens Cargo Shorts,L,8906189273377,1899.0,3,0,5697.0,22,https://musclemind.com/products/mens-cargo-shorts-grey
2026-09-19,Musclemind,Mens Cargo Shorts,XL,8906189273384,1899.0,5,0,9495.0,1,https://musclemind.com/products/mens-cargo-shorts-grey
2026-09-19,Musclemind,Mens Cargo Shorts,XXL,8906189273391,1899.0,4,0,7596.0,1,https://musclemind.com/products/mens-cargo-shorts-grey
2026-09-19,Musclemind,Mens Cargo Shorts,S,8906189273308,1899.0,4,0,7596.0,16,https://musclemind.com/products/mens-cargo-shorts-beige
2026-09-19,Musclemind,Mens Cargo Shorts,M,8906189273315,1899.0,4,0,7596.0,19,https://musclemind.com/products/mens-cargo-shorts-beige
2026-09-19,Musclemind,Mens Cargo Shorts,L,8906189273322,1899.0,4,0,7596.0,7,https://musclemind.com/products/mens-cargo-shorts-beige
2026-09-19,Musclemind,Mens Cargo Shorts,XL,8906189273339,1899.0,4,0,7596.0,5,https://musclemind.com/products/mens-cargo-shorts-beige
2026-09-19,Musclemind,Mens Cargo Shorts,XXL,8906189273346,1899.0,3,0,5697.0,2,https://musclemind.com/products/mens-cargo-shorts-beige
2026-09-19,Musclemind,Mens Cargo Shorts,S,8906189273254,1899.0,5,0,9495.0,19,https://musclemind.com/products/mens-cargo-shorts-black
2026-09-19,Musclemind,Mens Cargo Shorts,M,8906189273261,1899.0,4,0,7596.0,23,https://musclemind.com/products/mens-cargo-shorts-black
2026-09-19,Musclemind,Mens Cargo Shorts,L,8906189273278,1899.0,3,0,5697.0,10,https://musclemind.com/products/mens-cargo-shorts-black
2026-09-19,Musclemind,Mens Cargo Shorts,XXL,8906189273292,1899.0,3,0,5697.0,4,https://musclemind.com/products/mens-cargo-shorts-black
2026-09-19,Musclemind,Womens Acid Wash Oversized T-Shirt,M,8906189271502,2209.0,1,0,2209.0,1,https://musclemind.com/products/womens-acid-wash-oversized-t-shirt-blue
2026-09-19,Musclemind,Womens Acid Wash Oversized T-Shirt,L,8906189271519,2209.0,1,0,2209.0,3,https://musclemind.com/products/womens-acid-wash-oversized-t-shirt-blue
2026-09-19,Musclemind,In-built Bra Top,XS,8906189272400,999.0,1,0,999.0,15,https://musclemind.com/products/in-built-bra-top-beige
2026-09-19,Musclemind,In-built Bra Top,S,8906189272417,999.0,1,0,999.0,25,https://musclemind.com/products/in-built-bra-top-beige
2026-09-19,Musclemind,In-built Bra Top,S,8906189272516,999.0,1,0,999.0,39,https://musclemind.com/products/in-built-bra-top-pink
2026-09-19,Musclemind,In-built Bra Top,M,8906189272523,999.0,1,0,999.0,30,https://musclemind.com/products/in-built-bra-top-pink
2026-09-19,Musclemind,Womens Acid Wash Denim Joggers,XS,8906189272608,1299.0,2,0,2598.0,7,https://musclemind.com/products/womens-acid-wash-denim-joggers-blue
2026-09-19,Musclemind,Womens Acid Wash Denim Joggers,S,8906189272615,1299.0,2,0,2598.0,54,https://musclemind.com/products/womens-acid-wash-denim-joggers-blue
2026-09-19,Musclemind,Womens Acid Wash Denim Joggers,M,8906189272622,1299.0,3,0,3897.0,42,https://musclemind.com/products/womens-acid-wash-denim-joggers-blue
2026-09-19,Musclemind,Womens Acid Wash Denim Joggers,L,8906189272639,1299.0,3,0,3897.0,8,https://musclemind.com/products/womens-acid-wash-denim-joggers-blue
2026-09-19,Musclemind,High Waist Flare Pants,S,8906189272714,1999.0,0,1,0.0,2,https://musclemind.com/products/high-waist-flare-pants-maroon
2026-09-19,Musclemind,Mens Acid Wash Denim Joggers,S,8906189272103,1299.0,3,0,3897.0,12,https://musclemind.com/products/mens-acid-wash-denim-joggers-blue
2026-09-19,Musclemind,Mens Acid Wash Denim Joggers,M,8906189272110,1299.0,2,0,2598.0,37,https://musclemind.com/products/mens-acid-wash-denim-joggers-blue
2026-09-19,Musclemind,Mens Acid Wash Denim Joggers,L,8906189272127,1299.0,5,0,6495.0,26,https://musclemind.com/products/mens-acid-wash-denim-joggers-blue
2026-09-19,Musclemind,Mens Acid Wash Denim Joggers,XL,8906189272134,1299.0,4,0,5196.0,5,https://musclemind.com/products/mens-acid-wash-denim-joggers-blue
2026-09-19,Musclemind,Mens V-Neck T-Shirt,L,8906189271878,999.0,1,0,999.0,24,https://musclemind.com/products/mens-v-neck-t-shirt-yellow
2026-09-19,Musclemind,Mens V-Neck T-Shirt,S,8906189271908,999.0,3,0,2997.0,7,https://musclemind.com/products/mens-v-neck-t-shirt-brown
2026-09-19,Musclemind,Mens V-Neck T-Shirt,M,8906189271915,999.0,4,0,3996.0,19,https://musclemind.com/products/mens-v-neck-t-shirt-brown
2026-09-19,Musclemind,Mens V-Neck T-Shirt,L,8906189271922,999.0,5,0,4995.0,14,https://musclemind.com/products/mens-v-neck-t-shirt-brown
2026-09-19,Musclemind,Mens V-Neck T-Shirt,XL,8906189271939,999.0,3,0,2997.0,24,https://musclemind.com/products/mens-v-neck-t-shirt-brown
2026-09-19,Musclemind,Mens V-Neck T-Shirt,XXL,8906189271946,999.0,4,0,3996.0,8,https://musclemind.com/products/mens-v-neck-t-shirt-brown
2026-09-19,Musclemind,Mens Acid Wash Denim Shorts,S,8906189272257,999.0,3,0,2997.0,4,https://musclemind.com/products/mens-acid-wash-denim-shorts-blue
2026-09-19,Musclemind,Mens Acid Wash Denim Shorts,M,8906189272264,999.0,3,0,2997.0,58,https://musclemind.com/products/mens-acid-wash-denim-shorts-blue
2026-09-19,Musclemind,Mens Acid Wash Denim Shorts,L,8906189272271,999.0,4,0,3996.0,33,https://musclemind.com/products/mens-acid-wash-denim-shorts-blue
2026-09-19,Musclemind,Mens Acid Wash Denim Shorts,XL,8906189272288,999.0,4,0,3996.0,11,https://musclemind.com/products/mens-acid-wash-denim-shorts-blue
2026-09-19,Musclemind,Mens Acid Wash Denim Shorts,XXL,8906189272295,999.0,1,0,999.0,3,https://musclemind.com/products/mens-acid-wash-denim-shorts-blue
2026-09-19,Musclemind,Mens Compression Half Sleeve T-shirt,S,8906189272158,999.0,5,0,4995.0,11,https://musclemind.com/products/mens-compression-half-sleeve-tshirt-brown
2026-09-19,Musclemind,Mens Compression Half Sleeve T-shirt,M,8906189272165,999.0,4,0,3996.0,7,https://musclemind.com/products/mens-compression-half-sleeve-tshirt-brown
2026-09-19,Musclemind,Mens Compression Half Sleeve T-shirt,L,8906189272172,999.0,3,0,2997.0,6,https://musclemind.com/products/mens-compression-half-sleeve-tshirt-brown
2026-09-19,Musclemind,Mens Compression Half Sleeve T-shirt,XL,8906189272189,999.0,5,0,4995.0,24,https://musclemind.com/products/mens-compression-half-sleeve-tshirt-brown
2026-09-19,Musclemind,Mens Compression Half Sleeve T-shirt,XXL,8906189272196,999.0,3,0,2997.0,14,https://musclemind.com/products/mens-compression-half-sleeve-tshirt-brown
2026-09-19,Musclemind,Mens Acid Wash Denim Shorts,S,8906189272202,999.0,4,0,3996.0,17,https://musclemind.com/products/mens-acid-wash-denim-shorts-black
2026-09-19,Musclemind,Mens Acid Wash Denim Shorts,M,8906189272219,999.0,4,0,3996.0,47,https://musclemind.com/products/mens-acid-wash-denim-shorts-black
2026-09-19,Musclemind,Mens Acid Wash Denim Shorts,L,8906189272226,999.0,6,0,5994.0,26,https://musclemind.com/products/mens-acid-wash-denim-shorts-black
2026-09-19,Musclemind,Mens Acid Wash Denim Shorts,XL,8906189272233,999.0,3,0,2997.0,0,https://musclemind.com/products/mens-acid-wash-denim-shorts-black
2026-09-19,Musclemind,Womens Acid Wash Denim Joggers,XS,8906189272554,1299.0,3,0,3897.0,29,https://musclemind.com/products/womens-acid-wash-denim-joggers-black
2026-09-19,Musclemind,Womens Acid Wash Denim Joggers,S,8906189272561,1299.0,3,0,3897.0,57,https://musclemind.com/products/womens-acid-wash-denim-joggers-black
2026-09-19,Musclemind,Womens Acid Wash Denim Joggers,M,8906189272578,1299.0,3,0,3897.0,20,https://musclemind.com/products/womens-acid-wash-denim-joggers-black
2026-09-19,Musclemind,Womens Acid Wash Denim Joggers,L,8906189272585,1299.0,5,0,6495.0,11,https://musclemind.com/products/womens-acid-wash-denim-joggers-black
2026-09-19,Musclemind,Womens Acid Wash Denim Joggers,XL,8906189272592,1299.0,3,0,3897.0,0,https://musclemind.com/products/womens-acid-wash-denim-joggers-black
2026-09-19,Musclemind,Mens Acid Wash Denim Joggers,S,8906189272059,1299.0,5,0,6495.0,12,https://musclemind.com/products/mens-acid-wash-denim-joggers-black
2026-09-19,Musclemind,Mens Acid Wash Denim Joggers,M,8906189272066,1299.0,3,0,3897.0,41,https://musclemind.com/products/mens-acid-wash-denim-joggers-black
2026-09-19,Musclemind,Mens Acid Wash Denim Joggers,L,8906189272073,1299.0,4,0,5196.0,35,https://musclemind.com/products/mens-acid-wash-denim-joggers-black
2026-09-19,Musclemind,Mens Compression Half Sleeve T-shirt,S,8906189272004,999.0,4,0,3996.0,0,https://musclemind.com/products/mens-compression-half-sleeve-tshirt-white
2026-09-19,Musclemind,Mens Compression Half Sleeve T-shirt,L,8906189272028,999.0,1,0,999.0,17,https://musclemind.com/products/mens-compression-half-sleeve-tshirt-white
2026-09-19,Musclemind,Mens Compression Half Sleeve T-shirt,XL,8906189272035,999.0,5,0,4995.0,27,https://musclemind.com/products/mens-compression-half-sleeve-tshirt-white
2026-09-19,Musclemind,Mens Compression Half Sleeve T-shirt,XXL,8906189272042,999.0,5,0,4995.0,11,https://musclemind.com/products/mens-compression-half-sleeve-tshirt-white
2026-09-19,Musclemind,Womens Printed V-Neck T-shirt,XL,8906189272394,999.0,0,1,0.0,15,https://musclemind.com/products/womens-printed-v-neck-t-shirt-black
2026-09-19,Musclemind,In-built Bra Top,XS,8906189272455,999.0,3,0,2997.0,10,https://musclemind.com/products/in-built-bra-top-black
2026-09-19,Musclemind,In-built Bra Top,S,8906189272462,999.0,3,0,2997.0,37,https://musclemind.com/products/in-built-bra-top-black
2026-09-19,Musclemind,In-built Bra Top,M,8906189272479,999.0,4,0,3996.0,22,https://musclemind.com/products/in-built-bra-top-black
2026-09-19,Musclemind,In-built Bra Top,L,8906189272486,999.0,4,0,3996.0,28,https://musclemind.com/products/in-built-bra-top-black
2026-09-19,Musclemind,In-built Bra Top,XL,8906189272493,999.0,3,0,2997.0,13,https://musclemind.com/products/in-built-bra-top-black
2026-09-19,Musclemind,Mens V-Neck T-Shirt,M,8906189271816,999.0,2,0,1998.0,10,https://musclemind.com/products/mens-v-neck-t-shirt-black
2026-09-19,Musclemind,Mens V-Neck T-Shirt,L,8906189271823,999.0,4,0,3996.0,9,https://musclemind.com/products/mens-v-neck-t-shirt-black
2026-09-19,Musclemind,Mens V-Neck T-Shirt,XL,8906189271830,999.0,3,0,2997.0,15,https://musclemind.com/products/mens-v-neck-t-shirt-black
2026-09-19,Musclemind,Mens V-Neck T-Shirt,XXL,8906189271847,999.0,3,0,2997.0,14,https://musclemind.com/products/mens-v-neck-t-shirt-black
2026-09-19,Musclemind,High Waist Flare Pants,XS,8906189272653,1999.0,4,0,7996.0,14,https://musclemind.com/products/high-waist-flare-pants-black
2026-09-19,Musclemind,High Waist Flare Pants,M,8906189272677,1999.0,0,63,0.0,63,https://musclemind.com/products/high-waist-flare-pants-black
2026-09-19,Musclemind,High Waist Flare Pants,L,8906189272684,1999.0,0,69,0.0,70,https://musclemind.com/products/high-waist-flare-pants-black
2026-09-19,Musclemind,High Waist Flare Pants,XL,8906189272691,1999.0,0,26,0.0,26,https://musclemind.com/products/high-waist-flare-pants-black
2026-09-19,Musclemind,High Waist Flare Pants,XXL,8906189276323,1999.0,0,8,0.0,8,https://musclemind.com/products/high-waist-flare-pants-black
2026-09-19,Musclemind,Mens Cloud Ease Cargo Pants,S,8906189271236,3699.0,3,0,11097.0,0,https://musclemind.com/products/mens-cloud-ease-cargo-pants-desert-dune
2026-09-19,Musclemind,Mens Cloud Ease Cargo Pants,M,8906189271243,3699.0,3,0,11097.0,11,https://musclemind.com/products/mens-cloud-ease-cargo-pants-desert-dune
2026-09-19,Musclemind,Mens Cloud Ease Cargo Pants,L,8906189271250,3699.0,4,0,14796.0,16,https://musclemind.com/products/mens-cloud-ease-cargo-pants-desert-dune
2026-09-19,Musclemind,Mens Cloud Ease Cargo Pants,XL,8906189271267,3699.0,4,0,14796.0,34,https://musclemind.com/products/mens-cloud-ease-cargo-pants-desert-dune
2026-09-19,Musclemind,Mens Cloud Ease Cargo Pants,XXL,8906189271274,3699.0,3,0,11097.0,13,https://musclemind.com/products/mens-cloud-ease-cargo-pants-desert-dune
2026-09-19,Musclemind,Seamless Compression Half Sleeve T-shirt,XS,8906189275661,2599.0,6,0,15594.0,28,https://musclemind.com/products/seamless-compression-half-sleeve-t-shirt-dark-grey
2026-09-19,Musclemind,Seamless Compression Half Sleeve T-shirt,S,8906189270178,2599.0,7,0,18193.0,74,https://musclemind.com/products/seamless-compression-half-sleeve-t-shirt-dark-grey
2026-09-19,Musclemind,Seamless Compression Half Sleeve T-shirt,M,8906189270307,2599.0,20,0,51980.0,48,https://musclemind.com/products/seamless-compression-half-sleeve-t-shirt-dark-grey
2026-09-19,Musclemind,Seamless Compression Half Sleeve T-shirt,L,8906189270314,2599.0,12,0,31188.0,13,https://musclemind.com/products/seamless-compression-half-sleeve-t-shirt-dark-grey
2026-09-19,Musclemind,Mens Compression Half Sleeve T-shirt,M,8906189271960,999.0,2,0,1998.0,0,https://musclemind.com/products/mens-compression-half-sleeve-tshirt-black
2026-09-19,Musclemind,Mens Compression Half Sleeve T-shirt,L,8906189271977,999.0,4,0,3996.0,5,https://musclemind.com/products/mens-compression-half-sleeve-tshirt-black
2026-09-19,Musclemind,Mens Compression Half Sleeve T-shirt,XL,8906189271984,999.0,4,0,3996.0,13,https://musclemind.com/products/mens-compression-half-sleeve-tshirt-black
2026-09-19,Musclemind,Mens Compression Half Sleeve T-shirt,XXL,8906189271991,999.0,4,0,3996.0,12,https://musclemind.com/products/mens-compression-half-sleeve-tshirt-black
2026-09-19,Musclemind,Womens Cloud Ease Cargo Pants,XS,8906189271335,3599.0,4,0,14396.0,16,https://musclemind.com/products/womens-cloud-ease-cargo-pants-desert-dune
2026-09-19,Musclemind,Womens Cloud Ease Cargo Pants,S,8906189271342,3599.0,4,0,14396.0,42,https://musclemind.com/products/womens-cloud-ease-cargo-pants-desert-dune
2026-09-19,Musclemind,Womens Cloud Ease Cargo Pants,M,8906189271359,3599.0,9,0,32391.0,0,https://musclemind.com/products/womens-cloud-ease-cargo-pants-desert-dune
2026-09-19,Musclemind,Womens Cloud Ease Cargo Pants,L,8906189271366,3599.0,3,0,10797.0,15,https://musclemind.com/products/womens-cloud-ease-cargo-pants-desert-dune
2026-09-19,Musclemind,Womens Cloud Ease Cargo Pants,XL,8906189271373,3599.0,3,0,10797.0,5,https://musclemind.com/products/womens-cloud-ease-cargo-pants-desert-dune
2026-09-19,Musclemind,Mens Oversized Graphic T-shirt,S,8906189271083,1899.0,2,0,3798.0,0,https://musclemind.com/products/mens-oversized-graphic-t-shirt-midnight-roar
2026-09-19,Musclemind,Mens Oversized Graphic T-shirt,XL,8906189271113,1899.0,1,0,1899.0,13,https://musclemind.com/products/mens-oversized-graphic-t-shirt-midnight-roar
2026-09-19,Musclemind,Womens Cloud Ease Cargo Pants,XS,8906189271281,3599.0,3,0,10797.0,12,https://musclemind.com/products/womens-cloud-ease-cargo-pants-black
2026-09-19,Musclemind,Womens Cloud Ease Cargo Pants,S,8906189271298,3599.0,4,0,14396.0,28,https://musclemind.com/products/womens-cloud-ease-cargo-pants-black
2026-09-19,Musclemind,Womens Cloud Ease Cargo Pants,M,8906189271304,3599.0,3,0,10797.0,12,https://musclemind.com/products/womens-cloud-ease-cargo-pants-black
2026-09-19,Musclemind,Womens Cloud Ease Cargo Pants,L,8906189271311,3599.0,4,0,14396.0,22,https://musclemind.com/products/womens-cloud-ease-cargo-pants-black
2026-09-19,Musclemind,Womens Cloud Ease Cargo Pants,XL,8906189271328,3599.0,3,0,10797.0,4,https://musclemind.com/products/womens-cloud-ease-cargo-pants-black
2026-09-19,Musclemind,Mens Oversized Acid Wash T-Shirt,L,8906189271052,2209.0,1,0,2209.0,4,https://musclemind.com/products/mens-oversized-acid-wash-t-shirt-stormy-blue
2026-09-19,Musclemind,Womens Acid Wash Oversized T-shirt,XS,8906189271533,2209.0,1,0,2209.0,3,https://musclemind.com/products/womens-acid-wash-oversized-t-shirt-green
2026-09-19,Musclemind,Womens Acid Wash Oversized T-shirt,S,8906189271540,2209.0,1,0,2209.0,0,https://musclemind.com/products/womens-acid-wash-oversized-t-shirt-green
2026-09-19,Musclemind,Mens Oversized Graphic T-shirt,M,8906189271144,1899.0,9,0,17091.0,0,https://musclemind.com/products/mens-oversized-graphic-t-shirt-bone-white
2026-09-19,Musclemind,Mens Oversized Graphic T-shirt,L,8906189271151,1899.0,1,0,1899.0,9,https://musclemind.com/products/mens-oversized-graphic-t-shirt-bone-white
2026-09-19,Musclemind,Mens Oversized Graphic T-shirt,XL,8906189271168,1899.0,1,0,1899.0,15,https://musclemind.com/products/mens-oversized-graphic-t-shirt-bone-white
2026-09-19,Musclemind,Womens Oversized Graphic T-Shirt,M,8906189271458,1899.0,1,0,1899.0,46,https://musclemind.com/products/womens-oversized-graphic-t-shirt-desert-dune
2026-09-19,Musclemind,Womens Oversized Graphic T-Shirt,L,8906189271465,1899.0,1,0,1899.0,40,https://musclemind.com/products/womens-oversized-graphic-t-shirt-desert-dune
2026-09-19,Musclemind,Womens Oversized Graphic T-Shirt,XS,8906189271380,1899.0,4,0,7596.0,13,https://musclemind.com/products/womens-oversized-graphic-t-shirt-black
2026-09-19,Musclemind,Womens Oversized Graphic T-Shirt,S,8906189271397,1899.0,4,0,7596.0,38,https://musclemind.com/products/womens-oversized-graphic-t-shirt-black
2026-09-19,Musclemind,Womens Oversized Graphic T-Shirt,M,8906189271403,1899.0,3,0,5697.0,25,https://musclemind.com/products/womens-oversized-graphic-t-shirt-black
2026-09-19,Musclemind,Womens Oversized Graphic T-Shirt,L,8906189271410,1899.0,4,0,7596.0,41,https://musclemind.com/products/womens-oversized-graphic-t-shirt-black
2026-09-19,Musclemind,Womens Oversized Graphic T-Shirt,XL,8906189271427,1899.0,3,0,5697.0,14,https://musclemind.com/products/womens-oversized-graphic-t-shirt-black
2026-09-19,Musclemind,Seamless Compression Half Sleeve T-shirt,XS,8906189275678,2599.0,6,0,15594.0,32,https://musclemind.com/products/seamless-compression-half-sleeve-t-shirt-off-white
2026-09-19,Musclemind,Seamless Compression Half Sleeve T-shirt,S,8906189270185,2599.0,12,0,31188.0,78,https://musclemind.com/products/seamless-compression-half-sleeve-t-shirt-off-white
2026-09-19,Musclemind,Seamless Compression Half Sleeve T-shirt,M,8906189270338,2599.0,14,0,36386.0,70,https://musclemind.com/products/seamless-compression-half-sleeve-t-shirt-off-white
2026-09-19,Musclemind,Seamless Compression Half Sleeve T-shirt,L,8906189270345,2599.0,13,0,33787.0,24,https://musclemind.com/products/seamless-compression-half-sleeve-t-shirt-off-white
2026-09-19,Musclemind,Vogue Polo Full Sleeves T-Shirt,XS,8906189270710,999.0,4,0,3996.0,8,https://musclemind.com/products/vogue-polo-full-sleeves-t-shirt-grey
2026-09-19,Musclemind,Vogue Polo Full Sleeves T-Shirt,S,8906189270727,999.0,4,0,3996.0,40,https://musclemind.com/products/vogue-polo-full-sleeves-t-shirt-grey
2026-09-19,Musclemind,Vogue Polo Full Sleeves T-Shirt,M,8906189270734,999.0,3,0,2997.0,41,https://musclemind.com/products/vogue-polo-full-sleeves-t-shirt-grey
2026-09-19,Musclemind,Vogue Polo Full Sleeves T-Shirt,XS,8906189270871,999.0,3,0,2997.0,3,https://musclemind.com/products/vogue-polo-full-sleeves-t-shirt
2026-09-19,Musclemind,Vogue Polo Full Sleeves T-Shirt,S,8906189270574,999.0,5,0,4995.0,31,https://musclemind.com/products/vogue-polo-full-sleeves-t-shirt
2026-09-19,Musclemind,Vogue Polo Full Sleeves T-Shirt,M,8906189270581,999.0,4,0,3996.0,15,https://musclemind.com/products/vogue-polo-full-sleeves-t-shirt
2026-09-19,Musclemind,Vogue Polo Full Sleeves T-Shirt,L,8906189270598,999.0,3,0,2997.0,5,https://musclemind.com/products/vogue-polo-full-sleeves-t-shirt
2026-09-19,Musclemind,Vogue Polo Full Sleeves T-Shirt,XL,8906189270604,999.0,3,0,2997.0,7,https://musclemind.com/products/vogue-polo-full-sleeves-t-shirt
2026-09-19,Musclemind,Seamless Workout Leggings,XS,8906189270475,999.0,0,1,0.0,33,https://musclemind.com/products/seamless-workout-leggings-dark-mauve
2026-09-19,Musclemind,Seamless Workout Leggings,S,8906189270482,999.0,3,0,2997.0,59,https://musclemind.com/products/seamless-workout-leggings-dark-mauve
2026-09-19,Musclemind,Seamless Workout Leggings,M,8906189270499,999.0,7,0,6993.0,40,https://musclemind.com/products/seamless-workout-leggings-dark-mauve
2026-09-19,Musclemind,Seamless Workout Leggings,L,8906189270505,999.0,6,0,5994.0,53,https://musclemind.com/products/seamless-workout-leggings-dark-mauve
2026-09-19,Musclemind,Seamless Workout Leggings,XL,8906189270512,999.0,3,0,2997.0,24,https://musclemind.com/products/seamless-workout-leggings-dark-mauve
2026-09-19,Musclemind,Vogue Polo Full Sleeves T-Shirt,XS,8906189270666,999.0,1,0,999.0,0,https://musclemind.com/products/vogue-polo-full-sleeves-t-shirt-green
2026-09-19,Musclemind,Vogue Polo Full Sleeves T-Shirt,S,8906189270673,999.0,4,0,3996.0,17,https://musclemind.com/products/vogue-polo-full-sleeves-t-shirt-green
2026-09-19,Musclemind,Vogue Polo Full Sleeves T-Shirt,M,8906189270680,999.0,4,0,3996.0,14,https://musclemind.com/products/vogue-polo-full-sleeves-t-shirt-green
2026-09-19,Musclemind,Vogue Polo Full Sleeves T-Shirt,XL,8906189270703,999.0,3,0,2997.0,4,https://musclemind.com/products/vogue-polo-full-sleeves-t-shirt-green
2026-09-19,Musclemind,All Day Jogger,XL,8906189270406,999.0,6,0,5994.0,16,https://musclemind.com/products/all-day-jogger-black
2026-09-19,Musclemind,Seamless Sports Bra,XS,8906189270819,999.0,2,0,1998.0,30,https://musclemind.com/products/seamless-sports-bra-jet-black
2026-09-19,Musclemind,Seamless Sports Bra,S,8906189270826,999.0,2,0,1998.0,35,https://musclemind.com/products/seamless-sports-bra-jet-black
2026-09-19,Musclemind,Seamless Sports Bra,L,8906189270840,999.0,1,0,999.0,10,https://musclemind.com/products/seamless-sports-bra-jet-black
2026-09-19,Musclemind,Seamless Workout Leggings,XS,8906189270529,999.0,5,0,4995.0,30,https://musclemind.com/products/seamless-workout-leggings-jet-black
2026-09-19,Musclemind,Seamless Workout Leggings,S,8906189270536,999.0,8,0,7992.0,55,https://musclemind.com/products/seamless-workout-leggings-jet-black
2026-09-19,Musclemind,Seamless Workout Leggings,M,8906189270543,999.0,8,0,7992.0,10,https://musclemind.com/products/seamless-workout-leggings-jet-black
2026-09-19,Musclemind,Seamless Workout Leggings,L,8906189270550,999.0,1,0,999.0,34,https://musclemind.com/products/seamless-workout-leggings-jet-black
2026-09-19,Musclemind,Seamless Workout Leggings,XL,8906189270567,999.0,5,0,4995.0,14,https://musclemind.com/products/seamless-workout-leggings-jet-black
2026-09-19,Musclemind,Polo Full Sleeves T-Shirt,S,8906189270147,999.0,2,0,1998.0,2,https://musclemind.com/products/polo-full-sleeves-t-shirt-black
2026-09-19,Musclemind,Polo Full Sleeves T-Shirt,M,8906189270192,999.0,5,0,4995.0,0,https://musclemind.com/products/polo-full-sleeves-t-shirt-black
2026-09-19,Musclemind,Polo Full Sleeves T-Shirt,L,8906189270208,999.0,5,0,4995.0,8,https://musclemind.com/products/polo-full-sleeves-t-shirt-black
2026-09-19,Musclemind,Polo Full Sleeves T-Shirt,XL,8906189270215,999.0,4,0,3996.0,19,https://musclemind.com/products/polo-full-sleeves-t-shirt-black
2026-09-19,Musclemind,Polo Full Sleeves T-Shirt,XXL,8906189270222,999.0,4,0,3996.0,5,https://musclemind.com/products/polo-full-sleeves-t-shirt-black
2026-09-19,Musclemind,All Day Jogger,XL,8906189270451,999.0,3,0,2997.0,24,https://musclemind.com/products/all-day-jogger-grey
2026-09-19,Musclemind,All Day Jogger,XXL,8906189270468,999.0,1,0,999.0,12,https://musclemind.com/products/all-day-jogger-grey
2026-09-19,Musclemind,Seamless Sports Bra,L,8906189270796,999.0,4,0,3996.0,10,https://musclemind.com/products/seamless-sports-bra-dark-mauve
2026-09-19,Musclemind,Vogue Polo Full Sleeves T-Shirt,XS,8906189270611,999.0,5,0,4995.0,8,https://musclemind.com/products/vogue-polo-full-sleeves-t-shirt-black
2026-09-19,Musclemind,Vogue Polo Full Sleeves T-Shirt,S,8906189270628,999.0,5,0,4995.0,34,https://musclemind.com/products/vogue-polo-full-sleeves-t-shirt-black
2026-09-19,Musclemind,Vogue Polo Full Sleeves T-Shirt,M,8906189270635,999.0,3,0,2997.0,4,https://musclemind.com/products/vogue-polo-full-sleeves-t-shirt-black
2026-09-19,Musclemind,Vogue Polo Full Sleeves T-Shirt,L,8906189270642,999.0,1,0,999.0,9,https://musclemind.com/products/vogue-polo-full-sleeves-t-shirt-black
2026-09-19,Kosher Casual,3/4 Sleeve Asymmetric Tunic with Colorblock & Sponged Print,Small,1108-AS-BSP,41.9,9,0,377.09999999999997,0,http://koshercasual.com/products/3-4-sleeve-asymmetric-tunic-with-colorblock-sponged-print
2026-09-19,Kosher Casual,3/4 Sleeve Asymmetric Tunic with Colorblock & Sponged Print,Medium,1108-AM-BSP,41.9,14,0,586.6,0,http://koshercasual.com/products/3-4-sleeve-asymmetric-tunic-with-colorblock-sponged-print
2026-09-19,Kosher Casual,3/4 Sleeve Asymmetric Tunic with Colorblock & Sponged Print,Large,1108-AL-BSP,41.9,15,0,628.5,0,http://koshercasual.com/products/3-4-sleeve-asymmetric-tunic-with-colorblock-sponged-print
2026-09-19,Kosher Casual,3/4 Sleeve Asymmetric Tunic with Colorblock & Sponged Print,X-Large,1108-AXL-BSP,41.9,15,0,628.5,0,http://koshercasual.com/products/3-4-sleeve-asymmetric-tunic-with-colorblock-sponged-print
2026-09-19,Kosher Casual,3/4 Sleeve Asymmetric Tunic with Colorblock & Sponged Print,XX-Large,1108-AXXL-BSP,41.9,5,0,209.5,0,http://koshercasual.com/products/3-4-sleeve-asymmetric-tunic-with-colorblock-sponged-print
2026-09-19,Kosher Casual,3/4 Sleeve Asymmetric Tunic with Colorblock & Sponged Print,Small,1108-AS-RSP,41.9,8,0,335.2,0,http://koshercasual.com/products/3-4-sleeve-asymmetric-tunic-with-colorblock-sponged-print
2026-09-19,Kosher Casual,3/4 Sleeve Asymmetric Tunic with Colorblock & Sponged Print,Medium,1108-AM-RSP,41.9,16,0,670.4,0,http://koshercasual.com/products/3-4-sleeve-asymmetric-tunic-with-colorblock-sponged-print
2026-09-19,Kosher Casual,3/4 Sleeve Asymmetric Tunic with Colorblock & Sponged Print,Large,1108-AL-RSP,41.9,18,0,754.1999999999999,8,http://koshercasual.com/products/3-4-sleeve-asymmetric-tunic-with-colorblock-sponged-print
2026-09-19,Kosher Casual,3/4 Sleeve Asymmetric Tunic with Colorblock & Sponged Print,X-Large,1108-AXL-RSP,41.9,19,0,796.1,9,http://koshercasual.com/products/3-4-sleeve-asymmetric-tunic-with-colorblock-sponged-print
2026-09-19,Kosher Casual,3/4 Sleeve Asymmetric Tunic with Colorblock & Sponged Print,XX-Large,1108-AXXL-RSP,41.9,9,0,377.09999999999997,0,http://koshercasual.com/products/3-4-sleeve-asymmetric-tunic-with-colorblock-sponged-print
2026-09-19,Kosher Casual,3/4 Sleeve Asymmetric Tunic with Colorblock & Sponged Print,Small,1108-AS-NSP,41.9,6,0,251.39999999999998,0,http://koshercasual.com/products/3-4-sleeve-asymmetric-tunic-with-colorblock-sponged-print
2026-09-19,Kosher Casual,3/4 Sleeve Asymmetric Tunic with Colorblock & Sponged Print,Medium,1108-AM-NSP,41.9,13,0,544.6999999999999,10,http://koshercasual.com/products/3-4-sleeve-asymmetric-tunic-with-colorblock-sponged-print
2026-09-19,Kosher Casual,3/4 Sleeve Asymmetric Tunic with Colorblock & Sponged Print,Large,1108-AL-NSP,41.9,14,0,586.6,0,http://koshercasual.com/products/3-4-sleeve-asymmetric-tunic-with-colorblock-sponged-print
2026-09-19,Kosher Casual,3/4 Sleeve Asymmetric Tunic with Colorblock & Sponged Print,X-Large,1108-AXL-NSP,41.9,15,0,628.5,0,http://koshercasual.com/products/3-4-sleeve-asymmetric-tunic-with-colorblock-sponged-print
2026-09-19,Kosher Casual,3/4 Sleeve Asymmetric Tunic with Colorblock & Sponged Print,XX-Large,1108-AXXL-NSP,41.9,8,0,335.2,0,http://koshercasual.com/products/3-4-sleeve-asymmetric-tunic-with-colorblock-sponged-print
2026-09-19,Kosher Casual,T-Shirt Dress - Comfortable A-Line Silhouette - Spring/Summer 2026,Large,1644-AL-APL,54.9,5,0,274.5,-1,http://koshercasual.com/products/t-shirt-dress-comfortable-a-line-silhouette
2026-09-19,Kosher Casual,T-Shirt Dress - Comfortable A-Line Silhouette - Spring/Summer 2026,X-Large,1644-AXL-APL,54.9,5,0,274.5,0,http://koshercasual.com/products/t-shirt-dress-comfortable-a-line-silhouette
2026-09-19,Kosher Casual,T-Shirt Dress - Comfortable A-Line Silhouette - Spring/Summer 2026,Small,1644-AS-PBA,54.9,4,0,219.6,0,http://koshercasual.com/products/t-shirt-dress-comfortable-a-line-silhouette
2026-09-19,Kosher Casual,T-Shirt Dress - Comfortable A-Line Silhouette - Spring/Summer 2026,Medium,1644-AM-PBA,54.9,6,0,329.4,0,http://koshercasual.com/products/t-shirt-dress-comfortable-a-line-silhouette
2026-09-19,Kosher Casual,T-Shirt Dress - Comfortable A-Line Silhouette - Spring/Summer 2026,Large,1644-AL-PBA,54.9,7,0,384.3,0,http://koshercasual.com/products/t-shirt-dress-comfortable-a-line-silhouette
2026-09-19,Kosher Casual,T-Shirt Dress - Comfortable A-Line Silhouette - Spring/Summer 2026,Large,1644-AL-BSW,54.9,3,0,164.7,0,http://koshercasual.com/products/t-shirt-dress-comfortable-a-line-silhouette
2026-09-19,Kosher Casual,Flowing Midi Dress with 3/4 Sleeves and Dramatic Drape Spring/Summer '26,Medium,1647-AM-BSK,59.9,4,0,239.6,0,http://koshercasual.com/products/flowing-midi-dress-with-3-4-sleeves-and-dramatic-drape-copy
2026-09-19,Kosher Casual,Flowing Midi Dress with 3/4 Sleeves and Dramatic Drape Spring/Summer '26,Large,1647-AL-BSK,59.9,8,0,479.2,-2,http://koshercasual.com/products/flowing-midi-dress-with-3-4-sleeves-and-dramatic-drape-copy
2026-09-19,Kosher Casual,Flowing Midi Dress with 3/4 Sleeves and Dramatic Drape Spring/Summer '26,XX-Large,1647-AXXL-BSK,59.9,5,0,299.5,0,http://koshercasual.com/products/flowing-midi-dress-with-3-4-sleeves-and-dramatic-drape-copy
2026-09-19,Kosher Casual,Flowing Midi Dress with 3/4 Sleeves and Dramatic Drape Spring/Summer '26,Small,1647-AS-BLSK,59.9,3,0,179.7,0,http://koshercasual.com/products/flowing-midi-dress-with-3-4-sleeves-and-dramatic-drape-copy
2026-09-19,Kosher Casual,Flowing Midi Dress with 3/4 Sleeves and Dramatic Drape Spring/Summer '26,Medium,1647-AM-BLSK,59.9,5,0,299.5,0,http://koshercasual.com/products/flowing-midi-dress-with-3-4-sleeves-and-dramatic-drape-copy
2026-09-19,Kosher Casual,Flowing Midi Dress with 3/4 Sleeves and Dramatic Drape Spring/Summer '26,Large,1647-AL-BLSK,59.9,9,0,539.1,1,http://koshercasual.com/products/flowing-midi-dress-with-3-4-sleeves-and-dramatic-drape-copy
2026-09-19,Kosher Casual,Flowing Midi Dress with 3/4 Sleeves and Dramatic Drape Spring/Summer '26,X-Large,1647-AXL-BLSK,59.9,10,0,599.0,0,http://koshercasual.com/products/flowing-midi-dress-with-3-4-sleeves-and-dramatic-drape-copy
2026-09-19,Kosher Casual,Flowing Midi Dress with 3/4 Sleeves and Dramatic Drape Spring/Summer '26,XX-Large,1647-AXXL-BLSK,59.9,6,0,359.4,0,http://koshercasual.com/products/flowing-midi-dress-with-3-4-sleeves-and-dramatic-drape-copy
2026-09-19,Kosher Casual,Flowing Midi Dress with 3/4 Sleeves and Dramatic Drape Spring/Summer '26,Small,1647-AS-BUSK,59.9,3,0,179.7,0,http://koshercasual.com/products/flowing-midi-dress-with-3-4-sleeves-and-dramatic-drape-copy
2026-09-19,Kosher Casual,Flowing Midi Dress with 3/4 Sleeves and Dramatic Drape Spring/Summer '26,Medium,1647-AM-BUSK,59.9,12,0,718.8,0,http://koshercasual.com/products/flowing-midi-dress-with-3-4-sleeves-and-dramatic-drape-copy
2026-09-19,Kosher Casual,Flowing Midi Dress with 3/4 Sleeves and Dramatic Drape Spring/Summer '26,Large,1647-AL-BUSK,59.9,10,0,599.0,1,http://koshercasual.com/products/flowing-midi-dress-with-3-4-sleeves-and-dramatic-drape-copy
2026-09-19,Kosher Casual,Flowing Midi Dress with 3/4 Sleeves and Dramatic Drape Spring/Summer '26,X-Large,1647-AXL-BUSK,59.9,11,0,658.9,0,http://koshercasual.com/products/flowing-midi-dress-with-3-4-sleeves-and-dramatic-drape-copy
2026-09-19,Kosher Casual,Flowing Midi Dress with 3/4 Sleeves and Dramatic Drape Spring/Summer '26,XX-Large,1647-AXXL-BUSK,59.9,9,0,539.1,0,http://koshercasual.com/products/flowing-midi-dress-with-3-4-sleeves-and-dramatic-drape-copy
2026-09-19,Kosher Casual,"Maxi A-Line Hoodie Coat Dress in Black, Olive & Bordeaux",Small,1320-AS-OL,99.0,3,0,297.0,0,http://koshercasual.com/products/hooded-french-terry-maxi-a-line-dress-in-black-olive-bordeaux
2026-09-19,Kosher Casual,"Maxi A-Line Hoodie Coat Dress in Black, Olive & Bordeaux",Large,1320-AL-OL,99.0,3,0,297.0,0,http://koshercasual.com/products/hooded-french-terry-maxi-a-line-dress-in-black-olive-bordeaux
2026-09-19,Kosher Casual,"Maxi A-Line Hoodie Coat Dress in Black, Olive & Bordeaux",XX-Large,1320-AXXL-OL,99.0,5,0,495.0,0,http://koshercasual.com/products/hooded-french-terry-maxi-a-line-dress-in-black-olive-bordeaux
2026-09-19,Kosher Casual,Modest Long Sleeve Sparkle Rib Handkerchief Hem Tunic,Small,1126-AS-BK,41.9,4,0,167.6,0,http://koshercasual.com/products/modest-long-sleeve-sparkle-rib-handkerchief-hem-tunic
2026-09-19,Kosher Casual,Modest Long Sleeve Sparkle Rib Handkerchief Hem Tunic,Medium,1126-AM-BK,41.9,8,0,335.2,7,http://koshercasual.com/products/modest-long-sleeve-sparkle-rib-handkerchief-hem-tunic
2026-09-19,Kosher Casual,Modest Long Sleeve Sparkle Rib Handkerchief Hem Tunic,Large,1126-AL-BK,41.9,9,0,377.09999999999997,3,http://koshercasual.com/products/modest-long-sleeve-sparkle-rib-handkerchief-hem-tunic
2026-09-19,Kosher Casual,Modest Long Sleeve Sparkle Rib Handkerchief Hem Tunic,X-Large,1126-AXL-BK,41.9,17,0,712.3,4,http://koshercasual.com/products/modest-long-sleeve-sparkle-rib-handkerchief-hem-tunic
2026-09-19,Kosher Casual,Modest Long Sleeve Sparkle Rib Handkerchief Hem Tunic,XX-Large,1126-AXXL-BK,41.9,11,0,460.9,11,http://koshercasual.com/products/modest-long-sleeve-sparkle-rib-handkerchief-hem-tunic
2026-09-19,Kosher Casual,Modest Long Sleeve Sparkle Rib Handkerchief Hem Tunic,Small,1126-AS-DB,41.9,3,0,125.69999999999999,0,http://koshercasual.com/products/modest-long-sleeve-sparkle-rib-handkerchief-hem-tunic
2026-09-19,Kosher Casual,Modest Long Sleeve Sparkle Rib Handkerchief Hem Tunic,Medium,1126-AM-DB,41.9,10,0,419.0,5,http://koshercasual.com/products/modest-long-sleeve-sparkle-rib-handkerchief-hem-tunic
2026-09-19,Kosher Casual,Modest Long Sleeve Sparkle Rib Handkerchief Hem Tunic,Large,1126-AL-DB,41.9,15,0,628.5,8,http://koshercasual.com/products/modest-long-sleeve-sparkle-rib-handkerchief-hem-tunic
2026-09-19,Kosher Casual,Modest Long Sleeve Sparkle Rib Handkerchief Hem Tunic,X-Large,1126-AXL-DB,41.9,15,0,628.5,5,http://koshercasual.com/products/modest-long-sleeve-sparkle-rib-handkerchief-hem-tunic
2026-09-19,Kosher Casual,Modest Long Sleeve Sparkle Rib Handkerchief Hem Tunic,XX-Large,1126-AXXL-DB,41.9,16,0,670.4,7,http://koshercasual.com/products/modest-long-sleeve-sparkle-rib-handkerchief-hem-tunic
2026-09-19,Kosher Casual,Modest Long Sleeve Sparkle Rib Handkerchief Hem Tunic,Medium,1126-AM-TP,41.9,9,0,377.09999999999997,5,http://koshercasual.com/products/modest-long-sleeve-sparkle-rib-handkerchief-hem-tunic
2026-09-19,Kosher Casual,Modest Long Sleeve Sparkle Rib Handkerchief Hem Tunic,Large,1126-AL-TP,41.9,11,0,460.9,9,http://koshercasual.com/products/modest-long-sleeve-sparkle-rib-handkerchief-hem-tunic
2026-09-19,Kosher Casual,Modest Long Sleeve Sparkle Rib Handkerchief Hem Tunic,X-Large,1126-AXL-TP,41.9,14,0,586.6,5,http://koshercasual.com/products/modest-long-sleeve-sparkle-rib-handkerchief-hem-tunic
2026-09-19,Kosher Casual,Modest Long Sleeve Sparkle Rib Handkerchief Hem Tunic,XX-Large,1126-AXXL-TP,41.9,6,0,251.39999999999998,12,http://koshercasual.com/products/modest-long-sleeve-sparkle-rib-handkerchief-hem-tunic
2026-09-19,Kosher Casual,Modest Long Sleeve Handkerchief Tunic Top - Muted Tie-Dye Ribbed Knit,Medium,1125-AM-BTY,41.9,20,0,838.0,8,http://koshercasual.com/products/long-sleeve-modest-handkerchief-tunic-top-ribbed-knit
2026-09-19,Kosher Casual,Modest Long Sleeve Handkerchief Tunic Top - Muted Tie-Dye Ribbed Knit,Large,1125-AL-BTY,41.9,29,0,1215.1,13,http://koshercasual.com/products/long-sleeve-modest-handkerchief-tunic-top-ribbed-knit
2026-09-19,Kosher Casual,Modest Long Sleeve Handkerchief Tunic Top - Muted Tie-Dye Ribbed Knit,X-Large,1125-AXL-BTY,41.9,27,0,1131.3,0,http://koshercasual.com/products/long-sleeve-modest-handkerchief-tunic-top-ribbed-knit
2026-09-19,Kosher Casual,Modest Long Sleeve Handkerchief Tunic Top - Muted Tie-Dye Ribbed Knit,XX-Large,1125-AXXL-BTY,41.9,27,0,1131.3,0,http://koshercasual.com/products/long-sleeve-modest-handkerchief-tunic-top-ribbed-knit
2026-09-19,Kosher Casual,Modest Long Sleeve Handkerchief Tunic Top - Muted Tie-Dye Ribbed Knit,XXX-Large,1125-AXXXL-BTY,41.9,5,0,209.5,0,http://koshercasual.com/products/long-sleeve-modest-handkerchief-tunic-top-ribbed-knit
2026-09-19,Kosher Casual,Tapered Maxi Skirt Premium Sparkle Knit with Side Slits and Silver Shimmer,X-Large,1964-AXL-DB,41.9,3,0,125.69999999999999,10,http://koshercasual.com/products/tapered-maxi-skirt-premium-sparkle-knit-with-side-slits-and-silver-shimmer
2026-09-19,Kosher Casual,Tapered Maxi Skirt Premium Sparkle Knit with Side Slits and Silver Shimmer,XX-Large,1964-AXXL-DB,41.9,5,0,209.5,8,http://koshercasual.com/products/tapered-maxi-skirt-premium-sparkle-knit-with-side-slits-and-silver-shimmer
2026-09-19,Kosher Casual,Tapered Maxi Skirt Premium Sparkle Knit with Side Slits and Silver Shimmer,XX-Large,1964-AXXL-TP,41.9,6,0,251.39999999999998,12,http://koshercasual.com/products/tapered-maxi-skirt-premium-sparkle-knit-with-side-slits-and-silver-shimmer
2026-09-19,Kosher Casual,Tapered Maxi Skirt Rib Knit with Side Slits in Muted Tie-Dye,Large,1963-AL-BTY,41.9,10,0,419.0,2,http://koshercasual.com/products/stretch-maxi-skirt-in-mid-weight-cotton-poly-ribbed-knit
2026-09-19,Kosher Casual,Tapered Maxi Skirt Rib Knit with Side Slits in Muted Tie-Dye,X-Large,1963-AXL-BTY,41.9,8,0,335.2,4,http://koshercasual.com/products/stretch-maxi-skirt-in-mid-weight-cotton-poly-ribbed-knit
2026-09-19,Kosher Casual,Tapered Maxi Skirt Rib Knit with Side Slits in Muted Tie-Dye,XX-Large,1963-AXXL-BTY,41.9,7,0,293.3,3,http://koshercasual.com/products/stretch-maxi-skirt-in-mid-weight-cotton-poly-ribbed-knit
2026-09-19,Kosher Casual,Tapered Maxi Skirt Rib Knit with Side Slits in Muted Tie-Dye,XXX-Large,1963-A3XL-BTY,41.9,10,0,419.0,0,http://koshercasual.com/products/stretch-maxi-skirt-in-mid-weight-cotton-poly-ribbed-knit
2026-09-19,Kosher Casual,Tapered Maxi Skirt Rib Knit with Side Slits in Muted Tie-Dye,Large,1963-AL-NTD,41.9,8,0,335.2,3,http://koshercasual.com/products/stretch-maxi-skirt-in-mid-weight-cotton-poly-ribbed-knit
2026-09-19,Kosher Casual,Tapered Maxi Skirt Rib Knit with Side Slits in Muted Tie-Dye,X-Large,1963-AXL-NTD,41.9,6,0,251.39999999999998,4,http://koshercasual.com/products/stretch-maxi-skirt-in-mid-weight-cotton-poly-ribbed-knit
2026-09-19,Kosher Casual,Tapered Maxi Skirt Rib Knit with Side Slits in Muted Tie-Dye,XX-Large,1963-AXXL-NTD,41.9,5,0,209.5,4,http://koshercasual.com/products/stretch-maxi-skirt-in-mid-weight-cotton-poly-ribbed-knit
2026-09-19,Kosher Casual,Tapered Maxi Skirt Rib Knit with Side Slits in Muted Tie-Dye,XXX-Large,1963-A3XL-NTD,41.9,8,0,335.2,0,http://koshercasual.com/products/stretch-maxi-skirt-in-mid-weight-cotton-poly-ribbed-knit
2026-09-19,Kosher Casual,Cozy Waffle Knit Tunic with Raglan Sleeves & High-Low Hemline,Medium,1222-AM-DG,41.9,3,0,125.69999999999999,0,http://koshercasual.com/products/cozy-waffle-knit-tunic-with-raglan-sleeves-high-low-hemline
2026-09-19,Kosher Casual,Cozy Waffle Knit Tunic with Raglan Sleeves & High-Low Hemline,Large,1222-AL-DG,41.9,11,0,460.9,0,http://koshercasual.com/products/cozy-waffle-knit-tunic-with-raglan-sleeves-high-low-hemline
2026-09-19,Kosher Casual,Cozy Waffle Knit Tunic with Raglan Sleeves & High-Low Hemline,X-Large,1222-AXL-DG,41.9,10,0,419.0,0,http://koshercasual.com/products/cozy-waffle-knit-tunic-with-raglan-sleeves-high-low-hemline
2026-09-19,Kosher Casual,Cozy Waffle Knit Tunic with Raglan Sleeves & High-Low Hemline,XX-Large,1222-AXXL-DG,41.9,7,0,293.3,0,http://koshercasual.com/products/cozy-waffle-knit-tunic-with-raglan-sleeves-high-low-hemline
2026-09-19,Kosher Casual,Cozy Waffle Knit Tunic with Raglan Sleeves & High-Low Hemline,Large,1222-AL-SEG,41.9,10,0,419.0,0,http://koshercasual.com/products/cozy-waffle-knit-tunic-with-raglan-sleeves-high-low-hemline
2026-09-19,Kosher Casual,Cozy Waffle Knit Tunic with Raglan Sleeves & High-Low Hemline,X-Large,1222-AXL-SEG,41.9,8,0,335.2,0,http://koshercasual.com/products/cozy-waffle-knit-tunic-with-raglan-sleeves-high-low-hemline
2026-09-19,Kosher Casual,Cozy Waffle Knit Tunic with Raglan Sleeves & High-Low Hemline,XX-Large,1222-AXXL-SEG,41.9,10,0,419.0,0,http://koshercasual.com/products/cozy-waffle-knit-tunic-with-raglan-sleeves-high-low-hemline
2026-09-19,Kosher Casual,Cozy Waffle Knit Tunic with Raglan Sleeves & High-Low Hemline,Large,1222-AL-WBR,41.9,11,0,460.9,0,http://koshercasual.com/products/cozy-waffle-knit-tunic-with-raglan-sleeves-high-low-hemline
2026-09-19,Kosher Casual,Cozy Waffle Knit Tunic with Raglan Sleeves & High-Low Hemline,X-Large,1222-AXL-WBR,41.9,9,0,377.09999999999997,0,http://koshercasual.com/products/cozy-waffle-knit-tunic-with-raglan-sleeves-high-low-hemline
2026-09-19,Kosher Casual,Cozy Waffle Knit Tunic with Raglan Sleeves & High-Low Hemline,XX-Large,1222-AXXL-WBR,41.9,9,0,377.09999999999997,0,http://koshercasual.com/products/cozy-waffle-knit-tunic-with-raglan-sleeves-high-low-hemline
2026-09-19,Kosher Casual,Curved Empire Waist Waffle Knit Long Sleeve Dress with Pockets Black Walnut Grey,Small,1603-AS-WLT,46.9,3,0,140.7,0,http://koshercasual.com/products/curved-empire-waist-waffle-knit-long-sleeve-dress-with-pockets-black-walnut-grey
2026-09-19,Kosher Casual,Curved Empire Waist Waffle Knit Long Sleeve Dress with Pockets Black Walnut Grey,XX-Large,1603-AXXL-WLT,46.9,6,0,281.4,0,http://koshercasual.com/products/curved-empire-waist-waffle-knit-long-sleeve-dress-with-pockets-black-walnut-grey
2026-09-19,Kosher Casual,Curved Empire Waist Waffle Knit Long Sleeve Dress with Pockets Black Walnut Grey,Small,1603-AS-BK,46.9,4,0,187.6,0,http://koshercasual.com/products/curved-empire-waist-waffle-knit-long-sleeve-dress-with-pockets-black-walnut-grey
2026-09-19,Kosher Casual,Curved Empire Waist Waffle Knit Long Sleeve Dress with Pockets Black Walnut Grey,Medium,1603-AM-BK,46.9,8,0,375.2,0,http://koshercasual.com/products/curved-empire-waist-waffle-knit-long-sleeve-dress-with-pockets-black-walnut-grey
2026-09-19,Kosher Casual,Curved Empire Waist Waffle Knit Long Sleeve Dress with Pockets Black Walnut Grey,Large,1603-AL-BK,46.9,14,0,656.6,0,http://koshercasual.com/products/curved-empire-waist-waffle-knit-long-sleeve-dress-with-pockets-black-walnut-grey
2026-09-19,Kosher Casual,Curved Empire Waist Waffle Knit Long Sleeve Dress with Pockets Black Walnut Grey,X-Large,1603-AXL-BK,46.9,17,0,797.3,0,http://koshercasual.com/products/curved-empire-waist-waffle-knit-long-sleeve-dress-with-pockets-black-walnut-grey
2026-09-19,Kosher Casual,Curved Empire Waist Waffle Knit Long Sleeve Dress with Pockets Black Walnut Grey,XX-Large,1603-AXXL-BK,46.9,13,0,609.6999999999999,0,http://koshercasual.com/products/curved-empire-waist-waffle-knit-long-sleeve-dress-with-pockets-black-walnut-grey
2026-09-19,Kosher Casual,Curved Empire Waist Waffle Knit Long Sleeve Dress with Pockets Black Walnut Grey,Small,1603-AS-SGY,46.9,5,0,234.5,0,http://koshercasual.com/products/curved-empire-waist-waffle-knit-long-sleeve-dress-with-pockets-black-walnut-grey
2026-09-19,Kosher Casual,Curved Empire Waist Waffle Knit Long Sleeve Dress with Pockets Black Walnut Grey,Medium,1603-AM-SGY,46.9,7,0,328.3,0,http://koshercasual.com/products/curved-empire-waist-waffle-knit-long-sleeve-dress-with-pockets-black-walnut-grey
2026-09-19,Kosher Casual,Curved Empire Waist Waffle Knit Long Sleeve Dress with Pockets Black Walnut Grey,Large,1603-AL-SGY,46.9,10,0,469.0,0,http://koshercasual.com/products/curved-empire-waist-waffle-knit-long-sleeve-dress-with-pockets-black-walnut-grey
2026-09-19,Kosher Casual,Curved Empire Waist Waffle Knit Long Sleeve Dress with Pockets Black Walnut Grey,X-Large,1603-AXL-SGY,46.9,7,0,328.3,0,http://koshercasual.com/products/curved-empire-waist-waffle-knit-long-sleeve-dress-with-pockets-black-walnut-grey
2026-09-19,Kosher Casual,Curved Empire Waist Waffle Knit Long Sleeve Dress with Pockets Black Walnut Grey,XX-Large,1603-AXXL-SGY,46.9,13,0,609.6999999999999,0,http://koshercasual.com/products/curved-empire-waist-waffle-knit-long-sleeve-dress-with-pockets-black-walnut-grey
2026-09-19,Kosher Casual,"Long Sleeve T-Shirt with Side Slits 100% Cotton in Burgundy, Grey & Black",Small,1243-AS-BK,34.9,4,0,139.6,0,http://koshercasual.com/products/cotton-long-sleeve-t-shirt-with-side-slits
2026-09-19,Kosher Casual,"Long Sleeve T-Shirt with Side Slits 100% Cotton in Burgundy, Grey & Black",Medium,1243-AM-BK,34.9,13,0,453.7,0,http://koshercasual.com/products/cotton-long-sleeve-t-shirt-with-side-slits
2026-09-19,Kosher Casual,"Long Sleeve T-Shirt with Side Slits 100% Cotton in Burgundy, Grey & Black",Large,1243-AL-BK,34.9,17,0,593.3,0,http://koshercasual.com/products/cotton-long-sleeve-t-shirt-with-side-slits
2026-09-19,Kosher Casual,"Long Sleeve T-Shirt with Side Slits 100% Cotton in Burgundy, Grey & Black",X-Large,1243-AXL-BK,34.9,18,0,628.1999999999999,0,http://koshercasual.com/products/cotton-long-sleeve-t-shirt-with-side-slits
2026-09-19,Kosher Casual,"Long Sleeve T-Shirt with Side Slits 100% Cotton in Burgundy, Grey & Black",XX-Large,1243-AXXL-BK,34.9,16,0,558.4,0,http://koshercasual.com/products/cotton-long-sleeve-t-shirt-with-side-slits
2026-09-19,Kosher Casual,"Long Sleeve T-Shirt with Side Slits 100% Cotton in Burgundy, Grey & Black",Small,1243-AS-BU,34.9,4,0,139.6,0,http://koshercasual.com/products/cotton-long-sleeve-t-shirt-with-side-slits
2026-09-19,Kosher Casual,"Long Sleeve T-Shirt with Side Slits 100% Cotton in Burgundy, Grey & Black",Medium,1243-AM-BU,34.9,14,0,488.59999999999997,0,http://koshercasual.com/products/cotton-long-sleeve-t-shirt-with-side-slits
2026-09-19,Kosher Casual,"Long Sleeve T-Shirt with Side Slits 100% Cotton in Burgundy, Grey & Black",Large,1243-AL-BU,34.9,14,0,488.59999999999997,0,http://koshercasual.com/products/cotton-long-sleeve-t-shirt-with-side-slits
2026-09-19,Kosher Casual,"Long Sleeve T-Shirt with Side Slits 100% Cotton in Burgundy, Grey & Black",X-Large,1243-AXL-BU,34.9,16,0,558.4,0,http://koshercasual.com/products/cotton-long-sleeve-t-shirt-with-side-slits
2026-09-19,Kosher Casual,"Long Sleeve T-Shirt with Side Slits 100% Cotton in Burgundy, Grey & Black",XX-Large,1243-AXXL-BU,34.9,15,0,523.5,0,http://koshercasual.com/products/cotton-long-sleeve-t-shirt-with-side-slits
2026-09-19,Kosher Casual,"Long Sleeve T-Shirt with Side Slits 100% Cotton in Burgundy, Grey & Black",Small,1243-AS-SGY,34.9,5,0,174.5,0,http://koshercasual.com/products/cotton-long-sleeve-t-shirt-with-side-slits
2026-09-19,Kosher Casual,"Long Sleeve T-Shirt with Side Slits 100% Cotton in Burgundy, Grey & Black",Medium,1243-AM-SGY,34.9,16,0,558.4,0,http://koshercasual.com/products/cotton-long-sleeve-t-shirt-with-side-slits
2026-09-19,Kosher Casual,"Long Sleeve T-Shirt with Side Slits 100% Cotton in Burgundy, Grey & Black",Large,1243-AL-SGY,34.9,14,0,488.59999999999997,0,http://koshercasual.com/products/cotton-long-sleeve-t-shirt-with-side-slits
2026-09-19,Kosher Casual,"Long Sleeve T-Shirt with Side Slits 100% Cotton in Burgundy, Grey & Black",X-Large,1243-AXL-SGY,34.9,16,0,558.4,0,http://koshercasual.com/products/cotton-long-sleeve-t-shirt-with-side-slits
2026-09-19,Kosher Casual,"Long Sleeve T-Shirt with Side Slits 100% Cotton in Burgundy, Grey & Black",XX-Large,1243-AXXL-SGY,34.9,15,0,523.5,0,http://koshercasual.com/products/cotton-long-sleeve-t-shirt-with-side-slits
2026-09-19,Kosher Casual,Modest Midi Pencil Skirt Below the Knee with Elastic Waist - Striped Pattern,X-Small,1962-AXS-NLO,31.9,6,0,191.39999999999998,0,http://koshercasual.com/products/mid-calf-pencil-skirt-lightweight-knit-closed-hem
2026-09-19,Kosher Casual,Modest Midi Pencil Skirt Below the Knee with Elastic Waist - Striped Pattern,Small,1962-AS-NLO,31.9,13,0,414.7,0,http://koshercasual.com/products/mid-calf-pencil-skirt-lightweight-knit-closed-hem
2026-09-19,Kosher Casual,Modest Midi Pencil Skirt Below the Knee with Elastic Waist - Striped Pattern,Medium,1962-AM-NLO,31.9,28,0,893.1999999999999,1,http://koshercasual.com/products/mid-calf-pencil-skirt-lightweight-knit-closed-hem
2026-09-19,Kosher Casual,Modest Midi Pencil Skirt Below the Knee with Elastic Waist - Striped Pattern,Large,1962-AL-NLO,31.9,11,0,350.9,-1,http://koshercasual.com/products/mid-calf-pencil-skirt-lightweight-knit-closed-hem
2026-09-19,Kosher Casual,Modest Midi Pencil Skirt Below the Knee with Elastic Waist - Striped Pattern,X-Large,1962-AXL-NLO,31.9,13,0,414.7,0,http://koshercasual.com/products/mid-calf-pencil-skirt-lightweight-knit-closed-hem
2026-09-19,Kosher Casual,Modest Midi Pencil Skirt Below the Knee with Elastic Waist - Striped Pattern,XX-Large,1962-AXXL-NLO,31.9,12,0,382.79999999999995,0,http://koshercasual.com/products/mid-calf-pencil-skirt-lightweight-knit-closed-hem
2026-09-19,Kosher Casual,Modest Midi Pencil Skirt Below the Knee with Elastic Waist - Striped Pattern,X-Small,1962-AXS-NDN,31.9,8,0,255.2,0,http://koshercasual.com/products/mid-calf-pencil-skirt-lightweight-knit-closed-hem
2026-09-19,Kosher Casual,Modest Midi Pencil Skirt Below the Knee with Elastic Waist - Striped Pattern,Small,1962-AS-NDN,31.9,11,0,350.9,0,http://koshercasual.com/products/mid-calf-pencil-skirt-lightweight-knit-closed-hem
2026-09-19,Kosher Casual,Modest Midi Pencil Skirt Below the Knee with Elastic Waist - Striped Pattern,Medium,1962-AM-NDN,31.9,24,0,765.5999999999999,0,http://koshercasual.com/products/mid-calf-pencil-skirt-lightweight-knit-closed-hem
2026-09-19,Kosher Casual,Modest Midi Pencil Skirt Below the Knee with Elastic Waist - Striped Pattern,Large,1962-AL-NDN,31.9,9,0,287.09999999999997,0,http://koshercasual.com/products/mid-calf-pencil-skirt-lightweight-knit-closed-hem
2026-09-19,Kosher Casual,Modest Midi Pencil Skirt Below the Knee with Elastic Waist - Striped Pattern,X-Large,1962-AXL-NDN,31.9,10,0,319.0,0,http://koshercasual.com/products/mid-calf-pencil-skirt-lightweight-knit-closed-hem
2026-09-19,Kosher Casual,Modest Midi Pencil Skirt Below the Knee with Elastic Waist - Striped Pattern,XX-Large,1962-AXXL-NDN,31.9,9,0,287.09999999999997,0,http://koshercasual.com/products/mid-calf-pencil-skirt-lightweight-knit-closed-hem
2026-09-19,Kosher Casual,Modest Cotton Long Sleeve T-Shirt with Side Slits – Crew Neck,Small,1239-AS-OSS,34.9,4,0,139.6,0,http://koshercasual.com/products/modest-cotton-long-sleeve-t-shirt-with-side-slits-crew-neck
2026-09-19,Kosher Casual,Modest Cotton Long Sleeve T-Shirt with Side Slits – Crew Neck,Medium,1239-AM-OSS,34.9,14,0,488.59999999999997,0,http://koshercasual.com/products/modest-cotton-long-sleeve-t-shirt-with-side-slits-crew-neck
2026-09-19,Kosher Casual,Modest Cotton Long Sleeve T-Shirt with Side Slits – Crew Neck,Small,1239-AS-BSS,34.9,4,0,139.6,0,http://koshercasual.com/products/modest-cotton-long-sleeve-t-shirt-with-side-slits-crew-neck
2026-09-19,Kosher Casual,Modest Cotton Long Sleeve T-Shirt with Side Slits – Crew Neck,Large,1239-AL-OSS,34.9,14,0,488.59999999999997,0,http://koshercasual.com/products/modest-cotton-long-sleeve-t-shirt-with-side-slits-crew-neck
2026-09-19,Kosher Casual,Modest Cotton Long Sleeve T-Shirt with Side Slits – Crew Neck,X-Large,1239-AXL-OSS,34.9,16,0,558.4,0,http://koshercasual.com/products/modest-cotton-long-sleeve-t-shirt-with-side-slits-crew-neck
2026-09-19,Kosher Casual,Modest Cotton Long Sleeve T-Shirt with Side Slits – Crew Neck,XX-Large,1239-AXXL-OSS,34.9,14,0,488.59999999999997,0,http://koshercasual.com/products/modest-cotton-long-sleeve-t-shirt-with-side-slits-crew-neck
2026-09-19,Kosher Casual,Modest Cotton Long Sleeve T-Shirt with Side Slits – Crew Neck,XX-Large,1239-AXXL-BSS,34.9,13,0,453.7,0,http://koshercasual.com/products/modest-cotton-long-sleeve-t-shirt-with-side-slits-crew-neck
2026-09-19,Kosher Casual,Modest Cotton Long Sleeve T-Shirt with Side Slits – Crew Neck,X-Large,1239-AXL-BSS,34.9,12,0,418.79999999999995,0,http://koshercasual.com/products/modest-cotton-long-sleeve-t-shirt-with-side-slits-crew-neck
2026-09-19,Kosher Casual,Modest Cotton Long Sleeve T-Shirt with Side Slits – Crew Neck,Medium,1239-AM-BSS,34.9,14,0,488.59999999999997,0,http://koshercasual.com/products/modest-cotton-long-sleeve-t-shirt-with-side-slits-crew-neck
2026-09-19,Kosher Casual,Modest Cotton Long Sleeve T-Shirt with Side Slits – Crew Neck,Large,1239-AL-BSS,34.9,13,0,453.7,0,http://koshercasual.com/products/modest-cotton-long-sleeve-t-shirt-with-side-slits-crew-neck
2026-09-19,Kosher Casual,"Modest Flow Tunic - High Neckline, 3/4 Sleeves with Modern Slit Detail",Small,1241-AS-TCR,33.52,5,0,167.60000000000002,0,http://koshercasual.com/products/modest-flow-tunic-high-neckline-3-4-sleeves-with-modern-slit-detail
2026-09-19,Kosher Casual,"Modest Flow Tunic - High Neckline, 3/4 Sleeves with Modern Slit Detail",Medium,1241-AM-TCR,33.52,0,1,0.0,1,http://koshercasual.com/products/modest-flow-tunic-high-neckline-3-4-sleeves-with-modern-slit-detail
2026-09-19,Kosher Casual,High Neck Fitted Tee - Lightweight Ribbed Top with Three Quarter Sleeves,Small,1221-AS-SLW,25.52,4,0,102.08,0,http://koshercasual.com/products/high-neck-fitted-tee-lightweight-ribbed-top-with-three-quarter-sleeves
2026-09-19,Kosher Casual,High Neck Fitted Tee - Lightweight Ribbed Top with Three Quarter Sleeves,Medium,1221-AM-SLW,25.52,9,0,229.68,0,http://koshercasual.com/products/high-neck-fitted-tee-lightweight-ribbed-top-with-three-quarter-sleeves
2026-09-19,Kosher Casual,High Neck Fitted Tee - Lightweight Ribbed Top with Three Quarter Sleeves,Large,1221-AL-SLW,25.52,6,0,153.12,1,http://koshercasual.com/products/high-neck-fitted-tee-lightweight-ribbed-top-with-three-quarter-sleeves
2026-09-19,Kosher Casual,High Neck Fitted Tee - Lightweight Ribbed Top with Three Quarter Sleeves,X-Large,1221-AXL-SLW,25.52,6,0,153.12,0,http://koshercasual.com/products/high-neck-fitted-tee-lightweight-ribbed-top-with-three-quarter-sleeves
2026-09-19,Kosher Casual,High Neck Fitted Tee - Lightweight Ribbed Top with Three Quarter Sleeves,XX-Large,1221-AXXL-SLW,25.52,6,0,153.12,0,http://koshercasual.com/products/high-neck-fitted-tee-lightweight-ribbed-top-with-three-quarter-sleeves
2026-09-19,Kosher Casual,High Neck Fitted Tee - Lightweight Ribbed Top with Three Quarter Sleeves,X-Small,1221-AXS-SYW,25.52,4,0,102.08,0,http://koshercasual.com/products/high-neck-fitted-tee-lightweight-ribbed-top-with-three-quarter-sleeves
2026-09-19,Kosher Casual,High Neck Fitted Tee - Lightweight Ribbed Top with Three Quarter Sleeves,Small,1221-AS-SYW,25.52,6,0,153.12,0,http://koshercasual.com/products/high-neck-fitted-tee-lightweight-ribbed-top-with-three-quarter-sleeves
2026-09-19,Kosher Casual,High Neck Fitted Tee - Lightweight Ribbed Top with Three Quarter Sleeves,Medium,1221-AM-SYW,25.52,10,0,255.2,0,http://koshercasual.com/products/high-neck-fitted-tee-lightweight-ribbed-top-with-three-quarter-sleeves
2026-09-19,Kosher Casual,High Neck Fitted Tee - Lightweight Ribbed Top with Three Quarter Sleeves,Large,1221-AL-SYW,25.52,11,0,280.71999999999997,0,http://koshercasual.com/products/high-neck-fitted-tee-lightweight-ribbed-top-with-three-quarter-sleeves
2026-09-19,Kosher Casual,High Neck Fitted Tee - Lightweight Ribbed Top with Three Quarter Sleeves,X-Large,1221-AXL-SYW,25.52,10,0,255.2,0,http://koshercasual.com/products/high-neck-fitted-tee-lightweight-ribbed-top-with-three-quarter-sleeves
2026-09-19,Kosher Casual,High Neck Fitted Tee - Lightweight Ribbed Top with Three Quarter Sleeves,XX-Large,1221-AXXL-SYW,25.52,11,0,280.71999999999997,0,http://koshercasual.com/products/high-neck-fitted-tee-lightweight-ribbed-top-with-three-quarter-sleeves
2026-09-19,Kosher Casual,Mid-Calf 3/4 Sleeve Swing Dress with Pockets,X-Small,1656-AXS-CBR,59.9,3,0,179.7,0,http://koshercasual.com/products/mid-calf-3-4-sleeve-swing-dress-with-pockets-copy
2026-09-19,Kosher Casual,Mid-Calf 3/4 Sleeve Swing Dress with Pockets,Small,1656-AS-CBR,59.9,10,0,599.0,0,http://koshercasual.com/products/mid-calf-3-4-sleeve-swing-dress-with-pockets-copy
2026-09-19,Kosher Casual,Mid-Calf 3/4 Sleeve Swing Dress with Pockets,Small,1656-AS-WBP,59.9,9,0,539.1,0,http://koshercasual.com/products/mid-calf-3-4-sleeve-swing-dress-with-pockets-copy
2026-09-19,Kosher Casual,Asymmetric Waffle Knit T-Shirt with Elongated Front Hem - 3/4 Sleeve High Neck Women's Top,Small,1242-AS-G,33.52,9,0,301.68,0,http://koshercasual.com/products/asymmetric-waffle-knit-t-shirt-with-elongated-front-hem-3-4-sleeve-high-neck-womens-top
2026-09-19,Kosher Casual,Asymmetric Waffle Knit T-Shirt with Elongated Front Hem - 3/4 Sleeve High Neck Women's Top,Medium,1242-AM-G,33.52,14,0,469.28000000000003,0,http://koshercasual.com/products/asymmetric-waffle-knit-t-shirt-with-elongated-front-hem-3-4-sleeve-high-neck-womens-top
2026-09-19,Kosher Casual,Asymmetric Waffle Knit T-Shirt with Elongated Front Hem - 3/4 Sleeve High Neck Women's Top,Large,1242-AL-G,33.52,10,0,335.20000000000005,0,http://koshercasual.com/products/asymmetric-waffle-knit-t-shirt-with-elongated-front-hem-3-4-sleeve-high-neck-womens-top
2026-09-19,Kosher Casual,Asymmetric Waffle Knit T-Shirt with Elongated Front Hem - 3/4 Sleeve High Neck Women's Top,X-Large,1242-AXL-G,33.52,9,0,301.68,0,http://koshercasual.com/products/asymmetric-waffle-knit-t-shirt-with-elongated-front-hem-3-4-sleeve-high-neck-womens-top
2026-09-19,Kosher Casual,Asymmetric Waffle Knit T-Shirt with Elongated Front Hem - 3/4 Sleeve High Neck Women's Top,XX-Large,1242-AXXL-G,33.52,10,0,335.20000000000005,1,http://koshercasual.com/products/asymmetric-waffle-knit-t-shirt-with-elongated-front-hem-3-4-sleeve-high-neck-womens-top
2026-09-19,Kosher Casual,Asymmetric Waffle Knit T-Shirt with Elongated Front Hem - 3/4 Sleeve High Neck Women's Top,X-Small,1242-AXS-N,33.52,3,0,100.56,0,http://koshercasual.com/products/asymmetric-waffle-knit-t-shirt-with-elongated-front-hem-3-4-sleeve-high-neck-womens-top
2026-09-19,Kosher Casual,Asymmetric Waffle Knit T-Shirt with Elongated Front Hem - 3/4 Sleeve High Neck Women's Top,Small,1242-AS-N,33.52,8,0,268.16,0,http://koshercasual.com/products/asymmetric-waffle-knit-t-shirt-with-elongated-front-hem-3-4-sleeve-high-neck-womens-top
2026-09-19,Kosher Casual,Asymmetric Waffle Knit T-Shirt with Elongated Front Hem - 3/4 Sleeve High Neck Women's Top,Medium,1242-AM-N,33.52,6,0,201.12,0,http://koshercasual.com/products/asymmetric-waffle-knit-t-shirt-with-elongated-front-hem-3-4-sleeve-high-neck-womens-top
2026-09-19,Kosher Casual,Asymmetric Waffle Knit T-Shirt with Elongated Front Hem - 3/4 Sleeve High Neck Women's Top,X-Large,1242-AXL-N,33.52,7,0,234.64000000000001,0,http://koshercasual.com/products/asymmetric-waffle-knit-t-shirt-with-elongated-front-hem-3-4-sleeve-high-neck-womens-top
2026-09-19,Kosher Casual,Asymmetric Waffle Knit T-Shirt with Elongated Front Hem - 3/4 Sleeve High Neck Women's Top,Small,1242-AS-LI,33.52,7,0,234.64000000000001,0,http://koshercasual.com/products/asymmetric-waffle-knit-t-shirt-with-elongated-front-hem-3-4-sleeve-high-neck-womens-top
2026-09-19,Kosher Casual,Asymmetric Waffle Knit T-Shirt with Elongated Front Hem - 3/4 Sleeve High Neck Women's Top,Medium,1242-AM-LI,33.52,3,0,100.56,0,http://koshercasual.com/products/asymmetric-waffle-knit-t-shirt-with-elongated-front-hem-3-4-sleeve-high-neck-womens-top
2026-09-19,Kosher Casual,Cotton Waffle Knit Modest Top - 3/4 Sleeve with High Neckline,Small,1122-AS-BK,33.52,10,0,335.20000000000005,0,http://koshercasual.com/products/womens-waffle-knit-top-loose-fit-with-high-neckline-and-3-4-sleeves
2026-09-19,Kosher Casual,Cotton Waffle Knit Modest Top - 3/4 Sleeve with High Neckline,Large,1122-AL-BK,33.52,6,0,201.12,0,http://koshercasual.com/products/womens-waffle-knit-top-loose-fit-with-high-neckline-and-3-4-sleeves
2026-09-19,Kosher Casual,Cotton Waffle Knit Modest Top - 3/4 Sleeve with High Neckline,X-Large,1122-AXL-BK,33.52,4,0,134.08,0,http://koshercasual.com/products/womens-waffle-knit-top-loose-fit-with-high-neckline-and-3-4-sleeves
2026-09-19,Kosher Casual,Cotton Waffle Knit Modest Top - 3/4 Sleeve with High Neckline,Medium,1122-AM-BK,33.52,10,0,335.20000000000005,0,http://koshercasual.com/products/womens-waffle-knit-top-loose-fit-with-high-neckline-and-3-4-sleeves
2026-09-19,Kosher Casual,Fitted Bodice Maxi Summer Dress with 3/4 Sleeves with Pockets,Small,1600-AS-BWJ,55.92,7,0,391.44,0,http://koshercasual.com/products/fitted-bodice-maxi-summer-dress-with-3-4-sleeves-with-pockets
2026-09-19,Kosher Casual,Modest 3/4 Sleeve Layering Shell with Below Collarbone Neckline,Small,1215-AS-ALM2,23.9,3,0,71.69999999999999,0,http://koshercasual.com/products/modest-3-4-sleeve-layering-shell-with-below-collarbone-neckline
2026-09-19,Kosher Casual,Modest 3/4 Sleeve Layering Shell with Below Collarbone Neckline,Medium,1215-AM-ALM2,23.9,3,0,71.69999999999999,0,http://koshercasual.com/products/modest-3-4-sleeve-layering-shell-with-below-collarbone-neckline
2026-09-19,Kosher Casual,Classic Knee Length A-Line T-Shirt Dress,X-Small,1630-AXS-BK,45.9,7,0,321.3,0,http://koshercasual.com/products/classic-knee-length-a-line-t-shirt-dress
2026-09-19,Kosher Casual,Classic Knee Length A-Line T-Shirt Dress,Small,1630-AS-BOF,45.9,8,0,367.2,0,http://koshercasual.com/products/classic-knee-length-a-line-t-shirt-dress
2026-09-19,Kosher Casual,Classic Knee Length A-Line T-Shirt Dress,X-Small,1630-AXS-BEF,45.9,11,0,504.9,0,http://koshercasual.com/products/classic-knee-length-a-line-t-shirt-dress
2026-09-19,Kosher Casual,Classic Knee Length A-Line T-Shirt Dress,XX-Large,1630-AXXL-BEF,45.9,3,0,137.7,0,http://koshercasual.com/products/classic-knee-length-a-line-t-shirt-dress
2026-09-19,Kosher Casual,Classic Knee Length A-Line T-Shirt Dress,X-Small,1630-AXS-CB,45.9,6,0,275.4,0,http://koshercasual.com/products/classic-knee-length-a-line-t-shirt-dress
2026-09-19,Kosher Casual,Classic Knee Length A-Line T-Shirt Dress,XX-Large,1630-AXXL-AU,45.9,4,0,183.6,0,http://koshercasual.com/products/classic-knee-length-a-line-t-shirt-dress
2026-09-19,Kosher Casual,Classic Knee Length A-Line T-Shirt Dress,Large,1630-AL-G,45.9,9,0,413.09999999999997,0,http://koshercasual.com/products/classic-knee-length-a-line-t-shirt-dress
2026-09-19,Kosher Casual,Classic Knee Length A-Line T-Shirt Dress,XX-Large,1630-AXXL-G,45.9,10,0,459.0,0,http://koshercasual.com/products/classic-knee-length-a-line-t-shirt-dress
2026-09-19,Kosher Casual,Classic Knee Length A-Line T-Shirt Dress,Large,1630-AL-JB,45.9,8,0,367.2,0,http://koshercasual.com/products/classic-knee-length-a-line-t-shirt-dress
2026-09-19,Kosher Casual,Classic Knee Length A-Line T-Shirt Dress,X-Large,1630-AXL-JB,45.9,7,0,321.3,0,http://koshercasual.com/products/classic-knee-length-a-line-t-shirt-dress
2026-09-19,Kosher Casual,Classic Knee Length A-Line T-Shirt Dress,XX-Large,1630-AXXL-JB,45.9,9,0,413.09999999999997,0,http://koshercasual.com/products/classic-knee-length-a-line-t-shirt-dress
2026-09-19,Kosher Casual,Classic Knee Length A-Line T-Shirt Dress,X-Small,1630-AXS-TP,45.9,3,0,137.7,0,http://koshercasual.com/products/classic-knee-length-a-line-t-shirt-dress
2026-09-19,Kosher Casual,Classic Knee Length A-Line T-Shirt Dress,Large,1630-AL-TP,45.9,7,0,321.3,0,http://koshercasual.com/products/classic-knee-length-a-line-t-shirt-dress
2026-09-19,Kosher Casual,Classic Knee Length A-Line T-Shirt Dress,X-Large,1630-AXL-TP,45.9,7,0,321.3,0,http://koshercasual.com/products/classic-knee-length-a-line-t-shirt-dress
2026-09-19,Kosher Casual,Classic Knee Length A-Line T-Shirt Dress,XX-Large,1630-AXXL-TP,45.9,4,0,183.6,0,http://koshercasual.com/products/classic-knee-length-a-line-t-shirt-dress
2026-09-19,Kosher Casual,Classic Knee Length A-Line T-Shirt Dress,X-Small,1630-AXS-BEN,45.9,8,0,367.2,0,http://koshercasual.com/products/classic-knee-length-a-line-t-shirt-dress
2026-09-19,Kosher Casual,Classic Knee Length A-Line T-Shirt Dress,X-Small,1630-AXS-AWG,45.9,7,0,321.3,0,http://koshercasual.com/products/classic-knee-length-a-line-t-shirt-dress
2026-09-19,Kosher Casual,Modest Elbow Sleeve Swim & Running/Exercise Shirt - UV 50 Protection,Small,1273-AS-BK,31.92,6,0,191.52,0,http://koshercasual.com/products/modest-elbow-sleeve-swim-running-exercise-shirt-uv-50-protection
2026-09-19,Kosher Casual,Modest Elbow Sleeve Swim & Running/Exercise Shirt - UV 50 Protection,Large,1273-AL-CYC,31.92,5,0,159.60000000000002,0,http://koshercasual.com/products/modest-elbow-sleeve-swim-running-exercise-shirt-uv-50-protection
2026-09-19,Kosher Casual,Modest Elbow Sleeve Swim & Running/Exercise Shirt - UV 50 Protection,X-Large,1273-AXL-CYC,31.92,3,0,95.76,0,http://koshercasual.com/products/modest-elbow-sleeve-swim-running-exercise-shirt-uv-50-protection
2026-09-19,Kosher Casual,Modest Elbow Sleeve Swim & Running/Exercise Shirt - UV 50 Protection,Small,1273-AS-DN,31.92,3,0,95.76,0,http://koshercasual.com/products/modest-elbow-sleeve-swim-running-exercise-shirt-uv-50-protection
2026-09-19,Kosher Casual,Premium Sleeveless Layering Tank Top with Full Shoulder Coverage,Small,1271-AS-BG,21.9,0,1,0.0,1,http://koshercasual.com/products/premium-sleeveless-shell-top-with-full-shoulder-coverage-layering-tank-top
2026-09-19,Kosher Casual,Premium Sleeveless Layering Tank Top with Full Shoulder Coverage,Medium,1271-AM-BG,21.9,2,0,43.8,7,http://koshercasual.com/products/premium-sleeveless-shell-top-with-full-shoulder-coverage-layering-tank-top
2026-09-19,Kosher Casual,Premium Sleeveless Layering Tank Top with Full Shoulder Coverage,X-Small,1271-AXS-DMO,21.9,2,0,43.8,1,http://koshercasual.com/products/premium-sleeveless-shell-top-with-full-shoulder-coverage-layering-tank-top
2026-09-19,Kosher Casual,Premium Sleeveless Layering Tank Top with Full Shoulder Coverage,Small,1271-AS-DMO,21.9,1,0,21.9,15,http://koshercasual.com/products/premium-sleeveless-shell-top-with-full-shoulder-coverage-layering-tank-top
2026-09-19,Kosher Casual,Premium Sleeveless Layering Tank Top with Full Shoulder Coverage,X-Small,1271-AXS-AU,21.9,1,0,21.9,9,http://koshercasual.com/products/premium-sleeveless-shell-top-with-full-shoulder-coverage-layering-tank-top
2026-09-19,Kosher Casual,Premium Sleeveless Layering Tank Top with Full Shoulder Coverage,Medium,1271-AM-OF,21.9,0,1,0.0,2,http://koshercasual.com/products/premium-sleeveless-shell-top-with-full-shoulder-coverage-layering-tank-top
2026-09-19,Kosher Casual,Premium Sleeveless Layering Tank Top with Full Shoulder Coverage,Large,1271-AL-OF,21.9,12,0,262.79999999999995,1,http://koshercasual.com/products/premium-sleeveless-shell-top-with-full-shoulder-coverage-layering-tank-top
2026-09-19,Kosher Casual,Premium Sleeveless Layering Tank Top with Full Shoulder Coverage,X-Large,1271-AXL-OF,21.9,12,0,262.79999999999995,2,http://koshercasual.com/products/premium-sleeveless-shell-top-with-full-shoulder-coverage-layering-tank-top
2026-09-19,Kosher Casual,Premium Sleeveless Layering Tank Top with Full Shoulder Coverage,Small,1271-AS-W,21.9,1,0,21.9,25,http://koshercasual.com/products/premium-sleeveless-shell-top-with-full-shoulder-coverage-layering-tank-top
2026-09-19,Kosher Casual,Premium Sleeveless Layering Tank Top with Full Shoulder Coverage,Medium,1271-AM-W,21.9,5,0,109.5,28,http://koshercasual.com/products/premium-sleeveless-shell-top-with-full-shoulder-coverage-layering-tank-top
2026-09-19,Kosher Casual,Premium Sleeveless Layering Tank Top with Full Shoulder Coverage,X-Large,1271-AXL-W,21.9,68,0,1489.1999999999998,0,http://koshercasual.com/products/premium-sleeveless-shell-top-with-full-shoulder-coverage-layering-tank-top
2026-09-19,Kosher Casual,Premium Sleeveless Layering Tank Top with Full Shoulder Coverage,X-Large,1271-AXL-CH,21.9,1,0,21.9,0,http://koshercasual.com/products/premium-sleeveless-shell-top-with-full-shoulder-coverage-layering-tank-top
2026-09-19,Kosher Casual,Premium Sleeveless Layering Tank Top with Full Shoulder Coverage,X-Small,1271-AXS-G,21.9,2,0,43.8,4,http://koshercasual.com/products/premium-sleeveless-shell-top-with-full-shoulder-coverage-layering-tank-top
2026-09-19,Kosher Casual,Plus Size Premium Sleeveless Layering Tank Top with Full Shoulder Coverage,18,1271-18-BK,25.9,6,0,155.39999999999998,4,http://koshercasual.com/products/plus-size-premium-sleeveless-layering-tank-top-with-full-shoulder-coverage
2026-09-19,Kosher Casual,Plus Size Premium Sleeveless Layering Tank Top with Full Shoulder Coverage,22,1271-22-BK,25.9,2,0,51.8,7,http://koshercasual.com/products/plus-size-premium-sleeveless-layering-tank-top-with-full-shoulder-coverage
2026-09-19,Kosher Casual,Plus Size Premium Sleeveless Layering Tank Top with Full Shoulder Coverage,22,1271-22-N,25.9,1,0,25.9,17,http://koshercasual.com/products/plus-size-premium-sleeveless-layering-tank-top-with-full-shoulder-coverage
2026-09-19,Kosher Casual,Plus Size Premium Sleeveless Layering Tank Top with Full Shoulder Coverage,22,1271-22-AU,25.9,1,0,25.9,0,http://koshercasual.com/products/plus-size-premium-sleeveless-layering-tank-top-with-full-shoulder-coverage
2026-09-19,Kosher Casual,Plus Size Premium Sleeveless Layering Tank Top with Full Shoulder Coverage,20,1271-20-OF,25.9,2,0,51.8,7,http://koshercasual.com/products/plus-size-premium-sleeveless-layering-tank-top-with-full-shoulder-coverage
2026-09-19,Kosher Casual,Plus Size Premium Sleeveless Layering Tank Top with Full Shoulder Coverage,22,1271-22-OF,25.9,3,0,77.69999999999999,2,http://koshercasual.com/products/plus-size-premium-sleeveless-layering-tank-top-with-full-shoulder-coverage
2026-09-19,Kosher Casual,Plus Size Premium Sleeveless Layering Tank Top with Full Shoulder Coverage,20,1271-20-W,25.9,4,0,103.6,30,http://koshercasual.com/products/plus-size-premium-sleeveless-layering-tank-top-with-full-shoulder-coverage
2026-09-19,Kosher Casual,Plus Size Premium Sleeveless Layering Tank Top with Full Shoulder Coverage,24,1271-24-W,25.9,1,0,25.9,0,http://koshercasual.com/products/plus-size-premium-sleeveless-layering-tank-top-with-full-shoulder-coverage
2026-09-19,Kosher Casual,Denim Skirt with Stretch Waistband – Below Knee Length,XX-Large,1490-AXXL-SBL,45.9,1,0,45.9,3,http://koshercasual.com/products/womens-straight-knee-length-denim-skirt-with-stretch-waistband
2026-09-19,Kosher Casual,Cropped Layering Tank with Full Shoulder Coverage and Jewel Neckline,18,1631-18-NUD,25.9,5,0,129.5,14,http://koshercasual.com/products/cropped-layering-top-with-full-shoulder-coverage-and-jewel-neckline
2026-09-19,Kosher Casual,Modest Neck Cropped Layering Shell - Cotton Spandex Sleeveless Tank,X-Large,1621-AXL-DN,21.9,2,0,43.8,1,http://koshercasual.com/products/modest-neck-cropped-layering-shell-cotton-spandex-sleeveless-tank
2026-09-19,Kosher Casual,Modest Neck Cropped Layering Shell - Cotton Spandex Sleeveless Tank,Medium,1621-AM-G,21.9,1,0,21.9,0,http://koshercasual.com/products/modest-neck-cropped-layering-shell-cotton-spandex-sleeveless-tank
2026-09-19,Kosher Casual,Modest Neck Cropped Layering Shell - Cotton Spandex Sleeveless Tank,XX-Large,1621-AXXL-G,21.9,1,0,21.9,0,http://koshercasual.com/products/modest-neck-cropped-layering-shell-cotton-spandex-sleeveless-tank
2026-09-19,Kosher Casual,Modest Neck Cropped Layering Shell - Cotton Spandex Sleeveless Tank,Medium,1621-AM-OF,21.9,4,0,87.6,0,http://koshercasual.com/products/modest-neck-cropped-layering-shell-cotton-spandex-sleeveless-tank
2026-09-19,Kosher Casual,Modest Neck Cropped Layering Shell - Cotton Spandex Sleeveless Tank,X-Large,1621-AXL-DMO,21.9,1,0,21.9,0,http://koshercasual.com/products/modest-neck-cropped-layering-shell-cotton-spandex-sleeveless-tank
2026-09-19,Kosher Casual,Modest Neck Cropped Layering Shell - Cotton Spandex Sleeveless Tank,Small,1621-AS-NUD,21.9,1,0,21.9,5,http://koshercasual.com/products/modest-neck-cropped-layering-shell-cotton-spandex-sleeveless-tank
2026-09-19,Kosher Casual,Modest Neck Cropped Layering Shell - Cotton Spandex Sleeveless Tank,Medium,1621-AM-NUD,21.9,6,0,131.39999999999998,4,http://koshercasual.com/products/modest-neck-cropped-layering-shell-cotton-spandex-sleeveless-tank
2026-09-19,Kosher Casual,Modest Neck Cropped Layering Shell - Cotton Spandex Sleeveless Tank,Large,1621-AL-NUD,21.9,18,0,394.2,6,http://koshercasual.com/products/modest-neck-cropped-layering-shell-cotton-spandex-sleeveless-tank
2026-09-19,Kosher Casual,Modest Neck Cropped Layering Shell - Cotton Spandex Sleeveless Tank,X-Large,1621-AXL-NUD,21.9,1,0,21.9,6,http://koshercasual.com/products/modest-neck-cropped-layering-shell-cotton-spandex-sleeveless-tank
2026-09-19,Kosher Casual,Modest Neck Cropped Layering Shell - Cotton Spandex Sleeveless Tank,Small,1621-AS-N,21.9,1,0,21.9,9,http://koshercasual.com/products/modest-neck-cropped-layering-shell-cotton-spandex-sleeveless-tank
2026-09-19,Kosher Casual,Modest Neck Cropped Layering Shell - Cotton Spandex Sleeveless Tank,Medium,1621-AM-N,21.9,1,0,21.9,0,http://koshercasual.com/products/modest-neck-cropped-layering-shell-cotton-spandex-sleeveless-tank
2026-09-19,Kosher Casual,Modest Neck Cropped Layering Shell - Cotton Spandex Sleeveless Tank,Large,1621-AL-N,21.9,1,0,21.9,6,http://koshercasual.com/products/modest-neck-cropped-layering-shell-cotton-spandex-sleeveless-tank
2026-09-19,Kosher Casual,Modest Neck Cropped Layering Shell - Cotton Spandex Sleeveless Tank,X-Large,1621-AXL-N,21.9,0,3,0.0,4,http://koshercasual.com/products/modest-neck-cropped-layering-shell-cotton-spandex-sleeveless-tank
2026-09-19,Kosher Casual,Modest Neck Cropped Layering Shell - Cotton Spandex Sleeveless Tank,X-Small,1621-AXS-BG,21.9,1,0,21.9,18,http://koshercasual.com/products/modest-neck-cropped-layering-shell-cotton-spandex-sleeveless-tank
2026-09-19,Kosher Casual,Modest Neck Cropped Layering Shell - Cotton Spandex Sleeveless Tank,Medium,1621-AM-BG,21.9,18,0,394.2,2,http://koshercasual.com/products/modest-neck-cropped-layering-shell-cotton-spandex-sleeveless-tank
2026-09-19,Kosher Casual,Modest Neck Cropped Layering Shell - Cotton Spandex Sleeveless Tank,Large,1621-AL-BG,21.9,7,0,153.29999999999998,5,http://koshercasual.com/products/modest-neck-cropped-layering-shell-cotton-spandex-sleeveless-tank
2026-09-19,Kosher Casual,Modest Neck Cropped Layering Shell - Cotton Spandex Sleeveless Tank,X-Large,1621-AXL-BG,21.9,6,0,131.39999999999998,6,http://koshercasual.com/products/modest-neck-cropped-layering-shell-cotton-spandex-sleeveless-tank
2026-09-19,Kosher Casual,Modest Neck Cropped Layering Shell - Cotton Spandex Sleeveless Tank,XX-Large,1621-AXXL-BG,21.9,1,0,21.9,27,http://koshercasual.com/products/modest-neck-cropped-layering-shell-cotton-spandex-sleeveless-tank
2026-09-19,Kosher Casual,Modest Neck Cropped Layering Shell - Cotton Spandex Sleeveless Tank,X-Small,1621-AXS-BK,21.9,1,0,21.9,2,http://koshercasual.com/products/modest-neck-cropped-layering-shell-cotton-spandex-sleeveless-tank
2026-09-19,Kosher Casual,Modest Neck Cropped Layering Shell - Cotton Spandex Sleeveless Tank,Small,1621-AS-BK,21.9,0,1,0.0,1,http://koshercasual.com/products/modest-neck-cropped-layering-shell-cotton-spandex-sleeveless-tank
2026-09-19,Kosher Casual,Modest Neck Cropped Layering Shell - Cotton Spandex Sleeveless Tank,Medium,1621-AM-BK,21.9,2,0,43.8,3,http://koshercasual.com/products/modest-neck-cropped-layering-shell-cotton-spandex-sleeveless-tank
2026-09-19,Kosher Casual,Modest Neck Cropped Layering Shell - Cotton Spandex Sleeveless Tank,Large,1621-AL-BK,21.9,1,0,21.9,1,http://koshercasual.com/products/modest-neck-cropped-layering-shell-cotton-spandex-sleeveless-tank
2026-09-19,Kosher Casual,Modest Neck Cropped Layering Shell - Cotton Spandex Sleeveless Tank,XX-Large,1621-AXXL-BK,21.9,19,0,416.09999999999997,-1,http://koshercasual.com/products/modest-neck-cropped-layering-shell-cotton-spandex-sleeveless-tank
2026-09-19,Kosher Casual,Modest Neck Cropped Layering Shell - Cotton Spandex Sleeveless Tank,Small,1621-AS-W,21.9,1,0,21.9,0,http://koshercasual.com/products/modest-neck-cropped-layering-shell-cotton-spandex-sleeveless-tank
2026-09-19,Kosher Casual,Modest Neck Cropped Layering Shell - Cotton Spandex Sleeveless Tank,Large,1621-AL-W,21.9,7,0,153.29999999999998,0,http://koshercasual.com/products/modest-neck-cropped-layering-shell-cotton-spandex-sleeveless-tank
2026-09-19,Kosher Casual,Modest Neck Cropped Layering Shell - Cotton Spandex Sleeveless Tank,X-Large,1621-AXL-W,21.9,6,0,131.39999999999998,0,http://koshercasual.com/products/modest-neck-cropped-layering-shell-cotton-spandex-sleeveless-tank
2026-09-19,Kosher Casual,Modest Neck Cropped Layering Shell - Cotton Spandex Sleeveless Tank,XX-Large,1621-AXXL-W,21.9,6,0,131.39999999999998,0,http://koshercasual.com/products/modest-neck-cropped-layering-shell-cotton-spandex-sleeveless-tank
2026-09-19,Kosher Casual,Modest Neck Cropped Layering Shell - Cotton Spandex Sleeveless Tank,Small,1621-AS-DCH,21.9,3,0,65.69999999999999,26,http://koshercasual.com/products/modest-neck-cropped-layering-shell-cotton-spandex-sleeveless-tank
2026-09-19,Kosher Casual,Modest Neck Cropped Layering Shell - Cotton Spandex Sleeveless Tank,Large,1621-AL-DCH,21.9,3,0,65.69999999999999,27,http://koshercasual.com/products/modest-neck-cropped-layering-shell-cotton-spandex-sleeveless-tank
2026-09-19,Kosher Casual,Modest Neck Cropped Layering Shell - Cotton Spandex Sleeveless Tank,X-Large,1621-AXL-DCH,21.9,1,0,21.9,26,http://koshercasual.com/products/modest-neck-cropped-layering-shell-cotton-spandex-sleeveless-tank
2026-09-19,Kosher Casual,Modest Neck Cropped Layering Shell - Cotton Spandex Sleeveless Tank,XX-Large,1621-AXXL-DCH,21.9,6,0,131.39999999999998,35,http://koshercasual.com/products/modest-neck-cropped-layering-shell-cotton-spandex-sleeveless-tank
2026-09-19,Kosher Casual,Modest Neck Cropped Layering Shell - Cotton Spandex Sleeveless Tank,Small,1621-AS-DOL,21.9,1,0,21.9,2,http://koshercasual.com/products/modest-neck-cropped-layering-shell-cotton-spandex-sleeveless-tank
2026-09-19,Kosher Casual,Cropped Layering Tank with Full Shoulder Coverage and Jewel Neckline,XX-Large,1631-AXXL-G,21.9,0,10,0.0,10,http://koshercasual.com/products/cropped-tank-layering-top-with-full-shoulder-coverage-and-jewel-neckline
2026-09-19,Kosher Casual,Cropped Layering Tank with Full Shoulder Coverage and Jewel Neckline,X-Large,1631-AXL-BK,21.9,3,0,65.69999999999999,20,http://koshercasual.com/products/cropped-tank-layering-top-with-full-shoulder-coverage-and-jewel-neckline
2026-09-19,Kosher Casual,Cropped Layering Tank with Full Shoulder Coverage and Jewel Neckline,X-Large,1631-AXL-W,21.9,4,0,87.6,22,http://koshercasual.com/products/cropped-tank-layering-top-with-full-shoulder-coverage-and-jewel-neckline
2026-09-19,Kosher Casual,Cropped Layering Tank with Full Shoulder Coverage and Jewel Neckline,Medium,1631-AM-W,21.9,1,0,21.9,2,http://koshercasual.com/products/cropped-tank-layering-top-with-full-shoulder-coverage-and-jewel-neckline
2026-09-19,Kosher Casual,Cropped Layering Tank with Full Shoulder Coverage and Jewel Neckline,XX-Large,1631-AXXL-WBR,21.9,0,6,0.0,6,http://koshercasual.com/products/cropped-tank-layering-top-with-full-shoulder-coverage-and-jewel-neckline
2026-09-19,Kosher Casual,Cropped Layering Tank with Full Shoulder Coverage and Jewel Neckline,X-Large,1631-AXL-N,21.9,0,14,0.0,14,http://koshercasual.com/products/cropped-tank-layering-top-with-full-shoulder-coverage-and-jewel-neckline
2026-09-19,Kosher Casual,3/4 Sleeve Cropped Layering Shell in Viscose Spandex - Women's and Plus Sizes,Large,1632-AL-MDN,23.9,1,0,23.9,0,http://koshercasual.com/products/modest-neck-3-4-sleeve-cropped-layering-shell-in-viscose-spandex-1
2026-09-19,Kosher Casual,3/4 Sleeve Cropped Layering Shell in Viscose Spandex - Women's and Plus Sizes,20,1632-20-BK,29.9,2,0,59.8,17,http://koshercasual.com/products/modest-neck-3-4-sleeve-cropped-layering-shell-in-viscose-spandex-1
2026-09-19,Kosher Casual,3/4 Sleeve Cropped Layering Shell in Viscose Spandex - Women's and Plus Sizes,24,1632-24-BK,29.9,3,0,89.69999999999999,7,http://koshercasual.com/products/modest-neck-3-4-sleeve-cropped-layering-shell-in-viscose-spandex-1
2026-09-19,Kosher Casual,3/4 Sleeve Cropped Layering Shell in Viscose Spandex - Women's and Plus Sizes,22,1632-22-NUD,29.9,1,0,29.9,0,http://koshercasual.com/products/modest-neck-3-4-sleeve-cropped-layering-shell-in-viscose-spandex-1
2026-09-19,Kosher Casual,3/4 Sleeve Cropped Layering Shell in Viscose Spandex - Women's and Plus Sizes,20,1632-20-OF,29.9,4,0,119.6,21,http://koshercasual.com/products/modest-neck-3-4-sleeve-cropped-layering-shell-in-viscose-spandex-1
2026-09-19,Kosher Casual,3/4 Sleeve Cropped Layering Shell in Viscose Spandex - Women's and Plus Sizes,22,1632-22-OF,29.9,2,0,59.8,20,http://koshercasual.com/products/modest-neck-3-4-sleeve-cropped-layering-shell-in-viscose-spandex-1
2026-09-19,Kosher Casual,3/4 Sleeve Cropped Layering Shell in Viscose Spandex - Women's and Plus Sizes,24,1632-24-OF,29.9,2,0,59.8,6,http://koshercasual.com/products/modest-neck-3-4-sleeve-cropped-layering-shell-in-viscose-spandex-1
2026-09-19,Kosher Casual,Women's Swim & Sport Shorts with UPF 50+ Protection,Medium,1332-AM-BK,19.9,6,0,119.39999999999999,0,http://koshercasual.com/products/womens-swim-sport-shorts-with-upf-50-protection
2026-09-19,Kosher Casual,Women's Swim & Sport Shorts with UPF 50+ Protection,X-Large,1332-AXL-BK,19.9,16,0,318.4,0,http://koshercasual.com/products/womens-swim-sport-shorts-with-upf-50-protection
2026-09-19,Kosher Casual,Women's Swim & Sport Shorts with UPF 50+ Protection,XX-Large,1332-AXXL-BK,19.9,33,0,656.6999999999999,0,http://koshercasual.com/products/womens-swim-sport-shorts-with-upf-50-protection
2026-09-19,Kosher Casual,Women's Swim & Sport Shorts with UPF 50+ Protection,18,1332-18-BK,21.9,7,0,153.29999999999998,0,http://koshercasual.com/products/womens-swim-sport-shorts-with-upf-50-protection
2026-09-19,Kosher Casual,Women's Swim & Sport Shorts with UPF 50+ Protection,20,1332-20-BK,21.9,7,0,153.29999999999998,-3,http://koshercasual.com/products/womens-swim-sport-shorts-with-upf-50-protection
2026-09-19,Kosher Casual,Women's Swim & Sport Shorts with UPF 50+ Protection,22,1332-22-BK,21.9,16,0,350.4,0,http://koshercasual.com/products/womens-swim-sport-shorts-with-upf-50-protection
2026-09-19,Kosher Casual,Women's Swim & Sport Shorts with UPF 50+ Protection,24,1332-24-BK,21.9,15,0,328.5,0,http://koshercasual.com/products/womens-swim-sport-shorts-with-upf-50-protection
2026-09-19,Kosher Casual,3/4 Sleeve Cropped Layering Shell in Viscose Spandex - Women's and Plus Sizes,Large,1632-AL-ALM,23.9,1,0,23.9,7,http://koshercasual.com/products/modest-neck-3-4-sleeve-cropped-layering-shell-in-viscose-spandex
2026-09-19,Kosher Casual,3/4 Sleeve Cropped Layering Shell in Viscose Spandex - Women's and Plus Sizes,Large,1632-AL-BK,23.9,0,1,0.0,1,http://koshercasual.com/products/modest-neck-3-4-sleeve-cropped-layering-shell-in-viscose-spandex
2026-09-19,Kosher Casual,3/4 Sleeve Cropped Layering Shell in Viscose Spandex - Women's and Plus Sizes,X-Small,1632-AXS-BK,23.9,4,0,95.6,1,http://koshercasual.com/products/modest-neck-3-4-sleeve-cropped-layering-shell-in-viscose-spandex
2026-09-19,Kosher Casual,3/4 Sleeve Cropped Layering Shell in Viscose Spandex - Women's and Plus Sizes,XX-Large,1632-AXXL-BK,23.9,6,0,143.39999999999998,-1,http://koshercasual.com/products/modest-neck-3-4-sleeve-cropped-layering-shell-in-viscose-spandex
2026-09-19,Kosher Casual,3/4 Sleeve Cropped Layering Shell in Viscose Spandex - Women's and Plus Sizes,Large,1632-AL-DCH,23.9,0,1,0.0,1,http://koshercasual.com/products/modest-neck-3-4-sleeve-cropped-layering-shell-in-viscose-spandex
2026-09-19,Kosher Casual,3/4 Sleeve Cropped Layering Shell in Viscose Spandex - Women's and Plus Sizes,Large,1632-AL-DN,23.9,3,0,71.69999999999999,5,http://koshercasual.com/products/modest-neck-3-4-sleeve-cropped-layering-shell-in-viscose-spandex
2026-09-19,Kosher Casual,3/4 Sleeve Cropped Layering Shell in Viscose Spandex - Women's and Plus Sizes,X-Large,1632-AXL-DN,23.9,1,0,23.9,0,http://koshercasual.com/products/modest-neck-3-4-sleeve-cropped-layering-shell-in-viscose-spandex
2026-09-19,Kosher Casual,3/4 Sleeve Cropped Layering Shell in Viscose Spandex - Women's and Plus Sizes,Medium,1632-AM-OF,23.9,2,0,47.8,0,http://koshercasual.com/products/modest-neck-3-4-sleeve-cropped-layering-shell-in-viscose-spandex
2026-09-19,Kosher Casual,3/4 Sleeve Cropped Layering Shell in Viscose Spandex - Women's and Plus Sizes,Small,1632-AS-OF,23.9,0,1,0.0,3,http://koshercasual.com/products/modest-neck-3-4-sleeve-cropped-layering-shell-in-viscose-spandex
2026-09-19,Kosher Casual,3/4 Sleeve Cropped Layering Shell in Viscose Spandex - Women's and Plus Sizes,20,1632-20-W,29.9,7,0,209.29999999999998,3,http://koshercasual.com/products/modest-neck-3-4-sleeve-cropped-layering-shell-in-viscose-spandex
2026-09-19,Kosher Casual,3/4 Sleeve Cropped Layering Shell in Viscose Spandex - Women's and Plus Sizes,24,1632-24-W,29.9,1,0,29.9,1,http://koshercasual.com/products/modest-neck-3-4-sleeve-cropped-layering-shell-in-viscose-spandex
2026-09-19,Kosher Casual,3/4 Sleeve Cropped Layering Shell in Viscose Spandex - Women's and Plus Sizes,Medium,1632-AM-W,23.9,0,1,0.0,1,http://koshercasual.com/products/modest-neck-3-4-sleeve-cropped-layering-shell-in-viscose-spandex
2026-09-19,Kosher Casual,3/4 Sleeve Cropped Layering Shell in Viscose Spandex - Women's and Plus Sizes,Small,1632-AS-W,23.9,0,1,0.0,2,http://koshercasual.com/products/modest-neck-3-4-sleeve-cropped-layering-shell-in-viscose-spandex
2026-09-19,Kosher Casual,3/4 Sleeve Cropped Layering Shell in Viscose Spandex - Women's and Plus Sizes,X-Small,1632-AXS-W,23.9,0,1,0.0,3,http://koshercasual.com/products/modest-neck-3-4-sleeve-cropped-layering-shell-in-viscose-spandex
2026-09-19,Kosher Casual,3/4 Sleeve Cropped Layering Shell in Viscose Spandex - Women's and Plus Sizes,XX-Large,1632-AXXL-W,23.9,1,0,23.9,3,http://koshercasual.com/products/modest-neck-3-4-sleeve-cropped-layering-shell-in-viscose-spandex
2026-09-19,Kosher Casual,3/4 Sleeve Cropped Layering Shell in Viscose Spandex - Women's and Plus Sizes,Medium,1632-AM-DN,23.9,1,0,23.9,1,http://koshercasual.com/products/modest-neck-3-4-sleeve-cropped-layering-shell-in-viscose-spandex
2026-09-19,Kosher Casual,Classic A-Line Knee Length Cotton Stretch Skirt - Modest Everyday Comfort,Small,1913-AS-BK,31.9,1,0,31.9,3,http://koshercasual.com/products/classic-a-line-knee-length-cotton-stretch-skirt
2026-09-19,Kosher Casual,Classic A-Line Knee Length Cotton Stretch Skirt - Modest Everyday Comfort,Medium,1913-AM-BK,31.9,0,1,0.0,1,http://koshercasual.com/products/classic-a-line-knee-length-cotton-stretch-skirt
2026-09-19,Kosher Casual,Classic A-Line Knee Length Cotton Stretch Skirt - Modest Everyday Comfort,X-Large,1913-AXL-BG,31.9,2,0,63.8,1,http://koshercasual.com/products/classic-a-line-knee-length-cotton-stretch-skirt
2026-09-19,Kosher Casual,Classic A-Line Knee Length Cotton Stretch Skirt - Modest Everyday Comfort,X-Large,1913-AXL-N,31.9,3,0,95.69999999999999,5,http://koshercasual.com/products/classic-a-line-knee-length-cotton-stretch-skirt
2026-09-19,Kosher Casual,Classic A-Line Knee Length Cotton Stretch Skirt - Modest Everyday Comfort,XX-Large,1913-AXXL-N,31.9,0,1,0.0,13,http://koshercasual.com/products/classic-a-line-knee-length-cotton-stretch-skirt
2026-09-19,Kosher Casual,Classic A-Line Knee Length Cotton Stretch Skirt - Modest Everyday Comfort,X-Small,1913-AXS-G,31.9,4,0,127.6,0,http://koshercasual.com/products/classic-a-line-knee-length-cotton-stretch-skirt
2026-09-19,Kosher Casual,Classic A-Line Knee Length Cotton Stretch Skirt - Modest Everyday Comfort,XX-Large,1913-AXXL-G,31.9,4,0,127.6,11,http://koshercasual.com/products/classic-a-line-knee-length-cotton-stretch-skirt
2026-09-19,Kosher Casual,3/4 Sleeve Curved Hem Tunic Top - Breathable Viscose Spandex,Small,1264-AS-BK,19.2,6,0,115.19999999999999,0,http://koshercasual.com/products/3-4-sleeve-curved-hem-tunic-top-breathable-viscose-spandex
2026-09-19,Kosher Casual,3/4 Sleeve Curved Hem Tunic Top - Breathable Viscose Spandex,X-Small,1264-AXS-BK,19.2,5,0,96.0,0,http://koshercasual.com/products/3-4-sleeve-curved-hem-tunic-top-breathable-viscose-spandex
2026-09-19,Kosher Casual,3/4 Sleeve Curved Hem Tunic Top - Breathable Viscose Spandex,XX-Large,1264-AXXL-BK,19.2,3,0,57.599999999999994,0,http://koshercasual.com/products/3-4-sleeve-curved-hem-tunic-top-breathable-viscose-spandex
2026-09-19,Kosher Casual,3/4 Sleeve Curved Hem Tunic Top - Breathable Viscose Spandex,Large,1264-AL-CH,19.2,4,0,76.8,0,http://koshercasual.com/products/3-4-sleeve-curved-hem-tunic-top-breathable-viscose-spandex
2026-09-19,Kosher Casual,3/4 Sleeve Curved Hem Tunic Top - Breathable Viscose Spandex,Small,1264-AS-CH,19.2,5,0,96.0,0,http://koshercasual.com/products/3-4-sleeve-curved-hem-tunic-top-breathable-viscose-spandex
2026-09-19,Kosher Casual,3/4 Sleeve Curved Hem Tunic Top - Breathable Viscose Spandex,XX-Large,1264-AXXL-CH,19.2,7,0,134.4,0,http://koshercasual.com/products/3-4-sleeve-curved-hem-tunic-top-breathable-viscose-spandex
2026-09-19,Kosher Casual,3/4 Sleeve Curved Hem Tunic Top - Breathable Viscose Spandex,X-Small,1264-AXS-AU,19.2,3,0,57.599999999999994,0,http://koshercasual.com/products/3-4-sleeve-curved-hem-tunic-top-breathable-viscose-spandex
2026-09-19,Kosher Casual,3/4 Sleeve Curved Hem Tunic Top - Breathable Viscose Spandex,XX-Large,1264-AXXL-AU,19.2,3,0,57.599999999999994,0,http://koshercasual.com/products/3-4-sleeve-curved-hem-tunic-top-breathable-viscose-spandex
2026-09-19,Kosher Casual,3/4 Sleeve Curved Hem Tunic Top - Breathable Viscose Spandex,XX-Large,1264-AXXL-G,19.2,6,0,115.19999999999999,0,http://koshercasual.com/products/3-4-sleeve-curved-hem-tunic-top-breathable-viscose-spandex
2026-09-19,Kosher Casual,3/4 Sleeve Curved Hem Tunic Top - Breathable Viscose Spandex,XX-Large,1264-AXXL-OL,19.2,3,0,57.599999999999994,0,http://koshercasual.com/products/3-4-sleeve-curved-hem-tunic-top-breathable-viscose-spandex
2026-09-19,Kosher Casual,3/4 Sleeve Curved Hem Tunic Top - Breathable Viscose Spandex,Small,1264-AS-UWG,24.0,11,0,264.0,0,http://koshercasual.com/products/3-4-sleeve-curved-hem-tunic-top-breathable-viscose-spandex
2026-09-19,Kosher Casual,3/4 Sleeve Curved Hem Tunic Top - Breathable Viscose Spandex,Large,1264-AL-W,19.2,3,0,57.599999999999994,1,http://koshercasual.com/products/3-4-sleeve-curved-hem-tunic-top-breathable-viscose-spandex
2026-09-19,Kosher Casual,3/4 Sleeve Curved Hem Tunic Top - Breathable Viscose Spandex,Small,1264-AS-W,19.2,4,0,76.8,0,http://koshercasual.com/products/3-4-sleeve-curved-hem-tunic-top-breathable-viscose-spandex
2026-09-19,Kosher Casual,3/4 Sleeve Curved Hem Tunic Top - Breathable Viscose Spandex,XX-Large,1264-AXXL-W,19.2,5,0,96.0,0,http://koshercasual.com/products/3-4-sleeve-curved-hem-tunic-top-breathable-viscose-spandex
2026-09-19,Kosher Casual,3/4 Sleeve Curved Hem Tunic Top - Breathable Viscose Spandex,Small,1264-AS-ALM,19.2,6,0,115.19999999999999,0,http://koshercasual.com/products/3-4-sleeve-curved-hem-tunic-top-breathable-viscose-spandex
2026-09-19,Kosher Casual,Modest Handkerchief Tunic Top - 3/4 Sleeve Comfort Flow Design,X-Small,1244-AXS-BMQ,41.9,4,0,167.6,0,http://koshercasual.com/products/modest-handkerchief-tunic-top-3-4-sleeve
2026-09-19,Kosher Casual,Modest Handkerchief Tunic Top - 3/4 Sleeve Comfort Flow Design,Small,1244-AS-BMQ,41.9,3,0,125.69999999999999,0,http://koshercasual.com/products/modest-handkerchief-tunic-top-3-4-sleeve
2026-09-19,Kosher Casual,Modest Handkerchief Tunic Top - 3/4 Sleeve Comfort Flow Design,X-Small,1244-AXS-BTL,41.9,3,0,125.69999999999999,0,http://koshercasual.com/products/modest-handkerchief-tunic-top-3-4-sleeve
2026-09-19,Kosher Casual,Modest Handkerchief Tunic Top - 3/4 Sleeve Comfort Flow Design,Small,1244-AS-BTL,41.9,4,0,167.6,0,http://koshercasual.com/products/modest-handkerchief-tunic-top-3-4-sleeve
2026-09-19,Kosher Casual,Modest Handkerchief Tunic Top - 3/4 Sleeve Comfort Flow Design,Small,1244-AS-SNT,41.9,9,0,377.09999999999997,0,http://koshercasual.com/products/modest-handkerchief-tunic-top-3-4-sleeve
2026-09-19,Kosher Casual,Modest Handkerchief Tunic Top - 3/4 Sleeve Comfort Flow Design,Small,1244-AS-TBR,41.9,7,0,293.3,0,http://koshercasual.com/products/modest-handkerchief-tunic-top-3-4-sleeve
2026-09-19,Kosher Casual,Modest Handkerchief Tunic Top - 3/4 Sleeve Comfort Flow Design,XX-Large,1244-AXXL-BES,41.9,3,0,125.69999999999999,0,http://koshercasual.com/products/modest-handkerchief-tunic-top-3-4-sleeve
2026-09-19,Kosher Casual,Modest Handkerchief Tunic Top - 3/4 Sleeve Comfort Flow Design - Solid Colors,X-Small,1244-AXS-BG,41.9,4,0,167.6,0,http://koshercasual.com/products/modest-handkerchief-tunic-top-3-4-sleeve-comfort-flow-design1
2026-09-19,Kosher Casual,Modest Handkerchief Tunic Top - 3/4 Sleeve Comfort Flow Design - Solid Colors,Small,1244-AS-BG,41.9,3,0,125.69999999999999,0,http://koshercasual.com/products/modest-handkerchief-tunic-top-3-4-sleeve-comfort-flow-design1
2026-09-19,Kosher Casual,Modest Handkerchief Tunic Top - 3/4 Sleeve Comfort Flow Design - Solid Colors,X-Small,1244-AXS-DCH,41.9,6,0,251.39999999999998,0,http://koshercasual.com/products/modest-handkerchief-tunic-top-3-4-sleeve-comfort-flow-design1
2026-09-19,Kosher Casual,Modest Handkerchief Tunic Top - 3/4 Sleeve Comfort Flow Design - Solid Colors,X-Small,1244-AXS-JB,41.9,6,0,251.39999999999998,0,http://koshercasual.com/products/modest-handkerchief-tunic-top-3-4-sleeve-comfort-flow-design1
2026-09-19,Kosher Casual,Modest Handkerchief Tunic Top - 3/4 Sleeve Comfort Flow Design - Solid Colors,X-Small,1244-AXS-OF,41.9,4,0,167.6,0,http://koshercasual.com/products/modest-handkerchief-tunic-top-3-4-sleeve-comfort-flow-design1
2026-09-19,Kosher Casual,Modest Handkerchief Tunic Top - 3/4 Sleeve Comfort Flow Design - Solid Colors,Large,1244-AL-OF,41.9,4,0,167.6,0,http://koshercasual.com/products/modest-handkerchief-tunic-top-3-4-sleeve-comfort-flow-design1
2026-09-19,Kosher Casual,Modest Handkerchief Tunic Top - 3/4 Sleeve Comfort Flow Design - Solid Colors,X-Large,1244-AXL-OF,41.9,10,0,419.0,0,http://koshercasual.com/products/modest-handkerchief-tunic-top-3-4-sleeve-comfort-flow-design1
2026-09-19,Kosher Casual,Modest Handkerchief Tunic Top - 3/4 Sleeve Comfort Flow Design - Solid Colors,XX-Large,1244-AXXL-OF,41.9,6,0,251.39999999999998,0,http://koshercasual.com/products/modest-handkerchief-tunic-top-3-4-sleeve-comfort-flow-design1
2026-09-19,Kosher Casual,Modest Handkerchief Tunic Top - 3/4 Sleeve Comfort Flow Design - Solid Colors,X-Small,1244-AXS-W,41.9,4,0,167.6,0,http://koshercasual.com/products/modest-handkerchief-tunic-top-3-4-sleeve-comfort-flow-design1
2026-09-19,Kosher Casual,Modest Handkerchief Tunic Top - 3/4 Sleeve Comfort Flow Design - Solid Colors,Large,1244-AL-W,41.9,7,0,293.3,0,http://koshercasual.com/products/modest-handkerchief-tunic-top-3-4-sleeve-comfort-flow-design1
2026-09-19,Kosher Casual,Modest Handkerchief Tunic Top - 3/4 Sleeve Comfort Flow Design - Solid Colors,X-Large,1244-AXL-W,41.9,4,0,167.6,0,http://koshercasual.com/products/modest-handkerchief-tunic-top-3-4-sleeve-comfort-flow-design1
2026-09-19,Kosher Casual,Modest Handkerchief Tunic Top - 3/4 Sleeve Comfort Flow Design - Solid Colors,XX-Large,1244-AXXL-W,41.9,22,0,921.8,0,http://koshercasual.com/products/modest-handkerchief-tunic-top-3-4-sleeve-comfort-flow-design1
2026-09-19,Kosher Casual,Modest Handkerchief Tunic Top - 3/4 Sleeve Comfort Flow Design - Solid Colors,XXX-Large,1244-AXXXL-W,41.9,4,0,167.6,0,http://koshercasual.com/products/modest-handkerchief-tunic-top-3-4-sleeve-comfort-flow-design1
2026-09-19,Kosher Casual,Modest Handkerchief Tunic Top - 3/4 Sleeve Comfort Flow Design - Solid Colors,Large,1244-AL-DN,41.9,7,0,293.3,0,http://koshercasual.com/products/modest-handkerchief-tunic-top-3-4-sleeve-comfort-flow-design1
2026-09-19,Kosher Casual,Modest Handkerchief Tunic Top - 3/4 Sleeve Comfort Flow Design - Solid Colors,XXX-Large,1244-AXXXL-DN,41.9,3,0,125.69999999999999,0,http://koshercasual.com/products/modest-handkerchief-tunic-top-3-4-sleeve-comfort-flow-design1
2026-09-19,Kosher Casual,Plus Size - Modest Handkerchief Tunic Top - 3/4 Sleeve Comfort Flow Design,18,1244-18-BG,44.9,8,0,359.2,0,http://koshercasual.com/products/modest-handkerchief-tunic-top-3-4-sleeve-comfort-flow-design-plus
2026-09-19,Kosher Casual,Plus Size - Modest Handkerchief Tunic Top - 3/4 Sleeve Comfort Flow Design,20,1244-20-BG,44.9,7,0,314.3,0,http://koshercasual.com/products/modest-handkerchief-tunic-top-3-4-sleeve-comfort-flow-design-plus
2026-09-19,Kosher Casual,Plus Size - Modest Handkerchief Tunic Top - 3/4 Sleeve Comfort Flow Design,18,1244-18-BP,44.9,8,0,359.2,0,http://koshercasual.com/products/modest-handkerchief-tunic-top-3-4-sleeve-comfort-flow-design-plus
2026-09-19,Kosher Casual,Plus Size - Modest Handkerchief Tunic Top - 3/4 Sleeve Comfort Flow Design,20,1244-20-BP,44.9,7,0,314.3,0,http://koshercasual.com/products/modest-handkerchief-tunic-top-3-4-sleeve-comfort-flow-design-plus
2026-09-19,Kosher Casual,Plus Size - Modest Handkerchief Tunic Top - 3/4 Sleeve Comfort Flow Design,22,1244-22-BP,44.9,7,0,314.3,-1,http://koshercasual.com/products/modest-handkerchief-tunic-top-3-4-sleeve-comfort-flow-design-plus
2026-09-19,Kosher Casual,Modest Swim and Sports Midi Skirt with Attached Leggings - UPF 50 Protection,X-Large,1440-AXL-BK,44.9,1,0,44.9,0,http://koshercasual.com/products/modest-swim-and-sports-midi-skirt-with-attached-leggings-upf-50-protection
2026-09-19,Kosher Casual,Modest Swim and Sports Midi Skirt with Attached Leggings - UPF 50 Protection,XX-Large,1440-AXXL-CB,44.9,4,0,179.6,1,http://koshercasual.com/products/modest-swim-and-sports-midi-skirt-with-attached-leggings-upf-50-protection
2026-09-19,Kosher Casual,Essential 3/4 Sleeve Modest Crew Neckline Shell - Versatile Layering Top,Large,1258-AL-ALM,23.9,2,0,47.8,3,http://koshercasual.com/products/essential-3-4-sleeve-modest-crew-neckline-shell-versatile-layering-top
2026-09-19,Kosher Casual,Essential 3/4 Sleeve Modest Crew Neckline Shell - Versatile Layering Top,X-Large,1258-AXL-ALM,23.9,3,0,71.69999999999999,0,http://koshercasual.com/products/essential-3-4-sleeve-modest-crew-neckline-shell-versatile-layering-top
2026-09-19,Kosher Casual,Essential 3/4 Sleeve Modest Crew Neckline Shell - Versatile Layering Top,X-Small,1258-AXS-BG,23.9,2,0,47.8,19,http://koshercasual.com/products/essential-3-4-sleeve-modest-crew-neckline-shell-versatile-layering-top
2026-09-19,Kosher Casual,Essential 3/4 Sleeve Modest Crew Neckline Shell - Versatile Layering Top,Medium,1258-AM-BG,23.9,1,0,23.9,0,http://koshercasual.com/products/essential-3-4-sleeve-modest-crew-neckline-shell-versatile-layering-top
2026-09-19,Kosher Casual,Essential 3/4 Sleeve Modest Crew Neckline Shell - Versatile Layering Top,Large,1258-AL-BG,23.9,12,0,286.79999999999995,2,http://koshercasual.com/products/essential-3-4-sleeve-modest-crew-neckline-shell-versatile-layering-top
2026-09-19,Kosher Casual,Essential 3/4 Sleeve Modest Crew Neckline Shell - Versatile Layering Top,X-Large,1258-AXL-BG,23.9,1,0,23.9,0,http://koshercasual.com/products/essential-3-4-sleeve-modest-crew-neckline-shell-versatile-layering-top
2026-09-19,Kosher Casual,Essential 3/4 Sleeve Modest Crew Neckline Shell - Versatile Layering Top,Small,1258-AS-BK,23.9,3,0,71.69999999999999,33,http://koshercasual.com/products/essential-3-4-sleeve-modest-crew-neckline-shell-versatile-layering-top
2026-09-19,Kosher Casual,Essential 3/4 Sleeve Modest Crew Neckline Shell - Versatile Layering Top,X-Large,1258-AXL-BK,23.9,14,0,334.59999999999997,0,http://koshercasual.com/products/essential-3-4-sleeve-modest-crew-neckline-shell-versatile-layering-top
2026-09-19,Kosher Casual,Essential 3/4 Sleeve Modest Crew Neckline Shell - Versatile Layering Top,Small,1258-AS-JB,23.9,1,0,23.9,8,http://koshercasual.com/products/essential-3-4-sleeve-modest-crew-neckline-shell-versatile-layering-top
2026-09-19,Kosher Casual,Essential 3/4 Sleeve Modest Crew Neckline Shell - Versatile Layering Top,Large,1258-AL-JB,23.9,1,0,23.9,9,http://koshercasual.com/products/essential-3-4-sleeve-modest-crew-neckline-shell-versatile-layering-top
2026-09-19,Kosher Casual,Essential 3/4 Sleeve Modest Crew Neckline Shell - Versatile Layering Top,X-Large,1258-AXL-JB,23.9,0,1,0.0,12,http://koshercasual.com/products/essential-3-4-sleeve-modest-crew-neckline-shell-versatile-layering-top
2026-09-19,Kosher Casual,Essential 3/4 Sleeve Modest Crew Neckline Shell - Versatile Layering Top,Small,1258-AS-DCH,23.9,0,1,0.0,27,http://koshercasual.com/products/essential-3-4-sleeve-modest-crew-neckline-shell-versatile-layering-top
2026-09-19,Kosher Casual,Essential 3/4 Sleeve Modest Crew Neckline Shell - Versatile Layering Top,Medium,1258-AM-DCH,23.9,3,0,71.69999999999999,1,http://koshercasual.com/products/essential-3-4-sleeve-modest-crew-neckline-shell-versatile-layering-top
2026-09-19,Kosher Casual,Essential 3/4 Sleeve Modest Crew Neckline Shell - Versatile Layering Top,X-Large,1258-AXL-DCH,23.9,1,0,23.9,5,http://koshercasual.com/products/essential-3-4-sleeve-modest-crew-neckline-shell-versatile-layering-top
2026-09-19,Kosher Casual,Essential 3/4 Sleeve Modest Crew Neckline Shell - Versatile Layering Top,XX-Large,1258-AXXL-DCH,23.9,9,0,215.1,7,http://koshercasual.com/products/essential-3-4-sleeve-modest-crew-neckline-shell-versatile-layering-top
2026-09-19,Kosher Casual,Essential 3/4 Sleeve Modest Crew Neckline Shell - Versatile Layering Top,Small,1258-AS-CH,23.9,1,0,23.9,18,http://koshercasual.com/products/essential-3-4-sleeve-modest-crew-neckline-shell-versatile-layering-top
2026-09-19,Kosher Casual,Essential 3/4 Sleeve Modest Crew Neckline Shell - Versatile Layering Top,X-Small,1258-AXS-CB,23.9,1,0,23.9,0,http://koshercasual.com/products/essential-3-4-sleeve-modest-crew-neckline-shell-versatile-layering-top
2026-09-19,Kosher Casual,Essential 3/4 Sleeve Modest Crew Neckline Shell - Versatile Layering Top,Large,1258-AL-CB,23.9,1,0,23.9,0,http://koshercasual.com/products/essential-3-4-sleeve-modest-crew-neckline-shell-versatile-layering-top
2026-09-19,Kosher Casual,Essential 3/4 Sleeve Modest Crew Neckline Shell - Versatile Layering Top,Medium,1258-AM-INY,23.9,1,0,23.9,0,http://koshercasual.com/products/essential-3-4-sleeve-modest-crew-neckline-shell-versatile-layering-top
2026-09-19,Kosher Casual,Essential 3/4 Sleeve Modest Crew Neckline Shell - Versatile Layering Top,Large,1258-AL-INY,23.9,1,0,23.9,0,http://koshercasual.com/products/essential-3-4-sleeve-modest-crew-neckline-shell-versatile-layering-top
2026-09-19,Kosher Casual,Essential 3/4 Sleeve Modest Crew Neckline Shell - Versatile Layering Top,Small,1258-AS-N,23.9,1,0,23.9,3,http://koshercasual.com/products/essential-3-4-sleeve-modest-crew-neckline-shell-versatile-layering-top
2026-09-19,Kosher Casual,Essential 3/4 Sleeve Modest Crew Neckline Shell - Versatile Layering Top,X-Small,1258-AXS-DN,23.9,2,0,47.8,9,http://koshercasual.com/products/essential-3-4-sleeve-modest-crew-neckline-shell-versatile-layering-top
2026-09-19,Kosher Casual,Essential 3/4 Sleeve Modest Crew Neckline Shell - Versatile Layering Top,Small,1258-AS-DN,23.9,1,0,23.9,33,http://koshercasual.com/products/essential-3-4-sleeve-modest-crew-neckline-shell-versatile-layering-top
2026-09-19,Kosher Casual,Essential 3/4 Sleeve Modest Crew Neckline Shell - Versatile Layering Top,Medium,1258-AM-DN,23.9,1,0,23.9,4,http://koshercasual.com/products/essential-3-4-sleeve-modest-crew-neckline-shell-versatile-layering-top
2026-09-19,Kosher Casual,Essential 3/4 Sleeve Modest Crew Neckline Shell - Versatile Layering Top,X-Large,1258-AXL-DN,23.9,1,0,23.9,17,http://koshercasual.com/products/essential-3-4-sleeve-modest-crew-neckline-shell-versatile-layering-top
2026-09-19,Kosher Casual,Essential 3/4 Sleeve Modest Crew Neckline Shell - Versatile Layering Top,XX-Large,1258-AXXL-DN,23.9,1,0,23.9,25,http://koshercasual.com/products/essential-3-4-sleeve-modest-crew-neckline-shell-versatile-layering-top
2026-09-19,Kosher Casual,Essential 3/4 Sleeve Modest Crew Neckline Shell - Versatile Layering Top,XX-Large,1258-AXXL-W,23.9,1,0,23.9,7,http://koshercasual.com/products/essential-3-4-sleeve-modest-crew-neckline-shell-versatile-layering-top
2026-09-19,Kosher Casual,Essential 3/4 Sleeve Modest Crew Neckline Shell - Versatile Layering Top,X-Small,1258-AXS-OF,23.9,0,3,0.0,3,http://koshercasual.com/products/essential-3-4-sleeve-modest-crew-neckline-shell-versatile-layering-top
2026-09-19,Kosher Casual,Essential 3/4 Sleeve Modest Crew Neckline Shell - Versatile Layering Top,Small,1258-AS-OF,23.9,0,18,0.0,18,http://koshercasual.com/products/essential-3-4-sleeve-modest-crew-neckline-shell-versatile-layering-top
2026-09-19,Kosher Casual,Essential 3/4 Sleeve Modest Crew Neckline Shell - Versatile Layering Top,Large,1258-AL-OF,23.9,0,8,0.0,8,http://koshercasual.com/products/essential-3-4-sleeve-modest-crew-neckline-shell-versatile-layering-top
2026-09-19,Kosher Casual,Essential 3/4 Sleeve Modest Crew Neckline Shell - Versatile Layering Top,X-Large,1258-AXL-OF,23.9,0,2,0.0,2,http://koshercasual.com/products/essential-3-4-sleeve-modest-crew-neckline-shell-versatile-layering-top
2026-09-19,Kosher Casual,Essential 3/4 Sleeve Modest Crew Neckline Shell - Versatile Layering Top,XX-Large,1258-AXXL-OF,23.9,0,30,0.0,30,http://koshercasual.com/products/essential-3-4-sleeve-modest-crew-neckline-shell-versatile-layering-top
2026-09-19,Kosher Casual,Essential 3/4 Sleeve Modest Crew Neckline Shell - Versatile Layering Top,XXX-Large,1258-AXXXL-OF,23.9,0,9,0.0,14,http://koshercasual.com/products/essential-3-4-sleeve-modest-crew-neckline-shell-versatile-layering-top
2026-09-19,Kosher Casual,Essential 3/4 Sleeve Modest Crew Neckline Shell - Versatile Layering Top,X-Small,1258-AXS-AU,23.9,0,4,0.0,4,http://koshercasual.com/products/essential-3-4-sleeve-modest-crew-neckline-shell-versatile-layering-top
2026-09-19,Kosher Casual,Girls' High-Neck Modest 3/4 Sleeve Swim Shirt with UV50 Protection,Large,1246-L-BK,31.92,17,0,542.64,0,http://koshercasual.com/products/girls-high-neck-modest-3-4-sleeve-swim-shirt-with-uv50-protection
2026-09-19,Kosher Casual,Girls' High-Neck Modest 3/4 Sleeve Swim Shirt with UV50 Protection,Large,1246-L-N,31.92,5,0,159.60000000000002,0,http://koshercasual.com/products/girls-high-neck-modest-3-4-sleeve-swim-shirt-with-uv50-protection
2026-09-19,Kosher Casual,Modest Stretch Knee Length Pencil Skirt  in Cotton Spandex,X-Small,1434-AXS-BSW,31.9,1,0,31.9,9,http://koshercasual.com/products/stretch-knee-length-pencil-skirt-for-women-in-cotton-spandex
2026-09-19,Kosher Casual,Modest Stretch Knee Length Pencil Skirt  in Cotton Spandex,X-Large,1434-AXL-BSW,31.9,14,0,446.59999999999997,15,http://koshercasual.com/products/stretch-knee-length-pencil-skirt-for-women-in-cotton-spandex
2026-09-19,Kosher Casual,Modest Stretch Knee Length Pencil Skirt  in Cotton Spandex,Small,1434-AS-BOK,31.9,3,0,95.69999999999999,1,http://koshercasual.com/products/stretch-knee-length-pencil-skirt-for-women-in-cotton-spandex
2026-09-19,Kosher Casual,Modest Stretch Knee Length Pencil Skirt  in Cotton Spandex,X-Large,1434-AXL-BSN,31.9,3,0,95.69999999999999,0,http://koshercasual.com/products/stretch-knee-length-pencil-skirt-for-women-in-cotton-spandex
2026-09-19,Kosher Casual,Modest Stretch Knee Length Pencil Skirt  in Cotton Spandex,X-Small,1434-AXS-BUK,31.9,1,0,31.9,1,http://koshercasual.com/products/stretch-knee-length-pencil-skirt-for-women-in-cotton-spandex
2026-09-19,Kosher Casual,Modest Stretch Knee Length Pencil Skirt  in Cotton Spandex,Small,1434-AS-BUK,31.9,8,0,255.2,8,http://koshercasual.com/products/stretch-knee-length-pencil-skirt-for-women-in-cotton-spandex
2026-09-19,Kosher Casual,Modest Stretch Knee Length Pencil Skirt  in Cotton Spandex,X-Small,1434-AXS-DB,31.9,1,0,31.9,0,http://koshercasual.com/products/stretch-knee-length-pencil-skirt-for-women-in-cotton-spandex
2026-09-19,Kosher Casual,Modest Stretch Knee Length Pencil Skirt  in Cotton Spandex,Medium,1434-AM-DN,31.9,0,1,0.0,1,http://koshercasual.com/products/stretch-knee-length-pencil-skirt-for-women-in-cotton-spandex
2026-09-19,Kosher Casual,Modest Stretch Knee Length Pencil Skirt  in Cotton Spandex,Small,1434-AS-LPE,31.9,10,0,319.0,6,http://koshercasual.com/products/stretch-knee-length-pencil-skirt-for-women-in-cotton-spandex
2026-09-19,Kosher Casual,Modest Stretch Knee Length Pencil Skirt  in Cotton Spandex,Large,1434-AL-LPE,31.9,6,0,191.39999999999998,1,http://koshercasual.com/products/stretch-knee-length-pencil-skirt-for-women-in-cotton-spandex
2026-09-19,Kosher Casual,Modest Stretch Knee Length Pencil Skirt  in Cotton Spandex,X-Large,1434-AXL-LPE,31.9,7,0,223.29999999999998,6,http://koshercasual.com/products/stretch-knee-length-pencil-skirt-for-women-in-cotton-spandex
2026-09-19,Kosher Casual,Modest Stretch Knee Length Pencil Skirt  in Cotton Spandex,Small,1434-AS-N,31.9,12,0,382.79999999999995,7,http://koshercasual.com/products/stretch-knee-length-pencil-skirt-for-women-in-cotton-spandex
2026-09-19,Kosher Casual,Modest Stretch Knee Length Pencil Skirt  in Cotton Spandex,Small,1434-AS-NSW,31.9,7,0,223.29999999999998,7,http://koshercasual.com/products/stretch-knee-length-pencil-skirt-for-women-in-cotton-spandex
2026-09-19,Kosher Casual,Modest Stretch Knee Length Pencil Skirt  in Cotton Spandex,Medium,1434-AM-NSW,31.9,6,0,191.39999999999998,2,http://koshercasual.com/products/stretch-knee-length-pencil-skirt-for-women-in-cotton-spandex
2026-09-19,Kosher Casual,Modest Stretch Knee Length Pencil Skirt  in Cotton Spandex,X-Small,1434-AXS-OSW,31.9,1,0,31.9,2,http://koshercasual.com/products/stretch-knee-length-pencil-skirt-for-women-in-cotton-spandex
2026-09-19,Kosher Casual,Modest Stretch Knee Length Pencil Skirt  in Cotton Spandex,Small,1434-AS-OSW,31.9,3,0,95.69999999999999,0,http://koshercasual.com/products/stretch-knee-length-pencil-skirt-for-women-in-cotton-spandex
2026-09-19,Kosher Casual,Modest Stretch Knee Length Pencil Skirt  in Cotton Spandex,Medium,1434-AM-OSW,31.9,5,0,159.5,0,http://koshercasual.com/products/stretch-knee-length-pencil-skirt-for-women-in-cotton-spandex
2026-09-19,Kosher Casual,Modest Stretch Knee Length Pencil Skirt  in Cotton Spandex,Small,1434-AS-PE,31.9,11,0,350.9,3,http://koshercasual.com/products/stretch-knee-length-pencil-skirt-for-women-in-cotton-spandex
2026-09-19,Kosher Casual,Modest Stretch Knee Length Pencil Skirt  in Cotton Spandex,Medium,1434-AM-PE,31.9,0,1,0.0,1,http://koshercasual.com/products/stretch-knee-length-pencil-skirt-for-women-in-cotton-spandex
2026-09-19,Kosher Casual,Modest Stretch Knee Length Pencil Skirt  in Cotton Spandex,Large,1434-AL-PE,31.9,5,0,159.5,3,http://koshercasual.com/products/stretch-knee-length-pencil-skirt-for-women-in-cotton-spandex
2026-09-19,Kosher Casual,Modest Stretch Knee Length Pencil Skirt  in Cotton Spandex,Small,1434-AS-PIS,31.9,7,0,223.29999999999998,5,http://koshercasual.com/products/stretch-knee-length-pencil-skirt-for-women-in-cotton-spandex
2026-09-19,Kosher Casual,Modest Stretch Knee Length Pencil Skirt  in Cotton Spandex,Small,1434-AS-TBK,31.9,13,0,414.7,12,http://koshercasual.com/products/stretch-knee-length-pencil-skirt-for-women-in-cotton-spandex
2026-09-19,Kosher Casual,Modest Stretch Knee Length Pencil Skirt  in Cotton Spandex,Medium,1434-AM-TBK,31.9,8,0,255.2,7,http://koshercasual.com/products/stretch-knee-length-pencil-skirt-for-women-in-cotton-spandex
2026-09-19,Kosher Casual,Modest Stretch Knee Length Pencil Skirt  in Cotton Spandex,X-Large,1434-AXL-TBK,31.9,10,0,319.0,9,http://koshercasual.com/products/stretch-knee-length-pencil-skirt-for-women-in-cotton-spandex
2026-09-19,Kosher Casual,Modest Stretch Knee Length Pencil Skirt  in Cotton Spandex,XX-Large,1434-AXXL-TBK,31.9,3,0,95.69999999999999,11,http://koshercasual.com/products/stretch-knee-length-pencil-skirt-for-women-in-cotton-spandex
2026-09-19,Kosher Casual,Relaxed Fit 3/4 Sleeve Swim & Exercise Top - Quick-Dry UPF 50+ Protection,X-Small,1287-AXS-BK,31.92,3,0,95.76,0,http://koshercasual.com/products/relaxed-fit-3-4-sleeve-swim-exercise-top-quick-dry-upf-50-protection
2026-09-19,Kosher Casual,Relaxed Fit 3/4 Sleeve Swim & Exercise Top - Quick-Dry UPF 50+ Protection,X-Large,1287-AXL-BK,31.92,2,0,63.84,0,http://koshercasual.com/products/relaxed-fit-3-4-sleeve-swim-exercise-top-quick-dry-upf-50-protection
2026-09-19,Kosher Casual,Relaxed Fit 3/4 Sleeve Swim & Exercise Top - Quick-Dry UPF 50+ Protection,Large,1287-AL-BK,31.92,1,0,31.92,0,http://koshercasual.com/products/relaxed-fit-3-4-sleeve-swim-exercise-top-quick-dry-upf-50-protection
2026-09-19,Kosher Casual,Sleek A-Line Maxi Skirt with Adjustable Fold-Over Waist,X-Small,1430-AXS-ALM,44.9,3,0,134.7,0,http://koshercasual.com/products/sleek-a-line-maxi-skirt-with-adjustable-fold-over-waist
2026-09-19,Kosher Casual,Sleek A-Line Maxi Skirt with Adjustable Fold-Over Waist,X-Small,1430-AXS-BK,44.9,1,0,44.9,0,http://koshercasual.com/products/sleek-a-line-maxi-skirt-with-adjustable-fold-over-waist
2026-09-19,Kosher Casual,Sleek A-Line Maxi Skirt with Adjustable Fold-Over Waist,Small,1430-AS-BK,44.9,1,0,44.9,0,http://koshercasual.com/products/sleek-a-line-maxi-skirt-with-adjustable-fold-over-waist
2026-09-19,Kosher Casual,Sleek A-Line Maxi Skirt with Adjustable Fold-Over Waist,X-Small,1430-AXS-DCH,44.9,12,0,538.8,0,http://koshercasual.com/products/sleek-a-line-maxi-skirt-with-adjustable-fold-over-waist
2026-09-19,Kosher Casual,Sleek A-Line Maxi Skirt with Adjustable Fold-Over Waist,Small,1430-AS-DCH,44.9,5,0,224.5,0,http://koshercasual.com/products/sleek-a-line-maxi-skirt-with-adjustable-fold-over-waist
2026-09-19,Kosher Casual,Printed Long Maxi Pencil Skirt in Lightweight Stretch Fabric,X-Small,1937-AXS-BIL,35.92,3,0,107.76,0,http://koshercasual.com/products/printed-long-maxi-pencil-skirt-in-lightweight-stretch-fabric
2026-09-19,Kosher Casual,Printed Long Maxi Pencil Skirt in Lightweight Stretch Fabric,Small,1937-AS-BIL,35.92,3,0,107.76,0,http://koshercasual.com/products/printed-long-maxi-pencil-skirt-in-lightweight-stretch-fabric
2026-09-19,Kosher Casual,Printed Long Maxi Pencil Skirt in Lightweight Stretch Fabric,X-Small,1937-AXS-CBV,35.92,4,0,143.68,0,http://koshercasual.com/products/printed-long-maxi-pencil-skirt-in-lightweight-stretch-fabric
2026-09-19,Kosher Casual,Printed Long Maxi Pencil Skirt in Lightweight Stretch Fabric,Small,1937-AS-CBV,35.92,4,0,143.68,0,http://koshercasual.com/products/printed-long-maxi-pencil-skirt-in-lightweight-stretch-fabric
2026-09-19,Kosher Casual,Printed Long Maxi Pencil Skirt in Lightweight Stretch Fabric,X-Small,1937-AXS-OWI,35.92,5,0,179.60000000000002,0,http://koshercasual.com/products/printed-long-maxi-pencil-skirt-in-lightweight-stretch-fabric
2026-09-19,Kosher Casual,Printed Long Maxi Pencil Skirt in Lightweight Stretch Fabric,Small,1937-AS-OWI,35.92,4,0,143.68,0,http://koshercasual.com/products/printed-long-maxi-pencil-skirt-in-lightweight-stretch-fabric
2026-09-19,Kosher Casual,Printed Long Maxi Pencil Skirt in Lightweight Stretch Fabric,X-Small,1937-AXS-TCR,35.92,9,0,323.28000000000003,0,http://koshercasual.com/products/printed-long-maxi-pencil-skirt-in-lightweight-stretch-fabric
2026-09-19,Kosher Casual,Modest Knee-Length Tapered Stretch Cotton Spandex Pencil Skirt,Small,1919-AS-BK,31.9,0,1,0.0,3,http://koshercasual.com/products/modest-knee-length-tapered-stretch-cotton-spandex-pencil-skirt
2026-09-19,Kosher Casual,Modest Knee-Length Tapered Stretch Cotton Spandex Pencil Skirt,Medium,1919-AM-BK,31.9,0,1,0.0,1,http://koshercasual.com/products/modest-knee-length-tapered-stretch-cotton-spandex-pencil-skirt
2026-09-19,Kosher Casual,Modest Knee-Length Tapered Stretch Cotton Spandex Pencil Skirt,Large,1919-AL-BK,31.9,0,2,0.0,1,http://koshercasual.com/products/modest-knee-length-tapered-stretch-cotton-spandex-pencil-skirt
2026-09-19,Kosher Casual,Modest Knee-Length Tapered Stretch Cotton Spandex Pencil Skirt,XX-Large,1919-AXXL-BK,31.9,1,0,31.9,0,http://koshercasual.com/products/modest-knee-length-tapered-stretch-cotton-spandex-pencil-skirt
2026-09-19,Kosher Casual,Modest Knee-Length Tapered Stretch Cotton Spandex Pencil Skirt,X-Large,1919-AXL-CH,31.9,1,0,31.9,0,http://koshercasual.com/products/modest-knee-length-tapered-stretch-cotton-spandex-pencil-skirt
2026-09-19,Kosher Casual,Modest Knee-Length Tapered Stretch Cotton Spandex Pencil Skirt,XX-Large,1919-AXXL-CH,31.9,0,1,0.0,2,http://koshercasual.com/products/modest-knee-length-tapered-stretch-cotton-spandex-pencil-skirt
2026-09-19,Kosher Casual,Modest Knee-Length Tapered Stretch Cotton Spandex Pencil Skirt,Medium,1919-AM-DB,31.9,1,0,31.9,0,http://koshercasual.com/products/modest-knee-length-tapered-stretch-cotton-spandex-pencil-skirt
2026-09-19,Kosher Casual,Modest Knee-Length Tapered Stretch Cotton Spandex Pencil Skirt,Large,1919-AL-DCH,31.9,0,1,0.0,1,http://koshercasual.com/products/modest-knee-length-tapered-stretch-cotton-spandex-pencil-skirt
2026-09-19,Kosher Casual,Modest Knee-Length Tapered Stretch Cotton Spandex Pencil Skirt,Medium,1919-AM-DN,31.9,0,1,0.0,1,http://koshercasual.com/products/modest-knee-length-tapered-stretch-cotton-spandex-pencil-skirt
2026-09-19,Kosher Casual,Modest Knee-Length Tapered Stretch Cotton Spandex Pencil Skirt,Large,1919-AL-DN,31.9,1,0,31.9,3,http://koshercasual.com/products/modest-knee-length-tapered-stretch-cotton-spandex-pencil-skirt
2026-09-19,Kosher Casual,Modest Knee-Length Tapered Stretch Cotton Spandex Pencil Skirt,X-Small,1919-AXS-AU,31.9,0,1,0.0,21,http://koshercasual.com/products/modest-knee-length-tapered-stretch-cotton-spandex-pencil-skirt
2026-09-19,Kosher Casual,Modest Knee-Length Tapered Stretch Cotton Spandex Pencil Skirt,Medium,1919-AM-AU,31.9,3,0,95.69999999999999,3,http://koshercasual.com/products/modest-knee-length-tapered-stretch-cotton-spandex-pencil-skirt
2026-09-19,Kosher Casual,Modest Knee-Length Tapered Stretch Cotton Spandex Pencil Skirt,Large,1919-AL-K,31.9,0,2,0.0,2,http://koshercasual.com/products/modest-knee-length-tapered-stretch-cotton-spandex-pencil-skirt
2026-09-19,Kosher Casual,Modest Knee-Length Tapered Stretch Cotton Spandex Pencil Skirt,Medium,1919-AM-OL,31.9,1,0,31.9,0,http://koshercasual.com/products/modest-knee-length-tapered-stretch-cotton-spandex-pencil-skirt
2026-09-19,Kosher Casual,Modest Knee-Length Tapered Stretch Cotton Spandex Pencil Skirt,Large,1919-AL-WLT,31.9,1,0,31.9,4,http://koshercasual.com/products/modest-knee-length-tapered-stretch-cotton-spandex-pencil-skirt
2026-09-19,Kosher Casual,Modest Knee-Length Tapered Stretch Cotton Spandex Pencil Skirt,Large,1919-AL-W,31.9,0,1,0.0,2,http://koshercasual.com/products/modest-knee-length-tapered-stretch-cotton-spandex-pencil-skirt
2026-09-19,Kosher Casual,Modest Knee-Length Tapered Stretch Cotton Spandex Pencil Skirt,XXX-Large,1919-AXXXL-BK,31.9,5,0,159.5,9,http://koshercasual.com/products/modest-knee-length-tapered-stretch-cotton-spandex-pencil-skirt
2026-09-19,Kosher Casual,"Knee-Length Swim/Sport Skirt with Attached Shorts, Pocket and UPF 50+ Protection",Large,1475-AL-BK,54.9,2,0,109.8,31,http://koshercasual.com/products/knee-length-swim-sport-skirt-with-attached-shorts-pocket-and-upf-50-protection
2026-09-19,Kosher Casual,"Knee-Length Swim/Sport Skirt with Attached Shorts, Pocket and UPF 50+ Protection",X-Large,1475-AXL-BK,54.9,1,0,54.9,31,http://koshercasual.com/products/knee-length-swim-sport-skirt-with-attached-shorts-pocket-and-upf-50-protection
2026-09-19,Kosher Casual,"Knee-Length Swim/Sport Skirt with Attached Shorts, Pocket and UPF 50+ Protection",Small,1475-AS-CBL,54.9,0,1,0.0,2,http://koshercasual.com/products/knee-length-swim-sport-skirt-with-attached-shorts-pocket-and-upf-50-protection
2026-09-19,Kosher Casual,"Knee-Length Swim/Sport Skirt with Attached Shorts, Pocket and UPF 50+ Protection",XX-Large,1475-AXXL-DN,54.9,1,0,54.9,7,http://koshercasual.com/products/knee-length-swim-sport-skirt-with-attached-shorts-pocket-and-upf-50-protection
2026-09-19,Kosher Casual,"Knee-Length Swim/Sport Skirt with Attached Shorts, Pocket and UPF 50+ Protection",Large,1475-AL-DEB,54.9,0,1,0.0,24,http://koshercasual.com/products/knee-length-swim-sport-skirt-with-attached-shorts-pocket-and-upf-50-protection
2026-09-19,Kosher Casual,"Knee-Length Swim/Sport Skirt with Attached Shorts, Pocket and UPF 50+ Protection",X-Large,1475-AXL-DEB,54.9,3,0,164.7,23,http://koshercasual.com/products/knee-length-swim-sport-skirt-with-attached-shorts-pocket-and-upf-50-protection
2026-09-19,Kosher Casual,Girls' Cotton-Spandex A-Line Skirt - Knee Length Comfort,Large,1913-L-BG,27.9,3,0,83.69999999999999,0,http://koshercasual.com/products/girls-cotton-spandex-a-line-skirt-knee-length-comfort
2026-09-19,Kosher Casual,Girls' Cotton-Spandex A-Line Skirt - Knee Length Comfort,X-Large,1913-XL-BG,27.9,10,0,279.0,0,http://koshercasual.com/products/girls-cotton-spandex-a-line-skirt-knee-length-comfort
2026-09-19,Kosher Casual,Girls' Cotton-Spandex A-Line Skirt - Knee Length Comfort,X-Small,1913-XS-BG,27.9,4,0,111.6,0,http://koshercasual.com/products/girls-cotton-spandex-a-line-skirt-knee-length-comfort
2026-09-19,Kosher Casual,Girls' Cotton-Spandex A-Line Skirt - Knee Length Comfort,Small,1913-S-BK,27.9,5,0,139.5,0,http://koshercasual.com/products/girls-cotton-spandex-a-line-skirt-knee-length-comfort
2026-09-19,Kosher Casual,Girls' Cotton-Spandex A-Line Skirt - Knee Length Comfort,X-Small,1913-XS-BK,27.9,7,0,195.29999999999998,0,http://koshercasual.com/products/girls-cotton-spandex-a-line-skirt-knee-length-comfort
2026-09-19,Kosher Casual,Girls' Cotton-Spandex A-Line Skirt - Knee Length Comfort,Medium,1913-M-N,27.9,4,0,111.6,0,http://koshercasual.com/products/girls-cotton-spandex-a-line-skirt-knee-length-comfort
2026-09-19,Kosher Casual,Girls' Cotton-Spandex A-Line Skirt - Knee Length Comfort,X-Small,1913-XS-N,27.9,4,0,111.6,0,http://koshercasual.com/products/girls-cotton-spandex-a-line-skirt-knee-length-comfort
2026-09-19,Kosher Casual,Fitted Layering Shell - Modest Round Neck with Elbow Sleeves,Medium,1245-AM-ALM,23.9,0,1,0.0,7,http://koshercasual.com/products/fitted-layering-shell-modest-round-neck-with-elbow-sleeves
2026-09-19,Kosher Casual,Fitted Layering Shell - Modest Round Neck with Elbow Sleeves,Large,1245-AL-ALM,23.9,3,0,71.69999999999999,7,http://koshercasual.com/products/fitted-layering-shell-modest-round-neck-with-elbow-sleeves
2026-09-19,Kosher Casual,Fitted Layering Shell - Modest Round Neck with Elbow Sleeves,X-Small,1245-AXS-DN,23.9,0,1,0.0,1,http://koshercasual.com/products/fitted-layering-shell-modest-round-neck-with-elbow-sleeves
2026-09-19,Kosher Casual,Fitted Layering Shell - Modest Round Neck with Elbow Sleeves,Large,1245-AL-DN,23.9,2,0,47.8,4,http://koshercasual.com/products/fitted-layering-shell-modest-round-neck-with-elbow-sleeves
2026-09-19,Kosher Casual,Fitted Layering Shell - Modest Round Neck with Elbow Sleeves,X-Large,1245-AXL-DN,23.9,2,0,47.8,0,http://koshercasual.com/products/fitted-layering-shell-modest-round-neck-with-elbow-sleeves
2026-09-19,Kosher Casual,Fitted Layering Shell - Modest Round Neck with Elbow Sleeves,X-Small,1245-AXS-DP,23.9,3,0,71.69999999999999,0,http://koshercasual.com/products/fitted-layering-shell-modest-round-neck-with-elbow-sleeves
2026-09-19,Kosher Casual,Fitted Layering Shell - Modest Round Neck with Elbow Sleeves,X-Large,1245-AXL-G,23.9,0,1,0.0,4,http://koshercasual.com/products/fitted-layering-shell-modest-round-neck-with-elbow-sleeves
2026-09-19,Kosher Casual,Fitted Layering Shell - Modest Round Neck with Elbow Sleeves,X-Small,1245-AXS-JB,23.9,0,1,0.0,1,http://koshercasual.com/products/fitted-layering-shell-modest-round-neck-with-elbow-sleeves
2026-09-19,Kosher Casual,Fitted Layering Shell - Modest Round Neck with Elbow Sleeves,X-Large,1245-AXL-JB,23.9,1,0,23.9,2,http://koshercasual.com/products/fitted-layering-shell-modest-round-neck-with-elbow-sleeves
2026-09-19,Kosher Casual,Fitted Layering Shell - Modest Round Neck with Elbow Sleeves,X-Small,1245-AXS-PU,23.9,3,0,71.69999999999999,0,http://koshercasual.com/products/fitted-layering-shell-modest-round-neck-with-elbow-sleeves
2026-09-19,Kosher Casual,Fitted Layering Shell - Modest Round Neck with Elbow Sleeves,XX-Large,1245-AXXL-SBG,23.9,1,0,23.9,0,http://koshercasual.com/products/fitted-layering-shell-modest-round-neck-with-elbow-sleeves
2026-09-19,Kosher Casual,Fitted Layering Shell - Modest Round Neck with Elbow Sleeves,XX-Large,1245-AXXL-TP,23.9,1,0,23.9,0,http://koshercasual.com/products/fitted-layering-shell-modest-round-neck-with-elbow-sleeves
2026-09-19,Kosher Casual,Fitted Layering Shell - Modest Round Neck with Elbow Sleeves,XX-Large,1245-AXXL-VRP,23.9,3,0,71.69999999999999,0,http://koshercasual.com/products/fitted-layering-shell-modest-round-neck-with-elbow-sleeves
2026-09-19,Kosher Casual,Plus Size Mid-Calf Pencil Skirt in Cotton Spandex,18,1470-18-N,38.9,4,0,155.6,0,http://koshercasual.com/products/plus-size-mid-calf-pencil-skirt-in-cotton-spandex
2026-09-19,Kosher Casual,Plus Size Mid-Calf Pencil Skirt in Cotton Spandex,18,1470-18-OL,38.9,3,0,116.69999999999999,3,http://koshercasual.com/products/plus-size-mid-calf-pencil-skirt-in-cotton-spandex
2026-09-19,Kosher Casual,Plus Size Mid-Calf Pencil Skirt in Cotton Spandex,18,1470-18-DN,38.9,3,0,116.69999999999999,2,http://koshercasual.com/products/plus-size-mid-calf-pencil-skirt-in-cotton-spandex
2026-09-19,Kosher Casual,Plus Size Mid-Calf Pencil Skirt in Cotton Spandex,18,1470-18-BG,38.9,3,0,116.69999999999999,1,http://koshercasual.com/products/plus-size-mid-calf-pencil-skirt-in-cotton-spandex
2026-09-19,Kosher Casual,Plus Size Mid-Calf Pencil Skirt in Cotton Spandex,18,1470-18-DCH,38.9,5,0,194.5,6,http://koshercasual.com/products/plus-size-mid-calf-pencil-skirt-in-cotton-spandex
2026-09-19,Kosher Casual,Plus Size Mid-Calf Pencil Skirt in Cotton Spandex,20,1470-20-BK,38.9,1,0,38.9,2,http://koshercasual.com/products/plus-size-mid-calf-pencil-skirt-in-cotton-spandex
2026-09-19,Kosher Casual,Plus Size Mid-Calf Pencil Skirt in Cotton Spandex,24,1470-24-DN,38.9,1,0,38.9,0,http://koshercasual.com/products/plus-size-mid-calf-pencil-skirt-in-cotton-spandex
2026-09-19,Kosher Casual,Plus Size Mid-Calf Pencil Skirt in Cotton Spandex,24,1470-24-DCH,38.9,1,0,38.9,0,http://koshercasual.com/products/plus-size-mid-calf-pencil-skirt-in-cotton-spandex
2026-09-19,Kosher Casual,Plus Size Mid-Calf Pencil Skirt in Cotton Spandex,24,1470-24-BK,38.9,1,0,38.9,2,http://koshercasual.com/products/plus-size-mid-calf-pencil-skirt-in-cotton-spandex
2026-09-19,Kosher Casual,Flowing A-Line Maxi Skirt - Stretch Comfort Waistband,Medium,1468-AM-N,44.9,7,0,314.3,0,http://koshercasual.com/products/flowing-a-line-maxi-skirt-stretch-comfort-waistband-1
2026-09-19,Kosher Casual,Flowing A-Line Maxi Skirt - Stretch Comfort Waistband,Large,1468-AL-K,44.9,3,0,134.7,0,http://koshercasual.com/products/flowing-a-line-maxi-skirt-stretch-comfort-waistband-1
2026-09-19,Kosher Casual,Mid-Calf Pencil Skirt in Cotton Spandex – No Slits,X-Large,1470-AXL-WLT,31.9,1,0,31.9,0,http://koshercasual.com/products/mid-calf-pencil-skirt-in-cotton-spandex-no-slits
2026-09-19,Kosher Casual,Mid-Calf Pencil Skirt in Cotton Spandex – No Slits,X-Large,1470-AXL-NSW,31.9,7,0,223.29999999999998,1,http://koshercasual.com/products/mid-calf-pencil-skirt-in-cotton-spandex-no-slits
2026-09-19,Kosher Casual,Mid-Calf Pencil Skirt in Cotton Spandex – No Slits,Large,1470-AL-AU,31.9,1,0,31.9,8,http://koshercasual.com/products/mid-calf-pencil-skirt-in-cotton-spandex-no-slits
2026-09-19,Kosher Casual,Mid-Calf Pencil Skirt in Cotton Spandex – No Slits,Medium,1470-AM-W,31.9,0,2,0.0,2,http://koshercasual.com/products/mid-calf-pencil-skirt-in-cotton-spandex-no-slits
2026-09-19,Kosher Casual,Mid-Calf Pencil Skirt in Cotton Spandex – No Slits,Small,1470-AS-BG,31.9,1,0,31.9,2,http://koshercasual.com/products/mid-calf-pencil-skirt-in-cotton-spandex-no-slits
2026-09-19,Kosher Casual,Mid-Calf Pencil Skirt in Cotton Spandex – No Slits,Medium,1470-AM-BG,31.9,4,0,127.6,4,http://koshercasual.com/products/mid-calf-pencil-skirt-in-cotton-spandex-no-slits
2026-09-19,Kosher Casual,Mid-Calf Pencil Skirt in Cotton Spandex – No Slits,Large,1470-AL-BG,31.9,4,0,127.6,7,http://koshercasual.com/products/mid-calf-pencil-skirt-in-cotton-spandex-no-slits
2026-09-19,Kosher Casual,Mid-Calf Pencil Skirt in Cotton Spandex – No Slits,X-Large,1470-AXL-BG,31.9,3,0,95.69999999999999,0,http://koshercasual.com/products/mid-calf-pencil-skirt-in-cotton-spandex-no-slits
2026-09-19,Kosher Casual,Mid-Calf Pencil Skirt in Cotton Spandex – No Slits,XX-Large,1470-AXXL-BG,31.9,3,0,95.69999999999999,7,http://koshercasual.com/products/mid-calf-pencil-skirt-in-cotton-spandex-no-slits
2026-09-19,Kosher Casual,Mid-Calf Pencil Skirt in Cotton Spandex – No Slits,X-Small,1470-AXS-BK,31.9,1,0,31.9,4,http://koshercasual.com/products/mid-calf-pencil-skirt-in-cotton-spandex-no-slits
2026-09-19,Kosher Casual,Mid-Calf Pencil Skirt in Cotton Spandex – No Slits,Small,1470-AS-BK,31.9,1,0,31.9,2,http://koshercasual.com/products/mid-calf-pencil-skirt-in-cotton-spandex-no-slits
2026-09-19,Kosher Casual,Mid-Calf Pencil Skirt in Cotton Spandex – No Slits,Medium,1470-AM-BK,31.9,3,0,95.69999999999999,7,http://koshercasual.com/products/mid-calf-pencil-skirt-in-cotton-spandex-no-slits
2026-09-19,Kosher Casual,Mid-Calf Pencil Skirt in Cotton Spandex – No Slits,X-Large,1470-AXL-BK,31.9,3,0,95.69999999999999,4,http://koshercasual.com/products/mid-calf-pencil-skirt-in-cotton-spandex-no-slits
2026-09-19,Kosher Casual,Mid-Calf Pencil Skirt in Cotton Spandex – No Slits,X-Large,1470-AXL-G,31.9,1,0,31.9,0,http://koshercasual.com/products/mid-calf-pencil-skirt-in-cotton-spandex-no-slits
2026-09-19,Kosher Casual,Mid-Calf Pencil Skirt in Cotton Spandex – No Slits,Small,1470-AS-N,31.9,11,0,350.9,3,http://koshercasual.com/products/mid-calf-pencil-skirt-in-cotton-spandex-no-slits
2026-09-19,Kosher Casual,Mid-Calf Pencil Skirt in Cotton Spandex – No Slits,Medium,1470-AM-N,31.9,22,0,701.8,17,http://koshercasual.com/products/mid-calf-pencil-skirt-in-cotton-spandex-no-slits
2026-09-19,Kosher Casual,Mid-Calf Pencil Skirt in Cotton Spandex – No Slits,XX-Large,1470-AXXL-N,31.9,24,0,765.5999999999999,3,http://koshercasual.com/products/mid-calf-pencil-skirt-in-cotton-spandex-no-slits
2026-09-19,Kosher Casual,Mid-Calf Pencil Skirt in Cotton Spandex – No Slits,X-Small,1470-AXS-BU,31.9,6,0,191.39999999999998,0,http://koshercasual.com/products/mid-calf-pencil-skirt-in-cotton-spandex-no-slits
2026-09-19,Kosher Casual,Mid-Calf Pencil Skirt in Cotton Spandex – No Slits,X-Large,1470-AXL-PIS,31.9,1,0,31.9,0,http://koshercasual.com/products/mid-calf-pencil-skirt-in-cotton-spandex-no-slits
2026-09-19,Kosher Casual,Mid-Calf Pencil Skirt in Cotton Spandex – No Slits,XX-Large,1470-AXXL-PIS,31.9,1,0,31.9,2,http://koshercasual.com/products/mid-calf-pencil-skirt-in-cotton-spandex-no-slits
2026-09-19,Kosher Casual,Mid-Calf Pencil Skirt in Cotton Spandex – No Slits,X-Large,1470-AXL-DN,31.9,1,0,31.9,8,http://koshercasual.com/products/mid-calf-pencil-skirt-in-cotton-spandex-no-slits
2026-09-19,Kosher Casual,Mid-Calf Pencil Skirt in Cotton Spandex – No Slits,XX-Large,1470-AXXL-DN,31.9,1,0,31.9,7,http://koshercasual.com/products/mid-calf-pencil-skirt-in-cotton-spandex-no-slits
2026-09-19,Kosher Casual,Mid-Calf Pencil Skirt in Cotton Spandex – No Slits,Large,1470-AL-N,31.9,15,0,478.5,5,http://koshercasual.com/products/mid-calf-pencil-skirt-in-cotton-spandex-no-slits
2026-09-19,Kosher Casual,Mid-Calf Pencil Skirt in Cotton Spandex – No Slits,Large,1470-AL-G,31.9,0,1,0.0,2,http://koshercasual.com/products/mid-calf-pencil-skirt-in-cotton-spandex-no-slits
2026-09-19,Kosher Casual,Mid-Calf Pencil Skirt in Cotton Spandex – No Slits,X-Large,1470-AXL-N,31.9,22,0,701.8,3,http://koshercasual.com/products/mid-calf-pencil-skirt-in-cotton-spandex-no-slits
2026-09-19,Kosher Casual,Girls Stretch Knee Length Pencil Skirt in Cotton Spandex,Medium,1434-M-AU,27.9,6,0,167.39999999999998,0,http://koshercasual.com/products/girls-stretch-knee-length-pencil-skirt-in-cotton-spandex
2026-09-19,Kosher Casual,Girls Stretch Knee Length Pencil Skirt in Cotton Spandex,Large,1434-L-AU,27.9,11,0,306.9,0,http://koshercasual.com/products/girls-stretch-knee-length-pencil-skirt-in-cotton-spandex
2026-09-19,Kosher Casual,Girls Stretch Knee Length Pencil Skirt in Cotton Spandex,X-Large,1434-XL-AU,27.9,5,0,139.5,0,http://koshercasual.com/products/girls-stretch-knee-length-pencil-skirt-in-cotton-spandex
2026-09-19,Kosher Casual,Girls Stretch Knee Length Pencil Skirt in Cotton Spandex,X-Large,1434-XL-K,27.9,0,3,0.0,0,http://koshercasual.com/products/girls-stretch-knee-length-pencil-skirt-in-cotton-spandex
2026-09-19,Kosher Casual,Girls Stretch Knee Length Pencil Skirt in Cotton Spandex,Large,1434-L-W,27.9,4,0,111.6,0,http://koshercasual.com/products/girls-stretch-knee-length-pencil-skirt-in-cotton-spandex
2026-09-19,Kosher Casual,Girls Stretch Knee Length Pencil Skirt in Cotton Spandex,Large,1434-L-BK,27.9,0,3,0.0,7,http://koshercasual.com/products/girls-stretch-knee-length-pencil-skirt-in-cotton-spandex
2026-09-19,Kosher Casual,Girls Stretch Knee Length Pencil Skirt in Cotton Spandex,Small,1434-S-N,27.9,12,0,334.79999999999995,0,http://koshercasual.com/products/girls-stretch-knee-length-pencil-skirt-in-cotton-spandex
2026-09-19,Kosher Casual,Girls Stretch Knee Length Pencil Skirt in Cotton Spandex,Large,1434-L-N,27.9,14,0,390.59999999999997,0,http://koshercasual.com/products/girls-stretch-knee-length-pencil-skirt-in-cotton-spandex
2026-09-19,Kosher Casual,Girls Stretch Knee Length Pencil Skirt in Cotton Spandex,X-Large,1434-XL-N,27.9,11,0,306.9,0,http://koshercasual.com/products/girls-stretch-knee-length-pencil-skirt-in-cotton-spandex
2026-09-19,Kosher Casual,Plus Size Modest Stretch Knee Length Pencil Skirt in Cotton Spandex,20,1434-20-BK,38.9,1,0,38.9,8,http://koshercasual.com/products/stretch-knee-length-pencil-skirt-for-women-in-cotton-spandex-plus-size-2525
2026-09-19,Kosher Casual,Plus Size Modest Stretch Knee Length Pencil Skirt in Cotton Spandex,18,1434-18-OL,38.9,3,0,116.69999999999999,0,http://koshercasual.com/products/stretch-knee-length-pencil-skirt-for-women-in-cotton-spandex-plus-size-2525
2026-09-19,Kosher Casual,Swim and Athletic Long Leggings - UVF 50 Protection,Small,1338-AS-BK,29.9,3,0,89.69999999999999,0,http://koshercasual.com/products/swim-and-athletic-capri-leggings-uvf-50-protection
2026-09-19,Kosher Casual,Fitted 3/4 Sleeve Layering Shell - High Round Neckline Slim-Fit Undershirt,Medium,1215-AM-BK,23.9,3,0,71.69999999999999,7,http://koshercasual.com/products/essential-round-neck-layering-top-3-4-sleeve-original
2026-09-19,Kosher Casual,Fitted 3/4 Sleeve Layering Shell - High Round Neckline Slim-Fit Undershirt,Large,1215-AL-BK,23.9,2,0,47.8,-1,http://koshercasual.com/products/essential-round-neck-layering-top-3-4-sleeve-original
2026-09-19,Kosher Casual,Fitted 3/4 Sleeve Layering Shell - High Round Neckline Slim-Fit Undershirt,XX-Large,1215-AXXL-BK,23.9,0,1,0.0,1,http://koshercasual.com/products/essential-round-neck-layering-top-3-4-sleeve-original
2026-09-19,Kosher Casual,Fitted 3/4 Sleeve Layering Shell - High Round Neckline Slim-Fit Undershirt,X-Small,1215-AXS-W,23.9,0,3,0.0,4,http://koshercasual.com/products/essential-round-neck-layering-top-3-4-sleeve-original
2026-09-19,Kosher Casual,Fitted 3/4 Sleeve Layering Shell - High Round Neckline Slim-Fit Undershirt,Small,1215-AS-W,23.9,1,0,23.9,0,http://koshercasual.com/products/essential-round-neck-layering-top-3-4-sleeve-original
2026-09-19,Kosher Casual,Fitted 3/4 Sleeve Layering Shell - High Round Neckline Slim-Fit Undershirt,Large,1215-AL-W,23.9,1,0,23.9,-1,http://koshercasual.com/products/essential-round-neck-layering-top-3-4-sleeve-original
2026-09-19,Kosher Casual,Fitted 3/4 Sleeve Layering Shell - High Round Neckline Slim-Fit Undershirt,X-Large,1215-AXL-W,23.9,3,0,71.69999999999999,4,http://koshercasual.com/products/essential-round-neck-layering-top-3-4-sleeve-original
2026-09-19,Kosher Casual,Fitted 3/4 Sleeve Layering Shell - High Round Neckline Slim-Fit Undershirt,XX-Large,1215-AXXL-W,23.9,0,1,0.0,12,http://koshercasual.com/products/essential-round-neck-layering-top-3-4-sleeve-original
2026-09-19,Kosher Casual,Fitted 3/4 Sleeve Layering Shell - High Round Neckline Slim-Fit Undershirt,Small,1215-AS-AU,23.9,3,0,71.69999999999999,1,http://koshercasual.com/products/essential-round-neck-layering-top-3-4-sleeve-original
2026-09-19,Kosher Casual,Fitted 3/4 Sleeve Layering Shell - High Round Neckline Slim-Fit Undershirt,X-Large,1215-AXL-AU,23.9,1,0,23.9,0,http://koshercasual.com/products/essential-round-neck-layering-top-3-4-sleeve-original
2026-09-19,Kosher Casual,Fitted 3/4 Sleeve Layering Shell - High Round Neckline Slim-Fit Undershirt,Small,1215-AS-OF,23.9,2,0,47.8,0,http://koshercasual.com/products/essential-round-neck-layering-top-3-4-sleeve-original
2026-09-19,Kosher Casual,The Perfect A-Line Midi Skirt with Pockets,Small,1926-AS-LCO,31.9,6,0,191.39999999999998,0,http://koshercasual.com/products/womens-calf-length-a-line-skirt-with-pockets-2591-second
2026-09-19,Kosher Casual,The Perfect A-Line Midi Skirt with Pockets,X-Small,1926-AXS-SBG,31.9,3,0,95.69999999999999,0,http://koshercasual.com/products/womens-calf-length-a-line-skirt-with-pockets-2591-second
2026-09-19,Kosher Casual,The Perfect A-Line Midi Skirt with Pockets,X-Small,1926-AXS-LCO,31.9,7,0,223.29999999999998,0,http://koshercasual.com/products/womens-calf-length-a-line-skirt-with-pockets-2591-second
2026-09-19,Kosher Casual,The Perfect A-Line Midi Skirt with Pockets,Small,1926-AS-SGR,31.9,3,0,95.69999999999999,0,http://koshercasual.com/products/womens-calf-length-a-line-skirt-with-pockets-2591-second
2026-09-19,Kosher Casual,The Perfect A-Line Midi Skirt with Pockets,X-Small,1926-AXS-JB,31.9,3,0,95.69999999999999,0,http://koshercasual.com/products/the-perfect-a-line-midi-skirt-with-pockets
2026-09-19,Kosher Casual,The Perfect A-Line Midi Skirt with Pockets,X-Large,1926-AXL-JB,31.9,1,0,31.9,0,http://koshercasual.com/products/the-perfect-a-line-midi-skirt-with-pockets
2026-09-19,Kosher Casual,The Perfect A-Line Midi Skirt with Pockets,X-Small,1926-AXS-BG,31.9,3,0,95.69999999999999,0,http://koshercasual.com/products/the-perfect-a-line-midi-skirt-with-pockets
2026-09-19,Kosher Casual,The Perfect A-Line Midi Skirt with Pockets,Medium,1926-AM-BG,31.9,16,0,510.4,0,http://koshercasual.com/products/the-perfect-a-line-midi-skirt-with-pockets
2026-09-19,Kosher Casual,The Perfect A-Line Midi Skirt with Pockets,XX-Large,1926-AXXL-BG,31.9,13,0,414.7,0,http://koshercasual.com/products/the-perfect-a-line-midi-skirt-with-pockets
2026-09-19,Kosher Casual,The Perfect A-Line Midi Skirt with Pockets,X-Small,1926-AXS-AU,31.9,5,0,159.5,0,http://koshercasual.com/products/the-perfect-a-line-midi-skirt-with-pockets
2026-09-19,Kosher Casual,The Perfect A-Line Midi Skirt with Pockets,Small,1926-AS-AU,31.9,18,0,574.1999999999999,0,http://koshercasual.com/products/the-perfect-a-line-midi-skirt-with-pockets
2026-09-19,Kosher Casual,The Perfect A-Line Midi Skirt with Pockets,XX-Large,1926-AXXL-AU,31.9,4,0,127.6,0,http://koshercasual.com/products/the-perfect-a-line-midi-skirt-with-pockets
2026-09-19,Kosher Casual,The Perfect A-Line Midi Skirt with Pockets,Small,1926-AS-SGY,31.9,3,0,95.69999999999999,0,http://koshercasual.com/products/the-perfect-a-line-midi-skirt-with-pockets
2026-09-19,Kosher Casual,The Perfect A-Line Midi Skirt with Pockets,Small,1926-AS-MDN,31.9,8,0,255.2,0,http://koshercasual.com/products/the-perfect-a-line-midi-skirt-with-pockets
2026-09-19,Kosher Casual,The Perfect A-Line Midi Skirt with Pockets,X-Small,1926-AXS-WLT,31.9,3,0,95.69999999999999,0,http://koshercasual.com/products/the-perfect-a-line-midi-skirt-with-pockets
2026-09-19,Kosher Casual,The Perfect A-Line Midi Skirt with Pockets,Large,1926-AL-OL,31.9,3,0,95.69999999999999,0,http://koshercasual.com/products/the-perfect-a-line-midi-skirt-with-pockets
2026-09-19,Kosher Casual,The Perfect A-Line Midi Skirt with Pockets,X-Small,1926-AXS-G,31.9,3,0,95.69999999999999,0,http://koshercasual.com/products/the-perfect-a-line-midi-skirt-with-pockets
2026-09-19,Kosher Casual,The Perfect A-Line Midi Skirt with Pockets,XX-Large,1926-AXXL-G,31.9,4,0,127.6,0,http://koshercasual.com/products/the-perfect-a-line-midi-skirt-with-pockets
2026-09-19,Kosher Casual,The Perfect A-Line Midi Skirt with Pockets,XX-Large,1926-AXXL-W,31.9,7,0,223.29999999999998,0,http://koshercasual.com/products/the-perfect-a-line-midi-skirt-with-pockets
2026-09-19,Kosher Casual,The Perfect A-Line Midi Skirt with Pockets,X-Large,1926-AXL-W,31.9,3,0,95.69999999999999,0,http://koshercasual.com/products/the-perfect-a-line-midi-skirt-with-pockets
2026-09-19,Kosher Casual,The Perfect A-Line Midi Skirt with Pockets,Large,1926-AL-W,31.9,4,0,127.6,0,http://koshercasual.com/products/the-perfect-a-line-midi-skirt-with-pockets
2026-09-19,Kosher Casual,The Perfect A-Line Midi Skirt with Pockets,Medium,1926-AM-W,31.9,7,0,223.29999999999998,0,http://koshercasual.com/products/the-perfect-a-line-midi-skirt-with-pockets
2026-09-19,Kosher Casual,The Perfect A-Line Midi Skirt with Pockets,Small,1926-AS-BG,31.9,3,0,95.69999999999999,0,http://koshercasual.com/products/the-perfect-a-line-midi-skirt-with-pockets
2026-09-19,Kosher Casual,The Perfect A-Line Midi Skirt with Pockets,Large,1926-AL-BG,31.9,6,0,191.39999999999998,0,http://koshercasual.com/products/the-perfect-a-line-midi-skirt-with-pockets
2026-09-19,Kosher Casual,The Perfect A-Line Midi Skirt with Pockets,X-Large,1926-AXL-BG,31.9,7,0,223.29999999999998,0,http://koshercasual.com/products/the-perfect-a-line-midi-skirt-with-pockets
2026-09-19,Kosher Casual,Past The Knee T-Shirt Dress - Comfortable A-Line Silhouette,X-Small,1644-AXS-AU,54.9,4,0,219.6,0,http://koshercasual.com/products/t-shirt-dress-past-the-knee
2026-09-19,Kosher Casual,Past The Knee T-Shirt Dress - Comfortable A-Line Silhouette,Small,1644-AS-GHD,54.9,7,0,384.3,0,http://koshercasual.com/products/t-shirt-dress-past-the-knee
2026-09-19,Kosher Casual,Past The Knee T-Shirt Dress - Comfortable A-Line Silhouette,XX-Large,1644-AXXL-CH,54.9,5,0,274.5,0,http://koshercasual.com/products/t-shirt-dress-past-the-knee
2026-09-19,Kosher Casual,Past The Knee T-Shirt Dress - Comfortable A-Line Silhouette,X-Small,1644-AXS-BK,54.9,9,0,494.09999999999997,0,http://koshercasual.com/products/t-shirt-dress-past-the-knee
2026-09-19,Kosher Casual,Past The Knee T-Shirt Dress - Comfortable A-Line Silhouette,Small,1644-AS-BK,54.9,4,0,219.6,0,http://koshercasual.com/products/t-shirt-dress-past-the-knee
2026-09-19,Kosher Casual,Past The Knee T-Shirt Dress - Comfortable A-Line Silhouette,XX-Large,1644-AXXL-BK,54.9,1,0,54.9,0,http://koshercasual.com/products/t-shirt-dress-past-the-knee
2026-09-19,Kosher Casual,Past The Knee T-Shirt Dress - Comfortable A-Line Silhouette,Large,1644-AL-TGP,54.9,1,0,54.9,0,http://koshercasual.com/products/t-shirt-dress-past-the-knee
2026-09-19,Kosher Casual,Past The Knee T-Shirt Dress - Comfortable A-Line Silhouette,Large,1644-AL-CH,54.9,1,0,54.9,0,http://koshercasual.com/products/t-shirt-dress-past-the-knee
2026-09-19,Kosher Casual,Mid-Calf 3/4 Sleeve Swing Dress with Pockets,X-Small,1656-AXS-BK,59.9,8,0,479.2,0,http://koshercasual.com/products/mid-calf-3-4-sleeve-swing-dress-with-pockets
2026-09-19,Kosher Casual,Mid-Calf 3/4 Sleeve Swing Dress with Pockets,Small,1656-AS-BK,59.9,8,0,479.2,1,http://koshercasual.com/products/mid-calf-3-4-sleeve-swing-dress-with-pockets
2026-09-19,Kosher Casual,Mid-Calf 3/4 Sleeve Swing Dress with Pockets,X-Small,1656-AXS-AU,59.9,7,0,419.3,0,http://koshercasual.com/products/mid-calf-3-4-sleeve-swing-dress-with-pockets
2026-09-19,Kosher Casual,Mid-Calf 3/4 Sleeve Swing Dress with Pockets,Small,1656-AS-AU,59.9,5,0,299.5,0,http://koshercasual.com/products/mid-calf-3-4-sleeve-swing-dress-with-pockets
2026-09-19,Kosher Casual,Mid-Calf 3/4 Sleeve Swing Dress with Pockets,X-Small,1656-AXS-N,59.9,6,0,359.4,0,http://koshercasual.com/products/mid-calf-3-4-sleeve-swing-dress-with-pockets
2026-09-19,Kosher Casual,Mid-Calf 3/4 Sleeve Swing Dress with Pockets,X-Small,1656-AXS-CB,59.9,3,0,179.7,0,http://koshercasual.com/products/mid-calf-3-4-sleeve-swing-dress-with-pockets
2026-09-19,Kosher Casual,Mid-Calf 3/4 Sleeve Swing Dress with Pockets,Small,1656-AS-CB,59.9,6,0,359.4,-1,http://koshercasual.com/products/mid-calf-3-4-sleeve-swing-dress-with-pockets
2026-09-19,Kosher Casual,Mid-Calf 3/4 Sleeve Swing Dress with Pockets,X-Small,1656-AXS-DN,59.9,4,0,239.6,0,http://koshercasual.com/products/mid-calf-3-4-sleeve-swing-dress-with-pockets
2026-09-19,Kosher Casual,Mid-Calf 3/4 Sleeve Swing Dress with Pockets,Small,1656-AS-DN,59.9,5,0,299.5,0,http://koshercasual.com/products/mid-calf-3-4-sleeve-swing-dress-with-pockets
2026-09-19,Kosher Casual,Mid-Calf 3/4 Sleeve Swing Dress with Pockets,X-Small,1656-AXS-JB,59.9,6,0,359.4,0,http://koshercasual.com/products/mid-calf-3-4-sleeve-swing-dress-with-pockets
2026-09-19,Kosher Casual,Mid-Calf 3/4 Sleeve Swing Dress with Pockets,Small,1656-AS-ALM,59.9,6,0,359.4,0,http://koshercasual.com/products/mid-calf-3-4-sleeve-swing-dress-with-pockets
2026-09-19,Kosher Casual,Mid-Calf 3/4 Sleeve Swing Dress with Pockets,Medium,1656-AM-ALM,59.9,3,0,179.7,0,http://koshercasual.com/products/mid-calf-3-4-sleeve-swing-dress-with-pockets
2026-09-19,Kosher Casual,Mid-Calf 3/4 Sleeve Swing Dress with Pockets,Large,1656-AL-ALM,59.9,5,0,299.5,0,http://koshercasual.com/products/mid-calf-3-4-sleeve-swing-dress-with-pockets
2026-09-19,Kosher Casual,Mid-Calf 3/4 Sleeve Swing Dress with Pockets,X-Large,1656-AXL-ALM,59.9,4,0,239.6,0,http://koshercasual.com/products/mid-calf-3-4-sleeve-swing-dress-with-pockets
2026-09-19,Kosher Casual,Mid-Calf 3/4 Sleeve Swing Dress with Pockets,XX-Large,1656-AXXL-ALM,59.9,5,0,299.5,0,http://koshercasual.com/products/mid-calf-3-4-sleeve-swing-dress-with-pockets
2026-09-19,Kosher Casual,Flowing Midi Dress with 3/4 Sleeves and Dramatic Drape,XX-Large,1647-AXXL-CH,59.9,6,0,359.4,0,http://koshercasual.com/products/flowing-midi-dress-with-3-4-sleeves-and-dramatic-drape
2026-09-19,Kosher Casual,Flowing Midi Dress with 3/4 Sleeves and Dramatic Drape,X-Small,1647-AXS-BK,59.9,16,0,958.4,0,http://koshercasual.com/products/flowing-midi-dress-with-3-4-sleeves-and-dramatic-drape
2026-09-19,Kosher Casual,Flowing Midi Dress with 3/4 Sleeves and Dramatic Drape,XX-Large,1647-AXXL-N,59.9,3,0,179.7,0,http://koshercasual.com/products/flowing-midi-dress-with-3-4-sleeves-and-dramatic-drape
2026-09-19,Kosher Casual,Flowing Midi Dress with 3/4 Sleeves and Dramatic Drape,Small,1647-AS-GPL,59.9,6,0,359.4,0,http://koshercasual.com/products/flowing-midi-dress-with-3-4-sleeves-and-dramatic-drape
2026-09-19,Kosher Casual,Flowing Midi Dress with 3/4 Sleeves and Dramatic Drape,XX-Large,1647-AXXL-DN,59.9,4,0,239.6,0,http://koshercasual.com/products/flowing-midi-dress-with-3-4-sleeves-and-dramatic-drape
2026-09-19,Kosher Casual,Flowing Midi Dress with 3/4 Sleeves and Dramatic Drape,Medium,1647-AM-OWO,59.9,9,0,539.1,0,http://koshercasual.com/products/flowing-midi-dress-with-3-4-sleeves-and-dramatic-drape
2026-09-19,Kosher Casual,Flowing Midi Dress with 3/4 Sleeves and Dramatic Drape,X-Small,1647-AXS-DN,59.9,4,0,239.6,0,http://koshercasual.com/products/flowing-midi-dress-with-3-4-sleeves-and-dramatic-drape
2026-09-19,Kosher Casual,Flowing Midi Dress with 3/4 Sleeves and Dramatic Drape,Small,1647-AS-DN,59.9,10,0,599.0,0,http://koshercasual.com/products/flowing-midi-dress-with-3-4-sleeves-and-dramatic-drape
2026-09-19,Kosher Casual,Flowing Midi Dress with 3/4 Sleeves and Dramatic Drape,X-Small,1647-AXS-OWO,59.9,9,0,539.1,0,http://koshercasual.com/products/flowing-midi-dress-with-3-4-sleeves-and-dramatic-drape
2026-09-19,Kosher Casual,Flowing Midi Dress with 3/4 Sleeves and Dramatic Drape,Small,1647-AS-ATD,59.9,4,0,239.6,0,http://koshercasual.com/products/flowing-midi-dress-with-3-4-sleeves-and-dramatic-drape
2026-09-19,Kosher Casual,Flowing Midi Dress with 3/4 Sleeves and Dramatic Drape,Small,1647-AS-CH,59.9,7,0,419.3,0,http://koshercasual.com/products/flowing-midi-dress-with-3-4-sleeves-and-dramatic-drape
2026-09-19,Kosher Casual,Flowing Midi Dress with 3/4 Sleeves and Dramatic Drape,Small,1647-AS-GNS,59.9,8,0,479.2,0,http://koshercasual.com/products/flowing-midi-dress-with-3-4-sleeves-and-dramatic-drape
2026-09-19,Kosher Casual,Flowing Midi Dress with 3/4 Sleeves and Dramatic Drape,X-Small,1647-AXS-BYM,59.9,5,0,299.5,0,http://koshercasual.com/products/flowing-midi-dress-with-3-4-sleeves-and-dramatic-drape
2026-09-19,Kosher Casual,Flowing Midi Dress with 3/4 Sleeves and Dramatic Drape,Small,1647-AS-OTD,59.9,5,0,299.5,0,http://koshercasual.com/products/flowing-midi-dress-with-3-4-sleeves-and-dramatic-drape
2026-09-19,Kosher Casual,Flowing Midi Dress with 3/4 Sleeves and Dramatic Drape,X-Small,1647-AXS-OL,59.9,3,0,179.7,0,http://koshercasual.com/products/flowing-midi-dress-with-3-4-sleeves-and-dramatic-drape
2026-09-19,Kosher Casual,Flowing Midi Dress with 3/4 Sleeves and Dramatic Drape,Small,1647-AS-BK,59.9,8,0,479.2,0,http://koshercasual.com/products/flowing-midi-dress-with-3-4-sleeves-and-dramatic-drape
2026-09-19,Kosher Casual,Flowing Midi Dress with 3/4 Sleeves and Dramatic Drape,Small,1647-AS-DB,59.9,6,0,359.4,0,http://koshercasual.com/products/flowing-midi-dress-with-3-4-sleeves-and-dramatic-drape
2026-09-19,Kosher Casual,Womens Shell Top Long Sleeve,XX-Large,1259-AXXL-OL,23.9,1,0,23.9,0,http://koshercasual.com/products/womens-shell-top-long-sleeve-2216-second
2026-09-19,Kosher Casual,Womens Shell Top Long Sleeve,Medium,1259-AM-CB,23.9,1,0,23.9,3,http://koshercasual.com/products/womens-shell-top-long-sleeve-2216-second
2026-09-19,Kosher Casual,High-Neck Modest 3/4 Sleeve Swim Shirt with UV50 Protection,X-Small,1246-AXS-BK,31.92,4,0,127.68,-1,http://koshercasual.com/products/high-neck-modest-3-4-sleeve-swim-shirt-with-uv50-protection
2026-09-19,Kosher Casual,High-Neck Modest 3/4 Sleeve Swim Shirt with UV50 Protection,Large,1246-AL-PIN,31.92,4,0,127.68,0,http://koshercasual.com/products/high-neck-modest-3-4-sleeve-swim-shirt-with-uv50-protection
2026-09-19,Kosher Casual,High-Neck Modest 3/4 Sleeve Swim Shirt with UV50 Protection,Small,1246-AS-N,31.92,14,0,446.88,0,http://koshercasual.com/products/high-neck-modest-3-4-sleeve-swim-shirt-with-uv50-protection
2026-09-19,Kosher Casual,High-Neck Modest 3/4 Sleeve Swim Shirt with UV50 Protection,Large,1246-AL-PR,31.92,5,0,159.60000000000002,0,http://koshercasual.com/products/high-neck-modest-3-4-sleeve-swim-shirt-with-uv50-protection
2026-09-19,Kosher Casual,High-Neck Modest 3/4 Sleeve Swim Shirt with UV50 Protection,Small,1246-AS-DN,31.92,8,0,255.36,0,http://koshercasual.com/products/high-neck-modest-3-4-sleeve-swim-shirt-with-uv50-protection
2026-09-19,Kosher Casual,High-Neck Modest 3/4 Sleeve Swim Shirt with UV50 Protection,Medium,1246-AM-DN,31.92,4,0,127.68,0,http://koshercasual.com/products/high-neck-modest-3-4-sleeve-swim-shirt-with-uv50-protection
2026-09-19,Kosher Casual,High-Neck Modest 3/4 Sleeve Swim Shirt with UV50 Protection,Large,1246-AL-DN,31.92,9,0,287.28000000000003,0,http://koshercasual.com/products/high-neck-modest-3-4-sleeve-swim-shirt-with-uv50-protection
2026-09-19,Kosher Casual,High-Neck Modest 3/4 Sleeve Swim Shirt with UV50 Protection,Large,1246-AL-BK,31.92,6,0,191.52,0,http://koshercasual.com/products/high-neck-modest-3-4-sleeve-swim-shirt-with-uv50-protection
2026-09-19,Kosher Casual,Modest Crew Neck Layering Shell - Long Sleeve Comfort Layer,Small,1259-AS-DCH,23.9,1,0,23.9,0,http://koshercasual.com/products/womens-shell-top-long-sleeve
2026-09-19,Kosher Casual,Modest Crew Neck Layering Shell - Long Sleeve Comfort Layer,Medium,1259-AM-OF,23.9,1,0,23.9,1,http://koshercasual.com/products/womens-shell-top-long-sleeve
2026-09-19,Kosher Casual,Modest Crew Neck Layering Shell - Long Sleeve Comfort Layer,Large,1259-AL-JB,23.9,2,0,47.8,3,http://koshercasual.com/products/womens-shell-top-long-sleeve
2026-09-19,Kosher Casual,Modest Crew Neck Layering Shell - Long Sleeve Comfort Layer,Medium,1259-AM-SA,23.9,0,1,0.0,1,http://koshercasual.com/products/womens-shell-top-long-sleeve
2026-09-19,Kosher Casual,Modest Crew Neck Layering Shell - Long Sleeve Comfort Layer,X-Small,1259-AXS-AU,23.9,1,0,23.9,9,http://koshercasual.com/products/womens-shell-top-long-sleeve
2026-09-19,Kosher Casual,Modest Crew Neck Layering Shell - Long Sleeve Comfort Layer,X-Large,1259-AXL-NUD,23.9,1,0,23.9,0,http://koshercasual.com/products/womens-shell-top-long-sleeve
2026-09-19,Kosher Casual,Plus Size - Essential 3/4 Sleeve Modest Crew Neckline Shell - Versatile Layering Top,20,1258-20-BK,29.9,1,0,29.9,6,http://koshercasual.com/products/essential-3-4-sleeve-modest-crew-neckline-shell-versatile-layering-top-plus-size
2026-09-19,Kosher Casual,Plus Size - Essential 3/4 Sleeve Modest Crew Neckline Shell - Versatile Layering Top,18,1258-18-BG,29.9,3,0,89.69999999999999,7,http://koshercasual.com/products/essential-3-4-sleeve-modest-crew-neckline-shell-versatile-layering-top-plus-size
2026-09-19,Kosher Casual,Flowing A-Line Maxi Skirt - Stretch Comfort Waistband,Small,1468-AS-OL,44.9,8,0,359.2,4,http://koshercasual.com/products/flowing-a-line-maxi-skirt-stretch-comfort-waistband
2026-09-19,Kosher Casual,Flowing A-Line Maxi Skirt - Stretch Comfort Waistband,X-Small,1468-AXS-SBG,44.9,4,0,179.6,0,http://koshercasual.com/products/flowing-a-line-maxi-skirt-stretch-comfort-waistband
2026-09-19,Kosher Casual,Flowing A-Line Maxi Skirt - Stretch Comfort Waistband,Small,1468-AS-K,44.9,11,0,493.9,3,http://koshercasual.com/products/flowing-a-line-maxi-skirt-stretch-comfort-waistband
2026-09-19,Kosher Casual,Flowing A-Line Maxi Skirt - Stretch Comfort Waistband,Small,1468-AS-DN,44.9,5,0,224.5,1,http://koshercasual.com/products/flowing-a-line-maxi-skirt-stretch-comfort-waistband
2026-09-19,Kosher Casual,Flowing A-Line Maxi Skirt - Stretch Comfort Waistband,X-Small,1468-AXS-CH,44.9,3,0,134.7,0,http://koshercasual.com/products/flowing-a-line-maxi-skirt-stretch-comfort-waistband
2026-09-19,Kosher Casual,Flowing A-Line Maxi Skirt - Stretch Comfort Waistband,Small,1468-AS-CH,44.9,5,0,224.5,1,http://koshercasual.com/products/flowing-a-line-maxi-skirt-stretch-comfort-waistband
2026-09-19,Kosher Casual,Women's and Plus Size Stretch Maxi Pencil Skirt - Cotton Blend and No Slits,X-Small,1474-AXS-OSW,35.9,0,1,0.0,1,http://koshercasual.com/products/womens-and-plus-size-stretch-maxi-pencil-skirt-cotton-blend-and-no-slits
2026-09-19,Kosher Casual,Women's and Plus Size Stretch Maxi Pencil Skirt - Cotton Blend and No Slits,Small,1474-AS-PIS,35.9,5,0,179.5,3,http://koshercasual.com/products/womens-and-plus-size-stretch-maxi-pencil-skirt-cotton-blend-and-no-slits
2026-09-19,Kosher Casual,Women's and Plus Size Stretch Maxi Pencil Skirt - Cotton Blend and No Slits,Small,1474-AS-SGY,35.9,0,1,0.0,2,http://koshercasual.com/products/womens-and-plus-size-stretch-maxi-pencil-skirt-cotton-blend-and-no-slits
2026-09-19,Kosher Casual,Hi-Lo Flowing 3/4 Sleeve Modest Tunic Top,X-Small,1256-AXS-JB,41.9,8,0,335.2,0,http://koshercasual.com/products/hi-lo-flowing-3-4-sleeve-modest-tunic-top-4
2026-09-19,Kosher Casual,Hi-Lo Flowing 3/4 Sleeve Modest Tunic Top,Small,1256-AS-JB,41.9,4,0,167.6,0,http://koshercasual.com/products/hi-lo-flowing-3-4-sleeve-modest-tunic-top-4
2026-09-19,Kosher Casual,Hi-Lo Flowing 3/4 Sleeve Modest Tunic Top,X-Small,1256-AXS-BG,41.9,5,0,209.5,0,http://koshercasual.com/products/hi-lo-flowing-3-4-sleeve-modest-tunic-top-4
2026-09-19,Kosher Casual,Hi-Lo Flowing 3/4 Sleeve Modest Tunic Top,X-Large,1256-AXL-BG,41.9,12,0,502.79999999999995,0,http://koshercasual.com/products/hi-lo-flowing-3-4-sleeve-modest-tunic-top-4
2026-09-19,Kosher Casual,Hi-Lo Flowing 3/4 Sleeve Modest Tunic Top,XX-Large,1256-AXXL-BG,41.9,4,0,167.6,1,http://koshercasual.com/products/hi-lo-flowing-3-4-sleeve-modest-tunic-top-4
2026-09-19,Kosher Casual,Hi-Lo Flowing 3/4 Sleeve Modest Tunic Top,X-Small,1256-AXS-W,41.9,3,0,125.69999999999999,0,http://koshercasual.com/products/hi-lo-flowing-3-4-sleeve-modest-tunic-top-4
2026-09-19,Kosher Casual,Hi-Lo Flowing 3/4 Sleeve Modest Tunic Top,X-Large,1256-AXL-W,41.9,9,0,377.09999999999997,0,http://koshercasual.com/products/hi-lo-flowing-3-4-sleeve-modest-tunic-top-4
2026-09-19,Kosher Casual,Hi-Lo Flowing 3/4 Sleeve Modest Tunic Top,X-Small,1256-AXS-WLT,41.9,7,0,293.3,0,http://koshercasual.com/products/hi-lo-flowing-3-4-sleeve-modest-tunic-top-4
2026-09-19,Kosher Casual,Hi-Lo Flowing 3/4 Sleeve Modest Tunic Top,Small,1256-AS-WLT,41.9,3,0,125.69999999999999,0,http://koshercasual.com/products/hi-lo-flowing-3-4-sleeve-modest-tunic-top-4
2026-09-19,Kosher Casual,Hi-Lo Flowing 3/4 Sleeve Modest Tunic Top,X-Large,1256-AXL-WLT,41.9,3,0,125.69999999999999,0,http://koshercasual.com/products/hi-lo-flowing-3-4-sleeve-modest-tunic-top-4
2026-09-19,Kosher Casual,Hi-Lo Flowing 3/4 Sleeve Modest Tunic Top,X-Small,1256-AXS-BK,41.9,10,0,419.0,0,http://koshercasual.com/products/hi-lo-flowing-3-4-sleeve-modest-tunic-top-4
2026-09-19,Kosher Casual,Hi-Lo Flowing 3/4 Sleeve Modest Tunic Top,Small,1256-AS-BK,41.9,6,0,251.39999999999998,0,http://koshercasual.com/products/hi-lo-flowing-3-4-sleeve-modest-tunic-top-4
2026-09-19,Kosher Casual,Hi-Lo Flowing 3/4 Sleeve Modest Tunic Top,X-Small,1256-AXS-OL,41.9,4,0,167.6,0,http://koshercasual.com/products/hi-lo-flowing-3-4-sleeve-modest-tunic-top-4
2026-09-19,Kosher Casual,Hi-Lo Flowing 3/4 Sleeve Modest Tunic Top,Small,1256-AS-OL,41.9,6,0,251.39999999999998,0,http://koshercasual.com/products/hi-lo-flowing-3-4-sleeve-modest-tunic-top-4
2026-09-19,Kosher Casual,Women's and Plus Size Stretch Maxi Pencil Skirt - Cotton Blend and No Slits,22,1474-22-AU,39.9,2,0,79.8,2,http://koshercasual.com/products/womens-and-plus-size-stretch-maxi-pencil-skirt-cotton-blend-and-no-slits-1
2026-09-19,Kosher Casual,Women's and Plus Size Stretch Maxi Pencil Skirt - Cotton Blend and No Slits,20,1474-20-BK,39.9,19,0,758.1,9,http://koshercasual.com/products/womens-and-plus-size-stretch-maxi-pencil-skirt-cotton-blend-and-no-slits-1
2026-09-19,Kosher Casual,Women's and Plus Size Stretch Maxi Pencil Skirt - Cotton Blend and No Slits,24,1474-24-BK,39.9,11,0,438.9,1,http://koshercasual.com/products/womens-and-plus-size-stretch-maxi-pencil-skirt-cotton-blend-and-no-slits-1
2026-09-19,Kosher Casual,Women's and Plus Size Stretch Maxi Pencil Skirt - Cotton Blend and No Slits,24,1474-24-N,39.9,2,0,79.8,1,http://koshercasual.com/products/womens-and-plus-size-stretch-maxi-pencil-skirt-cotton-blend-and-no-slits-1
2026-09-19,Kosher Casual,Sleevies 3/4 Sleeve Extenders,X-Small,1614-XS-BK,11.9,2,0,23.8,1,http://koshercasual.com/products/sleevies-sleeve-extenders
2026-09-19,Kosher Casual,Sleevies 3/4 Sleeve Extenders,X-Small,1614-XS-OF,11.9,3,0,35.7,11,http://koshercasual.com/products/sleevies-sleeve-extenders
2026-09-19,Kosher Casual,Sleevies 3/4 Sleeve Extenders,Small,1614-S-BK,11.9,0,1,0.0,1,http://koshercasual.com/products/sleevies-sleeve-extenders
2026-09-19,Kosher Casual,Modest TeeNeck™ Crew Collar  Layering Cleavage Cover Solution-Accessory,One Size,1617-OS-OL,13.9,1,0,13.9,18,http://koshercasual.com/products/modest-teeneck-crew-collar-layering-cleavage-cover-solution-accessory
2026-09-19,Kosher Casual,Silky Classic Maxi Length Modest Stretch Pencil Skirt,Medium,1445-AM-N,44.9,4,0,179.6,0,http://koshercasual.com/products/classic-maxi-length-modest-stretch-pencil-skirt-with-subtle-sheen
2026-09-19,Kosher Casual,Silky Classic Maxi Length Modest Stretch Pencil Skirt,X-Large,1445-AXL-N,44.9,4,0,179.6,0,http://koshercasual.com/products/classic-maxi-length-modest-stretch-pencil-skirt-with-subtle-sheen
2026-09-19,Kosher Casual,Silky Classic Maxi Length Modest Stretch Pencil Skirt,X-Small,1445-AXS-DN,44.9,5,0,224.5,0,http://koshercasual.com/products/classic-maxi-length-modest-stretch-pencil-skirt-with-subtle-sheen
2026-09-19,Kosher Casual,Silky Classic Maxi Length Modest Stretch Pencil Skirt,Small,1445-AS-DN,44.9,3,0,134.7,0,http://koshercasual.com/products/classic-maxi-length-modest-stretch-pencil-skirt-with-subtle-sheen
2026-09-19,Kosher Casual,Silky Classic Maxi Length Modest Stretch Pencil Skirt,Medium,1445-AM-DN,44.9,5,0,224.5,0,http://koshercasual.com/products/classic-maxi-length-modest-stretch-pencil-skirt-with-subtle-sheen
2026-09-19,Kosher Casual,Silky Classic Maxi Length Modest Stretch Pencil Skirt,X-Small,1445-AXS-BK,44.9,3,0,134.7,1,http://koshercasual.com/products/classic-maxi-length-modest-stretch-pencil-skirt-with-subtle-sheen
2026-09-19,Kosher Casual,Modest Neck Cropped Layering - Cotton Spandex 3/4 Sleeve Shell Top,XX-Large,1622-AXXL-OF,23.9,1,0,23.9,0,http://koshercasual.com/products/cropped-3-4-sleeve-shell-top-for-women
2026-09-19,Kosher Casual,Modest Neck Cropped Layering - Cotton Spandex 3/4 Sleeve Shell Top,Medium,1622-AM-N,23.9,3,0,71.69999999999999,1,http://koshercasual.com/products/cropped-3-4-sleeve-shell-top-for-women
2026-09-19,Kosher Casual,Modest Neck Cropped Layering - Cotton Spandex 3/4 Sleeve Shell Top,X-Small,1622-AXS-W,23.9,0,1,0.0,1,http://koshercasual.com/products/cropped-3-4-sleeve-shell-top-for-women
2026-09-19,Kosher Casual,Modest Neck Cropped Layering - Cotton Spandex 3/4 Sleeve Shell Top,Small,1622-AS-W,23.9,3,0,71.69999999999999,4,http://koshercasual.com/products/cropped-3-4-sleeve-shell-top-for-women
2026-09-19,Kosher Casual,Modest Neck Cropped Layering - Cotton Spandex 3/4 Sleeve Shell Top,Medium,1622-AM-W,23.9,3,0,71.69999999999999,2,http://koshercasual.com/products/cropped-3-4-sleeve-shell-top-for-women
2026-09-19,Kosher Casual,Modest Neck Cropped Layering - Cotton Spandex 3/4 Sleeve Shell Top,Large,1622-AL-W,23.9,1,0,23.9,6,http://koshercasual.com/products/cropped-3-4-sleeve-shell-top-for-women
2026-09-19,Kosher Casual,Modest Neck Cropped Layering - Cotton Spandex 3/4 Sleeve Shell Top,X-Large,1622-AXL-W,23.9,3,0,71.69999999999999,6,http://koshercasual.com/products/cropped-3-4-sleeve-shell-top-for-women
2026-09-19,Kosher Casual,Modest Neck Cropped Layering - Cotton Spandex 3/4 Sleeve Shell Top,XX-Large,1622-AXXL-W,23.9,2,0,47.8,2,http://koshercasual.com/products/cropped-3-4-sleeve-shell-top-for-women
2026-09-19,Kosher Casual,Modest Neck Cropped Layering - Cotton Spandex 3/4 Sleeve Shell Top,X-Small,1622-AXS-G,23.9,3,0,71.69999999999999,9,http://koshercasual.com/products/cropped-3-4-sleeve-shell-top-for-women
2026-09-19,Kosher Casual,Modest Neck Cropped Layering - Cotton Spandex 3/4 Sleeve Shell Top,XX-Large,1622-AXXL-G,23.9,1,0,23.9,0,http://koshercasual.com/products/cropped-3-4-sleeve-shell-top-for-women
2026-09-19,Kosher Casual,Modest Neck Cropped Layering - Cotton Spandex 3/4 Sleeve Shell Top,Small,1622-AS-BG,23.9,1,0,23.9,5,http://koshercasual.com/products/cropped-3-4-sleeve-shell-top-for-women
2026-09-19,Kosher Casual,Modest Neck Cropped Layering - Cotton Spandex 3/4 Sleeve Shell Top,X-Large,1622-AXL-BG,23.9,0,1,0.0,1,http://koshercasual.com/products/cropped-3-4-sleeve-shell-top-for-women
2026-09-19,Kosher Casual,Modest Neck Cropped Layering - Cotton Spandex 3/4 Sleeve Shell Top,XX-Large,1622-AXXL-BG,23.9,2,0,47.8,0,http://koshercasual.com/products/cropped-3-4-sleeve-shell-top-for-women
2026-09-19,Kosher Casual,Modest Neck Cropped Layering - Cotton Spandex 3/4 Sleeve Shell Top,Medium,1622-AM-DN,23.9,2,0,47.8,0,http://koshercasual.com/products/cropped-3-4-sleeve-shell-top-for-women
2026-09-19,Kosher Casual,Modest Neck Cropped Layering - Cotton Spandex 3/4 Sleeve Shell Top,Small,1622-AS-DCH,23.9,10,0,239.0,8,http://koshercasual.com/products/cropped-3-4-sleeve-shell-top-for-women
2026-09-19,Kosher Casual,Modest Neck Cropped Layering - Cotton Spandex 3/4 Sleeve Shell Top,Large,1622-AL-DCH,23.9,3,0,71.69999999999999,1,http://koshercasual.com/products/cropped-3-4-sleeve-shell-top-for-women
2026-09-19,Kosher Casual,Modest Neck Cropped Layering - Cotton Spandex 3/4 Sleeve Shell Top,X-Large,1622-AXL-DCH,23.9,1,0,23.9,1,http://koshercasual.com/products/cropped-3-4-sleeve-shell-top-for-women
2026-09-19,Kosher Casual,Modest Neck Cropped Layering - Cotton Spandex 3/4 Sleeve Shell Top,Medium,1622-AM-BK,23.9,0,1,0.0,6,http://koshercasual.com/products/cropped-3-4-sleeve-shell-top-for-women
2026-09-19,Kosher Casual,Modest Neck Cropped Layering - Cotton Spandex 3/4 Sleeve Shell Top,Large,1622-AL-BK,23.9,0,3,0.0,3,http://koshercasual.com/products/cropped-3-4-sleeve-shell-top-for-women
2026-09-19,Kosher Casual,Modest Neck Cropped Layering - Cotton Spandex 3/4 Sleeve Shell Top,X-Large,1622-AXL-BK,23.9,2,0,47.8,1,http://koshercasual.com/products/cropped-3-4-sleeve-shell-top-for-women
2026-09-19,Kosher Casual,Modest Neck Cropped Layering - Cotton Spandex 3/4 Sleeve Shell Top,XX-Large,1622-AXXL-BK,23.9,4,0,95.6,2,http://koshercasual.com/products/cropped-3-4-sleeve-shell-top-for-women
2026-09-19,Kosher Casual,Girls Sleek A-Line Maxi Skirt with Adjustable Waist,Medium,1430-M-BK,39.9,12,0,478.79999999999995,1,http://koshercasual.com/products/girls-sleek-a-line-maxi-skirt-with-adjustable-waist
2026-09-19,Kosher Casual,Essential Round-Neck Layering Top - Long Sleeve,X-Small,1223-AXS-BG,23.9,9,0,215.1,0,http://koshercasual.com/products/essential-round-neck-layering-top-long-sleeve
2026-09-19,Kosher Casual,Essential Round-Neck Layering Top - Long Sleeve,Small,1223-AS-BG,23.9,8,0,191.2,0,http://koshercasual.com/products/essential-round-neck-layering-top-long-sleeve
2026-09-19,Kosher Casual,Essential Round-Neck Layering Top - Long Sleeve,X-Large,1223-AXL-BG,23.9,3,0,71.69999999999999,1,http://koshercasual.com/products/essential-round-neck-layering-top-long-sleeve
2026-09-19,Kosher Casual,Essential Round-Neck Layering Top - Long Sleeve,XX-Large,1223-AXXL-BG,23.9,3,0,71.69999999999999,0,http://koshercasual.com/products/essential-round-neck-layering-top-long-sleeve
2026-09-19,Kosher Casual,Essential Round-Neck Layering Top - Long Sleeve,Small,1223-AS-OL,23.9,5,0,119.5,0,http://koshercasual.com/products/essential-round-neck-layering-top-long-sleeve
2026-09-19,Kosher Casual,Essential Round-Neck Layering Top - Long Sleeve,Medium,1223-AM-OL,23.9,4,0,95.6,0,http://koshercasual.com/products/essential-round-neck-layering-top-long-sleeve
2026-09-19,Kosher Casual,Essential Round-Neck Layering Top - Long Sleeve,X-Large,1223-AXL-OL,23.9,5,0,119.5,0,http://koshercasual.com/products/essential-round-neck-layering-top-long-sleeve
2026-09-19,Kosher Casual,Essential Round-Neck Layering Top - Long Sleeve,Small,1223-AS-TLG,23.9,9,0,215.1,0,http://koshercasual.com/products/essential-round-neck-layering-top-long-sleeve
2026-09-19,Kosher Casual,Essential Round-Neck Layering Top - Long Sleeve,Medium,1223-AM-TLG,23.9,5,0,119.5,0,http://koshercasual.com/products/essential-round-neck-layering-top-long-sleeve
2026-09-19,Kosher Casual,Essential Round-Neck Layering Top - Long Sleeve,X-Large,1223-AXL-TLG,23.9,8,0,191.2,0,http://koshercasual.com/products/essential-round-neck-layering-top-long-sleeve
2026-09-19,Kosher Casual,Essential Round-Neck Layering Top - Long Sleeve,X-Small,1223-AXS-OF,23.9,9,0,215.1,0,http://koshercasual.com/products/essential-round-neck-layering-top-long-sleeve
2026-09-19,Kosher Casual,Essential Round-Neck Layering Top - Long Sleeve,Small,1223-AS-OF,23.9,5,0,119.5,0,http://koshercasual.com/products/essential-round-neck-layering-top-long-sleeve
2026-09-19,Kosher Casual,Essential Round-Neck Layering Top - Long Sleeve,Large,1223-AL-OF,23.9,9,0,215.1,1,http://koshercasual.com/products/essential-round-neck-layering-top-long-sleeve
2026-09-19,Kosher Casual,Essential Round-Neck Layering Top - Long Sleeve,X-Large,1223-AXL-OF,23.9,3,0,71.69999999999999,0,http://koshercasual.com/products/essential-round-neck-layering-top-long-sleeve
2026-09-19,Kosher Casual,Essential Round-Neck Layering Top - Long Sleeve,XX-Large,1223-AXXL-OF,23.9,12,0,286.79999999999995,0,http://koshercasual.com/products/essential-round-neck-layering-top-long-sleeve
2026-09-19,Kosher Casual,Essential Round-Neck Layering Top - Long Sleeve,X-Small,1223-AXS-TP,23.9,3,0,71.69999999999999,0,http://koshercasual.com/products/essential-round-neck-layering-top-long-sleeve
2026-09-19,Kosher Casual,Essential Round-Neck Layering Top - Long Sleeve,X-Small,1223-AXS-DN,23.9,5,0,119.5,0,http://koshercasual.com/products/essential-round-neck-layering-top-long-sleeve
2026-09-19,Kosher Casual,Essential Round-Neck Layering Top - Long Sleeve,X-Large,1223-AXL-DN,23.9,4,0,95.6,0,http://koshercasual.com/products/essential-round-neck-layering-top-long-sleeve
2026-09-19,Kosher Casual,Essential Round-Neck Layering Top - Long Sleeve,XX-Large,1223-AXXL-DN,23.9,5,0,119.5,0,http://koshercasual.com/products/essential-round-neck-layering-top-long-sleeve
2026-09-19,Kosher Casual,Essential Round-Neck Layering Top - Long Sleeve,Small,1223-AS-DMO,23.9,3,0,71.69999999999999,0,http://koshercasual.com/products/essential-round-neck-layering-top-long-sleeve
2026-09-19,Kosher Casual,Essential Round-Neck Layering Top - Long Sleeve,Large,1223-AL-DMO,23.9,3,0,71.69999999999999,0,http://koshercasual.com/products/essential-round-neck-layering-top-long-sleeve
2026-09-19,Kosher Casual,Essential Round-Neck Layering Top - Long Sleeve,X-Large,1223-AXL-DMO,23.9,4,0,95.6,0,http://koshercasual.com/products/essential-round-neck-layering-top-long-sleeve
2026-09-19,Kosher Casual,"Modest Knee Length Swim, and Sports Skirt with UPF 50+ UV protection",X-Small,1439-AXS-N,25.52,4,0,102.08,0,http://koshercasual.com/products/modest-knee-length-swim-and-sports-skirt-with-upf-50-uv-protection
2026-09-19,Kosher Casual,"Modest Knee Length Swim, and Sports Skirt with UPF 50+ UV protection",Small,1439-AS-N,25.52,12,0,306.24,0,http://koshercasual.com/products/modest-knee-length-swim-and-sports-skirt-with-upf-50-uv-protection
2026-09-19,Kosher Casual,Sporty A-Line Cotton Spandex French Terry Skirt – Knee Length,Small,1443-AS-G,31.9,6,0,191.39999999999998,0,http://koshercasual.com/products/sporty-a-line-cotton-spandex-french-terry-skirt-knee-length
2026-09-19,Kosher Casual,Sporty A-Line Cotton Spandex French Terry Skirt – Knee Length,Large,1443-AL-G,31.9,3,0,95.69999999999999,0,http://koshercasual.com/products/sporty-a-line-cotton-spandex-french-terry-skirt-knee-length
2026-09-19,Kosher Casual,Sporty A-Line Cotton Spandex French Terry Skirt – Knee Length,Small,1443-AS-LO,31.9,6,0,191.39999999999998,0,http://koshercasual.com/products/sporty-a-line-cotton-spandex-french-terry-skirt-knee-length
2026-09-19,Kosher Casual,Sporty A-Line Cotton Spandex French Terry Skirt – Knee Length,Medium,1443-AM-LO,31.9,3,0,95.69999999999999,0,http://koshercasual.com/products/sporty-a-line-cotton-spandex-french-terry-skirt-knee-length
2026-09-19,Kosher Casual,Dressy Modest Stretch Pencil Skirt with Subtle Sheen,X-Small,1457-AXS-N,31.9,3,0,95.69999999999999,0,http://koshercasual.com/products/dressy-modest-stretch-pencil-skirt-with-subtle-shee
2026-09-19,Kosher Casual,Dressy Modest Stretch Pencil Skirt with Subtle Sheen,Small,1457-AS-N,31.9,9,0,287.09999999999997,0,http://koshercasual.com/products/dressy-modest-stretch-pencil-skirt-with-subtle-shee
2026-09-19,Kosher Casual,Dressy Modest Stretch Pencil Skirt with Subtle Sheen,X-Large,1457-AXL-OL,31.9,3,0,95.69999999999999,0,http://koshercasual.com/products/dressy-modest-stretch-pencil-skirt-with-subtle-shee
2026-09-19,Kosher Casual,Dressy Modest Stretch Pencil Skirt with Subtle Sheen,Small,1457-AS-BK,31.9,3,0,95.69999999999999,0,http://koshercasual.com/products/dressy-modest-stretch-pencil-skirt-with-subtle-shee
2026-09-19,Kosher Casual,Girls Swim and Sports Skirt with Attached Leggings - UPF 50 Protection,Large,1440-L-BK,39.9,10,0,399.0,0,http://koshercasual.com/products/girls-swim-and-sports-skirt-with-attached-leggings-upf-50-protection
2026-09-19,Kosher Casual,Hippies Waist Coverage Band - Seamless Layering Solution for Style & Comfort,Large,1626-AL-OL,14.9,1,0,14.9,0,http://koshercasual.com/products/hippies-waist-coverage-band-seamless-layering-solution-for-style-comfort
2026-09-19,Kosher Casual,Hippies Waist Coverage Band - Seamless Layering Solution for Style & Comfort,Small/Medium,1626-AS/AM-BK,14.9,17,0,253.3,0,http://koshercasual.com/products/hippies-waist-coverage-band-seamless-layering-solution-for-style-comfort
2026-09-19,Kosher Casual,Hippies Waist Coverage Band - Seamless Layering Solution for Style & Comfort,Large,1626-AL-BK,14.9,33,0,491.7,0,http://koshercasual.com/products/hippies-waist-coverage-band-seamless-layering-solution-for-style-comfort
2026-09-19,Kosher Casual,Hippies Waist Coverage Band - Seamless Layering Solution for Style & Comfort,X-Large,1626-AXL-BK,14.9,31,0,461.90000000000003,4,http://koshercasual.com/products/hippies-waist-coverage-band-seamless-layering-solution-for-style-comfort
2026-09-19,Kosher Casual,Hippies Waist Coverage Band - Seamless Layering Solution for Style & Comfort,XX-Large,1626-AXXL-BK,14.9,39,0,581.1,54,http://koshercasual.com/products/hippies-waist-coverage-band-seamless-layering-solution-for-style-comfort
2026-09-19,Kosher Casual,Hippies Waist Coverage Band - Seamless Layering Solution for Style & Comfort,Large,1626-AL-W,14.9,3,0,44.7,0,http://koshercasual.com/products/hippies-waist-coverage-band-seamless-layering-solution-for-style-comfort
2026-09-19,Kosher Casual,Hippies Waist Coverage Band - Seamless Layering Solution for Style & Comfort,XX-Large,1626-AXXL-W,14.9,1,0,14.9,1,http://koshercasual.com/products/hippies-waist-coverage-band-seamless-layering-solution-for-style-comfort
2026-09-19,Kosher Casual,Hippies Waist Coverage Band - Seamless Layering Solution for Style & Comfort,X-Large,1626-AXL-FOR,14.9,0,1,0.0,20,http://koshercasual.com/products/hippies-waist-coverage-band-seamless-layering-solution-for-style-comfort
2026-09-19,Kosher Casual,Girls A-Line Midi Skirt with Adjustable Fold-Over Waist,X-Small,1464-XS-DCH,29.9,3,0,89.69999999999999,0,http://koshercasual.com/products/girls-a-line-midi-skirt-with-adjustable-fold-over-waist
2026-09-19,Kosher Casual,Girls A-Line Midi Skirt with Adjustable Fold-Over Waist,Small,1464-S-DCH,29.9,12,0,358.79999999999995,0,http://koshercasual.com/products/girls-a-line-midi-skirt-with-adjustable-fold-over-waist
2026-09-19,Kosher Casual,Girls A-Line Midi Skirt with Adjustable Fold-Over Waist,X-Small,1464-XS-BK,29.9,4,0,119.6,0,http://koshercasual.com/products/girls-a-line-midi-skirt-with-adjustable-fold-over-waist
2026-09-19,Kosher Casual,Girls A-Line Midi Skirt with Adjustable Fold-Over Waist,Small,1464-S-BK,29.9,30,0,897.0,0,http://koshercasual.com/products/girls-a-line-midi-skirt-with-adjustable-fold-over-waist
2026-09-19,Kosher Casual,Girls A-Line Midi Skirt with Adjustable Fold-Over Waist,Medium,1464-M-BK,29.9,12,0,358.79999999999995,0,http://koshercasual.com/products/girls-a-line-midi-skirt-with-adjustable-fold-over-waist
2026-09-19,Kosher Casual,Girls A-Line Midi Skirt with Adjustable Fold-Over Waist,X-Large,1464-XL-BK,29.9,4,0,119.6,0,http://koshercasual.com/products/girls-a-line-midi-skirt-with-adjustable-fold-over-waist
2026-09-19,Kosher Casual,Girls A-Line Midi Skirt with Adjustable Fold-Over Waist,X-Small,1464-XS-BG,29.9,4,0,119.6,0,http://koshercasual.com/products/girls-a-line-midi-skirt-with-adjustable-fold-over-waist
2026-09-19,Kosher Casual,Girls A-Line Midi Skirt with Adjustable Fold-Over Waist,X-Small,1464-XS-INY,29.9,3,0,89.69999999999999,0,http://koshercasual.com/products/girls-a-line-midi-skirt-with-adjustable-fold-over-waist
2026-09-19,Kosher Casual,Girls A-Line Midi Skirt with Adjustable Fold-Over Waist,Medium,1464-M-DN,29.9,5,0,149.5,0,http://koshercasual.com/products/girls-a-line-midi-skirt-with-adjustable-fold-over-waist
2026-09-19,Kosher Casual,Sleek A-Line Adjustable Waist Midi Skirt with Fold-Over Waistband,X-Small,1464-AXS-N,34.9,3,0,104.69999999999999,0,http://koshercasual.com/products/sleek-a-line-adjustable-waist-midi-skirt-with-fold-over-waistband
2026-09-19,Kosher Casual,Sleek A-Line Adjustable Waist Midi Skirt with Fold-Over Waistband,Large,1464-AL-N,34.9,3,0,104.69999999999999,0,http://koshercasual.com/products/sleek-a-line-adjustable-waist-midi-skirt-with-fold-over-waistband
2026-09-19,Kosher Casual,Sleek A-Line Adjustable Waist Midi Skirt with Fold-Over Waistband,Small,1464-AS-DCH,34.9,4,0,139.6,0,http://koshercasual.com/products/sleek-a-line-adjustable-waist-midi-skirt-with-fold-over-waistband
2026-09-19,Kosher Casual,Sleek A-Line Adjustable Waist Midi Skirt with Fold-Over Waistband,X-Small,1464-AXS-INY,34.9,3,0,104.69999999999999,0,http://koshercasual.com/products/sleek-a-line-adjustable-waist-midi-skirt-with-fold-over-waistband
2026-09-19,Kosher Casual,Sleek A-Line Adjustable Waist Midi Skirt with Fold-Over Waistband,Small,1464-AS-INY,34.9,3,0,104.69999999999999,0,http://koshercasual.com/products/sleek-a-line-adjustable-waist-midi-skirt-with-fold-over-waistband
2026-09-19,Kosher Casual,Sleek A-Line Adjustable Waist Midi Skirt with Fold-Over Waistband,Medium,1464-AM-INY,34.9,4,0,139.6,0,http://koshercasual.com/products/sleek-a-line-adjustable-waist-midi-skirt-with-fold-over-waistband
2026-09-19,Kosher Casual,Sleek A-Line Adjustable Waist Midi Skirt with Fold-Over Waistband,Medium,1464-AM-BG,34.9,0,1,0.0,1,http://koshercasual.com/products/sleek-a-line-adjustable-waist-midi-skirt-with-fold-over-waistband
2026-09-19,Kosher Casual,Sleek A-Line Adjustable Waist Midi Skirt with Fold-Over Waistband,Large,1464-AL-BG,34.9,5,0,174.5,0,http://koshercasual.com/products/sleek-a-line-adjustable-waist-midi-skirt-with-fold-over-waistband
2026-09-19,Kosher Casual,Sleek A-Line Adjustable Waist Midi Skirt with Fold-Over Waistband,X-Large,1464-AXL-BG,34.9,14,0,488.59999999999997,0,http://koshercasual.com/products/sleek-a-line-adjustable-waist-midi-skirt-with-fold-over-waistband
2026-09-19,Kosher Casual,Sleek A-Line Adjustable Waist Midi Skirt with Fold-Over Waistband,Small,1464-AS-BK,34.9,9,0,314.09999999999997,0,http://koshercasual.com/products/sleek-a-line-adjustable-waist-midi-skirt-with-fold-over-waistband
2026-09-19,Kosher Casual,Sleek A-Line Adjustable Waist Midi Skirt with Fold-Over Waistband,Medium,1464-AM-BK,34.9,8,0,279.2,0,http://koshercasual.com/products/sleek-a-line-adjustable-waist-midi-skirt-with-fold-over-waistband
2026-09-19,Kosher Casual,Sleek A-Line Adjustable Waist Midi Skirt with Fold-Over Waistband,Large,1464-AL-BK,34.9,13,0,453.7,0,http://koshercasual.com/products/sleek-a-line-adjustable-waist-midi-skirt-with-fold-over-waistband
2026-09-19,Kosher Casual,Sleek A-Line Adjustable Waist Midi Skirt with Fold-Over Waistband,X-Large,1464-AXL-BK,34.9,15,0,523.5,0,http://koshercasual.com/products/sleek-a-line-adjustable-waist-midi-skirt-with-fold-over-waistband
2026-09-19,Kosher Casual,Sleek A-Line Adjustable Waist Midi Skirt with Fold-Over Waistband,X-Small,1464-AXS-DN,34.9,3,0,104.69999999999999,0,http://koshercasual.com/products/sleek-a-line-adjustable-waist-midi-skirt-with-fold-over-waistband
2026-09-19,Kosher Casual,Sleek A-Line Adjustable Waist Midi Skirt with Fold-Over Waistband,XX-Large,1464-AXXL-BK,34.9,19,0,663.1,5,http://koshercasual.com/products/sleek-a-line-adjustable-waist-midi-skirt-with-fold-over-waistband
2026-09-19,Kosher Casual,Girls' Modest Crew Neck Shell (Ages 5-12) - Sleeveless Layering Essential,Small,1257-S-BK,16.9,14,0,236.59999999999997,0,http://koshercasual.com/products/girls-modest-crew-neck-shell-ages-5-12-sleeveless-layering-essential
2026-09-19,Kosher Casual,Girls' Modest Crew Neck Shell (Ages 5-12) - Sleeveless Layering Essential,Medium,1257-M-BK,16.9,5,0,84.5,0,http://koshercasual.com/products/girls-modest-crew-neck-shell-ages-5-12-sleeveless-layering-essential
2026-09-19,Kosher Casual,Girls' Modest Crew Neck Shell (Ages 5-12) - Sleeveless Layering Essential,Medium,1257-M-OF,16.9,6,0,101.39999999999999,0,http://koshercasual.com/products/girls-modest-crew-neck-shell-ages-5-12-sleeveless-layering-essential
2026-09-19,Kosher Casual,Girls' Modest Crew Neck Shell (Ages 5-12) - Sleeveless Layering Essential,Large,1257-L-OF,16.9,8,0,135.2,0,http://koshercasual.com/products/girls-modest-crew-neck-shell-ages-5-12-sleeveless-layering-essential
2026-09-19,Kosher Casual,Women's Flowing Long Maxi Skirt with Pockets - Full Covered Elastic Waist,Small,1465-AS-DOL,44.9,4,0,179.6,0,http://koshercasual.com/products/womens-flowing-long-maxi-skirt-with-pockets-full-covered-elastic-waist
2026-09-19,Kosher Casual,Women's Flowing Long Maxi Skirt with Pockets - Full Covered Elastic Waist,X-Small,1465-AXS-AU,44.9,3,0,134.7,4,http://koshercasual.com/products/womens-flowing-long-maxi-skirt-with-pockets-full-covered-elastic-waist
2026-09-19,Kosher Casual,Women's Flowing Long Maxi Skirt with Pockets - Full Covered Elastic Waist,Small,1465-AS-AU,44.9,6,0,269.4,0,http://koshercasual.com/products/womens-flowing-long-maxi-skirt-with-pockets-full-covered-elastic-waist
2026-09-19,Kosher Casual,Women's Flowing Long Maxi Skirt with Pockets - Full Covered Elastic Waist,Medium,1465-AM-AU,44.9,1,0,44.9,0,http://koshercasual.com/products/womens-flowing-long-maxi-skirt-with-pockets-full-covered-elastic-waist
2026-09-19,Kosher Casual,Women's Flowing Long Maxi Skirt with Pockets - Full Covered Elastic Waist,X-Large,1465-AXL-AU,44.9,1,0,44.9,1,http://koshercasual.com/products/womens-flowing-long-maxi-skirt-with-pockets-full-covered-elastic-waist
2026-09-19,Kosher Casual,Women's Flowing Long Maxi Skirt with Pockets - Full Covered Elastic Waist,Small,1465-AS-DN,44.9,3,0,134.7,0,http://koshercasual.com/products/womens-flowing-long-maxi-skirt-with-pockets-full-covered-elastic-waist
2026-09-19,Kosher Casual,Women's Flowing Long Maxi Skirt with Pockets - Full Covered Elastic Waist,Small,1465-AS-N,44.9,6,0,269.4,0,http://koshercasual.com/products/womens-flowing-long-maxi-skirt-with-pockets-full-covered-elastic-waist
2026-09-19,Kosher Casual,Modest Layering Dress with 3/4 Sleeves and No Slits,Small,1629-AS-DN,34.9,3,0,104.69999999999999,8,http://koshercasual.com/products/modest-layering-dress-with-3-4-sleeves-and-no-slits
2026-09-19,Kosher Casual,Modest Layering Dress with 3/4 Sleeves and No Slits,XX-Large,1629-AXXL-BG,34.9,1,0,34.9,0,http://koshercasual.com/products/modest-layering-dress-with-3-4-sleeves-and-no-slits
2026-09-19,Kosher Casual,Modest Layering Dress with 3/4 Sleeves and No Slits,Large,1629-AL-OL,34.9,0,1,0.0,1,http://koshercasual.com/products/modest-layering-dress-with-3-4-sleeves-and-no-slits
2026-09-19,Kosher Casual,Modest Layering Dress with 3/4 Sleeves and No Slits,X-Small,1629-AXS-W,34.9,2,0,69.8,1,http://koshercasual.com/products/modest-layering-dress-with-3-4-sleeves-and-no-slits
2026-09-19,Kosher Casual,Modest Layering Dress with 3/4 Sleeves and No Slits,X-Large,1629-AXL-W,34.9,1,0,34.9,1,http://koshercasual.com/products/modest-layering-dress-with-3-4-sleeves-and-no-slits
2026-09-19,Kosher Casual,Modest Layering Dress with 3/4 Sleeves and No Slits,XX-Large,1629-AXXL-W,34.9,1,0,34.9,1,http://koshercasual.com/products/modest-layering-dress-with-3-4-sleeves-and-no-slits
2026-09-19,Kosher Casual,Modest Layering Dress with 3/4 Sleeves and No Slits,X-Large,1629-AXL-ALM,34.9,0,1,0.0,1,http://koshercasual.com/products/modest-layering-dress-with-3-4-sleeves-and-no-slits
2026-09-19,Kosher Casual,Modest Layering Dress with 3/4 Sleeves and No Slits,Large,1629-AL-N,34.9,1,0,34.9,0,http://koshercasual.com/products/modest-layering-dress-with-3-4-sleeves-and-no-slits
2026-09-19,Kosher Casual,Modest Layering Dress with 3/4 Sleeves and No Slits,Medium,1629-AM-OF,34.9,1,0,34.9,0,http://koshercasual.com/products/modest-layering-dress-with-3-4-sleeves-and-no-slits
2026-09-19,Kosher Casual,Modest Layering Dress with 3/4 Sleeves and No Slits,Large,1629-AL-BK,34.9,1,0,34.9,1,http://koshercasual.com/products/modest-layering-dress-with-3-4-sleeves-and-no-slits
2026-09-19,Kosher Casual,Modest Layering Dress with 3/4 Sleeves and No Slits,X-Large,1629-AXL-BK,34.9,1,0,34.9,2,http://koshercasual.com/products/modest-layering-dress-with-3-4-sleeves-and-no-slits
2026-09-19,Kosher Casual,Modest Layering Dress with 3/4 Sleeves and No Slits,XX-Large,1629-AXXL-BK,34.9,3,0,104.69999999999999,0,http://koshercasual.com/products/modest-layering-dress-with-3-4-sleeves-and-no-slits
2026-09-19,Kosher Casual,Swim Sport Bra with UPF 50+ Protection,XX-Large,1272-AXXL-BK,28.9,7,0,202.29999999999998,0,http://koshercasual.com/products/swim-amp-sport-bra-with-upf-50-protection
2026-09-19,Kosher Casual,Girls' Basic Modest Crew Neck Shell Top - 3/4 Sleeve Layering Kids(Ages 5-12),Medium,1270-M-G,18.9,5,0,94.5,0,http://koshercasual.com/products/girls-basic-modest-crew-neck-shell-top-3-4-sleeve-layering-essential-ages-5-12
2026-09-19,Kosher Casual,Girls' Basic Modest Crew Neck Shell Top - 3/4 Sleeve Layering Kids(Ages 5-12),Large,1270-L-G,18.9,3,0,56.699999999999996,0,http://koshercasual.com/products/girls-basic-modest-crew-neck-shell-top-3-4-sleeve-layering-essential-ages-5-12
2026-09-19,Kosher Casual,Girls' Basic Modest Crew Neck Shell Top - 3/4 Sleeve Layering Kids(Ages 5-12),X-Large,1270-XL-G,18.9,10,0,189.0,0,http://koshercasual.com/products/girls-basic-modest-crew-neck-shell-top-3-4-sleeve-layering-essential-ages-5-12
2026-09-19,Kosher Casual,Girls' Basic Modest Crew Neck Shell Top - 3/4 Sleeve Layering Kids(Ages 5-12),Small,1270-S-RB,18.9,9,0,170.1,0,http://koshercasual.com/products/girls-basic-modest-crew-neck-shell-top-3-4-sleeve-layering-essential-ages-5-12
2026-09-19,Kosher Casual,Girls' Basic Modest Crew Neck Shell Top - 3/4 Sleeve Layering Kids(Ages 5-12),Medium,1270-M-RB,18.9,11,0,207.89999999999998,1,http://koshercasual.com/products/girls-basic-modest-crew-neck-shell-top-3-4-sleeve-layering-essential-ages-5-12
2026-09-19,Kosher Casual,Girls' Basic Modest Crew Neck Shell Top - 3/4 Sleeve Layering Kids(Ages 5-12),Large,1270-L-RB,18.9,3,0,56.699999999999996,0,http://koshercasual.com/products/girls-basic-modest-crew-neck-shell-top-3-4-sleeve-layering-essential-ages-5-12
2026-09-19,Kosher Casual,Girls' Basic Modest Crew Neck Shell Top - 3/4 Sleeve Layering Kids(Ages 5-12),X-Large,1270-XL-RB,18.9,5,0,94.5,-1,http://koshercasual.com/products/girls-basic-modest-crew-neck-shell-top-3-4-sleeve-layering-essential-ages-5-12
2026-09-19,Kosher Casual,Girls' Basic Modest Crew Neck Shell Top - 3/4 Sleeve Layering Kids(Ages 5-12),X-Large,1270-XL-CHY,18.9,5,0,94.5,0,http://koshercasual.com/products/girls-basic-modest-crew-neck-shell-top-3-4-sleeve-layering-essential-ages-5-12
2026-09-19,Kosher Casual,Girls' Twirl Skater Skirt - Knee Length,X-Large,1400-XL-DN,27.9,4,0,111.6,0,http://koshercasual.com/products/girls-twirl-skater-skirt-knee-length
2026-09-19,Kosher Casual,Girls' Twirl Skater Skirt - Knee Length,Large,1400-L-W,27.9,9,0,251.1,0,http://koshercasual.com/products/girls-twirl-skater-skirt-knee-length
2026-09-19,Kosher Casual,Girls' Twirl Skater Skirt - Knee Length,X-Large,1400-XL-W,27.9,7,0,195.29999999999998,0,http://koshercasual.com/products/girls-twirl-skater-skirt-knee-length
2026-09-19,Kosher Casual,Girls' Twirl Skater Skirt - Knee Length,Large,1400-L-ALM,27.9,9,0,251.1,0,http://koshercasual.com/products/girls-twirl-skater-skirt-knee-length
2026-09-19,Kosher Casual,Girls' Twirl Skater Skirt - Knee Length,X-Large,1400-XL-ALM,27.9,33,0,920.6999999999999,0,http://koshercasual.com/products/girls-twirl-skater-skirt-knee-length
2026-09-19,Kosher Casual,Girls' Twirl Skater Skirt - Knee Length,X-Small,1400-XS-BK,27.9,6,0,167.39999999999998,0,http://koshercasual.com/products/girls-twirl-skater-skirt-knee-length
2026-09-19,Kosher Casual,Girls' Twirl Skater Skirt - Knee Length,Small,1400-S-BK,27.9,20,0,558.0,0,http://koshercasual.com/products/girls-twirl-skater-skirt-knee-length
2026-09-19,Kosher Casual,Girls' Twirl Skater Skirt - Knee Length,Medium,1400-M-BK,27.9,6,0,167.39999999999998,0,http://koshercasual.com/products/girls-twirl-skater-skirt-knee-length
2026-09-19,Kosher Casual,Girls' Twirl Skater Skirt - Knee Length,Large,1400-L-BK,27.9,62,0,1729.8,0,http://koshercasual.com/products/girls-twirl-skater-skirt-knee-length
2026-09-19,Kosher Casual,Girls' Twirl Skater Skirt - Knee Length,X-Large,1400-XL-BK,27.9,13,0,362.7,14,http://koshercasual.com/products/girls-twirl-skater-skirt-knee-length
2026-09-19,Kosher Casual,Girls' Twirl Skater Skirt - Knee Length,X-Large,1400-XL-SBG,27.9,12,0,334.79999999999995,0,http://koshercasual.com/products/girls-twirl-skater-skirt-knee-length
2026-09-19,Kosher Casual,Girls' Twirl Skater Skirt - Knee Length,X-Large,1400-XL-INY,27.9,12,0,334.79999999999995,0,http://koshercasual.com/products/girls-twirl-skater-skirt-knee-length
2026-09-19,Kosher Casual,Double-Layered Fabric Knee-Length Pencil Skirt with Stretch Waistband,Small,1924-AS-N,31.9,4,0,127.6,0,http://koshercasual.com/products/double-layered-fabric-knee-length-pencil-skirt-with-stretch-waistband
2026-09-19,Kosher Casual,Double-Layered Fabric Knee-Length Pencil Skirt with Stretch Waistband,Medium,1924-AM-N,31.9,7,0,223.29999999999998,0,http://koshercasual.com/products/double-layered-fabric-knee-length-pencil-skirt-with-stretch-waistband
2026-09-19,Kosher Casual,Double-Layered Fabric Knee-Length Pencil Skirt with Stretch Waistband,Small,1924-AS-DCH,31.9,7,0,223.29999999999998,0,http://koshercasual.com/products/double-layered-fabric-knee-length-pencil-skirt-with-stretch-waistband
2026-09-19,Kosher Casual,Double-Layered Fabric Knee-Length Pencil Skirt with Stretch Waistband,Small,1924-AS-DN,31.9,12,0,382.79999999999995,0,http://koshercasual.com/products/double-layered-fabric-knee-length-pencil-skirt-with-stretch-waistband
2026-09-19,Kosher Casual,Double-Layered Fabric Knee-Length Pencil Skirt with Stretch Waistband,X-Small,1924-AXS-AU,31.9,5,0,159.5,0,http://koshercasual.com/products/double-layered-fabric-knee-length-pencil-skirt-with-stretch-waistband
2026-09-19,Kosher Casual,Double-Layered Fabric Knee-Length Pencil Skirt with Stretch Waistband,Small,1924-AS-AU,31.9,5,0,159.5,0,http://koshercasual.com/products/double-layered-fabric-knee-length-pencil-skirt-with-stretch-waistband
2026-09-19,Kosher Casual,Double-Layered Fabric Knee-Length Pencil Skirt with Stretch Waistband,X-Small,1924-AXS-STL,31.9,5,0,159.5,0,http://koshercasual.com/products/double-layered-fabric-knee-length-pencil-skirt-with-stretch-waistband
2026-09-19,Kosher Casual,Double-Layered Fabric Knee-Length Pencil Skirt with Stretch Waistband,Small,1924-AS-CHY,31.9,4,0,127.6,0,http://koshercasual.com/products/double-layered-fabric-knee-length-pencil-skirt-with-stretch-waistband
2026-09-19,Kosher Casual,Knee Length A-Line Skater Skirt with Full Elastic Waist,X-Large,1400-AXL-RB,31.9,14,0,446.59999999999997,0,http://koshercasual.com/products/knee-length-a-line-skater-skirt-with-full-elastic-waist
2026-09-19,Kosher Casual,Knee Length A-Line Skater Skirt with Full Elastic Waist,Medium,1400-AM-DN,31.9,1,0,31.9,3,http://koshercasual.com/products/knee-length-a-line-skater-skirt-with-full-elastic-waist
2026-09-19,Kosher Casual,Knee Length A-Line Skater Skirt with Full Elastic Waist,Large,1400-AL-W,31.9,0,1,0.0,5,http://koshercasual.com/products/knee-length-a-line-skater-skirt-with-full-elastic-waist
2026-09-19,Kosher Casual,Knee Length A-Line Skater Skirt with Full Elastic Waist,Medium,1400-AM-BK,31.9,4,0,127.6,0,http://koshercasual.com/products/knee-length-a-line-skater-skirt-with-full-elastic-waist
2026-09-19,Kosher Casual,Knee Length A-Line Skater Skirt with Full Elastic Waist,Large,1400-AL-BK,31.9,6,0,191.39999999999998,1,http://koshercasual.com/products/knee-length-a-line-skater-skirt-with-full-elastic-waist
2026-09-19,Kosher Casual,Knee Length A-Line Skater Skirt with Full Elastic Waist,X-Large,1400-AXL-BK,31.9,6,0,191.39999999999998,1,http://koshercasual.com/products/knee-length-a-line-skater-skirt-with-full-elastic-waist
2026-09-19,Kosher Casual,Knee Length A-Line Skater Skirt with Full Elastic Waist,XX-Large,1400-AXXL-BK,31.9,12,0,382.79999999999995,3,http://koshercasual.com/products/knee-length-a-line-skater-skirt-with-full-elastic-waist
2026-09-19,Kosher Casual,Knee Length A-Line Skater Skirt with Full Elastic Waist,Large,1400-AL-G,31.9,4,0,127.6,0,http://koshercasual.com/products/knee-length-a-line-skater-skirt-with-full-elastic-waist
2026-09-19,Kosher Casual,Modest A-Line Athletic Skort with Knee-Length Shorts - Swim & Sport Ready,X-Large,1442-AXL-PIN,40.0,5,0,200.0,2,http://koshercasual.com/products/modest-a-line-athletic-skort-with-knee-length-shorts-swim-sport-ready
2026-09-19,Kosher Casual,Modest A-Line Athletic Skort with Knee-Length Shorts - Swim & Sport Ready,Medium,1442-AM-PIN,40.0,1,0,40.0,2,http://koshercasual.com/products/modest-a-line-athletic-skort-with-knee-length-shorts-swim-sport-ready
2026-09-19,Kosher Casual,Cotton Spandex Pencil Skirt - Classic Modest Fit,X-Small,1435-AXS-N,31.9,10,0,319.0,0,http://koshercasual.com/products/longer-26-cotton-spandex-pencil-skirt-classic-modest-fit
2026-09-19,Kosher Casual,Cotton Spandex Pencil Skirt - Classic Modest Fit,Small,1435-AS-N,31.9,9,0,287.09999999999997,0,http://koshercasual.com/products/longer-26-cotton-spandex-pencil-skirt-classic-modest-fit
2026-09-19,Kosher Casual,Cotton Spandex Pencil Skirt - Classic Modest Fit,Medium,1435-AM-N,31.9,6,0,191.39999999999998,0,http://koshercasual.com/products/longer-26-cotton-spandex-pencil-skirt-classic-modest-fit
2026-09-19,Kosher Casual,Cotton Spandex Pencil Skirt - Classic Modest Fit,XX-Large,1435-AXXL-N,31.9,4,0,127.6,0,http://koshercasual.com/products/longer-26-cotton-spandex-pencil-skirt-classic-modest-fit
2026-09-19,Kosher Casual,Cotton Spandex Pencil Skirt - Classic Modest Fit,X-Small,1435-AXS-BK,31.9,10,0,319.0,0,http://koshercasual.com/products/longer-26-cotton-spandex-pencil-skirt-classic-modest-fit
2026-09-19,Kosher Casual,Cotton Spandex Pencil Skirt - Classic Modest Fit,Medium,1435-AM-BK,31.9,5,0,159.5,0,http://koshercasual.com/products/longer-26-cotton-spandex-pencil-skirt-classic-modest-fit
2026-09-19,Kosher Casual,Cotton Spandex Pencil Skirt - Classic Modest Fit,X-Small,1435-AXS-DCH,31.9,6,0,191.39999999999998,0,http://koshercasual.com/products/longer-26-cotton-spandex-pencil-skirt-classic-modest-fit
2026-09-19,Kosher Casual,Cotton Spandex Pencil Skirt - Classic Modest Fit,Large,1435-AL-CH,31.9,5,0,159.5,0,http://koshercasual.com/products/longer-26-cotton-spandex-pencil-skirt-classic-modest-fit
2026-09-19,Kosher Casual,Cotton Spandex Pencil Skirt - Classic Modest Fit,XX-Large,1435-AXXL-CH,31.9,6,0,191.39999999999998,0,http://koshercasual.com/products/longer-26-cotton-spandex-pencil-skirt-classic-modest-fit
2026-09-19,Kosher Casual,Cotton Spandex Pencil Skirt - Classic Modest Fit,X-Small,1435-AXS-G,31.9,10,0,319.0,0,http://koshercasual.com/products/longer-26-cotton-spandex-pencil-skirt-classic-modest-fit
2026-09-19,Kosher Casual,Cotton Spandex Pencil Skirt - Classic Modest Fit,Small,1435-AS-G,31.9,16,0,510.4,0,http://koshercasual.com/products/longer-26-cotton-spandex-pencil-skirt-classic-modest-fit
2026-09-19,Kosher Casual,Cotton Spandex Pencil Skirt - Classic Modest Fit,Medium,1435-AM-G,31.9,4,0,127.6,0,http://koshercasual.com/products/longer-26-cotton-spandex-pencil-skirt-classic-modest-fit
2026-09-19,Kosher Casual,Cotton Spandex Pencil Skirt - Classic Modest Fit,X-Small,1435-AXS-BG,31.9,7,0,223.29999999999998,0,http://koshercasual.com/products/longer-26-cotton-spandex-pencil-skirt-classic-modest-fit
2026-09-19,Kosher Casual,Cotton Spandex Pencil Skirt - Classic Modest Fit,Small,1435-AS-BG,31.9,4,0,127.6,0,http://koshercasual.com/products/longer-26-cotton-spandex-pencil-skirt-classic-modest-fit
2026-09-19,Kosher Casual,Cotton Spandex Pencil Skirt - Classic Modest Fit,Medium,1435-AM-BG,31.9,4,0,127.6,0,http://koshercasual.com/products/longer-26-cotton-spandex-pencil-skirt-classic-modest-fit
2026-09-19,Kosher Casual,Cotton Spandex Pencil Skirt - Classic Modest Fit,Large,1435-AL-BG,31.9,4,0,127.6,0,http://koshercasual.com/products/longer-26-cotton-spandex-pencil-skirt-classic-modest-fit
2026-09-19,Kosher Casual,Cotton Spandex Pencil Skirt - Classic Modest Fit,X-Large,1435-AXL-BG,31.9,6,0,191.39999999999998,0,http://koshercasual.com/products/longer-26-cotton-spandex-pencil-skirt-classic-modest-fit
2026-09-19,Kosher Casual,Cotton Spandex Pencil Skirt - Classic Modest Fit,Small,1435-AS-DP,31.9,6,0,191.39999999999998,0,http://koshercasual.com/products/longer-26-cotton-spandex-pencil-skirt-classic-modest-fit
2026-09-19,Kosher Casual,Sporty Side Stripe French Terry Knee-Length Skirt in Cotton Spandex,Small,1446-AS-N,24.9,15,0,373.5,0,http://koshercasual.com/products/sporty-side-stripe-french-terry-knee-length-skirt-in-cotton-spandex
2026-09-19,Kosher Casual,Sporty Side Stripe French Terry Knee-Length Skirt in Cotton Spandex,X-Small,1446-AXS-BK,24.9,5,0,124.5,0,http://koshercasual.com/products/sporty-side-stripe-french-terry-knee-length-skirt-in-cotton-spandex
2026-09-19,Kosher Casual,Sporty Side Stripe French Terry Knee-Length Skirt in Cotton Spandex,X-Small,1446-AXS-BG,24.9,9,0,224.1,0,http://koshercasual.com/products/sporty-side-stripe-french-terry-knee-length-skirt-in-cotton-spandex
2026-09-19,Kosher Casual,Sporty Side Stripe French Terry Knee-Length Skirt in Cotton Spandex,Medium,1446-AM-BG,24.9,3,0,74.69999999999999,0,http://koshercasual.com/products/sporty-side-stripe-french-terry-knee-length-skirt-in-cotton-spandex
2026-09-19,Kosher Casual,Sporty Side Stripe French Terry Knee-Length Skirt in Cotton Spandex,Small,1446-AS-OL,24.9,9,0,224.1,0,http://koshercasual.com/products/sporty-side-stripe-french-terry-knee-length-skirt-in-cotton-spandex
2026-09-19,Kosher Casual,Sporty Side Stripe French Terry Knee-Length Skirt in Cotton Spandex,X-Small,1446-AXS-G,24.9,3,0,74.69999999999999,0,http://koshercasual.com/products/sporty-side-stripe-french-terry-knee-length-skirt-in-cotton-spandex
2026-09-19,Kosher Casual,Sporty Side Stripe French Terry Knee-Length Skirt in Cotton Spandex,Small,1446-AS-G,24.9,27,0,672.3,0,http://koshercasual.com/products/sporty-side-stripe-french-terry-knee-length-skirt-in-cotton-spandex
2026-09-19,Kosher Casual,Sporty Side Stripe French Terry Knee-Length Skirt in Cotton Spandex,Medium,1446-AM-G,24.9,7,0,174.29999999999998,0,http://koshercasual.com/products/sporty-side-stripe-french-terry-knee-length-skirt-in-cotton-spandex
2026-09-19,Kosher Casual,Sporty Side Stripe French Terry Knee-Length Skirt in Cotton Spandex,X-Large,1446-AXL-G,24.9,3,0,74.69999999999999,0,http://koshercasual.com/products/sporty-side-stripe-french-terry-knee-length-skirt-in-cotton-spandex
2026-09-19,Kosher Casual,Sporty Side Stripe French Terry Knee-Length Skirt in Cotton Spandex,X-Small,1446-AXS-MO,24.9,3,0,74.69999999999999,0,http://koshercasual.com/products/sporty-side-stripe-french-terry-knee-length-skirt-in-cotton-spandex
2026-09-19,Kosher Casual,Sporty Side Stripe French Terry Knee-Length Skirt in Cotton Spandex,Medium,1446-AM-MO,24.9,7,0,174.29999999999998,-1,http://koshercasual.com/products/sporty-side-stripe-french-terry-knee-length-skirt-in-cotton-spandex
2026-09-19,Kosher Casual,Cap Sleeve Layering Top with Modest Crew Neck - Comfort Basics,X-Large,1296-AXL-W,21.9,1,0,21.9,2,http://koshercasual.com/products/cap-sleeve-layering-top-with-modest-crew-neck-comfort-basics
2026-09-19,Kosher Casual,Cap Sleeve Layering Top with Modest Crew Neck - Comfort Basics,XX-Large,1296-AXXL-BK,21.9,1,0,21.9,3,http://koshercasual.com/products/cap-sleeve-layering-top-with-modest-crew-neck-comfort-basics
2026-09-19,Kosher Casual,Cap Sleeve Layering Top with Modest Crew Neck - Comfort Basics,Medium,1296-AM-DCH,21.9,1,0,21.9,0,http://koshercasual.com/products/cap-sleeve-layering-top-with-modest-crew-neck-comfort-basics
2026-09-19,Kosher Casual,Cap Sleeve Layering Top with Modest Crew Neck - Comfort Basics,X-Large,1296-AXL-DCH,21.9,1,0,21.9,3,http://koshercasual.com/products/cap-sleeve-layering-top-with-modest-crew-neck-comfort-basics
2026-09-19,Kosher Casual,Cap Sleeve Layering Top with Modest Crew Neck - Comfort Basics,XX-Large,1296-AXXL-DCH,21.9,1,0,21.9,8,http://koshercasual.com/products/cap-sleeve-layering-top-with-modest-crew-neck-comfort-basics
2026-09-19,Kosher Casual,Cap Sleeve Layering Top with Modest Crew Neck - Comfort Basics,X-Large,1296-AXL-OF,21.9,12,0,262.79999999999995,0,http://koshercasual.com/products/cap-sleeve-layering-top-with-modest-crew-neck-comfort-basics
2026-09-19,Kosher Casual,Cap Sleeve Layering Top with Modest Crew Neck - Comfort Basics,XX-Large,1296-AXXL-OF,21.9,12,0,262.79999999999995,1,http://koshercasual.com/products/cap-sleeve-layering-top-with-modest-crew-neck-comfort-basics
2026-09-19,Kosher Casual,Modest Cotton Tunic with Three-Quarter Sleeves and Extended Back Coverage,Small,1297-AS-G,41.9,4,0,167.6,0,http://koshercasual.com/products/modest-cotton-tunic-with-three-quarter-sleeves-and-extended-back-coverage
2026-09-19,Kosher Casual,Modest Cotton Tunic with Three-Quarter Sleeves and Extended Back Coverage,X-Small,1297-AXS-BK,41.9,5,0,209.5,0,http://koshercasual.com/products/modest-cotton-tunic-with-three-quarter-sleeves-and-extended-back-coverage
2026-09-19,Kosher Casual,Modest Athletic Moisture-Wicking Performance Top with 3/4 Sleeves,X-Small,1500-AXS-W,25.9,3,0,77.69999999999999,0,http://koshercasual.com/products/modest-athletic-moisture-wicking-performance-top-with-3-4-sleeves
2026-09-19,Kosher Casual,Modest Athletic Moisture-Wicking Performance Top with 3/4 Sleeves,Small,1500-AS-W,25.9,5,0,129.5,0,http://koshercasual.com/products/modest-athletic-moisture-wicking-performance-top-with-3-4-sleeves
2026-09-19,Kosher Casual,Modest Athletic Moisture-Wicking Performance Top with 3/4 Sleeves,Small,1500-AS-RB,25.9,4,0,103.6,0,http://koshercasual.com/products/modest-athletic-moisture-wicking-performance-top-with-3-4-sleeves
2026-09-19,Kosher Casual,Modest Athletic Moisture-Wicking Performance Top with 3/4 Sleeves,XX-Large,1500-AXXL-RB,25.9,9,0,233.1,0,http://koshercasual.com/products/modest-athletic-moisture-wicking-performance-top-with-3-4-sleeves
2026-09-19,Kosher Casual,Modest Athletic Moisture-Wicking Performance Top with 3/4 Sleeves,XX-Large,1500-AXXL-R,25.9,5,0,129.5,0,http://koshercasual.com/products/modest-athletic-moisture-wicking-performance-top-with-3-4-sleeves
2026-09-19,Kosher Casual,Modest Athletic Moisture-Wicking Performance Top with 3/4 Sleeves,X-Small,1500-AXS-BK,25.9,3,0,77.69999999999999,0,http://koshercasual.com/products/modest-athletic-moisture-wicking-performance-top-with-3-4-sleeves
2026-09-19,Kosher Casual,Modest Athletic Moisture-Wicking Performance Top with 3/4 Sleeves,Small,1500-AS-BK,25.9,11,0,284.9,0,http://koshercasual.com/products/modest-athletic-moisture-wicking-performance-top-with-3-4-sleeves
2026-09-19,Kosher Casual,Modest Athletic Moisture-Wicking Performance Top with 3/4 Sleeves,Medium,1500-AM-BK,25.9,4,0,103.6,0,http://koshercasual.com/products/modest-athletic-moisture-wicking-performance-top-with-3-4-sleeves
2026-09-19,Kosher Casual,Modest Athletic Moisture-Wicking Performance Top with 3/4 Sleeves,Large,1500-AL-BK,25.9,6,0,155.39999999999998,0,http://koshercasual.com/products/modest-athletic-moisture-wicking-performance-top-with-3-4-sleeves
2026-09-19,Kosher Casual,Modest Athletic Moisture-Wicking Performance Top with 3/4 Sleeves,Small,1500-AS-N,25.9,5,0,129.5,0,http://koshercasual.com/products/modest-athletic-moisture-wicking-performance-top-with-3-4-sleeves
2026-09-19,Kosher Casual,Modest Athletic Moisture-Wicking Performance Top with 3/4 Sleeves,Small,1500-AS-Y,25.9,7,0,181.29999999999998,0,http://koshercasual.com/products/modest-athletic-moisture-wicking-performance-top-with-3-4-sleeves
2026-09-19,Kosher Casual,Modest Athletic Moisture-Wicking Performance Top with 3/4 Sleeves,Large,1500-AL-Y,25.9,6,0,155.39999999999998,0,http://koshercasual.com/products/modest-athletic-moisture-wicking-performance-top-with-3-4-sleeves
2026-09-19,Kosher Casual,Modest Athletic Moisture-Wicking Performance Top with 3/4 Sleeves,X-Large,1500-AXL-Y,25.9,14,0,362.59999999999997,0,http://koshercasual.com/products/modest-athletic-moisture-wicking-performance-top-with-3-4-sleeves
2026-09-19,Kosher Casual,Modest Athletic Moisture-Wicking Performance Top with 3/4 Sleeves,XX-Large,1500-AXXL-Y,25.9,4,0,103.6,0,http://koshercasual.com/products/modest-athletic-moisture-wicking-performance-top-with-3-4-sleeves
2026-09-19,Kosher Casual,Modest Athletic Moisture-Wicking Performance Top with 3/4 Sleeves,Small,1500-AS-BT,25.9,3,0,77.69999999999999,0,http://koshercasual.com/products/modest-athletic-moisture-wicking-performance-top-with-3-4-sleeves
2026-09-19,Kosher Casual,Modest Athletic Moisture-Wicking Performance Top with 3/4 Sleeves,Large,1500-AL-BT,25.9,6,0,155.39999999999998,0,http://koshercasual.com/products/modest-athletic-moisture-wicking-performance-top-with-3-4-sleeves
2026-09-19,Kosher Casual,Stretch Maxi Skirt in Mid-Weight Viscose Spandex - No Slits,X-Small,1932-AXS-DN,25.52,6,0,153.12,0,http://koshercasual.com/products/stretch-maxi-skirt-in-mid-weight-viscose-spandex-no-slits
2026-09-19,Kosher Casual,Stretch Maxi Skirt in Mid-Weight Viscose Spandex - No Slits,Small,1932-AS-N,25.52,3,0,76.56,0,http://koshercasual.com/products/stretch-maxi-skirt-in-mid-weight-viscose-spandex-no-slits
2026-09-19,Kosher Casual,Girls' Modest Cotton Three-Quarter Sleeve Tee - Classic Comfort (Ages 5-12),Small,1299-S-N,18.9,7,0,132.29999999999998,0,http://koshercasual.com/products/girls-modest-cotton-three-quarter-sleeve-tee-classic-comfort-ages-5-12
2026-09-19,Kosher Casual,Girls' Modest Cotton Three-Quarter Sleeve Tee - Classic Comfort (Ages 5-12),Medium,1299-M-BK,18.9,4,0,75.6,0,http://koshercasual.com/products/girls-modest-cotton-three-quarter-sleeve-tee-classic-comfort-ages-5-12
2026-09-19,Kosher Casual,Popular Wide-Ribbed Handkerchief Hem Tunic with 3/4 Sleeves,XX-Large,1208-AXXL-PBG,33.52,1,0,33.52,0,http://koshercasual.com/products/popular-wide-ribbed-handkerchief-hem-tunic-with-3-4-sleeves
2026-09-19,Kosher Casual,Popular Wide-Ribbed Handkerchief Hem Tunic with 3/4 Sleeves,X-Small,1208-AXS-BK,33.52,5,0,167.60000000000002,0,http://koshercasual.com/products/popular-wide-ribbed-handkerchief-hem-tunic-with-3-4-sleeves
2026-09-19,Kosher Casual,Popular Wide-Ribbed Handkerchief Hem Tunic with 3/4 Sleeves,Small,1208-AS-BK,33.52,9,0,301.68,0,http://koshercasual.com/products/popular-wide-ribbed-handkerchief-hem-tunic-with-3-4-sleeves
2026-09-19,Kosher Casual,Comfortable Medium Weight Full Length Cotton Spandex Jersey Leggings,Small,1343-AS-BK,29.9,8,0,239.2,0,http://koshercasual.com/products/comfortable-medium-weight-full-length-cotton-spandex-jersey-leggings
2026-09-19,Kosher Casual,"Women's Knee-Length Skirt with Ruched Waist, Gathered Style and Side Pockets",X-Small,1946-AXS-N,25.52,6,0,153.12,0,http://koshercasual.com/products/womens-knee-length-skirt-with-ruched-waist-gathered-style-and-side-pockets
2026-09-19,Kosher Casual,Relaxed Fit Modest 3/4 Sleeve Knee-Length Dress with Pockets,Small/Medium,1658-AS/AM-BK,43.92,5,0,219.60000000000002,0,http://koshercasual.com/products/relaxed-fit-3-4-sleeve-knee-length-dress-with-pockets
2026-09-19,Kosher Casual,Relaxed Fit Modest 3/4 Sleeve Knee-Length Dress with Pockets,Large/XX-Large,1658-AL/AXXL-BG,43.92,4,0,175.68,0,http://koshercasual.com/products/relaxed-fit-3-4-sleeve-knee-length-dress-with-pockets
2026-09-19,Kosher Casual,Relaxed Fit Modest 3/4 Sleeve Knee-Length Dress with Pockets,Small/Medium,1658-AS/AM-CH,43.92,3,0,131.76,0,http://koshercasual.com/products/relaxed-fit-3-4-sleeve-knee-length-dress-with-pockets
2026-09-19,Kosher Casual,Relaxed Fit Modest 3/4 Sleeve Knee-Length Dress with Pockets,Small/Medium,1658-AS/AM-WBR,43.92,4,0,175.68,1,http://koshercasual.com/products/relaxed-fit-3-4-sleeve-knee-length-dress-with-pockets
2026-09-19,Kosher Casual,Relaxed Fit Modest 3/4 Sleeve Knee-Length Dress with Pockets,Small/Medium,1658-AS/AM-GRB,43.92,7,0,307.44,0,http://koshercasual.com/products/relaxed-fit-3-4-sleeve-knee-length-dress-with-pockets
2026-09-19,Kosher Casual,Plus Size Silky Maxi Length Stretch Pencil Skirt,24,1445-24-DN,49.9,4,0,199.6,0,http://koshercasual.com/products/long-dressy-skirt-for-plus-sized-women-2664
2026-09-19,Kosher Casual,Lightweight Knee-Length Jersey Knit Pencil Skirt with Elastic Waist,X-Small,1936-AXS-W,25.52,6,0,153.12,0,http://koshercasual.com/products/lightweight-knee-length-jersey-knit-pencil-skirt-with-elastic-waist
2026-09-19,Kosher Casual,Lightweight Knee-Length Jersey Knit Pencil Skirt with Elastic Waist,Small,1936-AS-W,25.52,6,0,153.12,0,http://koshercasual.com/products/lightweight-knee-length-jersey-knit-pencil-skirt-with-elastic-waist
2026-09-19,Kosher Casual,Lightweight Knee-Length Jersey Knit Pencil Skirt with Elastic Waist,Small,1936-AS-DN,25.52,5,0,127.6,0,http://koshercasual.com/products/lightweight-knee-length-jersey-knit-pencil-skirt-with-elastic-waist
2026-09-19,Kosher Casual,Lightweight Knee-Length Jersey Knit Pencil Skirt with Elastic Waist,X-Small,1936-AXS-BK,25.52,3,0,76.56,0,http://koshercasual.com/products/lightweight-knee-length-jersey-knit-pencil-skirt-with-elastic-waist
2026-09-19,Kosher Casual,Long Sleeve Ribbed Sweater Tunic with Handkerchief Hem,Small,1209-AS-BKR,33.52,7,0,234.64000000000001,0,http://koshercasual.com/products/womens-long-sleeved-ribbed-sweater-tunic-top-with-handkerchief-hem
2026-09-19,Kosher Casual,Curved Side Hem Tunic with 3/4 Sleeves and Modest Crew Neckline,X-Small,1112-AXS-N,25.52,3,0,76.56,0,http://koshercasual.com/products/curved-side-hem-tunic-with-3-4-sleeves-and-modest-crew-neckline
2026-09-19,Kosher Casual,Curved Side Hem Tunic with 3/4 Sleeves and Modest Crew Neckline,Small,1112-AS-N,25.52,4,0,102.08,0,http://koshercasual.com/products/curved-side-hem-tunic-with-3-4-sleeves-and-modest-crew-neckline
2026-09-19,Kosher Casual,Curved Side Hem Tunic with 3/4 Sleeves and Modest Crew Neckline,X-Small,1112-AXS-BK,25.52,9,0,229.68,0,http://koshercasual.com/products/curved-side-hem-tunic-with-3-4-sleeves-and-modest-crew-neckline
2026-09-19,Kosher Casual,Curved Side Hem Tunic with 3/4 Sleeves and Modest Crew Neckline,Small,1112-AS-BK,25.52,13,0,331.76,0,http://koshercasual.com/products/curved-side-hem-tunic-with-3-4-sleeves-and-modest-crew-neckline
2026-09-19,Kosher Casual,Curved Side Hem Tunic with 3/4 Sleeves and Modest Crew Neckline,Medium,1112-AM-BK,25.52,6,0,153.12,0,http://koshercasual.com/products/curved-side-hem-tunic-with-3-4-sleeves-and-modest-crew-neckline
2026-09-19,Kosher Casual,Curved Side Hem Tunic with 3/4 Sleeves and Modest Crew Neckline,X-Large,1112-AXL-BK,25.52,4,0,102.08,0,http://koshercasual.com/products/curved-side-hem-tunic-with-3-4-sleeves-and-modest-crew-neckline
2026-09-19,Kosher Casual,Curved Side Hem Tunic with 3/4 Sleeves and Modest Crew Neckline,XX-Large,1112-AXXL-BK,25.52,8,0,204.16,0,http://koshercasual.com/products/curved-side-hem-tunic-with-3-4-sleeves-and-modest-crew-neckline
2026-09-19,Kosher Casual,Curved Side Hem Tunic with 3/4 Sleeves and Modest Crew Neckline,X-Small,1112-AXS-ALM,25.52,4,0,102.08,0,http://koshercasual.com/products/curved-side-hem-tunic-with-3-4-sleeves-and-modest-crew-neckline
2026-09-19,Kosher Casual,Curved Side Hem Tunic with 3/4 Sleeves and Modest Crew Neckline,Small,1112-AS-ALM,25.52,4,0,102.08,0,http://koshercasual.com/products/curved-side-hem-tunic-with-3-4-sleeves-and-modest-crew-neckline
2026-09-19,Kosher Casual,Curved Side Hem Tunic with 3/4 Sleeves and Modest Crew Neckline,Medium,1112-AM-ALM,25.52,3,0,76.56,0,http://koshercasual.com/products/curved-side-hem-tunic-with-3-4-sleeves-and-modest-crew-neckline
2026-09-19,Kosher Casual,Curved Side Hem Tunic with 3/4 Sleeves and Modest Crew Neckline,Large,1112-AL-ALM,25.52,4,0,102.08,0,http://koshercasual.com/products/curved-side-hem-tunic-with-3-4-sleeves-and-modest-crew-neckline
2026-09-19,Kosher Casual,Curved Side Hem Tunic with 3/4 Sleeves and Modest Crew Neckline,X-Large,1112-AXL-ALM,25.52,4,0,102.08,0,http://koshercasual.com/products/curved-side-hem-tunic-with-3-4-sleeves-and-modest-crew-neckline
2026-09-19,Kosher Casual,Curved Side Hem Tunic with 3/4 Sleeves and Modest Crew Neckline,XX-Large,1112-AXXL-ALM,25.52,3,0,76.56,0,http://koshercasual.com/products/curved-side-hem-tunic-with-3-4-sleeves-and-modest-crew-neckline
2026-09-19,Kosher Casual,Curved Side Hem Tunic with 3/4 Sleeves and Modest Crew Neckline,Small,1112-AS-CH,25.52,6,0,153.12,0,http://koshercasual.com/products/curved-side-hem-tunic-with-3-4-sleeves-and-modest-crew-neckline
2026-09-19,Kosher Casual,Curved Side Hem Tunic with 3/4 Sleeves and Modest Crew Neckline,X-Small,1112-AXS-OL,25.52,4,0,102.08,0,http://koshercasual.com/products/curved-side-hem-tunic-with-3-4-sleeves-and-modest-crew-neckline
2026-09-19,Kosher Casual,Curved Side Hem Tunic with 3/4 Sleeves and Modest Crew Neckline,Large,1112-AL-OL,25.52,3,0,76.56,0,http://koshercasual.com/products/curved-side-hem-tunic-with-3-4-sleeves-and-modest-crew-neckline
2026-09-19,Kosher Casual,Curved Side Hem Tunic with 3/4 Sleeves and Modest Crew Neckline,X-Large,1112-AXL-OL,25.52,3,0,76.56,0,http://koshercasual.com/products/curved-side-hem-tunic-with-3-4-sleeves-and-modest-crew-neckline
2026-09-19,Kosher Casual,Curved Side Hem Tunic with 3/4 Sleeves and Modest Crew Neckline,X-Small,1112-AXS-AU,25.52,6,0,153.12,0,http://koshercasual.com/products/curved-side-hem-tunic-with-3-4-sleeves-and-modest-crew-neckline
2026-09-19,Kosher Casual,Curved Side Hem Tunic with 3/4 Sleeves and Modest Crew Neckline,Small,1112-AS-AU,25.52,5,0,127.6,0,http://koshercasual.com/products/curved-side-hem-tunic-with-3-4-sleeves-and-modest-crew-neckline
2026-09-19,Kosher Casual,Curved Side Hem Tunic with 3/4 Sleeves and Modest Crew Neckline,X-Small,1112-AXS-G,25.52,4,0,102.08,0,http://koshercasual.com/products/curved-side-hem-tunic-with-3-4-sleeves-and-modest-crew-neckline
2026-09-19,Kosher Casual,Curved Side Hem Tunic with 3/4 Sleeves and Modest Crew Neckline,Small,1112-AS-G,25.52,3,0,76.56,0,http://koshercasual.com/products/curved-side-hem-tunic-with-3-4-sleeves-and-modest-crew-neckline
2026-09-19,Kosher Casual,Curved Side Hem Tunic with 3/4 Sleeves and Modest Crew Neckline,Large,1112-AL-G,25.52,3,0,76.56,0,http://koshercasual.com/products/curved-side-hem-tunic-with-3-4-sleeves-and-modest-crew-neckline
2026-09-19,Kosher Casual,Curved Side Hem Tunic with 3/4 Sleeves and Modest Crew Neckline,X-Small,1112-AXS-JB,25.52,3,0,76.56,0,http://koshercasual.com/products/curved-side-hem-tunic-with-3-4-sleeves-and-modest-crew-neckline
2026-09-19,Kosher Casual,3/4 Sleeve Cotton Nursing Hoodie - Comfortable Double-Layer Tunic Top,XX-Small,1210-AXXS-BK,33.52,7,0,234.64000000000001,0,http://koshercasual.com/products/nursing-top-3-4-sleeve-100-cotton-hoodie-2699
2026-09-19,Kosher Casual,3/4 Sleeve Cotton Nursing Hoodie - Comfortable Double-Layer Tunic Top,X-Small,1210-AXS-BK,33.52,5,0,167.60000000000002,0,http://koshercasual.com/products/nursing-top-3-4-sleeve-100-cotton-hoodie-2699
2026-09-19,Kosher Casual,Modest Two-Piece Swim Dress Set - Elbow Sleeves with Knee-Length Leggings | UPF Protection,X-Small,1681-AXS-TBB,47.92,3,0,143.76,0,http://koshercasual.com/products/elbow-sleeve-mid-calf-swim-dress-with-separate-knee-length-shorts-uvf-protection
2026-09-19,Kosher Casual,Modest Two-Piece Swim Dress Set - Elbow Sleeves with Knee-Length Leggings | UPF Protection,Small,1681-AS-TBB,47.92,3,0,143.76,0,http://koshercasual.com/products/elbow-sleeve-mid-calf-swim-dress-with-separate-knee-length-shorts-uvf-protection
2026-09-19,Kosher Casual,Modest Two-Piece Swim Dress Set - Elbow Sleeves with Knee-Length Leggings | UPF Protection,X-Small,1681-AXS-BPM,47.92,7,0,335.44,0,http://koshercasual.com/products/elbow-sleeve-mid-calf-swim-dress-with-separate-knee-length-shorts-uvf-protection
2026-09-19,Kosher Casual,Modest Two-Piece Swim Dress Set - Elbow Sleeves with Knee-Length Leggings | UPF Protection,Small,1681-AS-BPM,47.92,11,0,527.12,0,http://koshercasual.com/products/elbow-sleeve-mid-calf-swim-dress-with-separate-knee-length-shorts-uvf-protection
2026-09-19,Kosher Casual,3/4 Sleeve Tulip Cocoon Dress - Mid-Calf Length with Pockets,X-Small,1684-AXS-BK,43.92,11,0,483.12,0,http://koshercasual.com/products/3-4-sleeve-tulip-cocoon-dress-mid-calf-length-with-pockets
2026-09-19,Kosher Casual,3/4 Sleeve Tulip Cocoon Dress - Mid-Calf Length with Pockets,Large,1684-AL-BKT,43.92,6,0,263.52,0,http://koshercasual.com/products/3-4-sleeve-tulip-cocoon-dress-mid-calf-length-with-pockets
2026-09-19,Kosher Casual,3/4 Sleeve Tulip Cocoon Dress - Mid-Calf Length with Pockets,Small,1684-AS-BK,43.92,13,0,570.96,0,http://koshercasual.com/products/3-4-sleeve-tulip-cocoon-dress-mid-calf-length-with-pockets
2026-09-19,Kosher Casual,3/4 Sleeve Tulip Cocoon Dress - Mid-Calf Length with Pockets,X-Large,1684-AXL-BK,43.92,8,0,351.36,0,http://koshercasual.com/products/3-4-sleeve-tulip-cocoon-dress-mid-calf-length-with-pockets
2026-09-19,Kosher Casual,3/4 Sleeve Tulip Cocoon Dress - Mid-Calf Length with Pockets,Medium,1684-AM-BK,43.92,5,0,219.60000000000002,0,http://koshercasual.com/products/3-4-sleeve-tulip-cocoon-dress-mid-calf-length-with-pockets
2026-09-19,Kosher Casual,3/4 Sleeve Tulip Cocoon Dress - Mid-Calf Length with Pockets,Large,1684-AL-BK,43.92,8,0,351.36,0,http://koshercasual.com/products/3-4-sleeve-tulip-cocoon-dress-mid-calf-length-with-pockets
2026-09-19,Kosher Casual,Modest Relaxed Fit 3/4 Sleeve T-Shirt with Side Slits,XX-Large,1352-AXXL-W,25.52,8,0,204.16,0,http://koshercasual.com/products/modest-relaxed-fit-3-4-sleeve-t-shirt-with-side-slits
2026-09-19,Kosher Casual,Modest Relaxed Fit 3/4 Sleeve T-Shirt with Side Slits,XXX-Large,1352-AXXXL-W,25.52,5,0,127.6,0,http://koshercasual.com/products/modest-relaxed-fit-3-4-sleeve-t-shirt-with-side-slits
2026-09-19,Kosher Casual,Modest Relaxed Fit 3/4 Sleeve T-Shirt with Side Slits,X-Small,1352-AXS-JB,25.52,3,0,76.56,0,http://koshercasual.com/products/modest-relaxed-fit-3-4-sleeve-t-shirt-with-side-slits
2026-09-19,Kosher Casual,Modest Relaxed Fit 3/4 Sleeve T-Shirt with Side Slits,X-Small,1352-AXS-BK,25.52,4,0,102.08,0,http://koshercasual.com/products/modest-relaxed-fit-3-4-sleeve-t-shirt-with-side-slits
2026-09-19,Kosher Casual,Modest Relaxed Fit 3/4 Sleeve T-Shirt with Side Slits,X-Small,1352-AXS-ALM,25.52,3,0,76.56,0,http://koshercasual.com/products/modest-relaxed-fit-3-4-sleeve-t-shirt-with-side-slits
2026-09-19,Kosher Casual,Modest Relaxed Fit 3/4 Sleeve T-Shirt with Side Slits,Small,1352-AS-ALM,25.52,4,0,102.08,0,http://koshercasual.com/products/modest-relaxed-fit-3-4-sleeve-t-shirt-with-side-slits
2026-09-19,Kosher Casual,Modest Relaxed Fit 3/4 Sleeve T-Shirt with Side Slits,Medium,1352-AM-ALM,25.52,10,0,255.2,1,http://koshercasual.com/products/modest-relaxed-fit-3-4-sleeve-t-shirt-with-side-slits
2026-09-19,Kosher Casual,Long Printed Stretch Maxi Pencil Skirt,Small,1939-AS-CBA,35.92,3,0,107.76,0,http://koshercasual.com/products/long-printed-heavier-weight-jersey-maxi-pencil-skirt
2026-09-19,Kosher Casual,Long Printed Stretch Maxi Pencil Skirt,Small,1939-AS-GBA,35.92,7,0,251.44,0,http://koshercasual.com/products/long-printed-heavier-weight-jersey-maxi-pencil-skirt
2026-09-19,Kosher Casual,Faux Knit Denim Knee-Length Pencil Skirt with Stretch,Small,1710-AS-BK,28.72,6,0,172.32,0,http://koshercasual.com/products/faux-knit-denim-knee-length-pencil-skirt-with-stretch
2026-09-19,Kosher Casual,Tote Bag,Default Title,1000-OS-BK,14.9,2683,0,39976.700000000004,4648,http://koshercasual.com/products/tote-bag
2026-09-19,Kosher Casual,Modest Neckline Elbow-Length Sleeves Fitted Layering Dress,Medium,1689-AM-BK,34.9,1,0,34.9,7,http://koshercasual.com/products/modest-neckline-elbow-length-sleeves-fitted-layering-dress
2026-09-19,Kosher Casual,Lightweight Silky Fitted Knee-Length Pencil Skirt in Stretch Nylon,X-Large,1929-AXL-BK,25.52,5,0,127.6,0,http://koshercasual.com/products/lightweight-silky-fitted-knee-length-pencil-skirt-in-stretch-nylon
2026-09-19,Kosher Casual,Lightweight Silky Fitted Knee-Length Pencil Skirt in Stretch Nylon,X-Small,1929-AXS-DN,25.52,10,0,255.2,0,http://koshercasual.com/products/lightweight-silky-fitted-knee-length-pencil-skirt-in-stretch-nylon
2026-09-19,Kosher Casual,Lightweight Silky Fitted Knee-Length Pencil Skirt in Stretch Nylon,Small,1929-AS-DN,25.52,6,0,153.12,0,http://koshercasual.com/products/lightweight-silky-fitted-knee-length-pencil-skirt-in-stretch-nylon
2026-09-19,Kosher Casual,Lightweight Silky Fitted Knee-Length Pencil Skirt in Stretch Nylon,X-Large,1929-AXL-DN,25.52,8,0,204.16,0,http://koshercasual.com/products/lightweight-silky-fitted-knee-length-pencil-skirt-in-stretch-nylon
2026-09-19,Kosher Casual,Lightweight Silky Fitted Knee-Length Pencil Skirt in Stretch Nylon,XX-Large,1929-AXXL-DN,25.52,6,0,153.12,0,http://koshercasual.com/products/lightweight-silky-fitted-knee-length-pencil-skirt-in-stretch-nylon
2026-09-19,Kosher Casual,Modest 3/4 Sleeve High Neckline Bodysuit Shell - Snap Closure Layering Top,X-Large,1228-AXL-W,19.12,1,0,19.12,0,http://koshercasual.com/products/modest-3-4-sleeve-high-neckline-bodysuit-shell-snap-closure-layering-top
2026-09-19,Kosher Casual,Long Super Stretchy Fitted Maxi Skirt with Side Slits,X-Small,1952-AXS-BK,23.12,7,0,161.84,0,http://koshercasual.com/products/long-super-stretchy-fitted-maxi-skirt-with-side-slits
2026-09-19,Kosher Casual,Long Super Stretchy Fitted Maxi Skirt with Side Slits,Small,1952-AS-BK,23.12,7,0,161.84,0,http://koshercasual.com/products/long-super-stretchy-fitted-maxi-skirt-with-side-slits
2026-09-19,Kosher Casual,Asymmetrical Stylish Ribbed Tunic - Soft Fabric and Full Coverage,Small,1118-AS-BK,33.52,9,0,301.68,0,http://koshercasual.com/products/asymmetrical-stylish-ribbed-tunic-soft-fabric-and-full-coverage
2026-09-19,Kosher Casual,Asymmetrical Stylish Ribbed Tunic - Soft Fabric and Full Coverage,Large,1118-AL-BK,33.52,4,0,134.08,0,http://koshercasual.com/products/asymmetrical-stylish-ribbed-tunic-soft-fabric-and-full-coverage
2026-09-19,Kosher Casual,Asymmetrical Stylish Ribbed Tunic - Soft Fabric and Full Coverage,Small,1118-AS-LGY,33.52,9,0,301.68,0,http://koshercasual.com/products/asymmetrical-stylish-ribbed-tunic-soft-fabric-and-full-coverage
2026-09-19,Kosher Casual,Asymmetrical Stylish Ribbed Tunic - Soft Fabric and Full Coverage,X-Small,1118-AXS-LGY,33.52,3,0,100.56,0,http://koshercasual.com/products/asymmetrical-stylish-ribbed-tunic-soft-fabric-and-full-coverage
2026-09-19,Kosher Casual,Plus Size Classic 3/4 Sleeve Modest Knee-Length Shift Dress,22,1693P-22-AU,23.92,1,0,23.92,0,http://koshercasual.com/products/plus-size-classic-3-4-sleeve-modest-knee-length-shift-dress
2026-09-19,Kosher Casual,Long Sleeve Fine Ribbed Top with Modest Side Vents,Medium,1354-AM-W,27.92,8,0,223.36,0,http://koshercasual.com/products/long-sleeve-fine-ribbed-top-extended-length-modest-knit
2026-09-19,Kosher Casual,Long Sleeve Fine Ribbed Top with Modest Side Vents,Large,1354-AL-W,27.92,7,0,195.44,0,http://koshercasual.com/products/long-sleeve-fine-ribbed-top-extended-length-modest-knit
2026-09-19,Kosher Casual,Long Sleeve Fine Ribbed Top with Modest Side Vents,X-Large,1354-AXL-W,27.92,3,0,83.76,0,http://koshercasual.com/products/long-sleeve-fine-ribbed-top-extended-length-modest-knit
2026-09-19,Kosher Casual,Long Sleeve Fine Ribbed Top with Modest Side Vents,X-Large,1354-AXL-FRB,27.92,3,0,83.76,0,http://koshercasual.com/products/long-sleeve-fine-ribbed-top-extended-length-modest-knit
2026-09-19,Kosher Casual,Long Sleeve Nylon Rib Fitted Top,Small,1203-AS-W,25.52,7,0,178.64,0,http://koshercasual.com/products/long-sleeve-nylon-rib-fitted-top
2026-09-19,Kosher Casual,Long Sleeve Nylon Rib Fitted Top,Medium,1203-AM-W,25.52,3,0,76.56,0,http://koshercasual.com/products/long-sleeve-nylon-rib-fitted-top
2026-09-19,Kosher Casual,Long Sleeve Nylon Rib Fitted Top,Large,1203-AL-W,25.52,4,0,102.08,0,http://koshercasual.com/products/long-sleeve-nylon-rib-fitted-top
2026-09-19,Kosher Casual,Long Sleeve Nylon Rib Fitted Top,X-Large,1203-AXL-W,25.52,6,0,153.12,0,http://koshercasual.com/products/long-sleeve-nylon-rib-fitted-top
2026-09-19,Kosher Casual,Long Sleeve Nylon Rib Fitted Top,X-Large,1203-AXL-DYB,25.52,3,0,76.56,0,http://koshercasual.com/products/long-sleeve-nylon-rib-fitted-top
2026-09-19,Kosher Casual,Long Sleeve Nylon Rib Fitted Top,Small,1203-AS-BK,25.52,6,0,153.12,0,http://koshercasual.com/products/long-sleeve-nylon-rib-fitted-top
2026-09-19,Kosher Casual,Long Sleeve Nylon Rib Fitted Top,X-Large,1203-AXL-BK,25.52,7,0,178.64,0,http://koshercasual.com/products/long-sleeve-nylon-rib-fitted-top
2026-09-19,Kosher Casual,Plus Size Long Sleeve Relaxed Fit Tie-Dye Waffle Tunic,18,1123P-18-TPD,33.52,4,0,134.08,1,http://koshercasual.com/products/long-sleeve-relaxed-fit-waffle-tunic-tie-dye-high-low-hem-plus
2026-09-19,Kosher Casual,Soft Sweater Knit Mid-Calf Pencil Skirt,X-Small,1953-AXS-DOL,23.12,4,0,92.48,0,http://koshercasual.com/products/soft-sweater-knit-mid-calf-pencil-skirt-1
2026-09-19,Kosher Casual,Soft Sweater Knit Mid-Calf Pencil Skirt,Small,1953-AS-DOL,23.12,9,0,208.08,0,http://koshercasual.com/products/soft-sweater-knit-mid-calf-pencil-skirt-1
2026-09-19,Kosher Casual,Soft Sweater Knit Mid-Calf Pencil Skirt,Medium,1953-AM-DOL,23.12,4,0,92.48,0,http://koshercasual.com/products/soft-sweater-knit-mid-calf-pencil-skirt-1
2026-09-19,Kosher Casual,Soft Sweater Knit Mid-Calf Pencil Skirt,X-Large,1953-AXL-DOL,23.12,4,0,92.48,-1,http://koshercasual.com/products/soft-sweater-knit-mid-calf-pencil-skirt-1
2026-09-19,Kosher Casual,Soft Sweater Knit Mid-Calf Pencil Skirt,XX-Large,1953-AXXL-DOL,23.12,3,0,69.36,0,http://koshercasual.com/products/soft-sweater-knit-mid-calf-pencil-skirt-1
2026-09-19,Kosher Casual,Fun Print Cotton Spandex 3/4 Sleeve T-Shirt with Side Slits,X-Small,1358-AXS-BHD,31.9,6,0,191.39999999999998,0,http://koshercasual.com/products/fun-print-cotton-spandex-3-4-sleeve-t-shirt-with-side-slits
2026-09-19,Kosher Casual,Fun Print Cotton Spandex 3/4 Sleeve T-Shirt with Side Slits,X-Small,1358-AXS-STD,31.9,13,0,414.7,0,http://koshercasual.com/products/fun-print-cotton-spandex-3-4-sleeve-t-shirt-with-side-slits
2026-09-19,Kosher Casual,Fun Print Cotton Spandex 3/4 Sleeve T-Shirt with Side Slits,Small,1358-AS-STD,31.9,9,0,287.09999999999997,-1,http://koshercasual.com/products/fun-print-cotton-spandex-3-4-sleeve-t-shirt-with-side-slits
2026-09-19,Kosher Casual,Fun Print Cotton Spandex 3/4 Sleeve T-Shirt with Side Slits,X-Large,1358-AXL-STD,31.9,5,0,159.5,0,http://koshercasual.com/products/fun-print-cotton-spandex-3-4-sleeve-t-shirt-with-side-slits
2026-09-19,Kosher Casual,Fun Print Cotton Spandex 3/4 Sleeve T-Shirt with Side Slits,XX-Large,1358-AXXL-STD,31.9,6,0,191.39999999999998,0,http://koshercasual.com/products/fun-print-cotton-spandex-3-4-sleeve-t-shirt-with-side-slits
2026-09-19,Kosher Casual,Classic 100% Cotton A-Line Dress with 3/4 Sleeves,X-Small,1695-AXS-BK,37.52,4,0,150.08,1,http://koshercasual.com/products/a-line-dress-with-3-4-sleeves
2026-09-19,Kosher Casual,Classic 100% Cotton A-Line Dress with 3/4 Sleeves,X-Small,1695-AXS-G,37.52,4,0,150.08,0,http://koshercasual.com/products/a-line-dress-with-3-4-sleeves
2026-09-19,Kosher Casual,Classic 100% Cotton A-Line Dress with 3/4 Sleeves,Small,1695-AS-G,37.52,12,0,450.24,0,http://koshercasual.com/products/a-line-dress-with-3-4-sleeves
2026-09-19,Kosher Casual,Classic 100% Cotton A-Line Dress with 3/4 Sleeves,Large,1695-AL-G,37.52,6,0,225.12,0,http://koshercasual.com/products/a-line-dress-with-3-4-sleeves
2026-09-19,Kosher Casual,Classic 100% Cotton A-Line Dress with 3/4 Sleeves,XX-Large,1695-AXXL-G,37.52,7,0,262.64000000000004,-1,http://koshercasual.com/products/a-line-dress-with-3-4-sleeves
2026-09-19,Kosher Casual,Modest 3/4 Sleeve Raglan Tunic Top - Breathable Viscose Blend,Small,1114-AS-BIL,33.52,8,0,268.16,0,http://koshercasual.com/products/modest-3-4-sleeve-raglan-tunic-top
2026-09-19,Kosher Casual,Super Soft Ribbed Knit- Knee Length Pencil Skirt,Small,1956-AS-BLH,25.52,4,0,102.08,0,http://koshercasual.com/products/super-soft-ribbed-knit-knee-length-pencil-skirt
2026-09-19,Kosher Casual,Super Soft Ribbed Knit- Knee Length Pencil Skirt,X-Small,1956-AXS-GYH,25.52,4,0,102.08,0,http://koshercasual.com/products/super-soft-ribbed-knit-knee-length-pencil-skirt
2026-09-19,Kosher Casual,Super Soft Ribbed Knit- Knee Length Pencil Skirt,Small,1956-AS-GYH,25.52,3,0,76.56,0,http://koshercasual.com/products/super-soft-ribbed-knit-knee-length-pencil-skirt
2026-09-19,Kosher Casual,Super Soft Ribbed Knit- Knee Length Pencil Skirt,Large,1956-AL-GYH,25.52,5,0,127.6,0,http://koshercasual.com/products/super-soft-ribbed-knit-knee-length-pencil-skirt
2026-09-19,Kosher Casual,Super Soft Ribbed Knit- Knee Length Pencil Skirt,X-Large,1956-AXL-GYH,25.52,6,0,153.12,0,http://koshercasual.com/products/super-soft-ribbed-knit-knee-length-pencil-skirt
2026-09-19,Kosher Casual,Super Soft Ribbed Knit- Knee Length Pencil Skirt,XX-Large,1956-AXXL-GYH,25.52,5,0,127.6,0,http://koshercasual.com/products/super-soft-ribbed-knit-knee-length-pencil-skirt
2026-09-19,Kosher Casual,Super Soft Ribbed Knit- Knee Length Pencil Skirt,X-Small,1956-AXS-GNH,25.52,4,0,102.08,0,http://koshercasual.com/products/super-soft-ribbed-knit-knee-length-pencil-skirt
2026-09-19,Kosher Casual,Super Soft Ribbed Knit- Knee Length Pencil Skirt,Small,1956-AS-GNH,25.52,6,0,153.12,0,http://koshercasual.com/products/super-soft-ribbed-knit-knee-length-pencil-skirt
2026-09-19,Kosher Casual,Super Soft Ribbed Knit- Knee Length Pencil Skirt,Medium,1956-AM-GNH,25.52,6,0,153.12,0,http://koshercasual.com/products/super-soft-ribbed-knit-knee-length-pencil-skirt
2026-09-19,Kosher Casual,Super Soft Ribbed Knit- Knee Length Pencil Skirt,Large,1956-AL-GNH,25.52,5,0,127.6,0,http://koshercasual.com/products/super-soft-ribbed-knit-knee-length-pencil-skirt
2026-09-19,Kosher Casual,Super Soft Ribbed Knit- Knee Length Pencil Skirt,X-Large,1956-AXL-GNH,25.52,4,0,102.08,0,http://koshercasual.com/products/super-soft-ribbed-knit-knee-length-pencil-skirt
2026-09-19,Kosher Casual,Super Soft Ribbed Knit- Knee Length Pencil Skirt,XX-Large,1956-AXXL-GNH,25.52,5,0,127.6,0,http://koshercasual.com/products/super-soft-ribbed-knit-knee-length-pencil-skirt
2026-09-19,Kosher Casual,Curved Hem Relaxed Fit 3/4 Sleeve Tee,X-Small,1217-AXS-GYH,25.52,5,0,127.6,0,http://koshercasual.com/products/curved-hem-relaxed-fit-3-4-sleeve-tee
2026-09-19,Kosher Casual,Curved Hem Relaxed Fit 3/4 Sleeve Tee,Small,1217-AS-GYH,25.52,10,0,255.2,0,http://koshercasual.com/products/curved-hem-relaxed-fit-3-4-sleeve-tee
2026-09-19,Kosher Casual,Curved Hem Relaxed Fit 3/4 Sleeve Tee,Large,1217-AL-GYH,25.52,8,0,204.16,0,http://koshercasual.com/products/curved-hem-relaxed-fit-3-4-sleeve-tee
2026-09-19,Kosher Casual,Curved Hem Relaxed Fit 3/4 Sleeve Tee,XX-Large,1217-AXXL-GYH,25.52,10,0,255.2,0,http://koshercasual.com/products/curved-hem-relaxed-fit-3-4-sleeve-tee
2026-09-19,Kosher Casual,3/4 Sleeve Modest Striped Rib Knit Top with Solid Panel - Hip Length Casual Comfort,X-Small,1213-AXS-STH,25.52,7,0,178.64,0,http://koshercasual.com/products/3-4-sleeve-modest-striped-rib-knit-top-with-solid-panel
2026-09-19,Kosher Casual,3/4 Sleeve Modest Striped Rib Knit Top with Solid Panel - Hip Length Casual Comfort,Small,1213-AS-STH,25.52,11,0,280.71999999999997,0,http://koshercasual.com/products/3-4-sleeve-modest-striped-rib-knit-top-with-solid-panel
2026-09-19,Kosher Casual,3/4 Sleeve Modest Striped Rib Knit Top with Solid Panel - Hip Length Casual Comfort,X-Large,1213-AXL-STH,25.52,0,1,0.0,1,http://koshercasual.com/products/3-4-sleeve-modest-striped-rib-knit-top-with-solid-panel
2026-09-19,Kosher Casual,3/4 Sleeve Modest Striped Rib Knit Top with Solid Panel - Hip Length Casual Comfort,X-Small,1213-AXS-GYH,25.52,4,0,102.08,0,http://koshercasual.com/products/3-4-sleeve-modest-striped-rib-knit-top-with-solid-panel
2026-09-19,Kosher Casual,3/4 Sleeve Modest Striped Rib Knit Top with Solid Panel - Hip Length Casual Comfort,Small,1213-AS-GYH,25.52,12,0,306.24,0,http://koshercasual.com/products/3-4-sleeve-modest-striped-rib-knit-top-with-solid-panel
2026-09-19,Kosher Casual,3/4 Sleeve Modest Striped Rib Knit Top with Solid Panel - Hip Length Casual Comfort,Medium,1213-AM-GYH,25.52,5,0,127.6,0,http://koshercasual.com/products/3-4-sleeve-modest-striped-rib-knit-top-with-solid-panel
2026-09-19,Kosher Casual,3/4 Sleeve Modest Striped Rib Knit Top with Solid Panel - Hip Length Casual Comfort,Large,1213-AL-GYH,25.52,9,0,229.68,0,http://koshercasual.com/products/3-4-sleeve-modest-striped-rib-knit-top-with-solid-panel
2026-09-19,Kosher Casual,3/4 Sleeve Modest Striped Rib Knit Top with Solid Panel - Hip Length Casual Comfort,X-Large,1213-AXL-GYH,25.52,3,0,76.56,0,http://koshercasual.com/products/3-4-sleeve-modest-striped-rib-knit-top-with-solid-panel
2026-09-19,Kosher Casual,3/4 Sleeve Modest Striped Rib Knit Top with Solid Panel - Hip Length Casual Comfort,X-Small,1213-AXS-SPE,25.52,7,0,178.64,0,http://koshercasual.com/products/3-4-sleeve-modest-striped-rib-knit-top-with-solid-panel
2026-09-19,Kosher Casual,3/4 Sleeve Modest Striped Rib Knit Top with Solid Panel - Hip Length Casual Comfort,Medium,1213-AM-SPE,25.52,3,0,76.56,0,http://koshercasual.com/products/3-4-sleeve-modest-striped-rib-knit-top-with-solid-panel
2026-09-19,Kosher Casual,3/4 Sleeve Modest Striped Rib Knit Top with Solid Panel - Hip Length Casual Comfort,Large,1213-AL-SPE,25.52,3,0,76.56,0,http://koshercasual.com/products/3-4-sleeve-modest-striped-rib-knit-top-with-solid-panel
2026-09-19,Kosher Casual,Women's Ribbed Hi-Lo Tunic with Curved Seam Detail,X-Small,1219-AXS-W,41.9,6,0,251.39999999999998,0,http://koshercasual.com/products/womens-ribbed-hi-lo-tunic-with-curved-seam-detail
2026-09-19,Kosher Casual,Women's Ribbed Hi-Lo Tunic with Curved Seam Detail,Small,1219-AS-W,41.9,11,0,460.9,0,http://koshercasual.com/products/womens-ribbed-hi-lo-tunic-with-curved-seam-detail
2026-09-19,Kosher Casual,Women's Ribbed Hi-Lo Tunic with Curved Seam Detail,Medium,1219-AM-W,41.9,14,0,586.6,0,http://koshercasual.com/products/womens-ribbed-hi-lo-tunic-with-curved-seam-detail
2026-09-19,Kosher Casual,Women's Ribbed Hi-Lo Tunic with Curved Seam Detail,Large,1219-AL-W,41.9,6,0,251.39999999999998,0,http://koshercasual.com/products/womens-ribbed-hi-lo-tunic-with-curved-seam-detail
2026-09-19,Kosher Casual,Women's Ribbed Hi-Lo Tunic with Curved Seam Detail,X-Large,1219-AXL-W,41.9,12,0,502.79999999999995,0,http://koshercasual.com/products/womens-ribbed-hi-lo-tunic-with-curved-seam-detail
2026-09-19,Kosher Casual,Women's Ribbed Hi-Lo Tunic with Curved Seam Detail,XX-Large,1219-AXXL-W,41.9,11,0,460.9,0,http://koshercasual.com/products/womens-ribbed-hi-lo-tunic-with-curved-seam-detail
2026-09-19,Kosher Casual,Women's Ribbed Hi-Lo Tunic with Curved Seam Detail,Small,1219-AS-DLI,41.9,12,0,502.79999999999995,0,http://koshercasual.com/products/womens-ribbed-hi-lo-tunic-with-curved-seam-detail
2026-09-19,Kosher Casual,Women's Ribbed Hi-Lo Tunic with Curved Seam Detail,Medium,1219-AM-DLI,41.9,5,0,209.5,0,http://koshercasual.com/products/womens-ribbed-hi-lo-tunic-with-curved-seam-detail
2026-09-19,Kosher Casual,Women's Ribbed Hi-Lo Tunic with Curved Seam Detail,Large,1219-AL-DLI,41.9,3,0,125.69999999999999,0,http://koshercasual.com/products/womens-ribbed-hi-lo-tunic-with-curved-seam-detail
2026-09-19,Kosher Casual,Women's Ribbed Hi-Lo Tunic with Curved Seam Detail,X-Large,1219-AXL-DLI,41.9,5,0,209.5,0,http://koshercasual.com/products/womens-ribbed-hi-lo-tunic-with-curved-seam-detail
2026-09-19,Kosher Casual,Women's Ribbed Hi-Lo Tunic with Curved Seam Detail,XX-Large,1219-AXXL-DLI,41.9,9,0,377.09999999999997,0,http://koshercasual.com/products/womens-ribbed-hi-lo-tunic-with-curved-seam-detail
2026-09-19,Kosher Casual,Women's Ribbed Hi-Lo Tunic with Curved Seam Detail,Small,1219-AS-LB,41.9,11,0,460.9,0,http://koshercasual.com/products/womens-ribbed-hi-lo-tunic-with-curved-seam-detail
2026-09-19,Kosher Casual,Women's Ribbed Hi-Lo Tunic with Curved Seam Detail,Medium,1219-AM-LB,41.9,3,0,125.69999999999999,0,http://koshercasual.com/products/womens-ribbed-hi-lo-tunic-with-curved-seam-detail
2026-09-19,Kosher Casual,Women's Ribbed Hi-Lo Tunic with Curved Seam Detail,X-Large,1219-AXL-LB,41.9,7,0,293.3,0,http://koshercasual.com/products/womens-ribbed-hi-lo-tunic-with-curved-seam-detail
2026-09-19,Kosher Casual,Women's Ribbed Hi-Lo Tunic with Curved Seam Detail,XX-Large,1219-AXXL-LB,41.9,9,0,377.09999999999997,0,http://koshercasual.com/products/womens-ribbed-hi-lo-tunic-with-curved-seam-detail
2026-09-19,Kosher Casual,Women's Ribbed Hi-Lo Tunic with Curved Seam Detail,X-Small,1219-AXS-OL,41.9,6,0,251.39999999999998,0,http://koshercasual.com/products/womens-ribbed-hi-lo-tunic-with-curved-seam-detail
2026-09-19,Kosher Casual,Women's Ribbed Hi-Lo Tunic with Curved Seam Detail,Small,1219-AS-OL,41.9,8,0,335.2,0,http://koshercasual.com/products/womens-ribbed-hi-lo-tunic-with-curved-seam-detail
2026-09-19,Kosher Casual,Women's Ribbed Hi-Lo Tunic with Curved Seam Detail,Medium,1219-AM-OL,41.9,8,0,335.2,0,http://koshercasual.com/products/womens-ribbed-hi-lo-tunic-with-curved-seam-detail
2026-09-19,Kosher Casual,Women's Ribbed Hi-Lo Tunic with Curved Seam Detail,X-Large,1219-AXL-OL,41.9,7,0,293.3,0,http://koshercasual.com/products/womens-ribbed-hi-lo-tunic-with-curved-seam-detail
2026-09-19,Kosher Casual,Women's Ribbed Hi-Lo Tunic with Curved Seam Detail,XX-Large,1219-AXXL-OL,41.9,4,0,167.6,0,http://koshercasual.com/products/womens-ribbed-hi-lo-tunic-with-curved-seam-detail
2026-09-19,Kosher Casual,French Terry Cotton Blend Crew Neck Sweatshirt with Long Sleeves,Small,1238-AS-BK,25.52,4,0,102.08,3,http://koshercasual.com/products/french-terry-100-cotton-crew-neck-sweatshirt-with-long-sleeves
2026-09-19,Kosher Casual,French Terry Cotton Blend Crew Neck Sweatshirt with Long Sleeves,Medium,1238-AM-BK,25.52,3,0,76.56,4,http://koshercasual.com/products/french-terry-100-cotton-crew-neck-sweatshirt-with-long-sleeves
2026-09-19,Kosher Casual,French Terry Cotton Blend Crew Neck Sweatshirt with Long Sleeves,X-Large,1238-AXL-BK,25.52,6,0,153.12,4,http://koshercasual.com/products/french-terry-100-cotton-crew-neck-sweatshirt-with-long-sleeves
2026-09-19,Kosher Casual,French Terry Cotton Blend Crew Neck Sweatshirt with Long Sleeves,XX-Large,1238-AXXL-BK,25.52,6,0,153.12,5,http://koshercasual.com/products/french-terry-100-cotton-crew-neck-sweatshirt-with-long-sleeves
2026-09-19,Kosher Casual,French Terry Cotton Blend Crew Neck Sweatshirt with Long Sleeves,X-Small,1238-AXS-SEG,25.52,4,0,102.08,1,http://koshercasual.com/products/french-terry-100-cotton-crew-neck-sweatshirt-with-long-sleeves
2026-09-19,Kosher Casual,French Terry Cotton Blend Crew Neck Sweatshirt with Long Sleeves,Small,1238-AS-SEG,25.52,3,0,76.56,3,http://koshercasual.com/products/french-terry-100-cotton-crew-neck-sweatshirt-with-long-sleeves
2026-09-19,Kosher Casual,French Terry Cotton Blend Crew Neck Sweatshirt with Long Sleeves,X-Large,1238-AXL-SEG,25.52,3,0,76.56,5,http://koshercasual.com/products/french-terry-100-cotton-crew-neck-sweatshirt-with-long-sleeves
2026-09-19,Kosher Casual,French Terry Cotton Blend Crew Neck Sweatshirt with Long Sleeves,X-Small,1238-AXS-MBR,25.52,3,0,76.56,2,http://koshercasual.com/products/french-terry-100-cotton-crew-neck-sweatshirt-with-long-sleeves
2026-09-19,Kosher Casual,French Terry Cotton Blend Crew Neck Sweatshirt with Long Sleeves,Small,1238-AS-MBR,25.52,4,0,102.08,5,http://koshercasual.com/products/french-terry-100-cotton-crew-neck-sweatshirt-with-long-sleeves
2026-09-19,Kosher Casual,French Terry Cotton Blend Crew Neck Sweatshirt with Long Sleeves,X-Large,1238-AXL-MBR,25.52,6,0,153.12,5,http://koshercasual.com/products/french-terry-100-cotton-crew-neck-sweatshirt-with-long-sleeves
2026-09-19,Kosher Casual,Long Sleeve Relaxed Tunic - Available in Prints & Solids,Large,1355-AL-W,27.92,7,0,195.44,0,http://koshercasual.com/products/long-sleeve-relaxed-tunic-available-in-prints-solids
2026-09-19,Kosher Casual,Long Sleeve Relaxed Tunic - Available in Prints & Solids,Large,1355-AL-TGP,27.92,6,0,167.52,0,http://koshercasual.com/products/long-sleeve-relaxed-tunic-available-in-prints-solids
2026-09-19,Kosher Casual,Long Sleeve Relaxed Tunic - Available in Prints & Solids,Medium,1355-AM-W,27.92,7,0,195.44,0,http://koshercasual.com/products/long-sleeve-relaxed-tunic-available-in-prints-solids
2026-09-19,Kosher Casual,Long Sleeve Relaxed Tunic - Available in Prints & Solids,X-Small,1355-AXS-BK,27.92,3,0,83.76,0,http://koshercasual.com/products/long-sleeve-relaxed-tunic-available-in-prints-solids
2026-09-19,Kosher Casual,Long Sleeve Relaxed Tunic - Available in Prints & Solids,X-Large,1355-AXL-W,27.92,8,0,223.36,0,http://koshercasual.com/products/long-sleeve-relaxed-tunic-available-in-prints-solids
2026-09-19,Kosher Casual,Long Sleeve Relaxed Tunic - Available in Prints & Solids,Large,1355-AL-BK,27.92,5,0,139.60000000000002,0,http://koshercasual.com/products/long-sleeve-relaxed-tunic-available-in-prints-solids
2026-09-19,Kosher Casual,Long Sleeve Relaxed Tunic - Available in Prints & Solids,X-Large,1355-AXL-BK,27.92,8,0,223.36,0,http://koshercasual.com/products/long-sleeve-relaxed-tunic-available-in-prints-solids
2026-09-19,Kosher Casual,Long Sleeve Relaxed Tunic - Available in Prints & Solids,Small,1355-AS-BK,27.92,8,0,223.36,0,http://koshercasual.com/products/long-sleeve-relaxed-tunic-available-in-prints-solids
2026-09-19,Kosher Casual,Long Sleeve Relaxed Tunic - Available in Prints & Solids,XX-Large,1355-AXXL-W,27.92,4,0,111.68,0,http://koshercasual.com/products/long-sleeve-relaxed-tunic-available-in-prints-solids
2026-09-19,Kosher Casual,Long Sleeve Relaxed Tunic - Available in Prints & Solids,Medium,1355-AM-TGP,27.92,3,0,83.76,0,http://koshercasual.com/products/long-sleeve-relaxed-tunic-available-in-prints-solids
2026-09-19,Kosher Casual,Long Sleeve Relaxed Tunic - Available in Prints & Solids,Small,1355-AS-TGP,27.92,7,0,195.44,0,http://koshercasual.com/products/long-sleeve-relaxed-tunic-available-in-prints-solids
2026-09-19,Kosher Casual,Long Sleeve Relaxed Tunic - Available in Prints & Solids,Small,1355-AS-W,27.92,10,0,279.20000000000005,0,http://koshercasual.com/products/long-sleeve-relaxed-tunic-available-in-prints-solids
2026-09-19,Kosher Casual,Long Sleeve Ribbed Shell Top in Cotton Spandex,X-Large,1220-AXL-OF,25.52,6,0,153.12,0,http://koshercasual.com/products/long-sleeve-ribbed-shell-top-in-cotton-spandex
2026-09-19,Kosher Casual,Long Sleeve Ribbed Shell Top in Cotton Spandex,XX-Large,1220-AXXL-OF,25.52,3,0,76.56,0,http://koshercasual.com/products/long-sleeve-ribbed-shell-top-in-cotton-spandex
2026-09-19,Kosher Casual,Long Sleeve Ribbed Shell Top in Cotton Spandex,X-Small,1220-AXS-LHB,25.52,3,0,76.56,1,http://koshercasual.com/products/long-sleeve-ribbed-shell-top-in-cotton-spandex
2026-09-19,Kosher Casual,Long Sleeve Ribbed Shell Top in Cotton Spandex,X-Large,1220-AXL-LHB,25.52,3,0,76.56,0,http://koshercasual.com/products/long-sleeve-ribbed-shell-top-in-cotton-spandex
2026-09-19,Kosher Casual,Batwing Long Sleeve Casual Comfort Midi Dress with Pockets,One Size,1697-OS-WPB,39.92,29,0,1157.68,0,http://koshercasual.com/products/batwing-long-sleeve-casual-comfort-midi-dress-with-pockets
2026-09-19,Kosher Casual,Batwing Long Sleeve Casual Comfort Midi Dress with Pockets,One Size,1697-OS-BK,39.92,14,0,558.88,0,http://koshercasual.com/products/batwing-long-sleeve-casual-comfort-midi-dress-with-pockets
2026-09-19,Kosher Casual,Batwing Long Sleeve Casual Comfort Midi Dress with Pockets,One Size,1697-OS-MDN,39.92,16,0,638.72,0,http://koshercasual.com/products/batwing-long-sleeve-casual-comfort-midi-dress-with-pockets
2026-09-19,Kosher Casual,Batwing Long Sleeve Casual Comfort Midi Dress with Pockets,One Size,1697-OS-MRP,39.92,19,0,758.48,0,http://koshercasual.com/products/batwing-long-sleeve-casual-comfort-midi-dress-with-pockets
